,title,category,content
0,조지 웨아,"1966년 출생1981년 데뷔2003년 은퇴2018년 은퇴라이베리아 대통령라이베리아의 남자 축구 선수공격수AS 모나코 FC/은퇴, 이적파리 생제르맹 FC/은퇴, 이적AC 밀란/은퇴, 이적첼시 FC/은퇴, 이적맨체스터 시티 FC/은퇴, 이적올랭피크 드 마르세유/은퇴, 이적알 자지라 클럽/은퇴, 이적라이베리아의 아프리카 네이션스컵 참가 선수1996 아프리카 네이션스컵 남아프리카공화국 참가 선수2002 아프리카 네이션스컵 말리 참가 선수발롱도르 수상자FIFA 올해의 선수 수상자옹즈도르 수상자운동선수 출신 정치인몬로비아 출신 인물복수국적자축구 국가대표팀 최다 득점자","라이베리아 공화국 대통령[ 펼치기 · 접기 ]초대제2대제3대제4대조셉 젠킨스 로버츠스티븐 앨런 벤슨대니얼 바시엘 워너제임스 스프릭스 페인제5대임시제6대제7대에드워드 제임스 로이최고임원위원회제임스 스키브링 스미스조셉 젠킨스 로버츠제8대제9대제10대제11대제임스 스프릭스 페인앤서니 W. 가디너앨프리드 프랜시스 러셀힐러리 R. W. 존슨제12대제13대제14대제15대조셉 제임스 치즈먼윌리엄 D. 콜먼개럿슨 W. 깁슨아서 바클레이제16대제17대제18대제19대대니얼 에드워드 히워드찰스 D. B. 킹에드윈 바클레이윌리엄 터브먼제20대제21대임시임시윌리엄 톨버트새뮤얼 케니언 도애이머스 소여데이비드 D. 크포르막포르임시임시제22대제23대윌턴 G. S. 산카울로루스 페리찰스 테일러모지스 블라임시제24대제25대제26대주드 브라이언트엘런 존슨 설리프조지 웨아조셉 보아카이라이베리아 부통령조지 웨아의 수상 이력[ 펼치기 · 접기 ]둘러보기 틀 모음개인 수상아프리카 올해의 축구 선수1989·1994·19951994-95 UCL 득점왕1995 발롱도르1995 FIFA 올해의 선수1995 옹즈도르베스트팀1995-96 ESM 올해의 팀1996 FIFA 올해의 선수수상호나우두2위조지 웨아3위앨런 시어러Player of the Year 1996수상호나우두2위앨런 시어러3위조지 웨아1996 Onze d'OrOnze d'OrOnze d'ArgentOnze de Bronze에릭 칸토나조지 웨아마티아스 자머조지 웨아의 기타 정보[ 펼치기 · 접기 ]AC MILANHALL OF FAME[ 펼치기 · 접기 ]CHAMPIONS8에바니5코스타쿠르타13네스타21피를로5안퀼레티11모라4안첼로티11갈리6말디니32아비아티10세도르프11마사로32베컴10사비체비치4알베르티니1쿠디치니5갈리9인자기6바레시8가투소1게치1갈리7로데티4트라파토니9알타피니4칼라제5슈넬링거10후이 코스타8드사이2카푸23암브로시니12지다3말디니5데 베키22카카7도나도니10굴리트10보반GOLEADOR11질라르디노9보피7파투7세브첸코9인자기10리베라11산타고스티노11그렌9노르달9파팽9조던9알타피니10스키아피노99호나우두23시모네9반 바스텐9헤이틀리9콤빈20비어호프11프라티11비르디스8윌킨스22카카18바조80호나우지뉴11이브라히모비치BALLON D'OR7세브첸코9웨아10리베라9파팽9반 바스텐22카카10굴리트CAPTAINS4비곤5벳9세베니니3말데라7스카리오니4보노미9소르마니5트레레4안노바치8로바티6말디니8사니8모란디3솔데라3자가티6바레시8레이카르트10리베라11모레티6안토니니9노르달9푸리첼리5킬핀1부폰9반 헤게11키아루지5페르베르시5로사토2살라23암브로시니2타소티10리드홀름8토뇬3말디니9부리니9안토넬리4베네티6부리아니9아르카리1로시27세르지뉴5바티스티니33실바11노벨리노IFFHS선정 남자축구 레전드[ 펼치기 · 접기 ]펠레디에고 마라도나로타어 마테우스페렌츠 푸스카스바이충 부티아알리 다에이디노 조프로베르토 바조나카타 히데토시차범근자셈 야쿱조지 웨아안토니오 카르바할라바 마제르우고 산체스요한 크루이프마르코 반 바스텐루드 굴리트윈턴 루퍼알프레도 디 스테파노호나우두라이언 긱스루카스 라데베랜던 도노반후안 알베르토 스키아피노스탠리 매튜스데이비드 베컴바비 찰튼올레흐 블로힌탄주 촐라크프란시스코 헨토마제드 압둘라레프 야신루이스 피구에우제비우호세 루이스 칠라베르트은완코 카누미셸 플라티니프란츠 베켄바워게르트 뮐러모하메드 아부트리카마흐무드 엘카팁지네딘 지단가린샤지쿠로저 밀러쑨지하이하오하이둥프랑코 바레시가브리엘 바티스투타데니스 베르캄프즈비그니에프 보니에크호베르투 카를루스페트르 체흐안드리 셰브첸코케니 달글리시에드가 다비즈알레산드로 델 피에로디디에 드록바사무엘 에투엔조 프란체스콜리게오르게 하지티에리 앙리올리버 칸카카케빈 키건마리오 켐페스미로슬라프 클로제로날드 쿠만필립 람미카엘 라우드루프유니스 마흐무드파올로 말디니라파엘 마르케스파벨 네드베드모하메드 누르제이제이 오코차아베디 펠레장마리 파프안드레아 피를로카를레스 푸욜라울 곤살레스프랑크 레이카르트히바우두호마리우호나우지뉴파올로 로시카를하인츠 루메니게페테르 슈마이켈흐리스토 스토이치코프다보르 슈케르프란체스코 토티카를로스 발데라마뤼트 판니스텔로이로빈 반 페르시사비 에르난데스라이베리아 공화국 제25대 대통령조지 웨아George Weah본명조지 타울론 마네 오퐁 오스만 웨아George Tawlon Manneh Oppong Ousman Weah출생1966년10월 1일(60세)라이베리아몬로비아국적라이베리아|프랑스[1]신체키185cm｜체중82kg[2]주발오른발직업축구 선수(스트라이커/은퇴)축구 감독은퇴정치인경력선수영 서바이버스 클래리턴 (1981~1984)봉레인지 컴퍼니 (1984~1985)마이티 바롤(1985~1986)인비서블 일레븐(1986~1987)아프리카 스포츠 내셔널 (1987)토네르 야운데 (1987~1988)AS 모나코 FC(1988~1992)파리 생제르맹 FC(1992~1995)AC 밀란(1995~2000)→첼시 FC(2000 /임대)맨체스터 시티 FC(2000)올랭피크 드 마르세유(2000~2001)알 자지라 클럽(2001~2003)감독라이베리아 대표팀(2001~2002 /선수 겸 감독)정치민주변화회의(2005~)라이베리아하원의원(몽세라도 주)제25대대통령2018년1월 22일~2024년1월 21일국가대표75경기[3]18골[4](라이베리아/ 1987~2018)링크|정보 더 보기[ 펼치기 · 접기 ]학력디브라이 대학교(경영학 / 석사[5])종교개신교(라이베리아 연합감리교회)[6]배우자클레어 웨아자녀조지 웨아 주니어,티모시 웨아등 슬하 4명[7]1. 개요2. 선수 경력2.1. 클럽 경력2.1.1.AS 모나코2.1.2.파리 생제르맹2.1.3.AC 밀란2.1.4.첼시 FC2.1.5.맨체스터 시티 FC2.1.6.올랭피크 드 마르세유2.1.7.알 자지라 클럽2.2. 국가대표2.3. 플레이 스타일3. 축구 선수로서의 평가4. 정치인 경력5. 기록5.1. 대회 기록5.2. 개인 수상6. 웨아에 대한 언사7. 여담1.개요[편집]라이베리아의축구 선수출신정치인.선수 시절에는AS 모나코,파리 생제르맹,AC 밀란등 유명 팀들을 두루 거치며아프리카인으로는 유일하게발롱도르와FIFA 올해의 선수를 수상한 인물이다.[8]2017년에 치러진 제 25대 라이베리아 대통령 선거에서대통령으로 당선되었으며, 2018년 1월 22일에 취임 했다. 2023년 재선에 도전 하였으나, 통일당 후보에게 밀려 낙선 했으며, 2024년 1월 21일 6년 임기를 마쳤다.2.선수 경력[편집]2.1.클럽 경력[편집]그의 부모님은 라이베리아의 소수 민족크루족으로 낙후 된 지역인 그랜드크루 주에서 수도 몬로비아로 이주해 빈민가인 클라라 타운에 정착하였다. 불우한 어린 시절을 보냈으며, 가족 관계에도 문제가 있어 웨아는 할머니 손에 자랐다.1981년 15세 때 3부 리그 소속 지역 축구 클럽인 영 서바이버스 클래리턴과 계약 하며골키퍼로 축구를 시작하였다. 하지만 골을 넣는 것에 대한 즐거움을 느끼게 되면서 공격수로 전향 했다.1984년 봉레인지 컴퍼니 유스팀으로 이적 하였다가, 1985년 마이티 배럴에서 프로 선수로 데뷔 하였다. 마이티 배럴에서 10경기에 출전해 7골을 기록 하며 활약 하였고, 1986년 라이베리아 최고의 팀이었던 인빈시블 일레븐으로 이 적하였다. 이 클럽에서주장을 맡고 23경기에 출전해 24골을 기록 하며리그 득점왕에 올랐다.이 활약으로 카메룬 스카우트의 눈에 띄어 1987년 코트디부아르 리그 소속의 아프리카 스포츠 내셔널로 이적 하였다가 카메룬 리그의 토네르 야운데로 이적 하였다. 토네르 야운데에서 18경기 15골을 기록 하며 활약을 이어갔다.2.1.1.AS 모나코[편집]아프리카에서는 이름을 알리기 시작 했지만,사실상 무명인 상태의 조지 웨아를 발탁 하여 국제 무대로 데려와서 성장시킨 인물은아르센 벵거였다. 벵거는 아프리카로 직접 가서 웨아의 모습을 수차례 지켜보았고, 1988년 벵거 감독이 이끄는AS 모나코 FC로 이적 했다.열악한 아프리카 리그에서 쥐꼬리만 한 연봉을 받으며 가족을 부양 했던 웨아는 당시 여러모로 열악한 상태였다. 사인을 하러 모나코에 왔을 때 당장 쓸 용돈이 한 푼도 없었기에, 벵거 감독이 용돈으로 500프랑을 줄 정도였다. 게다가 설상가상으로 팔이 골절 된 상태였다.구단에서도 의문을 표시 했으나,아르센 벵거는 웨아를 전적으로 신임 하며""열심히 하면 너는 최고의 선수가 될 수 있다""라고 격려 했다.그리고 진짜 그렇게 되었다.[9]웨아는 모나코에서 잠재력을 폭발시키며 1991년쿠프 드 프랑스에서 우승하였고, 이듬 해에는 팀을UEFA 컵위너스컵결승전으로 이끌었다. 모나코에서 4시즌 동안 102경기에 출장해 47골을 기록 했다.2.1.2.파리 생제르맹[편집]1992년파리 생제르맹으로 이적 했다. 이적한 뒤 첫 시즌인 92-93시즌에쿠프 드 프랑스에서 우승, 93-94시즌에는 리그 앙 우승을 거머쥐었다.94-95시즌은 조지 웨아의 선수 커리어 중 가장 영광스러운 시즌이었다.쿠프 드 프랑스와쿠프 드 라 리그에서 우승 하여도메스틱 컵 더블을 달성 했고, 7골을 넣으며UEFA 챔피언스 리그 득점왕을 달성 하면서바이에른과바르사를 꺾고 클럽 역사상 처음으로 챔피언스 리그 준결승 까지 진출 하는 데 기여 했다.웨아는 파리 생제르맹에서 3시즌 동안 96경기에 출장해 32골을 기록 했다.2.1.3.AC 밀란[편집]1995년 여름에AC 밀란으로 이적 했다. 지난 94-95시즌의 활약으로 발롱도르를 수상 받으며 첫 비 유럽인 발롱도르 수상자가 되었다.[10]또한 웨아는 밀란 시절  경이적인 신체 능력을 보여주며""블랙 다이아몬드""라고 불렀다.1996년 9월 8일 베로나 전에서 80m를 질주 하여 넣은 골은 그의 클래스를 보여준다. 이 골은현재 까지 영상 자료가 존재하는개인이 드리블로 돌파해 넣은 골 중 역대 최장거리 기록으로 알려져 있으며[11][12]지금 까지도치달의 상징이자축구 역사상 최고의 골 중 하나로 여겨진다.AC 밀란에서의 골AC 밀란에서 2회 리그 우승을 이끌며 5시즌 동안 114경기에 출장해 46골을 기록 했다.또한 1996년 5월대한민국 축구 국가대표팀과 친선 경기 목적으로AC 밀란소속으로 방한한 적이 있다. 결과는 2:3으로 한국의 역전승.#2.1.4.첼시 FC[편집]2000년첼시로 임대되어 11경기에 출장해 3골을 기록하며 팀의FA컵우승을 이끌었다.2.1.5.맨체스터 시티 FC[편집]이후 2000년 여름맨체스터 시티로 이적하여 7경기에 출장하였다.2.1.6.올랭피크 드 마르세유[편집]이후 ​​올랭피크 드 마르세유로 이적해 19경기 5골을 기록하였다.2.1.7.알 자지라 클럽[편집]2001년 아랍에미리트의알 자지라 클럽으로 이적해 8경기 13골을 기록하였고, 2003년 선수 생활을 마감하였다.2.2.국가대표[편집]알프레도 디 스테파노[13],조지 베스트,라이언 긱스등과 더불어 선수로서의 명성에 대비되는 저조한 국대 커리어를 가진 선수로 자주 거론되는 선수로 허약한 그의 조국 대표팀을 이끌고 고군분투했으나, 팀의 한계를 극복하지 못한 채 국가대표 무대에서는 두각을 드러낼 기회조차 없었던 선수로 요약될 수 있다.라이베리아 축구 국가대표팀은월드컵은 물론아프리카 네이션스컵조차 예선 탈락이 다반사로 아프리카 내에서도 약체로 분류되는 선수단이었다.[14]1987년 1월 30일 서아프리카 네이션스컵 나이지리아 전에서 데뷔하였고, 그 경기에서 데뷔골도 기록하였다. 라이베리아 축구 국가대표팀은 정치권의 부정부패 때문에 충분한 지원을 받지 못해 웨아는 국가대항전 본선이 있을 때마다 사비를 털어야 했다. 라이베리아 팀의 주장으로 월드컵 본선 진출을 위해 도전했으나 꿈을 이루진 못하였다. 심지어 2002 한일 월드컵 때에는 35세의 노장이었던 그는 선수 겸 감독을 맡았지만 같은 조의 나이지리아에 승점 단 1점 차로 밀려 아깝게 본선 진출에 실패했다. 대신 2002년 아프리카 네이션스컵에서 본선에 진출했고 말리와의 경기에서 골을 기록하였다.[15]2018년, 라이베리아 현지시각 9월 11일에현직 대통령 신분으로 주장 완장을 차고 나이지리아와의 A매치 친선전에 나서며 뒤늦은 국가대표 은퇴 경기를 소화했다. 현역 시절 자신의 등번호였던 14번을 달고 뛰었는데, 라이베리아 축구 국가대표팀의 14번을 영구결번하기 위해서 만들어진 경기라고 한다. 조지 웨아는 79분간 경기를 뛰고 교체되었고, 라이베리아는 나이지리아에 아쉽게 2대1로 패하였다.2.3.플레이 스타일[편집]만능 완성형 포워드.폭발적인 주력을 낼 수 있으면서도 강인한 힘으로 상대 수비를 이겨낼 수 있는탄력적이면서도 강인한 신체 조건를 가졌다. 이 신체적 능력을 십분 활용 하며 상대 수비를 박살내고 골을 집어넣던 선수였다.거기에 더해진 좋은퍼스트 터치와 준수한드리블, 패스, 크로스 능력이 합쳐지고, 그 위에 더해진오프 더 볼능력이 웨아를 당대발롱도르 수상자로 만들었다.3.축구 선수로서의 평가[편집]명실상부 아프리카 역대 최고의 선수 중 한 명으로 평가 받는다.로저 밀러,디디에 드록바,사디오 마네,야야 투레,피에르에메릭 오바메양등 걸출한 아프리카인 축구 선수들이 있지만, 그들을 넘어사무엘 에투,모하메드 살라와 함께아프리카 역대 최고의 축구 선수로 평가 된다.4.정치인 경력[편집]정치인으로 활동 중인 모습내전으로 상처받은 조국 라이베리아를 위해 조지 웨아 기금을 설립하는 등 라이베리아 유니세프 친선 대사로 활동하였다. 이후 정치인으로 변신해2005년 라이베리아 대통령 선거에 일종의 제3지대격 포퓰리즘 빅텐트 우익 정당인 민주적 변화를 위한 회의(CDC) 후보로 출마하였다. 1차 투표에서는 275,265표(28.27%)로 후보 중 1위를 기록했지만 결투표 결과 327,046표(40.6%)를 획득하며 478,526표(59.4%)를 획득한 유엔 개발 프로그램의 아프리카 담당 재정국장으로 ""철의 여인""이라고 불린 중도 자유주의 성향인 통일당(Unity Party) 소속의엘런 존슨 설리프(Ellen Johnson-Sirleaf)[16]에 151,480표 차이로 패하였다. 엘런 존슨-설리프(Ellen Johnson-Sirleaf) 는 2번 연임하며 12년 임기를 모두 채웠다.2017년 10월 10일 치러진 대선에 출마했는데, 1차 투표에서 39.0%를 받아 결선 투표에 진출했다. 결국 결선 투표에서 대통령으로 당선되었고,2018년1월 22일에 취임했다.#그런데 러닝메이트인 부통령 후보로 독재자찰스 테일러의 전 부인을 선택하고 옥중의 찰스 테일러와도 연락하여 논란이 되었으며, 심지어 선거에서도 찰스 테일러의 정당이었던 극우국가애국당과 연합을 해서 이겼다.#이게 보통 일이 아닌 것이 테일러는 그저 평범한 독재자가 아닌 아프리카 독재자들 중에서도 최악이라 평가받는 인물로, 라이베리아 내전의 주범이자 아프리카에서도 손꼽히는 대량학살자이며, 현재 재판에서 50년형을 선고받고 수감 중에 있다.[17]심지어 조지 웨아는 상기되어 있듯이 이 내전 당시평화운동가로 활동한 적이 있다.취임 후 1년이 넘은 2019년 5월 기준으로 달러 대비 라이베리아 달러 화폐 가치가 확 떨어지고 물가가 30% 가까이 상승[18]하여 경제적 불확실성에 시달리고 있다. 경제 성장률은 1.2%에서 0.4%로 추락하고, 먹고 살기 어려워진 시민 10,000여 명이인플레이션과 부패에 항의하여 거리시위를 하고 있다. 이에 조지 웨아 대통령은 현지시간 6월 6일에 연설에서 자신을 비난하는 시위자들에게 '국가를 위협한다'라며 용납하지 않겠다고 밝혔다.그 이후, 2023년 대선에서 결선 투표 끝에 낙선했다.#5.기록[편집]5.1.대회 기록[편집]마이티 배럴 (1985~1986)라이베리아 프리미어 리그: 1985-86라이베리아컵: 1985-86인비서블 일레븐 (1986~1987)라이베리아 프리미어 리그: 1986-87AS 모나코(1988~1992)쿠프 드 프랑스: 1991파리 생제르맹 FC(1992~1995)디비지옹 1: 1993-94쿠프 드 프랑스: 1992-93, 1994-95쿠프 드 라 리그: 1995AC 밀란(1995~2000)세리에 A: 1995-96, 1998-99첼시 FC(2000)FA컵: 1999-005.2.개인 수상[편집]발롱도르: 1995FIFA 올해의 선수: 1995아프리카 올해의 축구 선수: 1989, 1994, 1995디비지옹 1올해의 외국인 선수: 1990-91UEFA 챔피언스 리그득점왕: 1994-95BBC아프리카 올해의 축구 선수: 1995옹즈도르: 1995옹즈 드 옹즈: 1995, 1996ESM 올해의 팀: 1995-96FIFA XI: 1991, 1996 (리저브), 1997, 1998FIFA 페어플레이상: 1996엘 파이스 유럽 축구의 왕: 1995RSSSF 올해의 선수: 1995IFFHS세기의 아프리카 선수: 1996IFFHS 레전드: 2016IFFHS 올타임 아프리카 드림팀: 2016FIFA 100: 2004Arthur Ashe 용기상: 2004골든풋: 2005AC 밀란 명예의 전당: 2015발롱도르 드림팀후보: 2020 (CF 7위)6.웨아에 대한 언사[편집]조지 웨아는 놀라운 선수다. 나는 웨아 만큼 피치에서 폭발력을 지닌 선수를 본 적이 없다.-아르센 벵거조지 웨아는 내 선수 생활에 가장 큰 영향을 주었던 선수이자 나의 우상이다.-티에리 앙리[19]7.여담[편집]조지 웨아 본인과는 아무 상관이 없지만, 본인의 이름이 팔려 의문의 1패를 당한 황당한 과거가 있다.그레이엄 수네스문서 참조.집안의 거의 모든 구성원이 사실상 축구선수인데, 사촌인 크리스토퍼 웨아와 스티븐 웨아를 시작으로 장남인 조지 웨아 주니어[20], 미국 뉴욕에서 태어난 차남티모시 웨아[21], 친조카패트릭 웨아, 그리고 처조카카일 던컨이 축구선수이다.영어와프랑스어가 유창하다. 기본적으로 라이베리아 공용어가 영어고,리그 1에서 오래 뛰었기 때문이다.#조지 웨아 이전에도 축구선수 출신대통령이 있었다. 1954년부터 1955년까지 재임한카페 필류전브라질대통령이 최초의 축구선수 출신 대통령이고, 두 번째도 브라질 대통령을 지낸주앙 굴라르이며, 세 번째는튀르키예의에르도안이다. 조지 웨아 이후에는조지아에서미헤일 카벨라슈빌리가 내각제 개편 이후의 간선제이긴 하지만 대통령이 되었다.[22]물론 발롱도르까지 수상한 월드클래스 레벨의 프로 축구선수가 대통령까지 된 케이스는 아직까지 웨아가 유일하다.대통령 퇴임 후 2024년발롱도르시상식에 시상자로 등장해로드리에게 발롱도르를 수여했다.자신의 아들인 티모시 웨아와 함께 PSG와 마르세유에서 모두 선수로 뛴 기록을 가지고 있다.피파 시리즈와피파 온라인3에 World Legend 선수로 출시되어 큰 인기를 누렸다. 정계에 진출하면서[23]피파 18부터는 삭제되었다.[1]파리 생제르맹 FC에서 뛸 때 프랑스 시민권을 취득했다. 라이베리아 대선에 출마할 당시 이중국적 때문에 대선 출마가 좌절될 뻔했으나 라이베리아 법원에서 대선 출마에 문제가 없다고 판결을 내려 웨아는 라이베리아 대선에 출마·대통령에 취임할 수 있었다.[2]선수 시절[3]2018년에 51세의 나이로 자신의 마지막 A매치 경기를 치렀다.[4]라이베리아 축구 국가대표팀역대 최다 득점자[5]2013년 졸업[6]본래부터기독교가정에서 태어난 기독교인이었다가이슬람으로 개종한 후 다시 기독교로 개종했다.#UM News꽤나 논란이 있는나이지리아라고스의초교파은사주의대형 교회인Synagogue Church of All Nations(티비 조슈아설립)에서프린스 존슨과 함께 목격되기도 하였다.#[7]막내딸은 클레어 웨아에게서 태어나지 않은 이복자녀이며 2016년생이다[8]이후 아프리카 국적 선수의 포디움 수상은 조지 웨아 자신의 1996년 FIFA 올해의 선수 2위,사무엘 에투의 2005년 FIFA 올해의 선수 3위,모하메드 살라의 2018년과 2021년 FIFA 올해의 선수 3위,사디오 마네의 2022년 발롱도르 2위가 전부였다.디디에 드록바는 2007년 발롱도르 4위에 그쳤다.[9]웨아는 밀란에서발롱도르를 수상한 뒤 벵거에게 공을 돌렸다. 벵거는 자신이 발탁한 선수 중 가장 대단한 선수로 아직도 웨아를 꼽는다.[10]1994년까지 발롱도르는 유럽인으로 한정 해서 발롱도르를 뽑았으며, 이 때문에펠레나마라도나같은 축구의 신들 조차도 발롱도르를 수상 받지 못 했다.[11]기록으로만 남아 있는 역대 최장거리 골은펠레의 골이다. 무려자기 팀 골대 앞에서 부터 상대 팀 골대 바로 앞 까지 100m(!)를 혼자서 뚫어버리고 넣은 골로,이는 현재 라디오 중계 자료만 남아 있어 제대로 된 세계 기록으로는 인정 받지는 못 한다.[12]참고로 2번째로 긴 드리블 돌파 후 골의 주인공은 다름 아닌손흥민이다. 바로 그 유명한 2019-20 시즌 번리전의 75m 돌파 후 골.(웨아랑 고작 5m 차이만 난다) 이거 역시 영상이 남아 있다.[13]조지 웨아, 라이언 긱스 등과는 달리 국대를 하필 그 국대가 가장 약했던 시기만 골라 옮겨다녔기 때문이다. 스페인 축구팀과 아르헨티나 축구팀에서 뛴 바 있기 때문에 월드컵 커리어는 매우 부실하지만 소속 국가대표만은 매우 화려하다.[14]이는 셰브첸코나 긱스, 베일도 극복하지 못한 약체국의 필연이었다. 그나마 셰브첸코와 베일은 월드컵에 한번은 나갔다.[15]2무1패로 탈락하였다. 1경기 말리전, 2경기 알제리전 모두 1점차로 앞서다가 경기종료를 얼마 안 남겨두고 동점골을 내주었고, 나이지리아 전은 지면서 아쉽게 탈락하였다.[16]2011년노벨평화상수상.[17]이는 스포츠 선수가 정치에 얼마나 큰 영향을 끼칠 수 있는지 보여주는 사례이다. 독재자에 대한 반감마저 덮어버릴 정도로 영웅 취급을 받았다는 소리다. 물론 조지 웨아도 찰스 테일러 지지층이 아직 살아있으니 이걸 이용한 것이었다.[18]물가가 상승하기 직전에 1억 2,600 라이베리아 달러를 새로 찍어냈다고 한다.[19]조지 웨아의 AS 모나코 시절 부터 그의 팬이었다고 한다.[20]1987년생으로,AC 밀란유스 출신이며 2004년 미국 청소년 대표팀에 출장했으나 대성하지 못한 채 2018년 커리어를 마감했다.[21]성인 대표팀은 자신이 태어난 곳인미국을 선택했다.[22]카벨라슈빌리와 웨아는 둘 다 현역 시절맨체스터 시티 FC에서 뛰어봤다는 공통점이 있다. 다만 소속 시기가 달라 만난 적은 없다.[23]과거에도 World Legend에 합류한호마리우가 정계에 진출하면서 라이센스에서 삭제된 적이 있었다."
1,경지,경지나무위키 웹소설 프로젝트무공칭호(무협),"경계선 지능의 줄임말에 대한 내용은경계선 지능문서를 참고하십시오.보드게임 '벚꽃 내리는 시대에 결투를'의 여신 토코요가 가지는 키워드에 대한 내용은벚꽃 내리는 시대에 결투를/카드/토코요문서의1번 문단을 참고하십시오.외모지상주의의 설정에 대한 내용은경지(외모지상주의)문서를 참고하십시오.관련 문서:무협소설/용어,무공/목록무협 관련 용어·클리셰[ 펼치기 · 접기 ]무공무공/목록(내공·심법·기타)·틀:무공의 경지·점혈(검기점혈·혈도)·논검문파틀:무림의 세력·정파(구파일방·무림맹)·사파(사도련)·마교(천마신교)·황실(동창·금군)·무림세가·신비세력(암중세력)기물분류:기보·약(독약·영약)·기보·기타 기보상태깨달음·내상·동귀어진·심마·절맥증·주화입마·칠공분혈·환골탈태·회광반조칭호경지·선인·승려·협객·검귀·검마·검성·검선·검신·검왕·검존·검후·검황·도제·만병지왕·매화검수·장문인·사부·사형제 명칭·신투·영물·점소이·천마(/웹소설)·천하제일인·혈마·후기지수·흑의인기타무틀딱·천살성·분류:무협 용어·무협물/용어관련 틀무협 용어·분류:웹소설 장르·웹소설 매체·웹소설 용어(헌터물 용어) ·한국의 장르 판타지무공의 경지경지삼류→이류→일류→절정→초절정→화경→현경→생사경검도검기→검사→검강·신검합일→검환→이기어검술→무형검·심검관련 문서무협 용어틀/분류·무림의 세력·무공1. 개요2. 종류2.1. 일반2.2. 확장2.3. 무공의 성취2.3.1. 검법2.4. 창작물의 경지3. 참고사항1.개요[편집]境地무협장르에서 무림인의 실력이나 성취를 표현하는 개념. 중국어로는 '경계(境界)'라고 한다.정통 무협으로부터삼류,이류,일류,절정의 경지가 사용되었으며, 여기에초절정이나화경,현경,생사경등이 추가되곤 한다. 요즘은 현경까지는 자주 나오는 추세. 더 나아가 무공의 성취에 따라서한중월야세계관처럼자연경,공허경,여의경과 같은 경지가 추가되기도 한다.이러한 경지의 분류는 하나로 획일화되어 있는 기준이 아니기에 작가의 취향에 따라 전혀 다른 경지 및 체계를 따르거나 아예 무공의 경지라는 개념이 존재하지 않는 소설 역시 존재하며, 경지의 차라는 것이 절대적이지도 않아서 상성이나 컨디션, 전략에 따라 낮은 경지의 무인이 높은 경지의 무인을 무찌르는 경우도 있다.현재는 무협뿐 아니라,이능력이 나오는 모든 종류의 한국 장르소설에서 배경 세계를 따지지 않고 등장하곤 한다. 대표적인 것이소드마스터.무협 소설에서의 용어긴 하지만 실제로도 존재하는 용어로, 뜻 역시 대동소이하다.2.종류[편집]2.1.일반[편집]정통 무협에서 등장하는 일반적인 경지이다.삼류(三類)- 중소문파의 내문제자거나 대문파의 외문제자들이 대부분 이 경지에 도달해 있다.이류(二類)- 대문파 내문 제자 수준. 초식과 내공을 동시에 활용하며 무공에 숙련되기 시작하는 단계일류(一類)- 이 정도의 경지에 도달한 무인들은 대문파의 장로/당주급, 중소문파 장문인을 맡는다.절정(絕頂)- 대문파의 장문인이거나 원로급의 인물들이 이 경지에 도달해 있다. 구무협에서는 최고의 경지이다.2.2.확장[편집]로우 파워세계관에서는 절정-초절정만으로 세계관 내에 적수가 없는 경우가 많지만, 일반적인 구분법에서 좀 더 경지를 확장한 세계관의 경우 아래의 경지나 유사한 다른 경지들을 도입하기도 한다.이 단계의 경지는 오로지 한국 무협물의 창작이다. 구무협에는 이러한 경지가 존재하지 않았고, 고수의 상징인 삼화취정, 오기조원, 등봉조극 등의 경지도 원래는 절정 고수 안에서의 단계적 구분을 위한 용어였으나 근래에는 더 높은 경지에서 사용되는 경우가 많다.대표적으로 절정-초절정-3경이 사용된다. 물론 당연히 작품마다 각기 다르게 사용되며, 작가가 창작한 다양한 경지를 사용하는 작품도 많이 있다. 경지마다 어느 정도의 특징은 있으나 서로 다른 작품이면 같은 용어를 사용하더라도 같은 수준으로 묘사되지는 않는다. 오로지 작가의 창작의 영역이므로 '이 특성은 반드시 이 경지에서 사용되어야 한다'와 같은 담론은 의미가 없다.또한 같은 절정, 혹은 그 이상 경지에 도달한 고수끼리라도 깨달음이나 숙련도에 따른 격차가 발생하는 것을 묘사하기 위해 하나의 경지에 초입-중기-후기-극이라는 세세한 단계를 두기도 한다.초절정- 절정 이후의 경지. 검기나 강기 등에 통달한 것으로 묘사된다. 작가에 따라 초절정이 최고의 경지로 설정된 소설들도 적지 않다. 작품에 따라 이 단계부터 환골탈태나 반로환동이 동반된다.화경- 화경, 조화경. 삼경의 첫 번째 단계로, 작품에 따라 이 단계부터 삼화취정, 오기조원, 등봉조극 등의 구분을 사용하기도 한다. 작품에 따라 검기를 넘어 어검술 등으로 구분을 주는 경우가 있다. 삼경부터는로우 파워에서 확연히 벗어난하이 파워세계관일 가능성이 높다.현경- 현경, 입신경. 작품에 따라 어검술을 넘어 심검에 이르는 경지이다.생사경- 생사경, 신화경. 여기서부터는 보통 무협지에서 일반적인 사례로 등장하지는 않고, 전설 속 신선의 경지로 취급하는 경우가 많다. 하이 파워 세계관이라도 주인공이나 최종보스가 간신히 도달하는 영역이다.2.3.무공의 성취[편집]노화순청등봉조극(登峰造極)만류귀종반로환동반박귀진반선지경삼화취정오기조원우화등선천화난추출신입화환골탈태무극금강불괴만독불침도검불침한서불침의기상인(意氣傷人)심즉살2.3.1.검법[편집]검기상인검사검기성강검강압환심검신검합일이기어검술이기어검강2.4.창작물의 경지[편집]한중월야 세계관/경지: 역시 묵향에 영향을 받은 현대 무협의 특징을 보이나, 생사경 다음으로 자연경, 공허경, 여의경 등 더 높은 경지가 존재한다.묵향/경지: 화경, 현경, 생사경 등의 용어가 묵향으로 인해 유행하기 시작하였다.전생검신/경지회귀수선전의수선의 경지와무공의 경지중생지마교교주/경지신드로이아 연대기/영능/경지언어의 주인이란/설정/수준3.참고사항[편집]사실 본 문서의 적혀 있는 경지의 내용은 가장 보편적으로 쓰이는 개념을 예시로써 적었을 뿐이다. 당장 검환보다 신검합일이 높거나, 절정이 화경보다 높은 경지인 소설도 있는 등, 각각의 소설, 또는 창작물마다 세계관과 설정이 다르다. 본 문서의 예시는 장르소설 초창기에 높은 인기로 널리 알려지게 되어, 저작권 개념이 희박했던 상황에서 많은 이들이 따라 썼고 여전히 쓰는 묵향의 설정을 대부분 참고하였다. 따라서 이 문서에 등장하는 설정을 무협지라면 반드시 따라야 하는 것은 아니다.이 문서의 내용 중 전체 또는 일부는무협소설/용어문서의uuid not found판에서 가져왔습니다.이전 역사 보러 가기"
2,군산 버스 19,군산시의 시내버스,"군산시시내버스 노선[ 펼치기 · 접기 ]미성동010203070809옥구읍111213141516171819대야면212425272831323334353637회현면41424344성산면5253545859임피면6061서천군7172시내선8182838586888999심야 전용노선10203040문서가 없는 노선은군산시 시내버스/목록참고.우성여객차량1. 노선 정보2. 개요3. 역사4. 특징4.1. 시간표5. 연계 철도역1.노선 정보[편집]군산시 시내버스 19번기점전북특별자치도 군산시 성산면 성덕리(금강호휴게소)종점전북특별자치도 군산시 개사동(개사동)종점행첫차07:17기점행첫차08:42막차21:17막차20:42배차간격180분노선금강호휴게소 - 채만식문화관 - 군산역 - 호덕교차로 - 구암현대아파트 -야구장- 미장삼거리 - 경문교 - (→시외버스터미널→ 구시장신세계약국 →/← 해동가축병원 ← 경암사거리 ← 구시장입구 ←) - 진포해양테마공원 - 근대역사박물관 - 희망루아파트 - 명산사거리 -군산상일고등학교-은파호수공원-군산대정문- 군산대교차로 - 개사경로당 - 개사동2.개요[편집]금강호휴게소과 개사동을 이어주는 노선이다.3.역사[편집]2008년 1월 1일에 군산역이 현재 자리에 개업하면서군산 버스 0번대와 같이 종점이 구암현대아파트에서 군산역으로 연장되었다.예전에는 16번이었으며 군산역 첫차가 6시, 개사동 첫차가 7시 10분, 군산역 막차가 22시, 개사동 막차가 21시 5분이었으며 120분 간격으로 운행했다.이후 19번으로 변경되었으며 180분 간격으로 늘어났다. 또한 '군산역 - 호덕교차로 - 구암현대아파트 - 조촌삼성아파트' 구간이 '군산역 - 충량 - 개정파출소 - 월명체육관 - 조촌삼성아파트'로 바뀌었다가 다시 '철새조망대 - 군산역 - 호덕교차로 - 구암현대아파트 - 야구장 - 사정삼거리'로 바뀌었다. 이는 18번도 마찬가지.2024년 8월 1일 기점이군산역에서 금강미래체험관으로 연장되었다.2026년 7월 30일 기점이 금강미래체험관 에서 금강호휴게소로 변경되었다.4.특징[편집]14,18, 19번을 제외한 10번대 버스들은 전부 금강미래체험관 - 옥구파출소 구간을 공유한다.11~17번은대학로를 전 구간 경유하며, 18번과 19번은 근대역사박물관과 월명터널로 돌아서 간다.금강미래체험관 기점에서 탑승시 매표소 근처 구석에서 서 있으면 기사가 못보고 지나칠수 있으므로 철새조망대 주차장에 있는 화장실 입구 앞에서 서서 손을 흔들어 승차의사 표시를 하는걸 권장한다. 해당 승차구역에는 버스정류장 표지판이 설치 되어 있지 않았다.4.1.시간표[편집]아래는 16번 시절 시간표다.5.연계 철도역[편집]일반 철도역:군산역(새마을호, 무궁화호, 서해금빛열차)이 문서의 내용 중 전체 또는 일부는군산 버스 10번대문서의r127판에서 가져왔습니다.이전 역사 보러 가기"
3,House 2,2026년 Windows 게임미국 게임액션 어드벤처 게임호러 게임,"하우스 2House 2개발Bark Bark Games유통Glowstick Entertainment플랫폼Microsoft WindowsESDSteam장르액션 어드벤처,호러출시2026년8월 29일한국어 지원자막 지원심의 등급전체 이용가12세 이용가15세 이용가청소년 이용불가평가용등급 분류 거부심의 예정(한국)심의 없음(한국)ESRBEESRBE10+ESRBTESRBMESRBAOESRBRPESRBRP Likely Mature 17+CEROACEROBCEROCCERODCEROZCERO등급 분류 거부CERO심사 예정EOCS전연령EOCSE12EOCSE15EOCS18금PEGI3PEGI7PEGI12PEGI16PEGI18USK0USK6USK12USK16USK18ACBGACBPGACBMACBMA15+ACBR18+ACBRCGSRRGGSRRPGSRRPG 12GSRRPG 15GSRRRCADPA8+CADPA12+CADPA16+관련 사이트|상점 페이지1. 개요2. 시스템 요구 사항3. 스토리4. 등장인물4.1. 태비(Tabby)4.2. 멜로디(Melody)4.3. 이웃4.4. 마티4.5. 고양이4.6. 인형(Doll)4.7. 아빠4.8. 인형사4.9. 사회자4.10. 헨리4.11. 헨리의 보호자4.12. 헨리의 친구4.13. 후드티를 쓴 정체불명의 인물5. 키미코의 저주5.1. 키미코5.2. 키미코의 아빠5.3. 키미코의 엄마5.4. 키미코의 언니6. 엔딩6.1. 데드 엔딩6.1.1. 데드신 목록6.2. 노말 엔딩6.3. 몰살 엔딩6.4. 구원 엔딩6.5. 머드 월드 엔딩6.6. 광대 엔딩6.7. 더 이터널 쇼 엔딩6.8. 진 엔딩6.9. 시크릿 엔딩7. 평가1.개요[편집]티저 트레일러Bark Bark Games에서 개발한House의 정식 후속작이다.2.시스템 요구 사항[편집]구분최소 사양권장 사양Windows운영체제Windows 7 64-bit, 8.1, 10, 11Windows 7 64-bit, 8.1, 10, 11프로세서2.0 GHz Dual Core Processor or equivalentIntel Core i5-6600KAMD Ryzen 5 1600메모리2 GB RAM2 GB RAM그래픽 카드NVIDIA since 2006 (GeForce 8)AMD since 2006 (Radeon HD 2000)Intel since 2012 (HD 4000 / IvyBridge)NVIDIA GeForce GTX 1060 3GBAMD Radeon RX 580 4GBAPIDirectX 버전 11DirectX 버전 11저장 공간5 GB 사용 가능 공간5 GB 사용 가능 공간3.스토리[편집]끔찍한 폭풍이 몰아치는 가운데, 태비는 또다시 끝없는 악몽에 갇히게 됩니다. 2020년 공포 게임 '하우스'의 속편에서 저주의 비밀을 밝혀내거나, 아니면 저주에 굴복하게 될 운명을 맞이하세요.4.등장인물[편집]이 문서에스포일러가 포함되어 있습니다.이 문서가 설명하는 작품이나 인물 등에 대한 줄거리, 결말, 반전 요소 등을 직·간접적으로 포함하고 있습니다.4.1.태비(Tabby)[편집]1편에 이어서 이번 작품에서도 주인공이다. 전작의 진엔딩에서 왼쪽 팔을 잃어 외팔이다.4.2.멜로디(Melody)[편집]4.3.이웃[편집]태비와 멜로디가 가족을 잃고 그들을 거두었으나 흑막에 의해 재앙을 당하게 된다.4.4.마티[편집]태비하고 전작에서 같이 활동했던 달팽이다.4.5.고양이[편집]전작에서 죽이거나 살릴 수 있는 고양이었는데 살린 것이 정사가 되었다.4.6.인형(Doll)[편집]전작에서 태비에게 목이 잘렸으나 후속작에서 살아있음이 드러난다. 후속작에서는 입까지 움직이는 것도 모자라 신체의 일부가 움직인다.4.7.아빠[편집]4.8.인형사[편집]4.9.사회자[편집]4.10.헨리[편집]4.11.헨리의 보호자[편집]번역이 없었을 때는 부모로 착각하기 좋다.4.12.헨리의 친구[편집]4.13.후드티를 쓴 정체불명의 인물[편집]태비에게 키미코의 저주라는 게임을 주는 인물이다.5.키미코의 저주[편집]작중 게임에서 나오는극중극이다. 키미코라는 소녀를 조종하여 집에 내려진 저주와 싸우는 미니게임이다. 작중 후드티를 입은 누군가가 게임을 준다. 진 엔딩 클리어 후에...5.1.키미코[편집]이 게임의 주인공인 소녀로 일본인 아니면 일본계로 추측된다.5.2.키미코의 아빠[편집]5.3.키미코의 엄마[편집]5.4.키미코의 언니[편집]정식판에서는 동생으로 오역되었다.6.엔딩[편집]6.1.데드 엔딩[편집]말만 엔딩이지 사실상 데드신으로서 도트 그래픽이었던 전작과 달리 손그림으로 바뀌었다. 그야말로 작정하고료나로 가려는 제작자의 의도가 보인다.6.1.1.데드신 목록[편집]6.2.노말 엔딩[편집]전작과 동일하게 덫과 총을 이용해 아빠를 죽이면 된다.[1]이번에는 총알이 6발 들어있다.클리어시 태비가 살아있는 인물들과 함께 TV를 본다. TV에서는 태비가 무대에 서서 인사를 하는 장면이 나온다.6.3.몰살 엔딩[편집]구원 엔딩의 조건이였던 인물을 모두 죽이면 된다.[2]모든 조건을 만족하면 사악한 상태의 아빠가 나타나지만 눈물을 흘리며 딸을 안아주고, 태비는 아빠에게 칼을 꽂는다.이후 태비가 혼자 남아 TV를 본다. TV에서는 태비의 살인을 주제로 한 쇼가 나온다.6.4.구원 엔딩[편집]집 안의 모든 사람과 동물을 살리면 볼 수 있는 엔딩. 이웃, 멜로디, 고양이, 쥐, 개, 말을 모두 살리면 된다.모든 조건을 만족하면 아빠에게서 귀신이 사라져 착한 눈이 되어 태비를 껴안고 칭찬해주며, 이후 모든 가족들과 동물들이 함께 앉아 TV를 보며 끝난다. TV에서는 노말 엔딩과 동일하게 태비가 무대에 서서 인사를 하지만, 이번에는 머리 뒤에 후광이 있다.6.5.머드 월드 엔딩[편집]6.6.광대 엔딩[편집]저녁 8시에서 9시 사이에 TV에서 광대가 나오며, 가까이 가면 태비를 끌고 들어간다. 이후 스테이지에서 광대를 잡으면 된다.1페이즈에서는 태비를 계속 따라가다가 구석으로 도망가 풍선을 불고, 시간이 지나면 풍선이 터져 미끄러지는 물웅덩이를 생성한다. 2페이즈에서는 목만 남은 광대가 주기적으로 회전하는 공격을 날린다. 패턴이 매우 단순한 편이라 시간만 좀 걸릴 뿐이지 한번 요령만 잡으면 클리어 자체는 어렵지 않다.클리어시 새장 안에 있던 아이가 풀려나며, 이후 태비가 서커스 천막이 불타는 내용의 TV를 보며 끝난다.6.7.더 이터널 쇼 엔딩[편집]6.8.진 엔딩[편집]잠에서 깬 태비는 이상한 장소에 도착하고, 거기서 자기처럼 반복되는 악몽을 꾸는 아이들을 만난다.이후 태비는 그동안 자신이아이들이 루프되는 악몽을 꾸고 있다고 믿게 만든 다음 그걸 TV에 내보내는어느 리얼리티 쇼에 납치당해 있었다는 사실을 알게 된다. 태비가 등장하는 쇼는 수백만 명이 보는 인기 프로그램이였다. 쇼 이름은 ""태비의 저주받은 삶"". 대부분의 등장인물이 배우 또는 납치된 인물이였으며, 심지어 태비의 아빠도 분장한 배우였다.[3]다만 묘사상 시간 루프는 진짜로 일어났던 것으로 보인다.한 아이의 도움으로 결국 진행자는 죽고 카메라는 파괴되며, 태비는 플레이어에게 감사의 말을 남기고 탈출한다. 하지만 쇼는 끝나지 않았고 다른 진행자가 새로운 아이를 데려올 것이라 약속하며, 한 소년이 태비가 나오는 쇼를 모티브로 한 게임을 플레이하며 끝난다.[4]6.9.시크릿 엔딩[편집]7.평가[편집]기준일:2026-09-19메타스코어- / 100유저 평점- / 10상세 내용기준일:2026-09-19종합 평가최근 평가매우 긍정적 (89%)(평가 157개)- (-%)(평가 -개)[1]버프나 덫을 사용하지 않고 오직 칼과 총으로만 죽일 경우 업적이 해금된다.[2]여기서 달팽이, 인형, 거미, 피자 배달원까지 다 죽이면 업적이 해금된다.[3]이때문에 DLC가 태비의 아빠가 죽는 내용으로 끝났는데도 2편에서 또 아빠가 등장한 것이다.[4]이 장면은 태비가 '키미코의 저주'를 플레이하던 모습과 동일하며 게임 이름도 비슷하다. 즉 키미코 역시 이전의 희생자였으며, 계속 새로운 희생자가 나오고 반복될 것이라는 암시로도 볼 수 있다."
4,장갑기병 보톰즈 회색의 마녀,보톰즈 시리즈일본 애니메이션/목록2026년 애니메이션 영화2026년 4분기 일본 애니메이션거대로봇물선라이즈(브랜드)Production I.G오시이 마모루,"로도스도 전기에 등장하는 '회색의 마녀'에 대한 내용은칼라(포세리아)문서를 참고하십시오.장갑기병 보톰즈 회색의 마녀(2026, 미정)装甲騎兵ボトムズ 灰色の魔女Armored Trooper VOTOMS: Die Graue Hexe장르리얼로봇감독오시이 마모루각본오시이 마모루야마무라 케이(山邑 圭)캐릭터 디자인 원안키세 카즈치카캐릭터 디자인니시오 테츠야코지마 타카시오기소 신고(小木曽伸吾)오리지널메카니컬 디자인오오카와라 쿠니오메카니컬 디자인츠네키 시노부(常木志伸)소노 유다이(曽野由大)이시구치 쥬(石口 十)이나다 와타루(稲田 航)의상 디자인 협력테라다 카츠야원작·감수타카하시 료스케제작진 더보기 ▼콘티미술 디자인타카하타 사토시(高畠 聡)스에타케 야스미츠(末武康光)카네히라 카즈시게(金平和茂)미술 감독혼조 유시(本庄雄志)색채 설계아베 나기사(安部なぎさ)촬영 감독카와시타 유키CG 디렉터타자키 요타(田崎陽太)요코시마 토시히사(横嶋俊久)나카지마 타케시(中島 丈)편집히다 아야(肥田 文)음향 감독와카바야시 카즈히로(若林和弘)음악카와이 켄지기획선라이즈제작회색의 마녀 제작위원회프로듀서애니메이션 프로듀서출연사와시로 미유키,안도 마부키등제작사선라이즈제작 협력Production I.G수입사미정배급사미정미정개봉일2026년 11월 20일(제1작)미정 (제2작)미정러닝타임○○분상영 등급미정관련 사이트|1. 개요2. 공개 정보2.1. PV2.2. 키 비주얼3. 줄거리4. 등장인물5. 설정5.1. 등장 메카6. 주제가6.1. 제1작7. 평가7.1. 개봉 전7.2. 개봉 후7.2.1. 제1작8. 흥행8.1. 대한민국8.2. 일본9. 기타1.개요[편집]광기가 지배하는 끝 없는 전장1부장갑기병 보톰즈시리즈 중 전 2부작으로 구성된 완전 신작극장판애니메이션. 감독은오시이 마모루, 개봉일은 2026년 11월 20일(제1작), 미정(제2작).선라이즈의 50주년 기념 작품이다.2.공개 정보[편집]2026년 1월 15일,선라이즈50주년 기념 작품으로서 장갑기병 보톰즈 완전 신작 애니메이션이 발표되었다.오시이 마모루감독은 밀리터리와 전쟁 영화를 좋아해 늘 전쟁 애니메이션을 하고 싶었는데스폰서쪽에서 자꾸경찰 애니메이션만 시켜서 50년 동안 전쟁물은 못 만들었다고 한다.[1]이번에 기회가 와서 이 작품은 진짜 제대로 전쟁 영화로 만들었으며의욕도 크다고 한다.기동경찰 패트레이버 EZY공개 기념 이벤트에서텐진 히데타카는 오시이를 만났는데 보톰즈를 하면서 ""나는 로봇 애니메이션을 드디어 처음 만든다.""라고 했다고 한다. 그래서 텐진 히데타카가 ""아니 그러면기동경찰 패트레이버는 뭔데요?""라고 했더니 오시이는 ""그건일상물이다.""라고 했다고 한다.[2]이 이야기를 들은이즈부치 유타카,이토 카즈노리는 ""오시이다운 반응이네요. 그리고 패트레이버는 일상물 맞아요.""라면서웃어 넘겼다.오시이 감독은 ""보톰즈는 첫 작품이 방영됐을 당시부터 정말 좋아하는 작품이고 팬입니다. 진심을 담아서 만들고 있습니다. '너 또소바를 먹는 장면 넣을 거냐.'고[3][4]말하시는 분들도 있지만 진지하게 하고 있습니다. 진지하게 전쟁 액션을 만들고 있습니다.""라고 코멘트했다.2.1.PV[편집]초탄 영상특보15년 만에긴가 반조가 다시 한 번나레이션을 맡았다.본 예고본 예고 (30초 ver.)2.2.키 비주얼[편집]제작 결정 비주얼제1작 티저 비주얼3.줄거리[편집]아스트라기우스 은하계를 양분하는길가메스와발라란트. 이 두 세력은 원인조차 확실하지 않은 전쟁을 100년 가까이 이어오고 있었다.“백년 전쟁” 말기, 아스가르드 항성계 제2행성 발큐리아 II의 전선 기지에, 한 명의 여성 장교 마키 슈타우펜베르크가 부임한다. 그녀는 잡다한 병사들로 구성된형벌부대속에서, 아무리 가혹한 작전이라도 단 한 명만 살아남는다는 이유로 “마녀”라고 불리는 병사, 애쉬 밤프스를 조사하는 임무를 비밀리에 맡고 있었다.전장의 진실은 전장에서만 알 수 있다.애쉬의 부대에 명령된 적진 강행 강하 작전에, 마키는 AT(아머드 트루퍼) 파일럿으로서 참가를 결심한다.생존이 불가능해 보이는 작전 속에서, 전황은 시시각각 절망으로 치닫는다. 전화 속에서 애쉬를 쫓는 마키는, 이윽고 그녀에게 숨겨진 진실에 다가서게 되는데...4.등장인물[편집]애쉬 밤프스- 성우:사와시로 미유키목숨은 소모품으로 바뀌었다.하지만,반드시 되살아나는마녀가 있다.제601 강하엽병대대의 상사.형벌부대인 제3중대에 소속된 AT 파일럿. 어떤 혹독한 작전이라도 생존자로 귀환해 '마녀'라 불리며 두려움을 받고 있다.그녀의 부대는 소대장이 없어서 '밤프스 소대'라고 불리며, 문제 병사들로 구성되어 있다.본작의 주연인물.이능생존체를 암시하듯 끝없는 전쟁으로 병사가 병기의 소모품으로 전락한본말전도의 시대에서 살아남는 존재로 소개되며, 이 때문에 '마녀'라고 불린다. 마침 그녀의 이름인 '애쉬'는 영어로재(Ash)라는 뜻이기에 본작의 제목과 상통한다.키리코 큐비와 달리 '죽지 않는다'가 아니라 '되살아난다(甦る)'고 소개되는데 이게역경속의역전에 빗댄 것인지, 아니면이능자나퍼펙트 솔저의 능력을 말하는지는 알 수 없다.[5]페일젠 파일즈시절 나온 설정인근사치일 가능성도 있다.마키 슈타우펜베르크- 성우:안도 마부키제808 독립선전중대의 대위.상급 사령부에서 전장 취재를 위해 부하와 함께 발키리아 II 전선 기지에 파견된다.하지만 진짜 목적은 '죽지 않는 병사'인 애쉬 밤프스를 조사하는 것이었다.전장에서의 진실을 추적하기 위해, 그녀도 AT 파일럿으로서 밤프스 소대의 위험한 강행 강하 작전에 동행한다.애쉬 밤프스에 대해 조사하기 위해 파견된 장교.로치나를 연상시키는 설명문과 3차 은하대전 말기라는 시기 때문에 이능생존체 후보자들을 뒤지고 다니던요란 페일젠이나 페독 워컴의 관계자라는 설이 있다.알릭스 발라크- 성우:미키 신이치로제808 독립선전중대 소속의 중사.마키의 직속 부하로서 수많은 전장을 함께해 왔지만, 이번에도 함께 작전에 동행한다.이그니스 슈바인슈타이거- 성우:카지 유우키제808 독립선전중대 소속의 하사.원래는 다른 부대에 소속돼 있었지만, 이번 임무부터 마키 부대에 배속되었다.별명은 슈바이니.프리츠 게르스돌프- 성우:나카무라 유이치'밤프스 소대' 소속 일병.타 부대에서 수많은 문제를 일으켜 형벌부대에 입대했다. 성격은 고집스럽고 거칠지만, AT 조종에 뛰어난 자질이 있다.브룬하르트 뮐러- 성우:츠루오카 사토시'밤프스 소대' 소속 일병.형벌부대에 자원함으로써 부과되던 징역이 면제되었다. 흉악한 병사.아드리안 다이슬러- 성우:스기타 토모카즈'밤프스 소대' 소속의 일병.AT 조종 적성이 높고 다수의 군공상을 받은 병사였지만, 과거의 항명 행위 때문에 징계 부대로 입대.맷 훔멜스- 성우:미야케 켄타'밤프스 소대' 소속의 일병.화력 지원형 AT의 파일럿. 각지에서 용전하지만, 어느 사건으로 인해 본인의 강한 희망에 따라 특례로 형벌부대에 입대했다.솔티그 반 군나르- 성우:챠후린제601 강하엽병대대 대령.아스가르드 성계 제2행성 발키리아 II의 전선 기지 사령관.비드 힐데그란트- 성우:오오츠카 호츄제601 강하엽병대대 부속 헌병 대위.기지에의 군규 유지·조사의 지휘를 담당하고 있다.메데우슈 유리안 포돌스키- 성우:오노 다이스케제601 강하엽병대대 부속 헌병 소위.힐데브란트의 부관으로 기지에 파견된 마키 일행을 감시하라는 명령을 받는다.바이스바일러- 성우:스고 타카유키제601 강하엽병대대 부속 특무 소위.정비 중대 소속 정비병으로서 일류의 솜씨를 갖추고, 기지 AT의 정비 관리를 전담하고 있다.올리버- 성우:사쿠라이 타카히로제601 강하엽병대대 부속 상급 상사.정비 중대에 소속된 바이스바일러의 부관.정비병 소녀- 성우:우에사카 스미레바이스바일러와 함께 정비 중대에서 일하는 소녀.5.설정[편집]5.1.등장 메카[편집]스코프 독발키리아 II 전선 사양(ATM-09-VC)길가메스군의 주력AT. 범용성이 극히 뛰어나며,대량 생산되고 있다.개조용 파츠도 많고, 수많은 전장에서 현지 개량형이 파생. 본 기체는 행성 발키리아 II의 환경에 맞게 개량되었다. 두부의 삼련 터렛 렌즈와 다리 부분의 글라이딩 휠을 이용한 고속 이동(롤러 대시), 팔을 신축시켜 타격을 주는 암 펀치 등 특징적인 메커니즘 외에도 헤비 머신건의 자동 장전 장치가 추가되어 있다.사막색위장색으로 도장된 기체[6]와 원조 스코프 독의 컬러를 채용한 녹색 기체가 등장. 원작의 스코프 독에 비해 머리 크기가 작아지고등신대가 늘어났으며, 다리의 롤러 대쉬가무한궤도로 변경되고 무장의 양상이 상당히 변경되었다. 또한 회색의 마녀 버전 스코프 독에는포탑 형태로 변형하는 기믹이 추가되었는데, 다리를 뒤로 굽혀 접고[7]머신건을 잡은 오른팔의팔꿈치를 뒤로 꺾어 올려총구를 머리 위로 올린 채 사격한다. 암 펀치 대신파일 벙커를 달고 있거나 증가장갑을 붙이고 공수투하 하는 장면도 나타난다.[8]TVA 시절부터 이어지던 전통의HUD디자인도 현용 전투기와 비슷한 느낌의 반투명 단색 HUD로 달라졌다. 몸통을 앞뒤로 굽힐 수 있게 축관절이 추가되었고 바이저를 올려도 탑승자의 얼굴이 노출되지 않는 디자인으로 바뀐 덕분에 시선을 치켜올리는 동작을 자연스럽게 할 수 있게 되었다.[9]ATM-09-VC라는 제식명이 밝혀졌는데 원래 기본형 스코프독의 ATM-09-ST와는 다르며 현지 개량형이라는 설정이 붙게 되었다.[10]지휘관기한쪽 어깨를 붉은 색으로 부분도색하고 소형 블레이드 안테나로 추정되는 물체를 단 형태.라이징 비틀공식 홈페이지에 올라오지도 않았는데메가하우스에서 제품을 예약을 받으면서먼저 공개되었다.이름과 렌즈부의 형태로 볼 때다이빙 비틀계열인 것으로 보인다. 특이하게도 스코프 독의 콕핏을 앞에다 이어 붙인 복좌형으로 추정되는 기체도 있다.블로커본 예고에서 첫 등장한 AT. 적색으로 도색되어 있다. 처음에는 완전한 신기체로도 추정됐으나 비슷한 디자인의B-ATM-02 블로커로 확정됐다.#원작 TVA에선 1화에만 등장했을 정도로 마이너한 기체이기 때문인지는 몰라도 스코프 독보다 훨씬 과감하고리얼로봇스럽게 리파인되었다.6.주제가[편집]6.1.제1작[편집]주제가원제목번역명번안명TV ver.Full ver.노래-작사-작곡-편곡-주제가 애니메이션 정보 ▼콘티-연출-작화감독-7.평가[편집]7.1.개봉 전[편집]감독이오시이 마모루로 밝혀지면서 팬들 사이에서는 기대와 우려가 교차하고 있다. 기대하는 쪽에서는 오시이 특유의 진지하고 어두운 분위기가 보톰즈의 세계관과 잘 어울린다는 점, 그리고기동경찰 패트레이버 극장판등에서 보여준 뛰어난 연출력과 영상미를 근거로 높은 완성도를 기대하고 있다. 특히 기존 보톰즈의리얼로봇물다운 밀리터리적 분위기와 오시이 특유의 사실적인 공간 연출이 결합할 경우 어떤 결과물이 나올지에 대한 기대를 받고 있다.반면 우려의 목소리도 만만치 않다. 오시이는 작품의 주제와 메시지를 강조하는 과정에서 서사 진행을 늦추거나장광설와 사색적인 장면을 길게 배치하는 경우가 많고, 직접적인 설명 없이 장면의 구성과 대사, 연출 등을 통해 관객이 의미를 해석하도록 만드는 경우도 많다. 이러한 작풍은 관객에 따라 깊이 있는 연출로 받아들여지기도 하지만, 지나치게 장황하고 지루하다는 평가 역시 많기에 호불호가 크게 갈린다. 긴 대사와 정적인 장면, 느린 전개가 작품의 분위기와 주제의식을 강화하는 경우도 있지만, 반대로 서사의 긴장감을 떨어뜨리고 캐릭터의 감정선이나 사건의 진행을 희생시키는 결과로 이어지는 경우도 있기 때문.또한 원작의 캐릭터와 이야기를 충실하게 재현하기보다는 자신이 관심을 가진 주제와 영화적 표현을 투영하여 원작과 다른 방향으로 각색하는 경우가 있어, 원작 팬이 기대하는 '보톰즈다운 재미'와 상당한 차이가 생길 가능성도 있다.  따라서 오시이의 작가적 특징이 모든 작품에서 일관되게 장점으로만 작용한다고 보기는 어렵다. 다시 말해 전례들을 봤을 때 보톰즈 팬들을 만족시킬 작품보다는 보톰즈의 탈만 쓴 오시이 오리지널 작품이 될 가능성이 적지 않다고 볼 수 있다. 그래서인지키리코가 없는 보톰즈는 별로라는 의견이 많음에도, 원작의 주역들을 애매하게 활용하기보다는기갑엽병 메로우링크처럼 원작 주역이 등장하지 않고 새로운 인물과 이야기를 중심으로 한 독립적인 외전 형태이기를 바라는 의견까지 나왔을 정도다.더욱이 오시이는패트레이버 시리즈에서도 여러 번 원작과 상당히 다른 방향으로 작품을 전개한 전례가 있다. 특히 전작의 동료들과 상의 없이 독단으로 제작한넥스트 제네레이션 패트레이버에서는 기존 시리즈의 미래라는 시간적 배경과 쇠퇴한레이버산업을 묘사하는 등 파격적인 설정을 선보였는데, 이러한 방향은 기존 시리즈의 정체성과 어긋났기에 다수의 팬들의 반발을 사기도 했다.[11]이 때문에 보톰즈 역시 원작의 핵심적인 요소가 오시이의 주제의식에 밀려나는 것 아니냐는 우려가 나오는 것이다. 극단적으로는 ""로봇은 별로 나오지 않고 오시이식 철학 이야기만 하다가 끝나는 것 아니냐""는 반응까지 나오는 이유이다.이러한 점에서 이번 작품의 관건은 오시이의 장점을 살리면서도 그의 작풍이 보톰즈 특유의 장르적 재미와 충돌하지 않도록 균형을 잡을 수 있느냐에 있다. 보톰즈는 본래 전쟁과 음모를 다루는 진지한 작품이면서도,스코프 독을 비롯한아머드 트루퍼들의 전투와 주인공의 생존극이라는 명확한 장르적 재미를 갖추고 있다. 오시이가 자신의 주제의식을 지나치게 앞세울 경우 이러한 요소가 뒷전으로 밀릴 수 있지만, 반대로 오시이 특유의 공간 연출과 묵직한 분위기를 보톰즈의 밀리터리 SF적 색채와 결합한다면 기존 시리즈에서는 보기 어려웠던 새로운 매력을 만들어낼 가능성도 있다.[12]한편 오시이의 작품이 난해하다는 평가와 별개로, 이러한 작가주의적인 연출 자체가 오시이 작품의 큰 특징이기도 하다. 오시이는 대사나 서사뿐만 아니라 화면 구성, 공간 연출과미장센, 메타포 등을 활용해 작품의 의미를 전달하고, 관객이 이를 스스로 해석할 여지를 남기는 연출을 줄곧 선보여 왔다. 직관적이고 즉각적인 쾌감에서 오는 재미가 있듯, 감상 후 장면과 대사의 의미를 곱씹어 보며 여러 층위의 해석을 맞춰나가는 데서 오는 재미도 분명히 존재한다. 특히 최근 상업 애니메이션에서는 빠른 전개와 직관적인 재미를 앞세운 작품이 주목받는 경우가 많은 만큼, 하나의 주제와 독자적인 영상 언어를 작품 전체에 걸쳐 밀어붙이는 오시이 특유의 작가성은 오히려 쉽게 대체하기 어려운 특징이라고 볼 여지도 있다.결국 오시이 마모루라는 감독을 기용한다는 것은 그의 장점과 단점을 함께 가져올 수 있는 선택에 가깝다. 뛰어난 연출력과 영상미, 특유의 철학적 주제의식은 작품의 개성을 만들어낼 수 있는 강점이지만, 느린 전개와 긴 대사, 사색적인 연출은 원작 팬들에게 진입장벽으로 작용할 수 있다. 따라서 '오시이가 감독이니 무조건 기대된다'거나 반대로 '오시이니까 무조건 원작을 망칠 것이다'라고 단정하기보다는, 그의 강점과 약점이 보톰즈라는 작품에서 어떻게 작용할지를 지켜볼 필요가 있다.앞서 서술했듯이 오시이의 개성들이 보톰즈 시리즈와 오히려 잘 어울릴 가능성도 없지는 않다. 원작들을 지나치게 어둡고 진지하게 만들었다는 평가를 받는 대표작들과 달리 초대작부터디스토피아세계관임을 못 박고 시작하기도 하고 군 장교 같은 고위 관료들의 정치적 암투극이 시리즈에서 높은 비중으로 등장하며 내면의 고뇌를 느끼는 독백도 시리즈에서 자주 등장하는 데다가 전장에서 소모되는 군인이나이능생존체,퍼펙트 솔저,이능자[13]같은 초월적이고 비인간적인 존재 등 철학적으로 해석될 소재들도 시리즈 내내 많이 쓰였기 때문이다.야망의 루트같은 OVA의 경우 명확히 설명되지 않는 난해한 연출과 장면이 다수 등장하기도 했다. 심지어 보톰즈 시리즈의아머드 트루퍼도 '거대로봇은 현실성이 없다'라는 비판에 호응하듯전차같은 기존의 병기를 대체하지도 못하고 오로지 물량으로 밀어붙이기 위해 생산성에 올인한 염가형 병기로 설정된 만큼 오시이가 메카를 부정적으로 묘사한다고 해도 그렇게 작품의 기조가 급변하는 것도 아니다.게다가 이번 신작은 오시이가 독단적으로 원작을 뜯어고치는 프로젝트도 아니다.원작자인타카하시 료스케가 직접 감수로 참여하고 있으며, 오시이 본인 역시 처음 보톰즈를 접했을 때부터 열렬한 팬이었음을 밝힌 바 있다. 타카하시 료스케 역시 오시이 특유의 연출적 색채를 선호한다고 밝히며 이번 작품에서 '오시이 터치'가 발휘되기를 기대한다고 언급했다.[14]따라서 원작자의 감수 아래 오시이의 작가성이 더해지는 만큼, 기존 보톰즈의 틀과 오시이만의 해석이 어떤 방식으로 결합될지가 주요한 관심사가 되고 있다.실제로 공개된 예고편에서는 높은 완성도의 액션 시퀀스를 선보이는 한편,[15]기존 보톰즈와는 다른 방향으로 리파인된 스코프 독의 디자인과 연출이 두드러지면서 팬들 사이에서 호불호가 갈리고 있다.[16]이를 기존 시리즈와 다르다는 이유만으로 원작 훼손이라고 단정할 필요도 없지만, 반대로 오시이의 작품이라는 이유만으로 이러한 변화가 반드시 장점이라고 볼 수도 없다. 오시이의 개성이 작품의 정체성을 강화할 수도 있지만, 원작이 가지던 작풍과 충돌할 가능성 역시 존재하기 때문이다.결국 개봉 전 시점에서는 기체 디자인과 연출 등에서 기존 시리즈와 다른 대대적인 변화가 예고되어 기대와 우려가 공존하고 있다. 오시이 마모루라는 이름값이 주는 핵심 기대 요소 역시 이러한 대담한 변화에 있으며, 원작과 다른 방향으로 나아가는 부분이 오시이만의 새로운 해석으로 이어질 가능성도 있다. 반대로 이러한 변화가 보톰즈 고유의 톤 앤 매너와 얼마나 조화를 이루느냐에 따라 평가가 갈릴 가능성 역시 남아 있다. 원작자인 타카하시 료스케 역시 오시이 특유의 색채가 작품에 발휘되기를 기대하고 있는 만큼, 개봉 전 단계에서는 원작과의 차이를 단순한 불안 요소나 기대 요소 어느 한쪽으로만 규정하기보다는, 오시이의 작가성이 보톰즈라는 작품과 어떻게 결합할지를 지켜볼 필요가 있다.7.2.개봉 후[편집]7.2.1.제1작[편집]8.흥행[편집]출처:박스오피스 모조국가개봉일총수입 (단위:미국 달러)기준일전 세계(최초개봉일)$(세계누적)(기준일자)개별 국가 (개봉일 순, 전 세계 영화 시장 1, 2위인 북미, 중국은 볼드체)북미미정미개봉미정중국미정미개봉미정국가행정구속령미정미개봉미정8.1.대한민국[편집]누적관객수 -명, 누적매출액 -원[17][ 주 차별 상세 내역 ]주 차날짜일일 관람 인원주간 합계 인원순위일일 매출액주간 합계 매출액개봉 전-명-명미집계-원-원1주 차20XX-XX-XX. 1일 차(수)-명-명-위-원-원20XX-XX-XX. 2일 차(목)-명-위-원20XX-XX-XX. 3일 차(금)-명-위-원20XX-XX-XX. 4일 차(토)-명-위-원20XX-XX-XX. 5일 차(일)-명-위-원20XX-XX-XX. 6일 차(월)-명-위-원20XX-XX-XX. 7일 차(화)-명-위-원2주 차20XX-XX-XX. 8일 차(수)-명-명-위-원-원20XX-XX-XX. 9일 차(목)-명-위-원20XX-XX-XX. 10일 차(금)-명-위-원20XX-XX-XX. 11일 차(토)-명-위-원20XX-XX-XX. 12일 차(일)-명-위-원20XX-XX-XX. 13일 차(월)-명-위-원20XX-XX-XX. 14일 차(화)-명-위-원3주 차20XX-XX-XX. 15일 차(수)-명-명-위-원-원20XX-XX-XX. 16일 차(목)-명-위-원20XX-XX-XX. 17일 차(금)-명-위-원20XX-XX-XX. 18일 차(토)-명-위-원20XX-XX-XX. 19일 차(일)-명-위-원20XX-XX-XX. 20일 차(월)-명-위-원20XX-XX-XX. 21일 차(화)-명-위-원4주 차20XX-XX-XX. 22일 차(수)-명-명-위-원-원20XX-XX-XX. 23일 차(목)-명-위-원20XX-XX-XX. 24일 차(금)-명-위-원20XX-XX-XX. 25일 차(토)-명-위-원20XX-XX-XX. 26일 차(일)-명-위-원20XX-XX-XX. 27일 차(월)-명-위-원20XX-XX-XX. 28일 차(화)-명-위-원8.2.일본[편집]9.기타[편집]프로젝트 EGG공식 X에서 《로도스도 전기: 회색의 마녀》와 관련된드립을 쳤다.수성의 마녀,키르케의 마녀에 이어서 선라이즈에서 또 '마녀'라는 단어가 들어간 제목의 작품을 내면서 이야깃거리가 되었다. 한편 보톰즈의 마녀는독일어인 '헥세'로 부른다. 예고편에서 나레이션을 통해 밝혀진 원문은 『잿빛의마녀』.보톰즈 팬으로 유명한 성우우에사카 스미레가 캐스팅될 것인가에 주목하는 팬들도 있었는데 이번에 처음으로 캐스팅되었다.우에사카 스미레 코멘트우에사카는 이 시리즈 스토리·대사를 암송할 정도의 팬이지만키리코 큐비서사가 일단락되고 보톰즈 제작이 한동안 중단된 시기에 성우로서 이름을 알리기 시작한 탓에 타이밍이 엇갈려 한 번도 이 시리즈에 캐스팅되지 못했다.같은보톰즈 팬으로 유명한성우스기타 토모카즈도 처음으로 캐스팅되었다.주인공이 2명이키리코와로치나를여성화시킨 것 같다는 반응이 많다. 전장에서 죽지 않고 계속 살아남는다는 설정과 이를 추적하는 장교라는 점에 비슷한 구도를 이루고 있고 머리색과 계급도 청발·상사와 금발·대위로 각각 동일하다.오시이의독일군취향이 반영되어서인지 부제에독일어를 사용했고 주조연들 대부분이 독일식 이름이다. 부대명칭에 쓰인 강하엽병이라는 어휘도 독일어인팔시름예거(Fallschirmjäger)를 직역한 단어다.마키 슈타우펜베르크는 본인의케르베로스 사가시리즈에 등장하는 인물의 이름을 재활용한 것이며 애쉬 밤프스의 이름도아바론의 주인공인 애쉬의 이름을 재활용했다.특히 마키는 808 선전중대라는 소속까지 동일하다고 한다.시리즈 전통의 붉은 파일럿 슈트는 본작에선 헐렁한 카키색커버올로 대체된 듯하다. 헬멧의 디자인도 좀 더 방호력이 있을 법한 디자인으로 바뀌었다.[1]오시이가 패트레이버 극장판 제작 시기부터 제작진들과 마찰을 빚었고, 팀원들과 상의 없이 독단적으로 제작한 실사판넥스트 제네레이션 패트레이버는 사실상 최악의 평가를 받고 시리즈에서 사실상 불명예 하차한 것을 뻔히 알고 있는 패트레이버 팬들은 당연히 이 발언에 아연실색했다고 한다.스폰서를 제외한 모두가 상처받은 세계[2]오시이는 패트레이버에 나오는 로봇의 디자인을 매우 싫어해서 작품 내에서도 쓸 데가 없다고 깔 정도였다. 패트레이버는 로봇 애니메이션이라는 생각조차 안 한 반면 보톰즈의 로봇은 로봇으로서 인정했다는 것이다.[3]오시이가 자기 작품이라는 걸 강조하려고 작품에 자주 넣는밈연출이다. 오시이 작품은 세계관이나 분위기를 불문하고 소바가 나온다. 오죽하면 여기서도입식이 나올지 고찰하는 뉴스도 있을 정도.(...) 그걸 안 한다는 건 이번엔 진짜 장난 안 치고 진지하게 하겠다는 말이다.[4]의외로 생활 수준까지 나쁜 세계관은 아니고우도거리 풍경 같은 유흥가는 국수 노점상 장면으로 유명한블레이드 러너의 영향을 받았기 때문에 굳이 나오게 하려면 나오게 할 수는 있긴 하나 본작은 형벌부대를 배경 설정으로 삼기 때문에 나오지는 않을 듯하다.[5]현재까지 밝혀진 단편적인 키워드(재, 부활)를 공유하는 소재로는불사조가 있긴 하다.[6]특보 영상에서 공개된 HG 프라모델은왼쪽 어깨에 붉은색이 추가로 칠해져 있다.[7]다운 폼이라고 불리는 자세. 원작에서 높은 곳에서 착지하거나 승하차와 격납을 수월하게 하기 위해 다리를 뒤로 굽힐 수 있던 기믹을 차용했다.[8]트레일러에는 해당 기체들의 출현 장면에서 전부 애쉬의 목소리가 입혀져 있는데 어느 기체 하나를 애쉬의 전용기라고 확정하기는 힘들다. 어차피 AT가 소모품 취급 받는 시리즈이기 때문에 작중에셔 전부 한 번씩 탑승했다가 파괴 당하는 기체일 수도 있다.[9]그러나 얼굴이 드러나면강화복을 입은 듯한 모습이 되던 기존의 개성적인 모습을 잃었다면서 아쉬움을 표하는 사람도 있다.[10]현재 개량형 치곤 기존의 디자인과 프로포션이 너무 달라서 해당 제식명의 기체만 이런 디자인이고 기존의 스코프 독 디자인은 유지되는지 본작에서 모든 스코프독이 이런 형태로 리파인 된 건지 알 수가 없다.[11]기본적으로 레이버의 효율성이 증명되어 사회 전반에서 범용적으로 사용되고 있던 세계관에서 갑자기 ""레이버는 시대착오적인 기술이었고 쇠퇴한 산업이다""는 식의 설정을 제시한 것은 기존 설정을 무시한다는 지적을 충분히 받을 만했다. 더욱이 오시이는 이전부터 이족보행 경찰 로봇의 디자인과 실용성, 이를 둘러싼 작중 세계관 등에 부정적인 견해를 밝혀왔기 때문에, 이러한 변경 역시 원작의 설정을 보완한 것이라기보단 소재에 대한 오시이 개인의 불만을 작품에 반영한 결과로 보는 시각이 많았다.[12]거칠게 말해 지금까지 OVA가 많이 나오기는 했지만 대부분 TVA판의 변주로 볼 수 있을 정도로 비슷한 소재가 반복되고 있긴 하다. TVA 연재 당시 유행했던 할리우드 걸작 영화들에 다양하게 영향을 받은 것과 대조적인 모습이다.케이스 어빈이나보톰즈 파인더처럼 변화를 주려던 작품도 있었지만 반응은 그렇게 좋지 않았다.[13]이능생존체와는 다른 개념이다.[14]공식 사이트 참조[15]일단 1부 시놉시스 상 그럴 리는 없겠지만 트레일러에 나오는 장면이 전투신의 전부라는 주장까지 나오고 있어 우려가 완전히 불식된 수준은 아닌 것으로 보인다.[16]원작의 작곡가 이누이 히로키의 음악을 안 썼다고 지적하는 사람도 있다. 본작에 참여한카와이 켄지도 훌륭한 작곡가이지만, 본래 퓨전 재즈 계열의 작곡가는 아니었던 만큼퓨전 재즈음악가 출신인 이누이 히로키가 특유의 음악을 통해 구축한 보톰즈 특유의 하드보일드한 분위기를 그대로 이어가기는 어려울 수 있다는 반응이 나온 것이다. 특히 이누이 사후에 제작된 페일젠 파일즈와 환영편의 경우 같은 퓨전 재즈 출신인 마에지마 야스아키가 음악을 담당해 원작의 분위기를 이어간 것과 비교하면 더욱 그렇다.[17]~ 20XX/XX/XX영화진흥위원회 영화관입장권통합전산망기준."
5,카드 앙 시엘/카드/드로,인티 크리에이츠카드 앙 시엘카드 앙 시엘/카드,"카드 앙 시엘 카드 목록0코스트3코스트드로디버그리부트무브메모리 리크변신브레이크 포인트서스펜드서치&카피셋업업데이트인스톨자해제외기본 및 기타 카드재귀반전1. 개요2. 커먼2.1. 흔들리는 거대 토우2.2. 갑옷도마뱀 요마수인?2.3. 아니마 리바이브3. 레어3.1. 파블로프 록3.2. 꽃말: 단아함, 당신은 나의 것3.3. 등대의 주인3.4. 신성일신! 아쿠아 리커버!3.5. 중력 우물의 수다르샤나 ⇄ GRAVITON SCRABITER4. 에픽4.1. 명부의 사신4.1.1. 어나더4.2. 잠드는 눈양4.3. 돈의 망자4.3.1. 어나더4.4. 사귀포학4.4.1. 어나더4.5. 요정의 우리5. 레전드5.1. 구혼의 쿠온5.1.1. 어나더5.2. 방랑 명탐정5.2.1. 어나더6. 디바6.1. 그리고 또6.2. 너와 나의 약속6.2.1. 어나더6.3. 매지컬 Motion1.개요[편집]카드 앙 시엘에 등장하는 드로 컨셉의 카드들을 정리한 문서.2.커먼[편집]2.1.흔들리는 거대 토우[편집]파일:카드 앙 시엘 흔들리는 거대 토우.jpg흔들리는 큰 토우揺れる大土偶코스트1이동 방향↑4대미지.카드를 2장 뽑는다.필살기코스트 1 → 0드로우 장수 2 → 4공격 범위2.2.갑옷도마뱀 요마수인?[편집]파일:카드 앙 시엘 갑옷도마뱀 요마수인.jpg갑옷 도마뱀 요마수인?ヨロイトカゲの妖魔獣人？코스트1이동 방향↓8대미지.필살기코스트 1 → 0드로우 장수 2 → 4공격 범위2.3.아니마 리바이브[편집]파일:카드 앙 시엘 아니마 리바이브.jpg아니마 리바이브アニマリヴァイヴ코스트1이동 방향←카드를 3장 뽑는다.필살기코스트 1 → 0드로우 장수 3 → 5공격 범위없음3.레어[편집]3.1.파블로프 록[편집]파일:카드 앙 시엘 파플로프 록.jpg파블로프 록条件犯射（パブロフ・ロック）코스트1이동 방향→【액션】5대미지.액션 성공 시, 카드를 3장 뽑는다.필살기액션 삭제대미지 5 →  29카드를 3장 뽑는다.공격 범위3.2.꽃말: 단아함, 당신은 나의 것[편집]파일:카드 앙 시엘 꽃말 단아함 당신은 나의 것.jpg꽃말: 우아함, 당신은 나의 것花言葉：「しとやか」、「貴方は私のもの」코스트0이동 방향→손패를 2장 버린다. 카드를 2장 뽑는다.필살기드로우 장수 2 → 6공격 범위없음3.3.등대의 주인[편집]파일:카드 앙 시엘 꽃말 등대의 주인.jpg등대의 주인灯台の主코스트0이동 방향→【소환】카드를 뽑는 장수 + 1.필살기소환 수 1→ 2공격 범위없음3.4.신성일신! 아쿠아 리커버![편집]파일:카드 앙 시엘 신성일신 아쿠아 리커버.jpg신성일신! 아쿠아 리커버!神聖一新！　アクアリカバー！코스트0이동 방향→손패를 1장FFFF55 제외하고, 카드를 2장 뽑는다.필살기드로우 장수 2 → 6공격 범위없음3.5.중력 우물의 수다르샤나 ⇄ GRAVITON SCRABITER[편집]파일:카드 앙 시엘 중력 우물의 수다르샤나.jpg파일:카드 앙 시엘 그래비톤 스트라바이터.jpg중력 우물의 수다르샤나重力井戸のスダルシャナGRAVITON SCRABITERグラヴィトンスクラバイター코스트1이동 방향→카드를 2장 뽑는다.【변신】카드를 5장 뽑는다.【변신】필살기코스트 1 → 0드로우 장수 2 → 4필살기코스트 1 → 0드로우 장수 5 →  8공격 범위없음4.에픽[편집]4.1.명부의 사신[편집]파일:카드 앙 시엘 명부의 사신.jpg명부의 사신冥府の死神코스트0이동 방향↑7대미지.이 카드가 손패에 있는 동안, 효과로 카드를 1장 뽑을 때마다, 대미지 + 3.필살기기본 대미지 7 → 32공격 범위4.1.1.어나더[편집]파일:카드 앙 시엘 명부의 사신 어나더.jpg명부의 사신冥府の死神코스트0이동 방향↑7대미지.손패의 오른쪽에서 3장을연격으로 변화시킨다.필살기패를 전부 연격으로 변화공격 범위챌린지 배틀 20 기사회생의 1장클리어로 해금.4.2.잠드는 눈양[편집]파일:카드 앙 시엘 잠드는 눈양.jpg잠드는 눈양眠れる雪羊코스트１이동 방향↑7대미지.손패의 장수만큼 대미지+1.대미지가 9 이하일 경우, 카드를 3장 뽑는다.필살기기본 대미지 7 → 32드로우 조건 9 이하 → 34 이하공격 범위4.3.돈의 망자[편집]파일:카드 앙 시엘 돈의 망자.jpg돈의 망자金の亡者코스트1이동 방향↓8브레이크.다음 턴 개시 시에 카드를 3장 뽑는다.필살기브레이크 8 → 33공격 범위4.3.1.어나더[편집]파일:카드 앙 시엘 돈의 망자 어나더.jpg돈의 망자金の亡者코스트1이동 방향←카드를 3장 뽑는다. 뽑지 못한 카드의 수만큼3 획득.필살기코스트 1 → 0드로우 장수 3 → 5공격 범위없음챌린지 배틀 11 대미지를 줄이는 방법클리어로 해금.4.4.사귀포학[편집]파일:카드 앙 시엘 사귀포학.jpg사귀포학蛇亀暴虐코스트1이동 방향↓10브레이크.카드를 3장 뽑는다.그 중에서 0코스트가 아닌 카드를 버린다.필살기브레이크 10 → 35공격 범위4.4.1.어나더[편집]파일:카드 앙 시엘 사귀포학 어나더.jpg사귀포학蛇亀暴虐코스트1이동 방향↓4브레이크.0커스트 카드를 2장 뽑는다.필살기코스트 1 → 0뽑는 장수 2 → 4공격 범위하루에 1번, 데일리 던전 클리어 시 랜덤으로 해금.4.5.요정의 우리[편집]파일:카드 앙 시엘 요정의 우리.jpg요정의 우리妖精の檻코스트0이동 방향←이번 턴에 카드를 뽑은 수만큼2 획득.(최대 10)필살기부스트 최대 획득량 10 → 20공격 범위없음5.레전드[편집]5.1.구혼의 쿠온[편집]파일:카드 앙 시엘 구혼의 쿠온.jpg구혼의 쿠온九魂の久遠코스트0이동 방향↑3대미지.손패의 수만큼 대미지 + 1.손패가 9장 이상일 경우.추가로 1번 더 반복한다.필살기손패 1장 당 추가 대미지 1 → 2반복 횟수 + 1공격 범위5.1.1.어나더[편집]파일:카드 앙 시엘 구혼의 쿠온 어나더.jpg구혼의 쿠온九魂の久遠코스트0이동 방향↑3대미지.손패의 수만큼 대미지 + 1.손패가 9장 이상일 경우, 추가로 2번 더 반복하고 이 카드를 파손시킨다.필살기손패 1장 당 추가 대미지 1 → 2반복 횟수 + 2공격 범위챌린지 배틀 40 어나더 인스톨클리어로 해금.5.2.방랑 명탐정[편집]파일:카드 앙 시엘 방랑 명탐정.jpg방랑 명탐정飄々とした名探偵코스트1이동 방향→손패가 가득 찰 때까지 카드를 뽑는다.이번 턴에 카드를 뽑을 수 없게 된다.필살기디메리트 삭제공격 범위없음5.2.1.어나더[편집]파일:카드 앙 시엘 방랑 명탐정 어나더.jpg방랑 명탐정飄々とした名探偵코스트1이동 방향→버린 패 수만큼 카드를 뽑는다.필살기뽑는 카드 장수 2배공격 범위없음챌린지 배틀 EX 04 실천 챌린지 「드로」클리어로 해금.6.디바[편집]6.1.그리고 또[편집]파일:카드 앙 시엘 그리고 또.jpg그리고 또それから、また조건：1턴에 효과로 카드를 5장 뽑는다.라이브 중：효과로 카드를 뽑을 때마다획득.6.2.너와 나의 약속[편집]파일:카드 앙 시엘 너와 나의 약속.jpg너와 나의 약속一匹と一人の約束조건：효과로 단번에 카드 4장을 뽑는다.라이브 중：각 턴에서 처음 효과로 단번에 카드를 4장 이상 뽑을 때, 카드를 1장 뽑고3 획득.6.2.1.어나더[편집]파일:카드 앙 시엘 너와 나의 약속.jpg너와 나의 약속一匹と一人の約束조건：효과로 단번에 카드 4장을 뽑는다.라이브 중：각 턴에서 덱이 부족해졌을 때 버린 패를 덱에 되돌리는 횟수 + 1.하루에 1번, 데일리 던전 클리어 시 랜덤으로 해금.6.3.매지컬 Motion[편집]파일:카드 앙 시엘 매지컬 Motion.jpg매지컬 MotionマジカルMotion조건：효과로 카드를 8장 뽑는다.라이브 중：이 라이브 시작 시 또는 턴 시작 시,신성일신! 아쿠아 리커버!2장을생성."
6,사용자:SamSara,,
7,제단(워크래프트 3),워크래프트 3/건물,"1. 개요2. 시스템3. 종류4. 여담Altar1.개요[편집]워크래프트 3의 종족 공통 건물 중 하나.영어를 그대로 음차하여 '알터', '알타'라고도 한다.워크래프트 3는 영웅이 중심이므로 대개 초반에 시작하자마자 밥집 / 기본 병력 생산 건물과 함께 제단을 건설하는 것이 보통이다.노알타 타워링은 알타를 짓지 않는 그 자체만으로 극초반만을 노리는 변칙적인 전략이 된다. 영웅은 1번 뽑고 나면 드물게 사망할 때 가끔씩 부활시킬 뿐이므로 제단은 1개만 짓는 게 보통이다.2.시스템[편집]워크래프트 3의 핵심 시스템 중 하나인영웅 유닛을 생산하고 부활시키는 역할을 맡고 있다. 영웅 유닛은티어마다 1기씩 더 고를 수 있다.종족 공통으로 금 180 / 나무 50을 소모하며 건설 시간은 60초이다. 건물의 내구도는 HP 900 / 방어력 5.3티어 홀업을 할 때 요구되는 건물이기도 하다. 대개 극초반에 짓는 제단의 특성상 일반적인 게임 흐름에서는 3티어를 준비할 때 이미 제단이 지어져있기 마련이고 제단이 없어서 3티어 업을 못하는 일은 드물다.생산선영웅: 인구수 5그 외: 금 425 / 나무 100 / 인구수 5부활1레벨: 금 170 / 35초2레벨: 금 210 / 72초3레벨: 금 255 / 107초4레벨: 금 295 / 110초 (이하 동일)5레벨: 금 3406레벨: 금 3807레벨: 금 4258레벨: 금 4659레벨: 금 51010레벨: 금 5503.종류[편집]인간 -왕의 제단(알터 오브 킹)오크 -폭풍의 제단(알터 오브 스톰)워크래프트 2에도오우거 마법사생산 건물로 등장했다. 당시의 인간 대응 건물은 교회.언데드 -어둠의 제단(알터 오브 다크니스)나이트엘프 -장로의 제단(알터 오브 엘더)에인션트 건물이 아니므로위습을 소모하지 않는다.나가 -심연의 제단(알터 오브 뎁스): 캠페인에서만 등장한다. 캠페인 영웅은 이미 처음부터 등장하므로 부활만 담당한다.포세이큰 왕국 캠페인- 영혼 제단: 생산 기능은 없고 죽은 영웅이 이곳에서 부활한다.4.여담[편집]유사한 기능을 하는중립 건물로터번이 있다.중립 영웅의 생산을 맡는다. 종족별 제단에서 소환한 영웅들도 죽었을 때 터번에서 더 비싼 금액을 지불하고 즉시 부활시킬 수 있다."
8,빅 미키,토마스와 친구들/등장인물TUGS/등장인물1989년 창조된 캐릭터,"크레인들[ 펼치기 · 접기 ]노스 웨스턴 철도 소속크랭키칼리빅 미키레지테스협궤 철도 소속메릭오웬콜린그 외 소속베레스포드카시아빅 미키Big Mickey토마스와 친구들에서의 모습[ 변천사 · 접기 ]TUGS에서의 모습토마스와 친구들 모델 시리즈이름크레인 빅 미키성별남성국적영국성우미국:롭 렉스트로우대한민국:신용우데뷔토마스와 친구들 시즌3베이스 모델창조자데이비드 미튼거주지소도어섬브렌담 부두1. 개요2. 작중 행적1.개요[편집]토마스와 친구들,TUGS에서 등장하는 기중기.2.작중 행적[편집]원래는TUGS에서 먼저 등장한 캐릭터다.[1]원래 TUGS VHS판 한정으로작중에서 블루노즈가 일으킨 폭발 사고로 인해 최초로 사망한 캐릭터였으나다음 에피소드들에선 멀쩡히 나오는데, 그 이유는 VHS판에서 에피소드 순서가 뒤죽박죽으로 섞여있었고 이 순서는 정식 방영 당시 수정 없이 TV에 그대로 나오게 되었는데 그나마 TV판에선 오류를 수습한답시고 얕은 물에 떨어졌기에 겨우 살았다는 내레이션을 추가했다. 어떻게 보면설정오류의 진정한 수혜자.토마스와 친구들에서는 시즌 3부터 등장했지만 이땐 얼굴도 없었고 그냥 배경으로 등장하다가[2]시즌 21부터 얼굴이 생겼고, 말도 하며 크랭키, 칼리와 함께 일하게 된다.[3][4][1]다만 그때는 얼굴이 없었고 조종사가 조종실 내부에서 말을 해주는 형태로 대사가 나왔다. 그러나 턱스 위키에 따르면 원래는 얼굴이 있을 예정이었다고 한다. 다만 얼굴의 형태가 지금과는 달랐다고 한다.[2]예외적으로 시즌 7 5화 '에드워드와 브라스 밴드'(Edward's Brass Band) 편에서는 보일러를 옮기다가 맞은편에서 다가오던에드워드를 보일러로 가격해 탈선시키는 사고를 낸 적이 있다.[3]첫 등장 이후 무려 30년만에 말을 한 것인데, 오랫동안 말이 없었던 이유는 아무도 자기한테 말을 걸지 않아서였다고.[4]이때 빅미키는 기관차와 크레인한테 '뭐'라고 했었다고."
9,제임스 로니,"1984년 출생2006년 데뷔2019년 은퇴미국의 야구 선수휴스턴 출신 인물외국인 선수(야구)내야수좌투좌타로스앤젤레스 다저스/은퇴, 이적보스턴 레드삭스/은퇴, 이적탬파베이 레이스/은퇴, 이적뉴욕 메츠/은퇴, 이적MBC 청룡-LG 트윈스/은퇴, 이적미국의 야구 해설자","제임스 로니 관련 틀[ 펼치기 · 접기 ]로스앤젤레스 다저스역대 1라운드 지명선수[ 펼치기 · 접기 ]1965년 ~1965존 와이엇유격수 / 전체 8번1966래리 허튼투수 / 전체 19번1967도니 덴보우3루수 / 전체 20번1968바비 발렌타인외야수 / 전체 5번1969테리 맥데모트포수 / 전체 8번1970짐 할러투수 / 전체 9번1971릭 로든투수 / 전체 20번1972존 하빈유격수 / 전체 17번1973테드 파포수 / 전체 18번1974릭 서클리프투수 / 전체 21번1975마크 브래들리유격수 / 전체 24번1976마이크 소시아포수 / 전체 19번1977밥 웰치투수 / 전체 20번1978FA테리 포스터영입으로인한 지명권 상실1979[1]스티브 하우투수 / 전체 16번1979[2]스티브 페리투수 / 전체 25번1979FA대럴 토마스영입으로인한 지명권 상실1980로스 존스유격수 / 전체 9번1981데이브 앤더슨유격수 / 전체 22번1982프랭클린 스텁스1루수 / 전체 19번1983에릭 손버그투수 / 전체 18번1984데니스 리빙스턴투수 / 전체 23번1985크리스 그윈외야수 / 전체 10번1986마이크 화이트외야수 / 전체 19번1987댄 오퍼먼투수 / 전체 8번1988빌 벤투수 / 전체 5번1989[3]키키 존스투수 / 전체 15번1989톰 굿윈외야수 / 전체 22번1989[3]제이미 맥앤드류투수 / 전체 28번1990론 왈덴투수 / 전체 9번1991FA대럴 스트로베리영입으로인한 지명권 상실1992[5]라이언 루진스키포수 / 전체 32번1992[6]마이크 무어외야수 / 전체 36번1992FA톰 캔디오티영입으로인한 지명권 상실1993대런 드라이포트투수 / 전체 2번1994폴 코너코포수 / 전체 13번1995데이비드 요컴투수 / 전체 20번1996다미안 롤스3루수 / 전체 23번1997글렌 데이비스1루수 / 전체 25번1998버바 크로스비외야수 / 전체 23번1999[7]제이슨 렙코유격수 / 전체 37번1999FA케빈 브라운영입으로인한 지명권 상실2000벤 디긴스투수 / 전체 17번2001FA앤디 애쉬비영입으로인한 지명권 상실2002제임스 로니1루수 / 전체 19번2002[8]그렉 밀러투수 / 전체 31번2003채드 빌링슬리투수 / 전체 24번2004스캇 엘버트투수 / 전체 17번2004[9]블레이크 드와이트2루수 / 전체 28번2004[9]저스틴 오렌더프투수 / 전체 33번2005[11]루크 호체이버투수 / 전체 40번2005FA데릭 로우영입으로인한 지명권 상실2006클레이튼 커쇼투수 / 전체 7번2006[12]브라이언 모리스투수 / 전체 26번2006[12]프레스턴 매팅리유격수 / 전체 31번2007[14]크리스 윗로우투수 / 전체 20번2007[14]제임스 애킨스투수 / 전체 39번2007FA제이슨 슈미트영입으로인한 지명권 상실2008에단 마틴투수 / 전체 15번2009[16]애런 밀러투수 / 전체 36번2009FA올랜도 허드슨영입으로인한 지명권 상실2010잭 리투수 / 전체 28번2011크리스 리드투수 / 전체 16번2012코리 시거유격수 / 전체 18번2012[17]제스무엘 발렌틴유격수 / 전체 51번2013크리스 앤더슨투수 / 전체 18번2014그랜트 홈즈투수 / 전체 22번2015워커 뷸러투수 / 전체 24번2015[18]카일 펑크하우저투수 / 전체 35번2016개빈 럭스유격수 / 전체 20번2016[19]윌 스미스포수 / 전체 32번2016[20]조던 셰필드투수 / 전체 36번2017제런 켄달외야수 / 전체 23번2018J.T. 긴투수 / 전체 30번2019코디 호시3루수 / 전체 25번2019[21]마이클 부시2루수 / 전체 31번2020바비 밀러투수 / 전체 29번2021매덕스 번스투수 / 전체 29번2022사치세 초과로인한 지명권 후퇴2023[CBA]켄달 조지외야수 / 전체 36번2023사치세 초과로인한 지명권 후퇴2024켈런 린지유격수 / 전체 23번*취소선처리된 선수는 다저스 구단과 계약하지 않은 선수[1]FA리 래시이적으로 인한 지명권 보상[2]FA토미 존이적으로 인한 지명권 보상[3]3.13.2FA스티브 색스이적으로 인한 지명권 보상[5]FA에디 머레이이적으로 인한 지명권 보상[6]FA마이크 모건이적으로 인한 지명권 보상[7]FA스캇 래딘스키이적으로 인한 지명권 보상[8]FA박찬호이적으로 인한 지명권 보상[9]9.19.2FA폴 콴트릴이적으로 인한 지명권 보상[11]FA아드리안 벨트레이적으로 인한 지명권 보상[12]12.112.2FA제프 위버이적으로 인한 지명권 보상[14]14.114.2FA훌리오 루고이적으로 인한 지명권 보상[16]FA데릭 로우이적으로 인한 지명권 보상[17]FA로드 바라하스이적으로 인한 지명권 보상[18]FA핸리 라미레즈이적으로 인한 지명권 보상[19]FA잭 그레인키이적으로 인한 지명권 보상[20]카일 펑크하우저지명 거부로 인한 지명권 보상[21]J.T. 긴 지명 거부로 인한 지명권 보상[CBA]LG 트윈스역대 외국인 선수[ 펼치기 · 접기 ]19981999200020012002앤더슨펠릭스펠릭스(2)대톨라해리거테이텀(2)쿡슨(3)(2)스미스(3)해리거발데스로마이어(2)린튼(3)만자니오마르티네스퀸란(2)케펜(3)20032004200520062007마르티네스쿡슨(2)알칸트라(3)마틴후타도(2)쿠퍼(3)클리어마테오(2)왈론드(3)아이바(2)카라이어(3)텔레마코(2)베로커(3)하리칼라(2)옥스프링(3)발데스20082009201020112012옥스프링브라운(2)페타지니(3)페타지니옥스프링(2)바우어(3)(2)존슨(3)오카모토곤잘레스(2)더마트레(3)주키치리즈주키치리즈20132014201520162017주키치리즈리오단티포드조쉬벨(2)스나이더(3)소사루카스한나한(2)히메네스(3)소사히메네스코프랜드(2)허프(3)소사허프히메네스(2)로니(3)(2)20182019202020212022가르시아윌슨소사윌슨켈리조셉(2)페게로(3)윌슨켈리라모스켈리라모스(2)보어(3)수아레즈켈리플럿코루이즈(2)가르시아(3)(2)20232024202520262027켈리플럿코(2)알몬테(1)오스틴켈리(2)에르난데스(3)오스틴엔스치리노스에르난데스(2)코엔 윈(4)톨허스트(3)오스틴치리노스(2)톨허스트오스틴리오스(3)(2)카라스코(3)(1) 시즌 전 방출(2) 시즌 중 이적/방출(3) 대체 영입(4) 일시 대체 영입* 등록명을 우선적으로 기재했다.제임스 로니의 역대 등번호[ 펼치기 · 접기 ]로스앤젤레스 다저스등번호 27번D.J. 홀튼(2005)→제임스 로니(2006)→맷 켐프(2006~2014)로스앤젤레스 다저스등번호 29번마리아노 던컨(2006)→제임스 로니(2006)→제이슨 슈미트(2007~2009)로스앤젤레스 다저스등번호 7번J.D. 드류(2005~2006)→제임스 로니(2007~2012)→닉 푼토(2012~2013)보스턴 레드삭스등번호 22번밥 맥클루어(2012)→제임스 로니(2012)→펠릭스 듀브론트(2013~2014)탬파베이 레이스등번호 21번호세 로바톤(2012)→제임스 로니(2013~2015)→바비 윌슨(2016)뉴욕 메츠등번호 28번대니얼 머피(2008~2015)→제임스 로니(2016)→트래비스 타이론(2017)LG 트윈스등번호 34번윤지웅(2016)→로니(2017)→김재성(2018)제임스 로니James Loney본명제임스 앤서니 로니James Anthony Loney출생1984년5월 7일(42세)미국텍사스 주휴스턴국적미국학력로렌스 엘킨스 고등학교신체190cm, 106kg포지션1루수투타좌투좌타프로 입단2002년 드래프트 1라운드 (전체 19번,LAD)소속팀로스앤젤레스 다저스(2006~2012)보스턴 레드삭스(2012)탬파베이 레이스(2013~2015)뉴욕 메츠(2016)LG 트윈스(2017)에이전트Creative Artists AgencySNS1. 개요2. 선수 경력2.1.로스앤젤레스 다저스2.2.보스턴 레드삭스2.3.탬파베이 레이스2.4.뉴욕 메츠2.5. 이후2.6.LG 트윈스2.6.1. 7월2.6.2. 8월2.6.3.충격적인 도주2.7. 이후3. 연도별 성적3.1.MLB3.2.KBO4. 여담5. 관련 문서1.개요[편집]미국의 前 야구선수.미국메이저 리그 베이스볼출신이며LG 트윈스소속의KBO 리그외국인 선수였다.2.선수 경력[편집]2.1.로스앤젤레스 다저스[편집]2002년 드래프트에서 1라운드 전체 19번으로로스앤젤레스 다저스에 입단했다.[1]마이너 시절부터 정교한 타격과 빼어난 1루 수비력으로 주목받았는데, 이 때문에 제2의 마크 그레이스나존 올러루드가 될 수도 있을 것이라는 평가를 받았다. 그리고 2006년 트리플 A에서 무려 0.380의 타율로 마이너리그 타격왕이 되었고, 메이저리그에 콜업되어 48경기를 뛰며 0.284의 타율과 4홈런을 기록했는데, 29개의 안타 중 15개를 장타로 연결시키는 좋은 갭파워까지 보여주며 팬들을 설레게 만들었다..이듬해인 2007년, 로니는 스프링캠프에서 좋은 모습을 보여줬지만 다저스의 1루에는노마 가르시아파라가 버티고 있었기에 마이너리그에서 시즌을 시작하게 된다. 그리고 6월,그래디 리틀감독은 긴 슬럼프에 빠져있던 가르시아파라를 3루로 보내고, 로니를 콜업해 주전 1루수로 기용하기 시작한다. 그리고 로니는 96경기에서 0.331/0.381/0.538 15홈런 67타점으로 맹활약하며 자리를 잡는다. 규정타석을 채우지 못했음에도 내셔널리그 올해의 신인 투표 6위에 올랐고,맷 켐프와 함께 다저스 타선의 중심이 되어 줄 것이라 기대를 모았다.하지만 2008시즌, 로니는 0.289 13홈런 90타점으로 다소 아쉬운 성적을 기록하는데, 이후 2009시즌에는 0.281 13홈런 90타점, 2010시즌에는 0.267 10홈런 88타점으로 발전은커녕 오히려 퇴보하는 모습을 보이게 된다. 그리고 2011시즌, 전반기까지 0.268/0.311/0.342 4홈런이라는 암담한 성적을 기록하면서 시즌이 끝나고 논텐더로 방출될 것이라는 소문까지 돌기 시작했다. 하지만 로니는 후반기에 뒤늦게 맹타를 휘두르는데, 팀의 포스트시즌 진출이 일찌감치 물 건너간 시점에서 나온 일종의 스탯 관리라 큰 의미는 없었다. 어쨌든 시즌 최종 성적은 0.288/0.339/0.416 12홈런 65타점으로 자신의 평균 스탯을 가까스로 유지했다.공격력이 돋보여야 할 포지션인 1루수를 맡고 있음에도 불구하고, 정교함도 장타력도 돋보이지 않는 어정쩡한 모습으로 몇 년째 계속 정체되어 있기에 앞으로의 전망은 많이 불투명하다. 이미 구단과 팬들의 인내심도 한계를 드러낸 상황.그럼에도 다저스가 이 선수를 못 버리는 이유가 이 선수가 포스트시즌에서 엄청나게 강하기 때문이다. 실제로 비슷한 시기에 메이저리그에 콜업이 된맷 켐프가 통산 포스트시즌에서 .226, 2홈런, 5타점안드레 이디어가 .266, 3홈런 6타점에 그친 데 비해 로니는 .349, 3홈런, 14타점의 맹타를 휘둘러왔다. 한마디로 버리면 남 좋은 일 시켜줄 것 같고, 쓰자니1루수로서는 한심하기 짝이 없는 시즌 스탯 때문에 고민이 큰 상황.2.2.보스턴 레드삭스[편집]이러한 고민도 2012년으로 마지막.애드리안 곤잘레스,칼 크로포드,조시 베켓이 포함된 트레이드에 의해보스턴 레드삭스로 트레이드 되었다. 보스턴에서는 아무래도 주전 출장이 힘들 것 같다는 것이 중평이었는데 아무래도 부실한 팀의 타자 상황 덕분인지 가자마자클린업 트리오타자가 되었다. 하지만 보스턴에서도 살아날 기미는커녕 오히려 더 부진한 모습을 보이면서 다음 시즌에는 보스턴에서 보기는 어려울 듯.시즌 종료 후엔탬파베이 레이스와 1년 200만불 계약을 맺었다. 200만불 외에도 100만불의 인센티브가 붙어있다.2.3.탬파베이 레이스[편집]탬파베이에서의 첫해였던 2013년에는FA로이드의 영향이었던지 갑자기 폭발했다. 3할을 우습게 치는 호쾌한 타격으로 탬파베이의 중심타자가 되었고, 갖다 맞히는 타격이 잘 되다 보니 타구의 비거리도 늘어나서 페이스 상으로 잘하면 20홈런 시즌을 보내게 생겼다. 최종 성적은 .299/.348/.430에 13홈런 75타점. 가히 풀타임으로는 커리어 하이 수준의 성적을 찍었다. 수비에서도 계속해서 좋은 모습을 보여주며 자신이 메이저리그 주전 1루수로서의 자격이 있음을 증명했다.2013년 12월 13일(현지시각),탬파베이 레이스와 3년 21M 규모의 연장계약에 합의하였으나 로니의 폭발은 거기까지였다.2014년에는 .290 .336 .380 9홈런 69타점의 무난한 성적을 거뒀다. 부상으로 6월을 통째로 날려먹은 2015년에는 .280 .322 .357 4홈런 32타점의 성적. 하지만 결국 이 시즌이 탬파베이에서의 마지막 시즌이 되었고, 결국 2016년 시즌 개막 직후로건 모리슨이 1루 자리를 메우면서 잔여 연봉을 전부 받는 조건으로 팀에서 방출되었다.방출 이후샌디에이고 파드리스와 마이너 계약을 맺었다.2.4.뉴욕 메츠[편집]5월 28일루카스 두다의 부상과 백업 선수인 에릭 캠벨과 그외 선수들의 부진으로뉴욕 메츠에 현금트레이드 되었다. 그리고 6월 4일마이애미 말린스와의 원정경기에서 2-2로 맞선 7회초 투런 결승 홈런을 남기면서 메츠 팬들에게 제대로 된 전입 신고를 해주었다.이후 100경기 동안 .265의 타율 등 예상 가능한 성적과 준수한 수비를 보여주었으나, 동시에 득점권타율 .200과 한자리수 홈런(9개)과 장타력 부족 등의 한계를 보여주었다. 결국 부상당했던 두다의 복귀와 마이너 스미스의 성장으로 재계약 여부가 불투명해졌고, 시즌 종료 이후 재계약에 실패 FA가 된다.2.5.이후[편집]2017년에는 1월 텍사스 레인저스와 마이너리그 계약을 맺고 스프링캠프에 참가했으나 자리를 잡지 못하고 릴리즈. 이후프레디 프리먼이 손목 골절을 당한애틀랜타 브레이브스의 트리플 A팀 그윈넷 브레이브스와 마이너리그 계약을 맺었다. 하지만 2경기 만에 애틀랜타가세인트루이스 카디널스에서맷 아담스를 트레이드로 영입하면서, 1루수 자리를 잡기 어려워졌다고 판단한 로니의 요청으로 다시 릴리즈. 이후디트로이트 타이거스산하 AAA팀 톨레도 머드헨스와 계약을 맺었으나 역시 메이저리그에는 승격되지 못했다.2.6.LG 트윈스[편집]2017년 7월 18일, 발목 부상으로 장기 결장중이던루이스 히메네스가 웨이버 공시되고 그의 대체외국인 선수로로니를 영입했다.계약금 및 연봉 총액은 35만 달러. 등번호는 2017년 시즌 29번으로 바꾼윤지웅이 지난 시즌 달았던 34번을 받았고,KBO등록명은로니로 정했다.18일 새벽에 입국한 로니는 당일 오후kt wiz와의 후반기 첫 홈경기를 앞둔잠실 야구장을 방문하여 코칭스태프와 선수들과 인사를 나누었다. 로니는 21일부터 시작되는삼성 라이온즈와의대구원정 3연전부터 선수단에 합류할 것으로 예상되었지만, 비자 발급 등 서류 수속 지연으로 인하여 그다음 주인 27일넥센 히어로즈와의잠실홈 3연전 마지막 경기부터 출전하기로 정해졌다.관련기사KBO 리그적응 차원에서 25, 26일두산 베어스와의퓨처스 리그경기에 출장했고, 25일은 1번지명타자로 3타수 1안타 1볼넷, 26일에는 4번1루수로 3타수 1안타를 쳤다.LG 퓨처스코칭스태프 측에서는볼은 잘 본다라고 평했다 한다.메이저리그, 마이너리그 시절 외야수로도 뛴 경험이 없는 건 아니지만, 아무래도 주 포지션은1루수인지라 LG의 기존 1루수인정성훈이나김재율의 입지가 좁아질 우려도 있기는 하다.[2]2.6.1.7월[편집]7월 27일잠실에서 열린넥센 히어로즈와의 경기에서 3번타자1루수로 데뷔전을 치렀다. 1회초 수비 때유격수오지환의 얕은 송구를 빠뜨리는 실책을 저질렀지만 이후 수비는 무난했고, 첫 타석부터최원태의 초구를 끌어당겨 우측 펜스를 직격하는 KBO 데뷔 첫 안타를 기록했는데, 타구 속도가 너무 빨랐고 넥센우익수이정후의 훌륭한 펜스 플레이로 단타에 그친 점이 아쉬웠다. 이후 타석에선몸에 맞는 공, 삼진[3], 우익수 뜬공으로총 4타석 3타수 1안타 1사구를 기록했다. 이날 경기는 2-3으로 뒤지던 9회말 2사 상황에서 1번타자박용택이 좌월끝내기투런홈런을 쏘아올리며 4-3으로 LG가 역전승을 거뒀다.7월 28일대전에서 열릴한화 이글스전을 앞두고서용빈이 로니에게 타격에 대해 조언을 해주었다는 소식에 LG 팬들이 경악했다. 그러나 로니는 6회초에 안타를 쳐내며 2회초박용택이 날린 투런홈런과 더불어 이날 팀이 때린 2안타 중 하나를 기록했다. 로니의 성적은3타수 1안타 1볼넷. 하지만 경기는 상대 선발김재영에게 단 2안타로 묶이며 3-4로 패배했다.다음 날인 7월 29일, 3번지명타자[4]로 출장하여 한화 선발투수카를로스 비야누에바를 상대로 4회초에 우측 담장을 넘어가는 솔로포를 치면서KBO 리그데뷔 세 경기만에 첫 홈런을 시전했다.[5]이 홈런으로 비야누에바는 3.2이닝 8실점이란 최악의 성적만 남기고 강판당했다. 이날 팀은 박용택, 로니,유강남이 홈런포를 가동하는 등 모처럼메가트윈스포가 폭발하여 12-2로 승리[6]했고, 로니는5타수 1안타(1홈런) 1타점 1득점 1삼진을 기록했다.아직 세 경기째 출장했을 뿐이지만, 로니가 3번타자를 맡으면서 1번으로 이동한박용택이 세 경기 연속 홈런을 터뜨리는 등 타격의 혈이 뚫리면서 나름 시너지 효과를 이끌어 내는 듯하다. 한편으로 로니의 타구 궤적이 극단적으로 우측에 집중되는 당겨치기 위주의 타격에 대해서는 개선이 필요하다는 지적도 있다.[7]전날에 이어 3번 지명타자로 나온 7월 30일 경기 1회초 2사 상황에서 한화 선발김범수의 공을밀어쳐서좌익수 앞에 떨어지는 2루타로 출루했다. 로니가 밀어친 공은 빗맞았지만 그의 당겨치는 타격에 대비하여 외야 수비 시프트를 우측으로 옮겼기 때문에 좌익수최진행이 뜬공으로 처리하지 못하면서 2루까지 진루했고, 로니는 후속 타자양석환의 중월 투런포로 홈을 밟았다. 3-2로 쫓긴 5회초 1사 2, 3루 상황에서는 바뀐 투수윤규진에게 좌익수 앞희생플라이로 1타점을 올리며4타수 1안타 1타점 1득점 1삼진을 기록했다. LG는헨리 소사의 완투승과이형종의 쐐기만루홈런에 힘입어 9-3으로 완승했다.2.6.2.8월[편집]8월 1일,롯데와의 잠실 3연전 1차전에 3번 1루수로 출장하여 롯데 선발송승준에게 1회말 우전안타, 3회말 3루수의 글러브를 강타하는 내야안타로KBO 리그 데뷔 후 첫 멀티히트를 뽑아내며4타수 2안타를 쳤다. 경기는김대현의 6이닝 무실점 호투와오지환이 혼자 홈런과 2루타로 2타점을 올리는 원맨쇼로 LG의 2:0 승리.8월 2일 롯데와의 2차전, 전날과 같이 3번 1루수로 나왔지만타격은 영 좋지 않았다. 볼넷만 하나 골랐을 뿐 삼진 두개를 먹으며4타수 무안타에 그쳤고 10회말 무사 1, 2루에서 1루 땅볼에 그치는 등 득점권에서 약한 모습을 유지했다. 하지만 9회초 무사 1루 수비에서앤디 번즈의 보내기번트타구를 과감하게 2루로 던져 1루 주자강민호를 잡아내는 호수비를 선보였다.[8]LG는 10회말 2사 1, 2루에서이천웅이 좌중간을 가르는 끝내기 2타점 적시타를 터뜨리며 5:4로 재역전승, 4연승을 이어갔다.8월 3일, 3연전 마지막 경기 1회말 무사 1, 3루에서 중견수 희생플라이로 선취 1타점을 올렸고 7회말에는장시환의 146km 스트레이트를 걷어올려잠실 야구장우중간의 가장 깊숙한 곳을 넘어가는 솔로포를 작렬시켰다. 시즌 2호이자 잠실 첫 홈런. 이날 로니는3타수 2안타(1홈런) 2타점 1득점으로 활약했다. 마지막까지 끈질기게 따라붙은롯데를 뿌리친LG가 9:6으로 승리하며 5연승과 함께 3연전 싹쓸이에 성공했다.8월 4일두산 베어스와의홈경기에서는 전날의 활약이 무색한 엉망진창인 모습을 보였다.박용택,안익훈테이블 세터가 열심히 밥상을 차려줬지만 전부 뜬공에 그치며3타수 무안타로 죽을 쑤고 6회초 수비 때정성훈과 교체되었다. 팀도 4:11로 대패하며5연승에서 탈출(...)했다.[9]다음 날인 8월 5일 경기도 부진했다. 3타석에서 유격수 땅볼, 3루수 땅볼, 좌익수 뜬공으로3타수 무안타였고, 8회말 타석에서김재율로 교체되었다. LG는 두산에게 1:2로 석패.[10]아직 타석이 적으므로 지켜봐야 한다는 이야기도 있지만,조쉬 벨이 떠오른다며 진저리를 치는 팬들도 슬슬 나타나고 있다.8월 6일 경기는 선발 라인업에서 빠졌고 대신정성훈이 3번 1루수로 출장했다. 그리고 3대 7로 뒤지던 5회말 2사 1, 2루에 6번 2루수강승호의 대타로 나와 투수함덕주의 폭투로 맞은 2, 3루 기회를 우익수 플라이로 걷어차 버렸다. 6회초 수비 때최재원으로 교체되어1타수 무안타로 끝났고 팀은 두산에 3:10으로 지며 5연승 후 3연패에 3연전을 스윕당하는 굴욕을 맛보았다.아무래도 은퇴 직전 선수를 잘못 데려온 거 같다는 느낌이 든다. 이미국내야구 갤러리에서는 대수비 이상의 가치는 없는 1루수인 점을 들어 미국판박종윤이라고 지칭하다가 가을에 강하고 남 주기는 뭔가 아까운박정권정도는 된다고 서술하는 중.[11]한편으로""통산 1400안타를 친 11시즌 풀타임 메이저리거를 시즌 도중 영입해서 10게임 만에 판단을 내리는 건 아직 이른 거 아닌가""라는 의견도 있기는 하다.두산과의 3연전삽질에 위기감을 느꼈는지, 8월 8일삼성과의대구원정경기에서 3번 1루수로 출전한 로니는 1회초 2사 후 첫 타석에서 상대 선발정인욱에게 모처럼 좌측의 2루타를 뽑았지만, 후속 타자양석환이 삼진으로 범퇴하며 득점까진 이어지지 않았다. 그러나 3회초에도 좌익수 쪽 2루타를 치며 멀티히트와 함께 1루 주자이천웅을 홈으로 불러들였고 뒤이은 양석환의 2루타 때 홈을 밟았다. 이후 삼진[12]과 중견수 플라이로 잠잠하더니, 8회초 2사 2루 찬스를 중전 적시타로 연결하며KBO 첫 3안타에 멀티타점을 작성하고 대주자최재원으로 교체되면서5타수 3안타 2타점 1득점으로 임무를 마쳤다. 10:8로 LG가 이기며 3연패를 끊었다.양상문감독은 최근 로니에 대하여""어느 정도 적응이 되었지만 더 빨리 적응해야 한다""며 그의 분발을 촉구했다.관련기사다음 날인 9일 경기에서도 삼성의 선발김동호를 상대로 1회초 우익수 쪽 1타점 2루타, 2회초 1타점 우전 적시타로 일찌감치 멀티히트와 멀티타점을 달성하며 전날의 기세를 이어갔다. 하지만 4회초 볼넷을 고른 후 6회초장원삼에게 1사 1, 2루 찬스에서 4-6-3병살타를 치며 찬물을 끼얹고 9회초엔 유격수 뜬공으로 물러났다. 로니는4타수 2안타 2타점 1볼넷을 기록했고 LG는 4:7로 역전패.10일잠실에서 열린SK와의 경기에서도 3번 1루수로 선발 출장했고, 안타-안타-볼넷-중견수 플라이로3타수 2안타를 기록했다. LG는 SK에게 1:2로 아쉽게 무릎을 꿇었다.[13]11일 경기는3타수 무안타 1볼넷으로 침묵했지만 팀은 6:2로 SK를 꺾었다.12일KIA와의 12일 광주 원정경기에서는 1회초 볼넷을 골라 출루하여채은성의 적시타 때 홈을 밟았고 이후 3타석은 뜬공에 그쳤지만, 9회초 마지막 타석에서 우전 안타를 치며 체면치레는 하고 대주자이형종으로 교체되었다.4타수 1안타 1볼넷 1득점.난타전 끝에 LG는 KIA에 10:11로 대역전패를 당했다.13일 KIA전, 15일 kt전은 우천 취소되며 3일간 강제 휴식을 취하고 16일 kt와의 홈 경기에 3번 1루수로 스타팅 출전했다. 정규이닝 동안에는 땅볼 세개에 중견수 플라이로 죽을 쒔지만, 1:1로 맞선 연장 10회말 1사 만루에서[14]김재윤과 풀 카운트 씨름 끝에중견수 앞 끝내기 적시타를 때려내며 이날의 히어로가 되었다.[15]로니의 기록은5타수 1안타 1타점.끝내기 안타를 날리고 동료들에게 물세례를 받는 로니.8월 17일SK와의 원정경기에 3번지명타자로 출장하여 0:6으로 뒤지던 6회초스캇 다이아몬드에게 우측 담장을 넘기는 솔로홈런을 쳐냈다. 시즌 3호. 그것이 이날 득점의 전부였던 LG는 1:6으로 패배했고 로니의 성적은3타수 1안타(1홈런) 1타점 1득점 1볼넷 1삼진.다음 날인 18일 SK전에서는4타수 2안타 1삼진을 기록했고 LG는메릴 켈리의 구위에 눌려 2:8로 패했다.19일삼성과의 홈경기에 3번 1루수로 출장하여 3대 4로 뒤지던 7회말 1사 1, 2루 상황에서장원삼을 상대로 좌중간 쪽 약간 먹힌 타구를 날렸고 중견수박해민이 다이빙했지만 스핀이 걸린 타구를 잡지 못하면서승부를 5대 4로 뒤집는 싹쓸이 2루타가 되었다.[16]그것이 결승타가 되면서 8회말유강남의 중월 2루타로 1점을 보탠 LG가 6:4로 역전승을 거두었다.4타수 1안타 2타점 1볼넷을 기록한 로니는 경기 후 히어로 인터뷰에서LG 포스트시즌 진출에 도움이 되고 싶다는 포부를 밝혔다.22일 잠실NC전에서는4타수 무안타로 죽을 쒔다. 팀도 연장 공방 끝에 10회초재비어 스크럭스에게 결승 솔로포를 얻어맞고 3:4로 졌다. 죽을 쒀도 최소한 1안타는 친다고로무원이라는 별명까지 붙었는데, 이 날은 진짜 한심할 정도였다.전날 패배로 순위가 6위까지 미끄러지며 분위기가 안 좋았던 23일, 첫 두 타석에선 범타로 물러났지만 2-2 동점이던 5회말 1사 1루 상황에서 좌중간 쪽 안타로 출루했고 이는 LG 타선이 대폭발하며 무려 7점을 뽑아내는 발판이 되었다. 8회초 대수비김재율로 교체되었고4타수 1안타 1볼넷 1득점을 기록했다. LG는 NC를 9:3으로 꺾었다.24일사직 야구장에서 열린롯데와의 원정경기에서는 볼넷만 2개 골랐을 뿐2타수 무안타로 부진했고, 팀은송승준의 호투에 꽁꽁 묶이면서 0:11로 대패했다.결국 다음 날인 25일, 선발 라인업에서 빠졌다.박용택이 로니 영입 후 처음으로 3번타자(지명타자)를 맡았고,정성훈이1루수(4번타자)로 스타팅 출장했다. 그리고 8회초안익훈의 대타로 나와 2루 땅볼에 그치며1타수 무안타. 역시송구홍이 데려온 타자답다고 해야 할 것이다(반어법...). LG는 고비 때마다 터진 실책과 얼어붙은 방망이로 졸전 끝에 2:8로 패하면서 롯데에게 사직 2연전을 모조리 내줬다.26일두산과의 원정경기를 앞두고 2군으로 강등되었다.2.6.3.충격적인 도주[편집]그런데2군 강등 조치에 불만을 품은 로니는 다음 날인27일제멋대로 미국에 돌아가 버렸고[17], 결국8월 29일부로임의탈퇴 공시되었다.이후 드러난 사실에 따르면 구단 측에서 로니의 미국행을 말리려 설득했지만, 싹 무시하고 떠나버렸다고 한다.감독이 2군에 다녀오라는 건 운동선수에게 충분히 내릴 수 있는 조치고 전혀 부당한 요구도 아닌 만큼 따르는 것이 당연하다는 점을 생각하면프로 선수로서는 절대 저질러서는 안되는 짓을 해버린 셈. 사실 2군에서 재정비하는 것이 어려운 일도 아닌데, 재작년 넥센의브래드 스나이더와 로니의 전 외인타자였던루이스 히메네스, 2016년 두산의닉 에반스[18]와 2017년 삼성의다린 러프도 2군에서 조정을 마친 후 올라와 리그 정상급의 타자가 되었다는 것을 감안하면 더더욱 이해할 수 없는 처사인 건 분명하다. 게다가 마이너 강등도 사실상 2군행과 비슷한 맥락인데도 이런 행동을 보였다는 것은한국야구를 제대로 만만하게 보고 왔다는 것으로밖에 설명이 불가능하다.다만 감안해야 할 사실도 몇 가지 있다. 제임스 로니는 대체용병으로 팀에 녹아들기에는 시간이 필요한 상태였고, 다소의 슬럼프도 있었지만 강등 당시 타율 .278 OPS .821 wRC+ 112.9로 객관적으로 2군에 내려야 할 정도로 나쁘다고 하기에는 무리가 있는 상태였다. 벤치에 몇 게임 두고 충분히 소통하면서 납득시킬 수도 있는 상황이었다. 그러나 당시 양상문 감독은 '너 때문에 너보다 잘 치는 선수가 벤치에 있어야 한다.'는 상당히 감정적인 워딩과 함께 2군 강등을 지시했는데 메이저리그 스타 출신인 로니는 한국 문화와 마이너리그/KBO 2군의 차이를 잘 이해하지 못한 상황에서 굉장한 모욕으로 받아들였을 수도 있다. 감독은 팀의 원만한 운용을 최우선으로 해야 하고 특히 용병에 대해서는 그렇게 다루어야 하는데 원활한 소통과 선수의 납득하에 2군에 보낸 것이라고 생각하기는 어렵다. 물론 어떠한 변명으로도 로니의 이탈은 정당화될 수 없고, 그가 한국야구를 존중하지 않은 것도 엄연한 사실이기에 지탄받는 게 당연하다. 다만 사태를 이렇게 몰고 간 양상문 감독과 코치진의 책임도 크다고 할 수 있으며, 어떠한 상황이었는지에 대한 이해도 필요하다. 워크에식이 뛰어난 용병선수들은 잘 인내하기도 하지만, 반대로 워크에식이 떨어지는 용병선수들을 잘 아울러 어떻게든 퍼포먼스를 끌어내는 것도 감독의 과제다.[19]LG 트윈스입장에선포스트시즌티켓이 점점 멀어져 가는 위급한 상황에서 잔여시즌을 외국인 타자 없이 치러야 하니민폐라는 말로도 모자랄만큼 팀에 엄청난 피해를 입히고 말았다. 즉,로니는 LG 트윈스 역사상 둘째가라면 서러운 최악의 외국인 선수이자흑역사로 확정된 것이다.물론 LG는 아직 외국인 교체 카드가 남아 있기 때문에MLB확장 엔트리에서 밀릴 AAA급 선수를 데려올 수는 있겠지만, 이미 정규 시즌이 30경기 정도 남은 시점에서 꼴랑 20경기 정도를 플레이시키자고 수억이 넘는 돈을 들인다는 건 엄청난 비효율적 처사임이 틀림없는지라, 구단 입장에서 이런 전략을 취하는 것은 사실상 굉장히 어려운 일이다. 설령 새로운 용병을 영입하더라도 여러 가지 절차 + 리그 적응기간이 필요하기 때문에 도움이 안 되는 건 마찬가지이며,결정적으로 KBO 규정상8월 15일이후 영입한 외국인 선수는 포스트시즌 출장이 불가능하다. 한 마디로답이 없는 상황이다. 이후양상문감독은 인터뷰를 통해 외국인 선수 영입 없이 남은 시즌을 치르겠다고 공언하며 로니의 공백을 굳이 메꾸지 않는 것으로 확정되었다. 따라서 위의 시나리오는 없었던 일로...결국 로니와 LG는 서로잘못된 만남이었다는 것만 인증하고 인연을 끊었다. 또 이로 인해로닝맨이라는 불명예스러운 별명도 추가되었다. 그리고'이천으로 가랬더니인천으로 가 버렸다', '홈런치라고 뽑았더니자기네 홈으로런했다' 등의 발언들이 터져나왔다.로니의 KBO 리그 성적은23경기 출장, 79타수 22안타, 타율 0.278, 3홈런, 12타점, 11볼넷, 1사구, 14삼진.그리고 타자들이 거의 전원이 부진에 빠지며 추락하던 LG는 그나마 반전을 보여줄 만한 외국인 타자도 잃어버리면서 벼랑 끝에 몰려버리고 말았고, 끝내 9월 29일 하필 잠실 라이벌 두산에게 패하며 가을야구 진출에 실패했다.2002년 한국시리즈준우승 이후6668587667의 암흑기를 질주하다가2013 시즌암흑기를 탈출한 데 이어2014 시즌,2016 시즌에 계속해서 가을야구에 가며 다시 강팀으로 도약해 가고 있던 LG였기에 더더욱 이 충격은 컸으며 결국 다음 해인2018 시즌은 구단 역사에 남을 최악의 흑역사가 되고야 말았다.2.7.이후[편집]2019년 시즌을 앞두고 미국 독립리그인 애틀랜틱 리그의 Sugar Land Skeeters 라는 팀과 계약을 한 것이 확인되었다. 그러나 2019년 5월 10일현역 은퇴를 선언했다.다저스에서 뛰었던 적이 있어서인지 2019년 6월 1일 다저 스타디움에서 펼쳐진 다저스와 필리스의 경기에 앞서 다저스에 몸을 담았던 인물들이 동창회 개념으로 특별 경기를 치렀는데, 로니는 만루홈런을 쳤다.2020년 6월 12일 뜬금없이KIA vs. SK의 ESPN 중계에 등장했다.현재는로스앤젤레스 다저스의 주관 방송사인 SportsNet LA의 해설위원으로 활동하고 있으며, 2024년 6월 22일프리웨이 시리즈에인절스와의 홈 2연전 두 번째 경기의 리뷰쇼의 패널로 등장하는 모습이 보여지기도 했다.3.연도별 성적[편집]3.1.MLB[편집]제임스 로니의 역대 MLB 기록연도팀GPAH2B3BHRRRBISBBBSOAVGOBPSLGOPSwRC+fWARbWAR2006LAD481172965420181810.284.342.559.9011260.80.920079637511418415416702848.331.381.538.9191371.82.2200816165117235613669074585.289.338.434.772102-0.40.8200915865216225213739077068.281.357.399.7561031.12.12010161648157412106788105295.267.329.395.723970.80.6201115858215330112566544267.288.339.416.7551102.12.82012114359851804323302339.254.302.344.64675-0.7-0.8연도팀GPAH2B3BHRRRBISBBBSOAVGOBPSLGOPSwRC+fWARbWAR2012BOS3010623202580512.230.264.310.57451-0.3-0.32012 시즌 합계1444651082006374102851.249.293.336.63069-1.0-1.0연도팀GPAH2B3BHRRRBISBBBSOAVGOBPSLGOPSwRC+fWARbWAR2013TB15859816433013547534477.299.348.430.7781192.22.520141556511742709596944180.290.336.380.7161060.91.220151043881011604253222334.280.322.357.68087-1.1-0.8연도팀GPAH2B3BHRRRBISBBBSOAVGOBPSLGOPSwRC+fWARbWAR2016NYM100366911619303401637.265.307.397.703910.00.0MLB통산(11시즌)1443588715322672110852866938397652.284.336.410.7461037.111.43.2.KBO[편집]제임스 로니의 역대 KBO 기록연도소속경기타석안타2루타3루타홈런득점타점도루볼넷삼진타율출루율장타율OPSwRC+sWAR2017LG23932250371201114.278.366.456.821113.30.03KBO통산(1시즌)23932250371201114.278.366.456.821113.30.034.여담[편집]2012년 방송에서 위플볼을 상대하는 프로야구선수로 나와서 헛스윙을 헌납하다가 마지막에제대로 쳐내는 모습을 보여줬다.야구친구에서는 처음 로니가 영입되었을 때 원래LG 트윈스의1루수자리를 맡고 있던 선수가 정성훈이었기 때문에 영입으로 인한 플러스 효과는 크지 않을 것이라고 예측했다. 지금 와서 돌아보면...2017 시즌 이후 리빌딩을 이유로 방출된 후KIA 타이거즈로 간 정성훈은 2018시즌 LG의 새 용병인아도니스 가르시아보다도 좋은 성적을 내었다. 거기다 가르시아마저도 4월 중순에 햄스트링으로 1군 말소된 후 3개월 가까이 소식이 없어 의료관광객이라는 비아냥을 듣고 있으니...로니가 미국으로 튀었다는 기사가 뜬 날,KBO 리그 심판 최규순 금전요구 사건에서 KIA도 최규순에게 돈을 건넸다는 사실이 밝혀졌다. 그 이후로 829 판정 논란과 삼성, 넥센도 돈을 건넨 사실이 추가로 드러나면서 로닝맨 건은 완전히 묻혔다.2018년아도니스 가르시아가 부상으로 시즌을 절반 넘게 날려버리고 이후로도보루갈이라는 외국인 타자 실패 사례가 이어지자 로니는 잔여 연봉도 안 받고 빠르게 튀기라도 했다며 재평가하는 소리가 보이는데, 애초에 부상으로 경기에 못 나가거나 단지 야구를 못했을 뿐인 것과 계약조차 무시하고 중간에 도망간 것은 비교할 수가 없으며 도망간 것도 절대로 정당화할 수 없다.LG를 떠난 후 전혀 기록이 없다가 2019 시즌을 앞두고 독립리그에 참여해서 투타겸업에 나섰고 은퇴했다.2022년 KIA에 새로 영입된로니 윌리엄스도 등록명이 로니인데, 이쪽은 스펠링이 Ronnie이다. 이쪽도 제임스 로니와 마찬가지로 먹튀가 되었다.2025년 LG 트윈스에서 구단에 불만을 품고탈주한 선수가 또 등장했다.컴투스프로야구에서 '로빈'이라는 가명으로 나온다.5.관련 문서[편집]야구 관련 인물/MLB야구 관련 인물/KBO외국인 선수/KBO 리그[1]여담으로치바 롯데 마린즈에서 뛰었던채드 허프만과 같은 고등학교였다.[2]김재율은3루수로 플레이가 가능하지만양석환이 건재하고 정성훈은 스스로 3루 수비 범위가 축소되었음을 인정한지라 글쎄...[3]이 타석에서 2타점이 날아간 상당히 아쉬운 1루 선상쪽의 파울 타구를 때려냈다.[4]주전 지명타자이던박용택은좌익수로 나왔고김재율이양석환대신 선발3루수로 출전했다. 선수들의 하절기 컨디션 조절 목적으로 보이지만, 어찌 보면 로니 영입에 따른 포지션의 교통정리 해법 중 하나로도 생각된다.[5]로니가 홈런을 치고 들어왔는데도 덕아웃의 팀 동료들은 아무 반응도 없이 멀뚱히 앉아있다가 뒤늦게 첫 홈런을 축하해 주는 깜짝 퍼포먼스를 보여주었다.[6]LG 팀 통산 2100번째 승리였고 선발임찬규는 5이닝 2실점으로 70일만에 승리하며 시즌 5승째를 따냈다.[7]사실 이러한 지적은 아직 이른 편인데 비교할 표본이 적다는 점이다. 그래봤자 3경기 출장에 13타석을 소화했고,메이저리그시절의 로니는 극단적인 당겨치기 타자가 아니었다는 점을 보면 좀 더 두고 볼 필요가 있다.[8]그나마 출루한 번즈도 1루에서 견제사당했다.[9]8월 5일자야구친구최훈카툰대탈출 편참조.[10]다만 이날 경기는 스트라이크 존에 대하여 굉장히 뒷말이 많았던 게임이었다. 실제로 로니 또한 스트라이크 존으로 불이익을 당한 바가 있다.(삼진은 아니었지만 굉장히 먼 공을 잡아줘서 굉장히 당황하는 모습이 보였다.)[11]사실 1루수는 수비가 아닌 공격력 극대화를 추구해야 할 포지션인지라 수비를 아무리 잘해봤자 무툴 취급한다. 그런 탓인지벌써 발암물질 취급에 들어갔다.[12]4회초 이 헛스윙 삼진 때 실수로 포수이지영의 헬멧 정수리 부분을 배트로 가격하는 해프닝이 있었다. 이지영은 다행히 큰 부상은 입지 않았지만 경기 후반 어지럼증을 호소하며최경철과 교체되었고, 다음날 경기에는 정상 출전했다.[13]9회말 1사 1, 2루의 찬스에서 믿었던박용택이 2루수 앞 병살타를 치고 말았다.[14]로니의 KBO 데뷔 첫 만루 상황이었다.[15]덧붙여햄스트링부상에서 회복하여 약 한달만에 1군에 올라와 8회초 구원 등판한데이비드 허프가 3이닝을 무실점으로 틀어막고 시즌 4승째를 올렸다.[16]로니의 타구를 놓친 박해민은 분했는지 모자를 벗어 팽개치며 LG의 주자들이 전부 홈을 밟을 때까지 그라운드에 그대로 엎드려 있었다.[17]이 같은 경우는 2004년 삼성에서 뛰었던트로이 오리어리랑 유사한데, 오리어리는 미국으로 출국했다가 한국에 입국해 2군에서 뛰고 삼성에서 퇴출되어 미국으로 재출국했다.[18]게다가 에반스는 인터뷰에서마이너 강등 많이 당해봐서 괜찮다. 더 잘하는 모습으로 돌아오겠다.라고 하였다.[19]대표적인 사례가 삼성의야마이코 나바로인데 심각한 수준으로 워크에식이 나빴지만 류중일 감독이 어떻게든 달래고 타일러서 잘 끌고 가 우승반지까지 획득했다."
10,제25보병사단 DMZ 지뢰 폭발 사건,이재명 정부/사건사고/2026년대한민국 육군/사건 사고지뢰제25보병사단김정은 시대연천군의 사건사고대한민국의 폭발물 폭발 사고북한/대남 도발2026년 테러대한민국의 폭탄 테러,"한시적 넘겨주기로 연결되는 다른 문서에 대한 내용은 아래 문서를 참고하십시오.9월 22일 25사단에서 복무하던 대위가 숙소에서 사망한 채 발견된 사건:제25보병사단 대위 사망 사건해당 사건의 원인인 북한의 MDL 침투 사건:2026년 북한의 군사분계선 침범 도발사고 현장에서 발견된 지뢰:현장조사부분주의. 사건·사고 관련 내용을 설명합니다.사건 사고 관련 서술 규정을 유의하시기 바랍니다.제25보병사단 DMZ 지뢰 폭발 사건The 25th Infantry DivisionLandMine Explosion Incident발생일2026년9월 21일오전 10시 50분경발생 위치서부전선(경기도연천군)유엔사측비무장지대대한민국유형지뢰 폭발가해 주체북한•조선인민군원인북한의 MDL 무단 침범을 통한 지뢰(수지 반보병 지뢰) 매설[1]인명피해부상총 18명[2](2명 중상, 16명 경상)1. 개요2. 전개3. 조사 및 원인3.1.북한의 군사분계선 침투3.2. 현장조사3.2.1. 합동 현장조사 1차 발표 전문3.2.2. 합동 현장조사 최종 조사결과 발표 전문4. 반응4.1. 부상 장병 및 가족4.2.대한민국 정부4.2.1.국방부4.2.1.1.합동참모본부4.3.북한4.4. 정치권4.4.1.더불어민주당4.4.2.국민의힘4.4.3.개혁신당4.4.4.진보당4.4.5.무소속4.5. 전문가4.6. 국제 사회4.6.1.유엔군사령부4.6.2.미국4.7. 언론4.8. 시민단체5. 논란 및 사건사고5.1. 군과 정부의 사건 축소 · 은폐 의혹5.2. 지뢰탐지 로봇 투입 부재 논란5.3. 미온적인 대응 관련 비판6. 여담7. 관련 문서8. 둘러보기1.개요[편집]2026년9월 21일서부전선군사분계선이남비무장지대에서제25보병사단직할수색대대장병 18명이[3]DMZ 수색로 월중 정기 감시태세 점검을 수행하던 중북한이 매설해놓은 지뢰가 폭발하여 국군대대장을 포함한 군 간부 2명이 중상을 입고 16명이 경상을 입은 사건.2.전개[편집]2026년 9월 21일 10시 51분경 제25보병사단 소속 부대 장병 18명이 비무장지대에서 수색로 개척작전을 수행하던 도중 지뢰가 폭발하여 피해를 입었다.해당 폭발로 선봉으로 앞서 나가던조청완중령(수색대대장)[4]과, 폭발 반경에 있던 중사 2명(수색작전팀장, 통신관)이 부상을 입었으며, 이 가운데 대대장과 수색작전팀장은 중상인 것으로 알려졌다. 사고 직후 경상을 입은 통신관은 육로를 통해 DMZ를 이탈하였으며, 이후유엔군사령부 군사정전위원회의 긴급 승인[5]하에의무후송항공대소속 헬기가 DMZ 내부로 진입해 작전병력 18명 전원을국군수도병원으로 긴급 후송하였다.헬기로 이송된 대대장은 이번 폭발로 발목이 절단되었으며 생명에는 지장이 없는 것으로 알려졌다.[6]작전수행 중 부상인 만큼 과거DMZ 목함지뢰 매설 사건처럼전투 중 피해를 입은 것으로 인정을 받을 수 있다.2026년 9월 23일 중간보고에 따르면 중령과 중사 등 3명이 입원 치료 중이고, 다른 15명은 퇴원한 상태이다. 합참 관계자에 따르면 파편들이 박힌 방호복과 덧신은 국립과학수사연구원에 보내 파편의 종류와 출처를 분석하고 있고, 장병들이 휴대했던 보디캠 2대의 영상은 군에서 돌려보고 있다고 한다.#2026년 9월 28일 합참은 '합동 현장조사 1차 발표'에서 작전병력 18명 중 15명은 퇴원하였으며, 중상자 2명과 경상자 1명은 입원치료 중에 있다고 밝혔다.2026년 9월 28일,대한민국 국회산하국방위원회소속더불어민주당의원들 및천하람의원이 비무장지대(DMZ)를 찾아 지뢰 추정 폭발 사고에 대한 현장 조사 상황을 점검하였다.국민의힘의원들 전원은 현장조사에 불참하였다.#2026년 9월 29일,대한민국 국회산하국방위원회가 전체회의를 열고 비무장지대(DMZ) 지뢰 추정 폭발 사고 관련 현안보고를 진행하였다. 다만 국회 국방위원회는 국방위원회 차원의 결의문을 채택하려 했지만 문구를 둘러싼 이견으로 합의에 이르지 못했다. 여야는 북한의 책임을 규탄해야 한다는 데는 뜻을 모았지만 국민의힘이 요구한 ‘대북 지원 재검토’와 대북 확성기 재설치 등을 결의문에 담을지를 놓고 맞섰기 때문이다. 국방위는 추가 협의를 거쳐 합의가 이뤄지면 다음 회의에서 결의문을 채택하기로 했다.#국민의힘 간사인 임종득 의원은 북한에 대한 인도적 지원 차단과 대북확성기 재설치를 결의문에 넣어야 한다고 주장했고 더불어민주당 간사인 김병주 의원은 “북한이 사과하지 않는다면 그에 상응하는 조치를 정부가 강력히 촉구하는 것은 국민의힘 의견을 받아 (결의문 초안에) 포함했다. 그런데 대북 지원 재검토를 넣지 않으면 (동의하지) 않겠다는 건 생떼를 쓰는 (것이고) 트집이라고 본다”고 했다. 민주당 소속 진성준 국방위원장은 “오늘 결의문을 상정해 채택하려 했는데 여야 간 문안에 대한 이견이 있어 조금 더 협의하는 것으로 하고, 합의가 이뤄지면 다음 회의에서라도 채택하도록 하겠다”고 말했다.#2026년 9월 30일대한민국 국회산하외교통일위원회의 'DMZ 지뢰 폭발·北 포로 송환' 현안질의를 열기로 하였다. 그러나더불어민주당의원 전원 및조현외교부장관,강신철국방부장관과정동영통일부장관은 며칠 뒤 국정감사에서 이 문제를 다루는 상황이기 때문에 또다시 현안질의를 하는 것은 부적절하다고 밝히며 불참하였다.#3.조사 및 원인[편집]사고 직후대한민국 국군과합동참모본부는 현장 정밀 감식과 파편 잔해 분석을 진행 중이며, 특정 원인을 단정하지 않고 모든 가능성을 열어두고 조사 중이라고 밝혔다.2026년 9월 21일 기준으로 군 당국이 염두에 두고 있는 가능성은 다음과 같다.#과거비무장지대(DMZ) 작전 중 매설되었던 아군 미확인 지뢰여름철 폭우 및 집중호우로 인해 북측 수계에서 떠내려온 북한군 유실 지뢰최근 북한군이 군사분계선 일대 국경선화 및 요새화 작업 중 매설한 북한군 신규 지뢰사고 직후 국회 국방위원회유용원의원 등은 사고 지점이 북한군이 최근 군사분계선(MDL) 이남에 조성한 지뢰지대 인근이라며 북한군의 고의 매설 가능성을 제기했으나, 합동참모본부 관계자는 이에 대해 ""수색작전을 군사분계선 이남에서 진행한 것은 맞지만, 최근 북한군의 지형 변화[7]가 식별된 곳과는 거리가 떨어진 지역""이라며 해당 의혹을 부인했다.#그러나 다음날강신철신임국방부장관은 '거리가 떨어진 지역'이라고 선을 그은 합동참모본부와 달리 ""북한이 지뢰를 매설한 지대와 사고지점이 일치하는지는 아직 확정할 수 없다""며 다른 설명을 내어놓았다. 합동참모본부 관계자는 어제 설명은 지뢰지대를 관측하기 위한 길을 찾던 과정이라 '거리가 있다'라고 표현했다고 해명했다.#한편, 보도에 따르면 수색작전은 북한군이 지뢰를 매설한 것으로 의심되는 지역을 조사하기 위한 진입로 개척 과정에서 이루어진 것이라고 한다. 해당 지뢰 의심 지역 조사는 사고 다음 주에 예정되어 있었다.#폭발물이 북한군의 고의 매설 지뢰로 최종 규명될 경우 2015년DMZ 목함지뢰 매설 사건이후 11년 만의 대남 지뢰 도발 사례가 되므로, 군 당국과유엔군사령부는 현장 조사 결과가 나오는 대로유엔군사령부 군사정전위원회와의 협의 및 대북 조치 등 추가 입장을 발표할 예정이다. 현재로서는 공식적인 최종 결론이 내려지지 않은 상태이다.#사고를 일으킨 지뢰가 아군 미확인 지뢰일 경우M14 발목지뢰에 해당되나, 지뢰 덧신을 정상적으로 착용하였음이 확인되면서, TNT 함량이 약 7배 높은 북한의 목함지뢰가 발목을 절단시켰을 가능성이 높아졌다.#1#2폭발은 2차례 연쇄적으로 발생한 것으로 알려졌으며, 또한 폭발이 기존 지뢰 위험이 비교적 낮았던 것으로 평가된 지역에서 발생한 점을 보아, 군 내부에서는 유실된 지뢰보다는 북한이 새로 매설한 지뢰일 가능성에 무게가 실리고 있다.#1#22026년 9월 23일, 합참 1차 발표에 의하면 북한에 의해 새로이 매설된 지뢰의 위치와 떨어진 경사지에서 폭발했다고 발표했다.#2026년 9월 28일,조선일보의 단독보도에 따르면, 지난 21일 폭발 현장에 있던 장병들은 ""북한 목함지뢰를 목격했다""는 취지로 사고 후 증언한 것으로 전해졌다.#국민의힘외 국회국방위원회의원들이 DMZ를 방문한 현장에서강동구합참 전략기획본부장은 북한 지뢰라는 사실 확인이 늦어질 이유가 있냐는개혁신당천하람의원의 질의에 현장 군인들은 '형상은 목함지뢰인데 재질은 플라스틱과 유사하다'고 진술했으며 '매설 시점을 밝히는 것도 필요하기에국립과학수사연구원조사와 현장 조사 결과를 종합해 말씀드릴 것'이라고 밝혔다. 또한더불어민주당진성준의원의 조사 지연 이유를 묻는 질의에는 '21일 사고 발생 후 22일 바로 국과수에 감식을 의뢰했으며 23일에는 합참 작전본부장이, 26일에는합참차장이 안전성 평가를 진행하였고 유엔사도 위험성을 인지한 뒤 차후 공동조사로 선회한 것으로 안다'는 취지로 보고하였다.#국민일보의 단독보도에 따르면, 이번 지뢰 폭발 사고가 당초 계획된 수색 범위를 넘어 군사분계선(MDL) 방향으로 추가 진입하는 과정에서 발생한 정황이 파악됐다.#2026년 9월 29일 국회에서 열린 국방위원회 현안보고에서 강신철국방부장관이 DMZ 지뢰 폭발 사고의 지뢰가 북한이 매설한 지뢰가 확실히 맞다고 볼 수 있다고 밝혔다. 이어서 북한의 이런 행위는정전 협정을 위반하는 것이며,유엔군사령부도 이에 동의하고 있다고 밝혔다.3.1.북한의 군사분계선 침투[편집]자세한 내용은2026년 북한의 군사분계선 침범 도발문서를 참고하십시오.3.2.현장조사[편집]9월 26일(사건 발생 D+6)군과유엔군사령부가 2026년 9월 26일 비무장지대(DMZ)에 병력을 투입해 최근 서부전선에서 발생한 지뢰 추정 폭발 사고 현장조사를 위한 준비 활동을 벌였다.합동참모본부는 이날 언론 공지를 통해 ""군과 유엔사는 오늘 합동으로 DMZ 내 지뢰 추정 폭발 상황 관련 현장조사를 위한 기동로 확보 및 작전환경 조사를 했다""고 밝혔다.#9월 27일(사건 발생 D+7)2026년 9월 27일 군과 유엔사는 이어서 현장조사에 나섰지만 ""현장조사 지역은 DMZ 내 미확인 지뢰지대로 위험성이 높을 뿐 아니라 작전 수행 인원들의 피로도도 극심해 안전을 최우선으로 고려, 오늘 작전을 종료하고 차후 재시행하기로 했다""며 사고 발생 지역에 도달하지 못했다 밝혔다.#9월 28일(사건 발생 D+8)2026년 9월 28일 합동참모본부 DMZ 폭발사고 관련 브리핑에서 ""지난 21일 비무장지대(DMZ)에서 발생한 폭발 사고는북한군 지뢰로 인해 발생했을 가능성이 매우 높다고 판단한다""고 밝혔다. 발표 전문은 첨부된 영상 및 하단 단락을 참고할 것.9월 29일(사건 발생 D+9)현장조사에서 발견된 北 매설 지뢰DMZ 3일차 현장조사에서 북한의수지반보병지뢰1발이 발견되었다.[8]현장조사팀은 폭발 당시 장병들이 철수 중 목격했다고 진술한 지뢰와는 다른 것으로 평가한다고 한다. 이를 종합하면 폭발 지점 일대에 북한군 지뢰가 최소 4발 있었다는 의미다.#추가로 발견된 4번째 지뢰와 관련해 강신철 국방부장관은""매설이다""라고 답했다. 여당 등 일각에서 제기되는 '유실 지뢰'가 아니라는 의미다.권대원합동참모본부 차장은 ""현장 전문가들 의견은 해당 지뢰가 매설된 지 1년은 지난 것으로 판단한다""고 언급했다.우리 군과 유엔사가 지뢰 폭발지점 1m 앞까지만 접근하고는 더 이상의 현장 조사는 하지 않기로 했다.유엔군사령부는 북한이 정전협정을 위반했다고 판단을 내린 만큼 위험을 감수하고 추가적인 조사를 할 필요성이 없다고 판단했다.#10월 5일(사건 발생 D+15)합동 현장조사최종 조사결과가 발표되었다.권대원합동참모본부 차장의 발표 전문은 첨부된 영상 및 하단 단락을 참고할 것.3.2.1.합동 현장조사 1차 발표 전문[편집]국민 여러분!금번 25사단 지역 DMZ내 지뢰 폭발 상황 관련 '합동 현장조사 TF장'을 맡은 합참차장 권대원 육군 중장입니다.먼저 이번 지뢰 폭발상황과 관련하여 국민 여러분께 심려를 끼쳐드린 점에 대해 깊은 유감을 표합니다.또한, 작전 중에 부상을 입은 장병들과 가족분들에게 진심어린 위로의 마음을 전하며 빠른 회복을 위해 최선을 다하겠습니다.우리 군은 지난 9월 21일 북한군이 MDL 일대에 지뢰를 매설한 것으로 추정되는 지형변화에 대해 29일 유엔사와 현장조사를 하기 위한, 새로운 수색로 개척작전을 시행하였습니다.작전 당일 10시 51분경 우리 장병들이 지뢰 폭발로 인해 부상을 당했으며, 중상자 2명, 경상자 1명을 포함한 작전병력 18명 전원에 대해 응급후송헬기를 투입하여 국군수도병원으로 후송하였습니다.현재 작전병력 18명 중 15명은 퇴원하였으며, 중상자 2명과 경상자 1명은 입원치료 중에 있습니다. 퇴원한 병력도 외상후 스트레스 심리치료 등 개인의 건강상태에 따라 추가진료를 시행할 예정입니다.우리 군은 상황 발생 직후부터 유엔사와 긴밀하게 협의하여 합동 조사를 추진하였으며, 22~23일에는 부상인원에 대한 진료 및 안정 가료, 24~25일에는 합참 현장조사 TF편성, 현장조사 투입시기 평가, 지휘통제 및 통신 점검 등 제반 작전준비, 26일에는 유엔사와 합동으로 기동로 확보 및 작전환경 조사 등 예행연습, 27일부터 현장조사를 실시하였으며, 오늘 종료되지 않아 추가 일정을 계획하였습니다.최종 조사결과는 유엔사와 평가 후 발표 예정이며, 상황의 엄중함을 고려하여 먼저 1차 조사결과를 발표드리겠습니다.현재까지 조사된 사항입니다.지뢰 폭발 위치는 MDL 남쪽 10여 m 지점이며, 최근 북한군이 지뢰를 매설한 것으로 추정되는 지형변화 지역으로부터 10여 이격된 지점으로 확인하였습니다.지뢰 폭발은 2발이었으며, 작전 당일 철수 간 추가로 1발을 발견하였다는 진술을 근거로 원점 일대 지뢰는 총 3발로 추정하였습니다.지뢰 폭발시 부상자 장구류에서 채취된 국과수의 1차 감정결과는 오늘 16:04부로 받았습니다. 감정결과, TNT 성분과 갈색계열의 이물질 등이 검출되었습니다. 또한, 오늘 현장 확인 간 식별한 화구 형태와 폭발 당시 화염에 대한 작전인원의 진술, 피해인원의 부상정도를 고려 시 폭발원인은 아군의 지뢰는 아닌 것으로 추정됩니다.또한, 당일 철수 간 폭발지점과 약 1m 이격된 지점에서 발견되었다는 지뢰 1발은 최종 조사 간 확인 예정입니다. 진술을 근거로 북한군 목함지뢰 형태와 유사한 갈색의 수지반보병지뢰로 추정됩니다.현재까지의 현장조사를 토대로 종합 판단한 결과입니다.첫째, 해당 지역에 아군의 지뢰 매설 기록이 없고, 북한군이 인근지역에 지뢰를 매설한 흔적이 '25년 9월에 발견된 점.둘째, 국과수 1차 감정결과로 갈색 이물질이 검출되고 철제 파편이 없는 것을 고려 시폭발 원인은 아군 지뢰가 아닌 것이 확실한 점.셋째, 1차 폭발지점 약 1m 인근지점에서 갈색의 북한군 수지반보병지뢰가 발견되었다는 진술이 있었던 점.넷째, 폭발 지점의 화구 및 폭발화염 형태, 피해장병의 부상정도, 작전인원의 진술 등을 통해 북한군의 지뢰로 추정된다는 점 등을 고려 시,이번 지뢰 폭발원인은 북한군의 지뢰일 가능성이 매우 높다고 판단하였습니다.만약 최종 조사결과 우리 군의 피해 원인이 북한군이 매설한 지뢰로 판명된다면, MDL 이남에서 정상적으로 DMZ작전을 수행하던 우리 장병이 북한군 지뢰에 의해 부상을 당한 것이며, 이에 대한 모든 책임은 북한에 있습니다.우리 군은 이에 합당하고 상응한 조치를 시행해 나갈 것입니다.권대원합참차장의 2026.09.28 DMZ 내 지뢰 추정 폭발 상황 관련 브리핑 전문합참 작전부장 양진혁 육군 소장입니다.현재까지 조사 결과에 대해 발표하겠습니다.오늘 현장조사는 유엔사 군정위 비서장과 25사단 작전부사단 등 40여 명이 2차 지뢰 폭발 지점 2m 전까지 도달하였으며, 1차 폭발 지점은 여기서 2m 이격되어 있습니다.현장에서 작전 병력의 군장, 방탄 헬멧, 지뢰화 등을 확보하였고 지뢰 폭발로 발생한 작은 웅덩이 형태의 화구 2개소를 육안으로 식별하였습니다.좌측 사진에 보시는 사진은 오늘 현장조사 간 원점 지역 일대까지 접근한 모습이 되겠습니다. 사진에 보시면 흰색 동그라미가 2개가 있는데 아래쪽이 2차 폭발, 그다음에 위쪽 화구가 1차 폭발로 발생한 걸로 추정되는 화구가 되겠습니다.작전요원들이 진술한 지뢰 추정 물체와 기타 잔해물은 추가 확인이 필요합니다.오늘은 유엔사 군정위 중심으로 조사가 진행되었고 합동조사팀은 시간 관계상 조사를 진행하지 못해 추후에 재시행할 예정입니다.먼저, 전반적인 상황에 대한 이해를 돕기 위해 요도로 작전 환경 및 특징에 대해 설명드리도록 하겠습니다.이곳 중앙이 군사분계선 MDL이며, 남방 2km, 북방 2km 이내 4km 지역을 비무장지대, DMZ라고 얘기합니다. 남방한계선은 보시는 바와 같이, 보시는 바와 같이 하단부에 있으며, 우리가 통상 GOP 철책이라고 하는... 이해하시면 되겠습니다. 이 지역에서는 광망, 과학화경계시스템이 운용되는 지역입니다.추진철책은 MDL과 GOP 사이에 위치하고 있으며, GP를 연하는 선상에서 구축되어 있습니다. 이 추진철책 이남 지역은 통상 감시가 가능하고 경사가 급하지 않은 경우는 차량 접근이 가능한 비교적 아군의 통제가 용이한 지역이 되겠습니다.이 우측 사진은 2015년도 북한 목함지뢰 폭발 당시 추진철책 일대 모습이 되겠습니다. 보시는 것처럼 감시장비로 추진철책 일대가 감시가 가능하고 당시 이 소통문 앞뒤에서 지뢰가 폭발하여 중상자가 발생했던 상황이 되겠으며, 이 하단부를 보시면 차량 접근이 가능하도록 기동로가 개설돼 있겠습니다.반면, 이번 작전은 추진철책을 넘어 기구축된 녹색 기존 수색로를 따라 도보로 이동하다가 새롭게 MDL 방향으로 신규로 수색로를 개척하는 작전이었습니다.1번 위아래 사진을 보시면 대단히 수풀이 울창하고 찹찹한 지형이 되겠습니다. 수십 년간 사람의 발길이 닿지 않았고 수풀이 우거진 그러한 지형으로서 기본적으로 위험성이 대단히 높은 지역이 되겠습니다.잘 알고 계시는 거와 같이 이번 작전 간 수색대대장과 공병요원이 지뢰 추정 폭발로 인해서 중상을 입었습니다. 따라서 이번 작전은 어느 때보다 안전이 확보된 가운데 철저한 준비가 요구되는 작전이었습니다.작전 당일 전 인원, 18명 전 인원이 수도통합병원에 입원을 하였습니다. 위험한 지역이기 때문에 반드시 작전 현장에서 작전을 실시했던 참가 병력 중 안내가 반드시 필요합니다. 그러한 점을 전반적으로 고려할 때 우리가 현장의 조사 일정은 의지의 문제가 아니라 장병들의 철저한 안전이 확보된 가운데 철저한 작전 준비가 필요한 그런 사항이었던 점을 양해해 주시기 바랍니다.다음은 현장 상황 조치에 대해서 설명드리겠습니다.작전 당일, 작전 당일 수색대대장 등 18명은 GOP 철책에서 소형 전술차량과 산악 바이크를 활용하여 소통문까지 차량으로 기동을 하였습니다. 소통문을 통과한 이후에는 앞서 설명드린 대로 도보로 기존 수색로를 따라 이동하였고, 차하 지점, 새롭게 MDL 방향으로 수색로를 개척하는 위험성이 높은 그러한 지형부터는 우리 공병요원들이 정밀 재탐지를 하기 위해서 맨 선두에서 지뢰탐지기를 활용하여 지뢰 탐지 및 예초를 번갈아 하며 약 200m를 전진해 나갔습니다.다음은 신규 수색로 개척이 종료되는 시점 그리고 1차, 2차 지뢰가 폭발했던 그런 상황을 요도화하였습니다. 총 18명 중에서 지휘관인 수색대대장 등 9명은 탐지조, 지휘조, 작전지원조 3개 조로 편성해서 지뢰 탐지 및 작전 지휘를 실시하고, 약 20~100여 m 이격된 지역에 통신, 후방경계, 의무지원 등의 임무를 수행하는 지원조가 위치해 있었습니다.수색로 개척 작전을 진행하던 대대장은 전체적인 상황을 평가해 본 결과, MDL 지역에 근접해 있다는 상황 평가를 하였고, 이에 따라 작전을 종료하고 철수하기로 결심하였습니다.적색 동그라미 3번, 4번이 이번에 지뢰 추정 폭발로 중상을 입은 인원들이 되겠습니다.이에 대대장은 9번 수색요원에게 지시하여 맨 앞의 수색이 완료된 지역 표식을 실시하라고 지시하고, 나머지 인원들은 이제 진입 역방향으로 철수를 위한 준비를 하고 있었습니다.3번, 3번 공병요원이 철수를 준비하는 과정에서 왼쪽 한 발을 내딛는데 내딛는 순간 1차 폭발이 발생했습니다. 1차 폭발이 발생하면서 이 주변에 있는 3명은 동시에 쓰러졌습니다. 인근에 있던 수색요원이 접근하여 화구, 앞서 말씀드린 작은 웅덩이에 이렇게 들어가 있는 인원을 끌어내는 과정이었습니다. 그 과정 중에 다시 2차 폭발이 발생했습니다. 이 수색요원이 뒤를 돌아보니 여기 4번 지점에 수색대대장이 폭발음과 함께 쓰러져 있는 것을 식별하였습니다.1차 폭발 당시 대대장은 1차 폭발로 인해 쓰러진 공병요원에게 '괜찮아?'라고 소리치면서 신속하게 뛰어서 접근하고 있었습니다. 6번 수색요원은 1차 폭발로 이명 증상이 있어서 웅크린 상태로 대기하고 있었고, 이 인원을 지나치자마자 2차 폭발이 발생했습니다.참고로 정보참모도 대대장과 함께 이동을 하다가 5번 지점 일대에서 서있는 상태에서 폭발이 발생해서 안면부 및 기타 신체 부위에 파편이 있었습니다. 파편상을 입었습니다. 인근에 있던, 이 간격들은 다 1m 내외가 되겠습니다. 그러나 상대적으로 앉아 있었기 때문에 피해가 6번 인원은 없었습니다.이 수색팀장은 신속하게 쓰러져 있는 수색대대장에게 접근해서 상태를 확인하였습니다. 상태를 확인해 본 결과, 좌측 발목 심한 부상을 입었고, 그 외 우측 허벅지 등 상당 부분 파편 등의 피해를 입고 고통에 쓰러져 있었습니다. 수색팀장은 신속하게 지혈대 등 응급조치를 실시했습니다.2회 폭발로 이 지역이 안전 지역이라고 판단하지 못했기 때문에 지뢰탐지를 했던 공병요원들은 기존 방식이 아닌 보다 더 정밀한 지뢰탐지 방식을 적용하여 탈출로를 확보하였습니다.맨 앞에 있던 1번 공병요원이 지뢰 탐색이 아니라 이 시기부터는, 이 지점부터는 무릎을 꿇고 손 곡괭이를 활용하여 필요한 지역은 탐침하고 그리고 조심스럽게 긁어내 가면서 약 20m를 전진하여 안전 지역이 확보된 이후에 퇴출을 실시하였습니다.이 공병이 손 곡괭이로 탐침을 하는 과정 중에 1차 폭발 지점 약 1m, 지뢰탐지 했던 수색로 끝 지점의 약 5~10m... 5~10cm 내에 매설돼 있는 네모난 사각형 형태의 지뢰로 추정되는 물체를 식별하였습니다.뒤에 설명드리겠지만 일부 진술에서 보면 직접 공병요원이 탐지한 이 지뢰, 그 인원이 탐지한 표면에는 갈색 모양의 네모난 형태이며, 매끄러운 플라스틱 재질이라고 언급을 하고, 이 주변에서 또한 3명이 같이 목격했으나 약간 이격돼 있어서 어떤 인원들은 적색, 어떤 애들은 갈색 그리고 목함지뢰라고 언급을 하기도 합니다. 이 부분들은 최종 현장 확인을 통해서 확인될 예정이 되겠습니다.다음은 부상자 응급처치 및 후송 과정입니다.현장에서 부상자 발생 상황을 접수한 GOP 대대는 10시 59분경 의무사령부 의료종합상황센터로 의무 지원을 요청하였습니다. 이에 우리 군 메디온 의무후송헬기 긴급 출동을 지시하여 총 3대가 순차적으로 투입되었습니다.상황을 접수받은 합참은 관련 매뉴얼에 따라 DMZ 내로 응급헬기를... 응급헬기가 신속히 진입할 수 있도록 유엔사에 요청하였으며, 11시 38분 승인되어 11시 40분경에 GOP 철책 일대에 도착한 헬기가 부상자가 발생한 DMZ 내로 진입하였습니다.현장에서의 부상자 응급처치 과정입니다.폭발 직후 인근 작전요원들이 신속하게 부상자 상태를 확인하고 지혈대 등 응급처치 도구를 활용하여 부상자들에 대한 지혈 조치를 우선 실시하였습니다.중상을 입은 수색대대장의 경우 응급조치 작전요원과 이후 합류한 수색중대장이 2인 1조 안장법, 즉 1명은 어깨를, 1명은 무릎을 이렇게 2인 1조로 안고 이동하다 들것이 도착함에 따라 인원을 교대해 가며 약 200여 m 이격된 호이스트 지점으로 후송하였습니다.사진은 당시 DMZ 내로 진입하여 응급구조사가 헬기에서 하강하는 모습이 되겠습니다. 응급구조사가 하강하여 당시 수색대대장을 호이스트에 결속해서 상태를 확인하고 조치하는 모습이 되겠습니다.호이스트로 결속한 이후에 다시 부상자를 헬기로 올리는 그런 모습이 되겠습니다. 당시 메디온 헬기에서 하강하여 수색대대장을 확인한 응급구조사 등의 진술에 따르면 폭발 직후 수색요원들의 신속하고 적절한 응급처치가 출혈을 최소화함으로써 더 큰 피해를 예방할 수 있었다고 언급하였습니다.헬기 도착 후 호이스트를 활용하여 수색대대장은 첫 번째 헬기에, 공병 중사는 두 번째 헬기에 탑승하여 국군수도병원으로 후송되었습니다. 부상자 중 도보로 자력 이동이 가능했던 인원을 포함해서 작전 병력 전원은 GOP 철책 지역까지 이동 후 헬기 2대로 국군수도병원으로 후송되어 정밀검진을 실시하였습니다.앞서 설명드린 대로 이동로는 찹찹한 지형이고 특히 호이스트 지점까지는 경사지로 부상자들을 후송하는 데 많은 어려움이 있었으며, 후송 종료 시 대부분의 작전 병력들은 탈진 상태였습니다.우리 작전 병력들은 당시 조건반사적인 행동으로 부상당한 전우를 응급처치하고 약 200여 m 이격된 호이스트 지점까지 인력으로 후송시키는 등 긴박한 상황에서도 위기 상황 대응 능력과 전우애를 발휘한 것으로 평가됩니다.음성을 청취할 예정입니다. 이 음성은 원점 지역 지뢰 추정 폭발 당시의 영상은 확보되지 않았습니다. 다만, 인근 800여 m GP에서 우리가 소리를 이렇게 수집하는 집음기라는 장비가 있는데 거기서 약 58초 간격으로 동일한 폭발음과 유사한 소리가 청취되었습니다.첫 번째 폭발음이고 58초 이후에 유사한 그런 청음이 들리고 이 내용을 작전요원에게 들려보니까 그 간격이 약 1분 정도 그렇게 본인들도 이해하고 있다고 동일하게 진술을 했습니다.다음은 국과수 감정 결과입니다.오늘 오후 국과수로부터 접수한 작전 병력 피복 및 장구류, 화약흔 채취 거즈 등 총 10종에 대한 폭약 성분 감정 결과입니다.방탄 헬멧 1개 품목, 방탄조끼 2개 품목, 총 3개 품목에서 TNT 성분과 갈색 계열 이물질이 검출되었습니다. 사진에도 보시듯이 우측 전면부 찢겨지고 그을음이 발생한 부분을 보실 수 있을 겁니다. 이 부위에서 성분, 이 부위에 대한 성분 시험에서 TNT가 검출되었습니다.감정 결과를 평가해 보면 주 장약이 TNT인 아군 지뢰는 폭발 시 철제·파편이 다량 발생하고 살상 반경이 약 20m 이상인 반면, 감정 결과에 제시된 폭발 원인 물체의 장약으로 TNT가 사용되었으나 철제·파편이 없고 갈색 이물질만 있으며, 살상 반경이 상대적으로 작은 점을 고려 시 아군 지뢰는 아니며 북한군 지뢰일 가능성이 매우 높습니다.우리 군은 과학적 근거에 기반한 추가 조사를 통해 조속한 시일 내에 최종조사 결과를 객관적이고 투명하게 국민들께 소상히 설명드리겠습니다.양진혁합동참모본부 작전부장의 2026.09.28 DMZ 내 지뢰 추정 폭발 상황 관련 브리핑 전문기자 Q&A<질문> 안녕하세요? 모든 책임은 북한에 있고 이에 합당하고 상응한 조치를 시행하겠다고 말씀하셨습니다. 국민들께 상응한 조치를 언급하신 만큼 구체적인 단계별 대응 방안이 검토돼 있다는 의미로 이해됩니다. 그렇다면 경고 방송이나 대북통신을 통한 항의 수준인지, 아니면 별도의 군사적 대응까지 포함하는지 구체적으로 말씀해 주시면 감사하겠습니다.또 이 같은 대응 방안이 통수권자께도 보고돼 청와대와 사전에 소통된 내용인지도 함께 말씀해 주시면 감사하겠습니다.<답변> (양진혁 합참 작전부장) 잘 알고 계시는 바와 같이 아직 최종조사 결과가 나오지는 않았습니다. 지금 군사적 대응 방향에 대해서는 최종 결과가 나오는 대로 그에 상응한 합당한 조치를 취할 것이며, 우리 합참은 군사적으로 또는 상부, 국방부에서는 정책적으로 필요한 모든 옵션들을 올려놓고 우리가 판단할 것이라고 우선 말씀드리겠습니다.<질문> 지금 조사 결과 말씀해 주신 거 보면 북한군 지뢰일 것으로 추정은 되고 이게 매설인지, 유실인지는 아직 확실치 않은 것 같은데 그거에 따라서 시나리오별로 어떤 합당한 상응 조치를 할 수 있을지는 말씀해 주실 수 있는 거 아닌가요?<답변> (양진혁 합참 작전부장) 그 부분에 대해서도 최종조사 결과가 나와야 된다고 봅니다. 왜냐하면 지금 사진에서 보셨듯이 원점 지역 인근까지는 갔으나 작전요원들이 진술하고 있는, 목격했다고 하는 지뢰 추정 물체, 거기까지는 가 봐야 알 것 같습니다.왜냐하면 그 당시에 공병요원이 정밀 지뢰 탐지를 하는 과정에서 한 5~10cm 그 아래쪽에 묻혀 있는, 매설돼 있는 그런 지뢰 추정 물체를 식별했다고 했기 때문에 그리고 전반적인 그 지형 그리고 북한의 지형 변화, 지뢰 추정 매설 지역과의 어떤 거리, 전반적인 상황들을 종합적으로 검토해서 조사 결과, 이에 따라서 대응 방향과 그런 조치가 결정될 것으로 보입니다.<질문> 갈색이라고 하는 것은 수지가 갈색으로 보이는 그런 말씀인 거죠?<답변> (양진혁 합참 작전부장) 네, 적갈색, 갈색 이렇게 표현했는데 그 지뢰 표면을 이렇게 긁어내면서 이 표면에서 약간 무늬가 있었습니다, 매끄럽지만 플라스틱 재질이고 어떤 무늬가. 그래서 그 요원에게 북한군 교리에 있는 방금 말씀하신 그 지뢰 사진을 보여줬더니 '그 지뢰와 대단히 유사하다.' 이렇게 말했습니다.<질문> 근데 과거에 나온 지뢰는 나무로 만들어진 목함지뢰지 않습니까? 그래서 목함지뢰라고 하는데 수지로 만든 목함지뢰 형태의 수지형 목함지뢰는 처음 나온 것 같은데, 그렇죠? 그렇다면 최근에 매설된 거라고 볼 수 있잖아요. 과거에 매설되었으면 정말 나무로 만든 목함지뢰인데 수지로 만든 거기 때문에 최근에 매설됐다고 추정이 되지 않겠습니까?<답변> (양진혁 합참 작전부장) 1969년부터인가요?<답변> (관계자)<답변> (양진혁 합참 작전부장) 목함지뢰는 한 3개 정도의 계열이 있는데 수지반보병지뢰, 수지가 플라스틱이라는 의미인데 이 수지반보병지뢰도 1969년부터 북한에서 운용하고 있는 것으로 알고 있습니다.<답변> (사회자) 그럼 이것으로 브리핑을 모두 마치겠습니다. 감사합니다.2026.09.28 DMZ 내 지뢰 추정 폭발 상황 관련 브리핑 기자 Q&A 전문출처 :대한민국 정책브리핑 (DMZ 내 지뢰 추정 폭발 상황 관련 브리핑 속기 자료)3.2.2.합동 현장조사 최종 조사결과 발표 전문[편집]25사단 지뢰 폭발상황 합동 현장조사 T/F장, 합참 차장 권대원 육군 중장입니다.합동 현장조사 T/F는 지난 9월 26일부터 29일까지 유엔사와 공동으로 현장조사를 마쳤으며, 오늘 발표는 유엔사 공동 현장조사 결과와 지난 10월 2일 접수한 국립과학수사연구원의 감정 결과를 토대로 폭발 현장에 대한 최종 수사 결과입니다.보고에 이어서 작전부장이 조사 결과에 대해 상세히 설명드리고, 이번 상황과 관련하여 최근 북한군 MDL 근접 작업 동향에 대해 정보분석처장이 설명드리겠습니다.현재 작전 병력 18명 중 중상자 2명과 경상자 1명은 지속적으로 입원 치료 중에 있으며, 최초 진료를 마치고 퇴원한 병력 15명 중 2명은 외진 진료를 추가로 실시하였고, 13명은 언제라도 의료 지원이 될 수 있도록 관리 중입니다.현장 조사 결과입니다.첫째, 폭발 지점입니다.9월 29일 최종 조사 간 실제 북한군 수지반보병지뢰를 추가로 발견하였고, 인근에서 1차 폭발, 2차 폭발 지점도 확인하였습니다. 이에 유엔사와 합동정보조사팀은 최종적으로 GPS를 이용, 3개 지점이 MDL 이남 10여 m로 확인되어 정전협정을 위반한 것으로 판단하였습니다.둘째, 지뢰의 종류와 소유 주체입니다.사안의 중요성을 고려하여 수차례 국립과학수사연구원 감정을 실시하였습니다. 1, 2차 성분검사간 TNT와 갈색 이물질, 열경화성 수지 성분들을 발견하여 북한군 수지반보병지뢰로 확인되었으나, 보다 정확하게 하고자 부상자들의 몸에서 나온 파편과 과거 임진강에서 수거한 북한 수지반보병지뢰와 비교 감정하여 동일하다는 사실을 재확인하였습니다.셋째, 지뢰 매설 여부에 대한 평가입니다.먼저, 9월 21일 작전 당시 개척조가 발견한 지뢰가 5~10cm가량 매설되었다고 진술하였으며, 9월 29일 최종 조사 간 발견한 새로운 북한 수지반보병지뢰도 3cm가량 매설되었던 것으로 확인하였습니다.유엔사도 해당 지뢰는 인위적으로 위치시킨 것이며, 설치 시기는 12개월 이전으로 평가하였습니다.또한, 실제 발견 지뢰와 폭발된 지뢰 화구의 간격 및 열간 거리를 고려 시 유실 지뢰가 아닌 매설된 전형적인 북한군 지뢰 지대로 판단하였습니다.결과적으로 유엔사 공동조사 결과와 과학적 근거에 의거, 북한이 소위 '국경선 요새화 작업‘을 빌미로 MDL 이남에 설치한 수지반보병지뢰에 의해 MDL 이남에서 정상적인 DMZ 작전을 수행하던 우리 장병이 큰 부상을 당한 것으로 최종 판단하였습니다.이에 따라 우리 군은 이번 지뢰 폭발의 원인이 되고 유엔사가 정전협정 위반으로 인정한 MDL 이남의 북한군 지뢰 지대를 오늘 12시 51분경 제거하였습니다.이번 작전의 목적은 북한이 정전협정을 위반하여 MDL 이남에 설치한 지뢰 지대를 제거하는 것이며, 유엔사와 긴밀히 공조를 통해 정전협정을 준수하고 우발적 충돌 방지를 위한 대책을 강구한 가운데 안전하게 시행되었습니다.앞으로 우리 군은 북한이 MDL 이남에 설치한 지뢰 지대에 대하여 자발적으로 제거하지 않을 경우 비무장지대의 평화와 우리 장병의 안전을 위하여 MDL 이남에 설치한 지뢰 제거 작전을 지속 시행해 나갈 것입니다.우리 군은 북한이 지금이라도 이번 지뢰 폭발로 부상당한 우리 장병들에 대한 진심 어린 사과와 정전협정을 위반하여 설치한 지뢰들을 즉시 제거할 것을 강력하게 촉구합니다.권대원합동참모본부 합동참모차장의 2026.10.05 25사단 DMZ 지뢰 폭발상황 관련 합참 합동 현장조사 TF 최종 조사결과 발표 전문합참 작전부장 양진혁 육군 소장입니다.먼저, 9월 29일 최종 현장조사를 통해 확인한 결과를 보고드리겠습니다.1번, 2번 지점이 9월 21일 작전 당시 1, 2차 지뢰 폭발 지점이며, 3번 지점은 이외의 지뢰 폭발 이후 현장 이탈을 위한 정밀 지뢰 탐지 간 매설되어 있던 수지반보병지뢰를 식별한 지점입니다.4번 지점은 9월 29일 최종 현장조사 진입 간, 2번, 2차 폭발로 발생한 화구로부터 약 1~2m 후방에서 북한군 수지반보병지뢰를 식별한 위치입니다.오른쪽 확대 사진에서 보시는 바와 같이 갈색 사각형 형태로 표면에는 격자형 무늬가 확인됩니다.유엔사와 합동정보조사팀은 최종적으로 4번 지뢰는 북한군의 수지반보병지뢰이며, 그 위치는 MDL 이남 10여 m로 평가하였습니다.이에 따라 9월 30일 유엔사는 이를 정전협정 위반으로 공식 입장을 발표한 바 있습니다.또한, 주변 지형, 기상, 토질 상태 등을 종합적으로 고려할 때 합동정보조사팀은 북한군 지뢰 유실 가능성은 낮고 최소 4발 이상의 지뢰가 매설되었을 것으로 평가하였습니다.다음은 국과수 감정 결과입니다.지난 9월 28일 중간 발표에서 보고드린 것처럼 1차 감정 결과, 부상자 방탄 헬멧과 방탄 조끼에서 TNT 성분이 검출되었습니다.국과수의 2차 감정 결과입니다.2차 감정은 총 3회에 걸쳐 지난주까지 진행되었으며, 10월 2일 금요일 저녁 감정 결과를 최종 접수하였습니다.화면에 제시되는 사진 중 일부는 부상 장병의 명예를 고려하여 음영 처리하였음을 양해 바랍니다.보시는 바와 같이 1, 2차 폭발 부상자 전투복 하의에서 공통적으로 TNT 성분이 검출되었습니다.특히 1차 폭발 부상자 전투복 하의에서 추출된 파편과 2차 폭발 부상자의 수술 과정에서 추출된 파편에 대한 성분 분석 결과, MUF, 멜라민 요소 포름알데히드 수지라고 하는 플라스틱 종류의 하나인 열경화성 수지 성분이 검출되었습니다.제가 들고 있는 지뢰가 북한군 수지반보병지뢰입니다. 과거 집중호우 시 임진강 일대에서 유실된 것을 회수하였습니다.보시는 바와 같이 갈색 사각형 형태이며, 플라스틱 재질이며, 표면에는 보시는 바와 같이 격자형 무늬가 있습니다. 9월 29일 최종 현장조사 간 식별된 지뢰와 형상이 동일하겠습니다.과학적으로 보다 확실한 검증을 위해 국과수에 이 수지반보병지뢰...반보병지뢰와 부상자 파편 성분에 대한 비교 감정을 의뢰하였습니다.다음. 그 결과, 국과수 감정서에서 보시는 바와 같이 부상자 피복과 수술 과정에서 추출된 갈색 계열의 물질, 즉 파편들이 수지반보병지뢰의 갈색 계열 본체와 성분이 동일한 것으로 확인되었습니다.다음. 국과수의 과학적 감정 결과, 폭약 성분, 재질, 색상 등이 북한군 수지반보병지뢰와 동일한 점, 지뢰의 형상, 부상자의 피해 정도 그리고 유엔사와 함께 현장조사 간 추가 식별된 지뢰를 수지반보병지뢰로 평가한 점 등 이를 종합적으로 고려해 볼 때 MDL 이남 지역에서 정상적인 DMZ 작전을 수행하던 우리 장병들이 부상 당한 원인은 북한군이 매설한 수지반보병지뢰에 의한 것으로 최종 확인되었습니다.다음은 오늘 실시한 작전 조치에 대해 설명드리겠습니다.이번 작전은 지난 9월 21일 북한군이 매설한 지뢰로 인해 발생한 우리 군 피해... 장병 피해에 따른 실효적 조치로서 유엔사가 MDL 이남 지역으로 확인한 북한군 지뢰를 제거하는 작전이었습니다.이번 작전 준비 및 시행 간 전 과정에서 유엔사와 긴밀히 협의하였으며, 오늘 작전 간에도 유엔사 군정위에서 작전 현장을 평가하고 작전 시행에 제한이 없음을 확인하였습니다.오늘 12시 51분경 진행된 작전에 대한 영상입니다.<동영상 시청>다음. GP 중거리 카메라에서 촬영한 영상이 되겠습니다.<동영상 시청>다음은 GOP TOD에서 촬영한 영상이 되겠습니다.<동영상 시청>앞으로도 우리 군은 유엔사와 긴밀한 공조하에 정전협정을 준수하고 우발적 충돌 방지 대책을 강구한 가운데 MDL 이남 지역에 매설된 북한군 지뢰에 대한 실효적 조치를 지속 시행해 나갈 것입니다.이상 설명드렸습니다.다음은 합참 정보분석차장이 MDL 현황과 북한군의 MDL 근접 활동 동향에 대해 설명드리겠습니다.양진혁합동참모본부 작전부장의 2026.10.05 25사단 DMZ 지뢰 폭발상황 관련 합참 합동 현장조사 TF 최종 조사결과 발표 전문합참 정보분석처장 김성윤 육군 준장입니다.이번 DMZ 지뢰 폭발 사항과 관련하여 MDL 현황과 북한의 MDL 근접 지역 작업 관련 동향에 대해 설명드리겠습니다.먼저, MDL 현황입니다.1953년 정전협정 체결 당시 군사지도에 연필로 표기한 선을 따라 보조화면 상단 중앙 사진과 같이 실제 지형에 표지판 1,292개를 설치하였으며, 설치된 위치의 좌표를 가상의 선으로 연결하여 적용하고 있습니다. 현재 표지판은 노후화되어 상당수 유실되었고 약 200여 개만 식별되고 있습니다.지금 적용하고 있는 MDL은 남과 북, 유엔사 간 인식 차이가 있는데 먼저 한국군은 2004년 미 국가지뢰정보국에서 정립하여 표기한 군사지도상의 MDL을 사용하고 있고, 유엔사는 2016년 MDL 프로젝트를 통해 MDL을 10m 간격으로 2만 3,000여 개의 지점에 좌표를 생성하여 연결한 MDL을 적용하고 있습니다.이러한 MDL은 보조면 하단에서 보시는 것처럼 유엔사 적용 MDL, 표지판 연결선, 군사 지도상 MDL로 세 가지가 상호 일치하지 않고 복잡하게 얽혀 있는 가운데 북한군이 별도의 MDL를 적용하고 있다면 추가적인 MDL이 존재할 수 있습니다.북한군은 표지판 연결선 또는 자신들이 적용하고 있는 MDL을 기준으로 소위 국경선 요새화 작업을 경쟁하고 있는 것으로 판단됩니다.이러한 MDL 기준선에 대한 인식 차이 해소를 위해 우리 군은 유엔사와 MDL 기준선 일치화를 위한 협의를 지속적으로 추진하고 있습니다.다음은 북한의 MDL 근접 지역 작업 동향입니다.북한은 2023년 11월 9.19 군사합의를 일방적으로 파기한 데 이어 2023년 12월 김정은이 당 전원회의 시 남북관계를 교전 중인 적대적 두 국가 관계로 규정함에 따라 보조화면 좌측 북한군 MDL 근접 지역 작업 개념도와 같이 2024년 4월부터 MDL 근접 지역에서 불모지 및 지뢰지대 구축, 전술도로 및 철조망 설치 등 적대적 두 국가 관계 고착을 위해 소위 국경선 요새화 작업을 개시하였습니다.2024년에는 일부 지역에서 불모지 구축과 지뢰 매설 등 MDL 근접 작업이 식별되었으며, 지난해 3월부터는 MDL 전 구간으로 작업을 확대하였습니다. 올해는 일평균 최대 7,000여 명을 투입한 가운데, 지뢰 지대 및 철책 설치 위주로 작업을 진행 중입니다.현재까지 작업 경과는 MDL 250km를 기준으로, 불모지 조성은 마무리 단계이나 철책과 지뢰지대 및 전술도로는 약 40~60% 수준으로 향후 2년 이내 완료될 것으로 예상됩니다.북한군의 MDL 근접 작업 간 MDL 침범에 대하여 우리 군은 규정된 절차에 따라 MDL 접근 시 수차례 경고 방송을 실시하고, MDL 침범 시에는 경고 방송과 경고 사격을 진행하는 등 작전적 조치를 정상적으로 시행하고 있습니다.북한군 MDL 근접 작접 개시 이후 MDL 침범은 2024년에 9회, 2025년에 17회, 2026년에 50여 회가 식별되고 있습니다.올해 MDL 침범은 8월 중순 동부 지역에서 처음 발생한 이후 특정 지역에서 집중되고 있습니다. 보조화면 우측 동부 지역 MDL 침범 사례와 같이 적 GP 병력들이 불모지 작업 구간을 순찰로로 활용하면서 MDL 이남 10여 m 지점을 매일 순찰함에 따라 침범이 1개소에서 40여 회 반복되고 있습니다.이에 대해 우리는 정상적인 작전 수행 절차를 수행하고 있으며, 이러한 과정에서 북한군들도 경고 사격 시 지도를 들고 자신들의 위치를 확인하거나 아측을 관측하는 등 MDL을 침범하지 않았다고 인식하고 있는 것으로 추정됩니다.MDL 이남에서 북한군이 지뢰를 매설한 것으로 추정되는 지역은 수개소가 식별되고 있는데 전체 MDL 250km 중 침범 구간의 폭은 지역별로 상이하고, MDL 이남으로는 평균 20여 m 침범하였습니다.우리 군은 북한군의 MDL 침범 시 원칙과 기준에 따라 단호하게 작전을 수행하고 있습니다.이상으로 설명을 마치겠습니다.김성윤 합동참모본부 정보분석처장의 2026.10.05 25사단 DMZ 지뢰 폭발상황 관련 합참 합동 현장조사 TF 최종 조사결과 발표 전문출처 :대한민국 정책브리핑 (2026.10.05 25사단 DMZ 지뢰 폭발상황 관련 합참 합동 현장조사 TF 최종 조사결과 발표)4.반응[편집]4.1.부상 장병 및 가족[편집]발목절단 등 중상으로 수술받고 현재 회복 중인 수색대대장(중령)은 위문 방문을 한 장관과 면담에서 당시 함께 작전에 투입됐던 다른 전우들의 안위를 먼저 물었다고 국방부는 전했다.#부상 장병들은 위문 방문을 한 이재명 대통령을 만난 자리에서 ""어디든 어느 자리든, 국가를 위해 헌신하고 싶다""며 회복 후에도 군 복무를 계속하고 싶다는 뜻을 밝혔으며, ""작전팀이 한 몸이 돼 살아남을 수 있었다""고 전우들을 향한 고마움을 표시하기도 했다.#부상 장병들의 가족들은 이재명 대통령에게 ""부상 장병을 이용해 선동하고 음모론을 펼치는 사람이 너무 많아 힘들다""며 이를 바로잡아달라는 부탁을 했다고 청와대 대변인이 전했다.#4.2.대한민국 정부[편집]이재명대통령은 9월 21일 자신의X에 ""부상 장병들의 빠른 회복을 간절히 기원합니다""며 ""갑작스러운 소식에 가족분들께서 얼마나 놀라고 걱정이 크실지 마음이 무겁습니다""고 밝혔다. 이어 ""가족분들께 깊은 위로를 전하며, 정부는 장병들의 치료와 회복을 위해 필요한 지원을 다하겠습니다""고 했다.#이 대통령은 9월 29일 국무회의 모두발언에서 ""지난주 군사분계선 인근에서 발생한 지뢰 사고로 3명의 장병이 큰 부상을 입었습니다""며 ""부상 장병들과 가족들에게 깊은 위로 말씀을 드리고, 쾌유를 기원합니다""고 밝혔다. 이어 ""군 당국은 유엔사와의 긴밀한 협조를 바탕으로 신속하고 철저한 조사를 통해 사건의 진상을 투명하게 밝혀야 될 것입니다""며 군 당국에 신속하고 철저한 조사를 지시했다. 또한 ""그 진상에 따라서 필요한 조치를 취해 나갈 것입니다""며 ""안보에 여야가 따로 있을 수 없습니다""고 발언했다.#이 대통령은 9월 30일, 국군수도병원을 방문해 비무장지대(DMZ) 지뢰 폭발 사고로 다친 장병들과 가족들을 위로하며 ""부상 장병들과 가족이 걱정하지 않도록 치료와 재활은 물론, 군 생활을 계속할 수 있도록 충분히 예우하겠다""고 약속했다. 또한, ""부상자들이 충분히 예우받지 못하면 군의 사기와 직결되니 반드시 챙겨달라""고 군 관계자에게 당부하며 구체적 지원방안을 검토해 그 결과를 가족들에게 알려주라고도 지시했다. 사진이 공개될 경우 부상 장병 가족의 어린 자녀들이 상처받을 수 있다는 우려를 반영, 위문은 촬영 없이 조용히 이뤄졌다고 청와대 대변인은 밝혔다.#10월 1일 이 대통령은국군의 날기념사에서 이번 DMZ 지뢰 폭발을 ""불의의 사고""라고 표현하면서 ""남북 간 군사적 긴장을 낮추기 위한 실질적 조치를 일관되게 이어 나가겠다""고 밝혔다.권오을국가보훈부장관은 9월 23일 자신의 SNS에 ""최근 비무장지대 수색 작업 중 뜻하지 않은 부상을 입은 군 장병들의 소식에 무거운 마음으로 글을 올린다""라며 ""국가를 위해 희생한 젊은 장병들과 그 가족들을 생각하니 송구한 마음이 앞선다""라고 말했다. 또 ""대한민국이 누리는 평온한 일상을 위해 불철주야 헌신한 군인 여러분의 희생과 헌신이 헛되지 않도록 하겠다""라며 ""국가보훈부는 부상당한 장병들을 예우하고 지원하는 데 한치의 부족함 없이 최선을 다할 것""이라며, 마지막으로 ""보훈부는 국방부와 부상 장병 통합 지원 서비스를 운영하고 있으며, 국가를 위해 헌신한 장병들을 끝까지 돌보고 책임질 수 있도록 세심히 살피겠다""라며 ""부상 장병 여러분들과 가족분들께 깊은 위로의 말씀을 전하며, 하루빨리 건강을 되찾으시길 기원한다""라고 덧붙였다.#청와대 관계자는 9월 24일 기자들과의 문답에서 ""철저히 규명해 가령 지뢰라면 어떤 지뢰인지, 북한이 매설한 것인지, 그게 아니라면 어떻게 된 것인지부터 파악해야 한다고 생각한다""고 밝혔다. 또한 ""사건이 벌어진 현장이 안전한 곳이 아니라고 한다""며 ""예전에 다른 지뢰가 터졌을 때는 항상 수색하던 통상의 루트 상에서 벌어진 것이라 바로 투입돼 신속히 할 수 있었는데, 지금은 새로 루트를 개척하는 곳이었고 위험성이 높은 곳이라 조심스럽게 접근하고 있다""고 밝혔다. 또한 기자들에게 ""조금 기다려주면, 위험하긴 하지만 이를 감안해 신속히 해서 보고드릴 결과를 가지고 올 것""이라고 덧붙였다.#9월 30일,성기홍청와대 홍보소통수석은 유튜브 채널 '이동형TV'에 출연해 청와대 입장은 이것에 대해 미온적이지 않다""면서 ""선(先) 진상 규명, 선조사 이후 사실관계를 명확히 한 뒤 그에 따라 응분의 필요한 조치를 분명하게 취할 것""이라고 밝혔다. 그러면서 ""군은 군대로 현장을 조사하는 중이고, 합당한 상응 조치를 취하겠다고 했다""며 ""이 사안에 대해 다양한 대응 카드를 검토하고 있는 것으로 안다""고 전했다.#10월 2일,성기홍청와대 홍보소통수석은 불의의 사고라는 단어를 두고 야권이 비판하자 “(이 대통령이) 불의의 사고라는 표현을 한 맥락은 그 사고로 인해 크게 다친 부상 장병을 위로하고 가족들을 격려, 위로하는 맥락에서 나온 것”이라고 말했다. 그는 “대통령께서는 국가를 위해 특별하게 희생한 분들에게 특별하게 보상해야 한다는 인식을 갖고 계시다”라며 “국군의 날 기념사에서도 그런 취지의 메시지가 나온 것”이라고 밝혔다.#10월 2일, 정동영 통일부 장관은 ""이번 사고의 핵심 원인은 결국은 휴전선, 경계선, MDL, 북이 부르기는 국경선""이라며 ""남과 북, 그리고 유엔군사령부가 측정하는 선이 다 다르다""며 ""이 문제를 해소하지 않으면 언제라도 또 같은 사고가 재발할 수 있다""고 우려했다. 그러면서 ""통일부 장관으로서 북에 제의한다. 이제 만나서 소통해야 한다""며 ""적어도 군사분계선을 다시 한번 확인하고 측정하는 일을, 소통하는 일을 시작해야 한다""고 제안했다. 그는 ""강 대 강으로 대치해서는 풀릴 문제가 아니다""라며 거듭 대화를 촉구했다. 정 장관은 ""다시 남북이 만나서 평화공존의 길을 모색해야 한다""며 ""젊은이들이 더는 피 흘리지 않는 것이 우리가 가야 할 길""이라고 강조했다. 대북 사과 요구 필요성에 관해선 ""당연하다""고 답변하였다.#10월 2일, 2015년 북한 목함지뢰 도발 당시 유엔 안전보장이사회 의장 앞으로 주유엔 대사 명의 서한을 보내 유감을 표명하고 추가 도발 자제를 촉구한 사례를 들어 고위당국자는 ""유엔을 포함해 과거의 것과 현재의 것을 점검하고 있다""고 말했다. 그러면서 ""할 수 있는 일을 다 점검하고 있다""고 밝혔다.#4.2.1.국방부[편집]9월 23일, 지뢰 폭발 당시 북한군이동부전선을 넘어온 사실이 밝혀졌다. 이에 군 당국은 작전수행 절차에 따라 경고방송과 경고사격을 했다고 밝혔다. 또 지뢰가 폭발한서부전선에는 별다른 특이동향은 없었다고 밝혔다.#강신철국방부장관은 9월 22일 취임 직후 기자들과의 문답에서 확실한 증거를 잡아야 한다는 입장을 밝혔다.#강 장관은 9월 23일에는국군수도병원에 입원한 부상 장병을 위문하였다.#강신철 장관은 10월 6일, 전날 최종 결과발표 이후 실시한 지뢰제거작전에 대한 기자들의 출근길 질문에 답하며 ""모든 책임은 북한에 있다. 앞으로 우리 군은 우리 국가 안보를 위해하는 어떠한 행위에 대해서도 단호하게 대응해 나갈 것이며 우리 전우들이 정당한 작전을 수행하다가 소위 북한이 '국경선 요새화'라는 명목으로 설치한 지뢰에 의해 큰 부상을 입은 것이기에에 어제 우리 군이 필요한 조치를 단행한 것""이라고 말했다. 그러면서 전날 실시한 지뢰 제거 작전은 ""우리 DMZ 역사상 사실 처음 있는 일""이라며 ""단호한 대응이라고 보고 있다""고 말했다.#4.2.1.1.합동참모본부[편집]현 상황 관련, 군 입장 발표북한은 우리 정부의 일관된 한반도 평화 공존 노력에도 불구하고 군사분계선 인근 지뢰 매설 등 소위 국경선 요새화를 지속 추진해 왔으며, 이는 남북 간 접경 지역에서 긴장을 고조시키는 원인이 되고 있다.이는 명백한 정전협정 위반이자 기존 남북 간 합의 정신을 해치는 것으로, 즉시 중단되어야 한다.특히 지난 9월 21일 군사분계선 이남에서 정상적인 수색작전을 수행하던 우리 장병들이 북한군의 지뢰에 의해 심각한 부상을 당한 사건이 발생하였다.북한은 소위 국경선 요새화 등 한반도 긴장을 고조시키는 활동을 즉시 중단해야 하며, 북측의 사과와 함께 책임 있는 조치를 강력히 촉구한다.향후 발생하는 상황에 대한 모든 책임은 전적으로 북한에게 있다는 점을 분명하게 밝혀둔다.2026년 9월 30일합동참모본부 작전본부장 중장 강현우.출처 :대한민국 정책브리핑 (2026.09.30 현 상황 관련, 군 입장 발표)4.3.북한[편집]9월 30일,김여정은조선중앙통신을 통해 ""10여 년 전 '목함지뢰 사건'을 그대로 닮은 명백한 자작 광대극""이라며[9]""실제 사격을 가해온다면 즉시 가차 없이 보복하겠다""고 위협하는 적반하장식의 성명을 내놓았다.#이에 대해국정원은 9월 30일 국회 정보위원회 전체회의에서 ""북한과의 연관성을 차단하려는 의도가 있다""고 분석하면서 담화 수위에 대해서는 ""굉장히 로키(low-key·낮은 수위)로 발표했다""고 평가했다.#10월 2일 김여정은 담화를 통해 이재명이 자작 광대극 2부를 하고 있다며 비꼬고 조롱하는 메시지를 내놨다.#4.4.정치권[편집]4.4.1.더불어민주당[편집]더불어민주당김민석대표는 9월 30일 전날 김여정 북한 노동당 총무부장이 지뢰 폭발 사건에 대해 '자작극'이라고 주장한 데 대해 ""자작극 운운하는 북한 당국의 태도를 더욱 비판하고 규탄한다""며 ""반드시 사과하고 시정해야 한다""고 북한을 규탄하였다. 그러면서 ""부상한 지휘관과 장병 및 가족들에게 다시 위로의 말씀을 드리며 치료와 보상에도 만전을 기하도록 점검할 것""이라며 ""철통 같은 방어 태세와 국토수호 의지 위에 철저한 위기 관리 대응과 국군 복무 여건 개선을 다시 한 번 다짐한다""고 했다.###더불어민주당박성준수석대변인은 9월 21일 서면브리핑을 통해 ""국가를 지키는 최일선에서 임무를 수행하다 다친 장병들의 조속한 쾌유를 빈다""며 ""갑작스러운 소식에 마음을 졸이고 계실 가족분들께도 깊은 위로를 전한다""고 했다. 또 ""민주당은 정부와 함께 부상 장병들의 치료와 재활부터 일상과 군 복무로의 복귀까지 모든 과정을 빈틈없이 챙기겠다""며 ""함께 작전에 나섰던 장병들의 몸과 마음도 세심히 살피겠다""고 밝히며 ""나라를 위해 헌신한 장병을 끝까지 지키는 것은 국가의 책무""라고 강조했다.#더불어민주당김성회원내대변인은 9월 23일 서면브리핑에서 ""강신철국방부장관은 '추정으로 단정했다가 상황 조치와 상황 관리를 그르치는 경우가 있다며, 확실한 증거를 잡고 확실하게 말해야 한다고 강조했다.국민의힘을 상대로 ""사고 당일부터 정부의 대북 정책과 군을 겨냥한 공세를 쏟아냈다""며 ""장병의 부상과 국가안보의 엄중함을 정쟁의 소재로 삼는 처신에 깊은 유감을 표한다""며 ""우리 군은 국가안보를 위해 최선을 다하고 있다""며 ""장병의 안전과 국방 앞에 여야가 따로 있을 수 없다""고 강조했다. 그러면서 ""국민의힘도 안보 정쟁을 멈추고 이 길에 함께하기 바란다""고 덧붙였다.#더불어민주당조계원대변인은 9월 23일한동훈무소속의원을 향해 ""한 의원이 전방 장병의 부상을 정쟁 소재로 꺼냈다""며 ""(한 의원은) '계엄 청산 때문에 장병이 다쳤다'고 했다. 내란 당시 군의 입법부 장악을 방조하며 정작 본인은 계엄을 권력 찬탈의 기회로 삼았던 한 의원다운 변죽""이라며 ""군을 걱정한다면 군을 계엄에 동원한윤석열과내란의 와중에탄핵을 가로막고 권력찬탈극을 벌인 한동훈 자신부터 국민 앞에 석고대죄하길 바란다""고 했다.#더불어민주당신현영대변인은 9월 25일 논평에서 국민의힘이 DMZ 지뢰 추정 폭발 사고를 두고 정부가 일부러 현장 조사를 늦추고 있다고 주장하며 증거 인멸, 이적행위', 탄핵을 운운했다면서 군은 이미 사고 조사에 착수했고, 현장 조사를 의도적으로 지연시키고 있다는 주장도 사실이 아니라고 밝히면서 장병 생명과 안전까지 정쟁을 위한 도구로 삼고 있다고 비판하였다. 또한 이번 사고는 유엔사의 현장조사 지원을 위해 군사분계선에 이르는 수색로를 새롭게 개척하는 과정에서 발생한 것이기에 2014년 '목함 지뢰 도발'과 단순 비교해선 안 되는 사항이라고 밝혔다.#더불어민주당김병주의원은 9월 25일 ""무식하면 위험을 자초한다."", ""제발 모르면 입 좀 닥치고 있어요.""라고 말하며 사고 현장에 추가로 폭발물이 남아있을 가능성을 고려해 신중히 접근해야 한다고 주장하였다.#이후 며칠 전 내린 비로 현장 증거가 씻겨나간다는 야당의 주장에 대해 26일 국회에서 기자회견을 열고 ""위험천만한 사지에 충분한 대비도 없이 다시 들어가라는 말은 진상규명이 아니다, 증거가 씻겨 나간다는 주장은 과학이 아니라 미신""이라면서 ""폭발물이 우리 지뢰인지, 북한 지뢰인지를 가릴 국과수 감정 결과가 곧 나올 것""이라며 오는 월요일 국회 국방위 차원의 현장 방문을 국민의힘 위원들이 거부하고 있다며, 진실 규명을 위해 여야 모두 동참해 달라고 촉구했다.#29일에는 본인 페이스북에 북한이 매설한 지뢰라면[10]정전협정 위반이자 도발이라며 규탄결의문 채택을 제안했다. 다만 북한이 적대적 두국가론 채택 이후 MDL 일대에 지뢰를 매설해 왔고 이를 윤석열 정부 시기 제대로 대처[11]를 했다면 이번 사고가 없었을 것이라고 지적하였다.#더불어민주당박지원의원은 9월 26일 자신의 페이스북에 ""우리 군인이 사고를 당했다면 사실대로 밝혀야 우리 국민이 이해한다""면서 ""설사 우리 군이 북한 지역에서 사고를 당했다 하더라도 사실대로 밝혀야 한다""며 ""대통령을 생각하면 정부가 뒷짐 지고 구경만 할 수 있겠느냐""라면서 ""왜 닥치고 설명 못 하느냐. 왜 적극 행정을 하지 않고 뒤로 숨느냐""고 주장했다.#더불어민주당전은수원내대변인은 9월 26일 서면브리핑에서 ""정부와 군은 북한이 매설한 지뢰일 가능성을 배제한 적이 없으며, 강신철 국방부장관 역시 원인이 확인되면 필요한 대응을 하겠다는 입장을 밝혔다""면서 ""그런데도 조사 결과가 나오기 전에 '북한 소행이 확실하다'고 결론부터 내리고, 정부가 이를 은폐하려 한다고 주장하는 근거가 대체 무엇이냐""고 반문하였다. 또한 ""사고가 발생한 곳은 기존의 안전이 확보된 수색로가 아니라 새롭게 수색로를 개척하던 위험지역""이라며 ""추가 지뢰가 어디에 어떻게 매설돼 있는지조차 확인되지 않은 상황에서 조사 인력을 무작정 투입하는 것이 책임 있는 국가의 태도가 아니""라고 강조했다. 그러면서 안보는 추측으로 하는 것이 아니며 장병들을 정쟁에 끌어들이지 말라고 국민의힘을 비판하였다.#더불어민주당진성준의원은 9월 29일, KBS 라디오에서 “(지뢰가) 유실이든 매설이든 기본적으로 북한에 책임이 있는 것은 맞다”라고 하였으나, 동시에 “그런데 (북한이) 고의적으로 우리 장병을 상해하기 위해서 지뢰를 매설했느냐 아니면 어느 지역엔가 매설한 것인데 그것이 비 때문에 쓸려왔든지 해서 이런 사고가 일어난 거냐 하는 것은 그 고의성에서 큰 차이가 있다”(이후 북한이 고의적으로 매설한 것으로 드러났다) “북한 김정은 위원장이 적대적 2개의 국가 노선을 채택하면서 군사분계선(MDL) 부근을 국경선으로 두고 그 부근을 요새화하는 작업이 계속 진행돼 왔고, 그 일환으로 지뢰가 매설되었을 가능성이 있다”면서도 “그렇지만 당장 이 문제를 과거(2015년) 목함지뢰와 막바로 비교해서 군사적 대응 조치에 나서는 것은 조금 신중할 필요가 있다”며, 그는 “당시엔 북한이 우리 군의 수색로 상의 소통문에 지뢰를 심어 우리 군 장병들을 상해하려고 하는 의도를 분명하게 가지고 있었고, 그래서 대북 확성기를 설치하는 등 군사 작전을 펼쳤던 것”이라며 “그런데 이번 (사고) 지역은 우리 군이 수색 작전을 펼치지 않는 지역이라 (북한이) 우리 군을 상해할 목적으로 심었다고 단정하기는 좀 어려운 측면이 있다”고 했다.#또이재명대통령이 10월 1일 국군의 날 기념사에서 이번 DMZ 지뢰 폭발을 ""불의의 사고""라고 표현하여 우리 군 장병이 적의 지뢰에 장애를 입은 중대한 상황을 폄하했다는 비판에 대해서도 ‘불의의 사고’라는 말은 사고의 원인이나 책임 소재를 부정하는 말이 아니라고 밝혔다. 진성준 의원은 SNS에 불의의 사고는 말 그대로 뜻하지 않게 발생한 사고, 예상하지 못한 사고라는 뜻의 일반적인 표현이며 이 표현이 북한의 책임을 부정한다는 식의 주장은 논리적으로도 맞지 않다고 지적하였다. 그러면서 사고가 예상하지 못한 사고였다는 것과, 그 사고를 일으킨 책임 주체를 규명하는 것은 전혀 다른 차원의 문제라고 밝히며 대통령이 장병들의 부상을 두고 ‘불의의 사고’라고 표현한 것을 두고 마치 북한의 책임을 부정하거나 사건의 본질을 왜곡한 것처럼 몰아가는 것은 정치공세를 위한 억지주장이라고 비판하였다. 말미에는 도대체 ‘불의의 사고’라는 일상적인 표현 하나를 가지고 언제까지 이런 소모적인 논쟁을 계속해야 합니까? 사고의 원인과 책임 소재는 사실관계에 따라 따져 물으면 된다면서 단어 하나를 자의적으로 해석해 정치적 공격의 소재로 삼는 것은 유치하기 짝이 없는 말꼬리 잡기라고 비판하였다.#4.4.2.국민의힘[편집]장동혁국민의힘 대표는 9월 21일 자신의페이스북에 부상 장병들의 조속한 회복을 기원한다고 밝히며 ""소중한 우리 청년들이 부상을 당했다.나무호 미사일 피격 사건때처럼 대충 덮고 넘어가려 해서는 안 된다""며 ""나라와 국민을 지키는 것이 군의 역할이라면, 군의 생명을 지키는 것은 정부의 당연한 책임""이라고 강조했다.#김민수국민의힘최고위원은 본인의 최전방 군 복무 경험을 언급하며, 최근 북한군의 반복적인 군사분계선(MDL) 침범과 DMZ 지뢰 위험성 경고가 지속되었음에도 대비책이 미흡해 결국 장병들이 다친 것에 대해 ""손이 떨릴 만큼 분노한다""고 밝혔다. ""위태로웠던 목숨을 어떤 국가 지원으로 보상할 수 있으며, 잃어버린 장병의 신체를 어떤 지원으로 되돌릴 수 있겠느냐""고 한탄하며 사고 후 보상이나 지원에 그칠 것이 아니라 사전 예방과 엄중한 안보 경계 조치가 우선되었어야 함을 지적했다.#김민전국민의힘의원은 9월 21일 자신의 페이스북에 ""군사분계선에서 지뢰가 터져서 중상 2명 등 부상 3명이라고 한다""며 ""북한이 지뢰 매설 중이라는 얘기가 나오더니, 결국 이런 불상사가 발생했다""고 했다. 그러면서 ""장병들의 빠른 회복을 기원합니다""고 밝혔다.#유용원국민의힘의원[12]은 9월 21일 국회 기자회견에서 ""정통한 소식통에 따르면 오늘 폭발 사고가 발생한 지역은 북한군이 지난해부터 올해 초 사이 MDL 남쪽에 조성한 지뢰지대 인근""이라며 북한군 지뢰에 의한 사고 가능성을 제기했다. 이어 ""정부와 군 당국이무책임한 답변으로 일관하는 사이, 우리 장병들이 북한군 지뢰에 의해 발생했을 가능성을 배제할 수 없는 폭발 사고를 당했다""며 정부와 국방부를 비판했다.#유 의원은 또 해당 폭발이 ""북한의 목함지뢰일 가능성이 높다""고 주장했다. 22일 CBS 라디오 '박성태의 뉴스쇼'에서도 ""지뢰 덧신[13]등 방호 장구를 착용했는데도 간부의 발목이 절단된 것은 우리 군 지뢰보다 위력이 큰 북한군 지뢰일 가능성을 높이는 정황""이라고 말했다.#육군 중장 출신인국민의힘한기호의원은 연합뉴스에 ""우리 지뢰는대전차지뢰,M16대인지뢰,M14 발목지뢰세 가지 유형이다. 대전차지뢰와 M16대인지뢰는 터지면 살 수 없다. M14발목지뢰는 밟은 사람만 다친다""며 ""그럼 북한 것이다.2015년 목함지뢰와 똑같은 것""이라고 분석했다.#[14]육군 소장 출신인국민의힘임종득의원은 “현 단계에서 북한의 소행이라고 단정할 수는 없으나 북한과 관련됐을 가능성을 미리 배제해서는 절대로 안 된다”고 밝혔다.#국민의힘나경원의원은 비무장지대(DMZ)에서 발생한 지뢰 추정 폭발 사고에 대해 북한군의 지뢰 매설 가능성을 '지형 변화'로 덮은 국방부의 예고된 참사라고 주장했다.#국민의힘정점식원내대표는 국회에서 열린 원내대책회의에서 ""단정 짓긴 어렵지만 북한 지뢰일 가능성이 높아 보인다. 최근 북한이 여러 차례 군사분계선(MDL)을 침범해 지뢰를 매설하지 않았나""며 ""최전방에 빈 총 경계근무를 시키는 이 정권이 이런 상황을 자초하지 않았나""라고 비판하면서 ""2015년 목함지뢰당시박근혜 정부는대북 확성기재개로 단호하게 맞대응해 북한의 유감 표명을 얻어냈다""며 ""그런데 지금국방부장관 후보자는 북한을 주적이라고 말도 못 한다. 정부가 북한 눈치 보느라 이 문제를 어영부영 뭉개지 못하도록 철저히 감시하겠다""고 강조했다.#국민의힘정희용사무총장도 ""폭발 위치와 경위, 폭발물 종류, 매설 시점과 주체를 밝혀내야 한다""며 ""대북 유화책이 북한 도발과 오판을 방조한 것이라면 책임을 분명히 따져 물을 것""이라고 주장하였다.#국민의힘서천호의원은 국회에서 열린 원내대책회의에서 ""어제 발생한 사고와 관련해 우리 당에서는 국회 정보위원회 소집을 요구한다""고 밝혔다.#국민의힘성일종의원도 페이스북에 ""북한군 MDL 침범에도 군 당국이 제대로 대응하지 않아 이런 사태가 발생한 것이라면, 그 책임은 군 통수권자인 이 대통령이 반드시 져야 한다""고 주장했다.#국민의힘안철수의원은 자신의 페이스북에 ""군이 원인을 조사 중이나 정황상 북한이 매설한 목함지뢰가 원인일 가능성이 크다""고 주장했다.이재명대통령을 향해 ""부상 장병에 대한 회복 여부만 짤막히 언급했다""며 ""진상규명과 문책, 북한 연루 시 대응에 대한 일체의 메시지 없이 한국을 떠났고 유엔 연설에서는 이 중대한 사태에 대한 언급 없이 '한반도 평화공존'만 주장했다""고 비판했다. 또2015년 박근혜 정부 당시 목함지뢰 사건을 소환해 ""박근혜 대통령은 일관된 원칙과 물리적 대응으로 북한의 사과를 받아냈다""며 ""이번 폭발이 북한 지뢰 도발로 밝혀진다면 정부는 반드시 북한의 사과와 재발방지, 배상 확약을 받아내야 한다""고 주장했다.#국민의힘안철수의원은 자신의 페이스북에 ""군이 원인을 조사 중이나 정황상 북한이 매설한 목함지뢰가 원인일 가능성이 크다""고 주장했다.이재명대통령을 향해 ""부상 장병에 대한 회복 여부만 짤막히 언급했다""며 ""진상규명과 문책, 북한 연루 시 대응에 대한 일체의 메시지 없이 한국을 떠났고 유엔 연설에서는 이 중대한 사태에 대한 언급 없이 '한반도 평화공존'만 주장했다""고 비판했다. 또2015년 박근혜 정부 당시 목함지뢰 사건을 소환해 ""박근혜 대통령은 일관된 원칙과 물리적 대응으로 북한의 사과를 받아냈다""며 ""이번 폭발이 북한 지뢰 도발로 밝혀진다면 정부는 반드시 북한의 사과와 재발방지, 배상 확약을 받아내야 한다""고 주장했다.#국민의힘우재준의원은 ""추석 비가 예보됐다""며 ""증거가 사라지기 전 당장 조사해야 된다""고 말했다.#국민의힘유승민전 의원은 지뢰가 우리 것인지 북한 것인지 확실한 증거를 잡아야 된다는강신철신임국방부장관을 향해 ""이런 사람이 대한민국 국방부장관이라니 정말 믿기지가 않는다""며 ""어떻게 '지뢰가 우리 것일 수도 있다'는 말을 국방부장관이 함부로 입에 올릴 수 있다는 말인가""라고 직격하면서 ""상식적으로 이 지뢰는 북한이 MDL 이남으로 침투해 매설한 목함지뢰 종류일 가능성이 매우 높고 실제로 최근 북한군이 바로 그런 도발을 해왔다""고 주장했다.#국민의힘이종배전 서울시 시의원은 지뢰폭발이 있던 당시 국방부장관이었던안규백국회의원을 국군조직법 제9조 등 법령에 의해 각 군의 작전부대를 지휘·감독해야 할 의무가 있는 최종 책임자라며 충분한 보호를 기대하기 어려운 지뢰방호 덧신 등 기존 장비에 의존하게 한 채 장병들을 직접 위험지역에 투입한 것은 업무상 주의의무 위반에 해당하고 직무를 유기한 것이라 밝히며 업무상과실치상 및 직무유기 혐의로 10월 5일 오전 서울경찰청에 고발했다.#4.4.3.개혁신당[편집]이기인개혁신당비상대책위원장은9월 21일자신의페이스북에 ""부상 장병들의 회복을 간절히 기원하며, 국가는 이분들의 수술과 치료는 물론 재활과 일상 복귀까지 끝까지 책임져야 한다""고 말했다. 또한 폭발 원인 역시 철저히 밝혀야 한다며 ""북한의 고의적 매설이 확인된다면 명백한 도발로 규정하고 책임을 물어야 하며, 장병들에게는 목숨을 건 임무를 맡기면서, 국가는 그 희생 앞에 말뿐이어서는 안 된다""고 밝혔다.#4.4.4.진보당[편집]박태훈전진보당부대변인은윤석열 정부시절강경했던 대북 자세 때문에 북한이 지뢰를 더 심게 된 것이라고 망언을 하여비판을 받았다.#상술한 바와 같이 지뢰 매설 시점은 폭발로부터 약 12개월 전으로 추정되며 해당 시점은이재명 정부가 출범한지 약 4개월이 지난 시점이다.4.4.5.무소속[편집]한동훈무소속의원은 22일 ""북한 지뢰 공격에 우리 국민이 중상을 입었는데도 국방부는 '미상의 폭발'이라고 말장난한다""고 비판했다.#한동훈 의원은 추석 연휴 첫날인 9월 24일에는국방부청사 앞에서 ""지뢰폭발 조사를 연휴 뒤에? 증거 유실 기다리지 말고 즉각 조사하라"" 팻말을 들고 1인 시위를 벌였다.#4.5.전문가[편집]군DMZ대간첩 및 대테러작전 분석장교 출신의 김기호 한국지뢰제거연구소 소장은 ""북한군의 지뢰 매설 정황과 지형 변화를 사전에 인지했음에도 위험 지역에서 기본적인 탐지 및 안전 매뉴얼을 준수하지 않은 명백한 작전 실패라고 봐야 한다.""며 이번 사고가 ""기본적인 안전 매뉴얼 및 탐지 절차를 제대로 이행하지 않아 발생한 '작전상의 허점'일 가능성이 높다""고 지적했다.#아산정책연구원연구위원양욱은 ""한 번의 사고가 나고 그다음에 그걸 구조하는 과정에서 또 한 번 터졌다고 하는 것은 의도되지 않으면 있기 힘든 일""이라며 ""유실된 것이 그렇게 뭉쳐서 유실되기도 쉽지도 않고, 통로에다가 의도적으로 설치를 해서 피해를 입히도록 하게 만들어놓은 게 아닌가""라고 말하였다.#[15]4.6.국제 사회[편집]4.6.1.유엔군사령부[편집]9월 21일미국 국방부기관지 'Stars and Stripes'는 이번 사건을 ""unidentified explosion""(원인이 확인되지 않은 폭발)이라고 한국 국방부 대변인의 문자를 인용했다. 한국 국방부 대변인의 문자를 인용한 보도에 따르면 당시 한국군은 폭발 원인을 조사하고 있었으며, 원인이나 부상자들의 상태에 대한 세부 사항도 공개하지 않은 상태였다. 또한 폭발이 북한과 관련이 있는지도 아직 확인되지 않았다고 설명했다.이와 관련해 Stars and Stripes가 최민정 유엔군사령부 대변인에게 사건에 대한 입장을 문의했고, 유엔사 측은 이메일을 통해 ""유엔군사령부는 해당 사건을 인지하고 있지만, 현재 조사가 진행 중인 사안이므로 이에 대해 논평할 수 없다.""라는 이메일 비공식 답변을 했다.#9월 30일 국군과 유엔사의 합동조사 결과, 유엔사는 군사분계선 남측에서 북한 대인지뢰가 발견된 것을 근거로 언론에 보낸 공식 서면 입장문을 통해 “조사 결과를 바탕으로 본 사건에서 정전협정 위반이 발생한 것으로 판단하였으며, 현재 확립된 정전협정 절차에 따라 해당 위반에 대응하고 있다”고 밝혔다.#[위반조항]4.6.2.미국[편집]미셸 스틸주한미국대사와제이비어 브런슨한미연합군사령관겸주한미군사령관등이 21일 한국 정치권 인사들과의 만찬에서 DMZ 사고에 대해 안타까움을 표했다.#4.7.언론[편집]이 문서는토론을 통해 언론 반응 문단에서 「2026년 9월 14일 국방부 브리핑의 소극적 소통 태도를 비판하는 논지의 기사」를 인용할 경우 최대 3개까지 인용하되 「합참은 작전적 조치를 하였다고 발표하였으며 어떤 작전을 취했고 무슨 효과가 있었는지는 비공개하였다」는 요지의 각주를 서술한다로 합의되었습니다.합의된 부분을 토론 없이 수정할 시편집권 남용으로 간주되어 제재될 수 있습니다.이번 지뢰폭발 사건이최근 북한의 지뢰매설과 관련된 것이 아니냐는 의혹제기와 관련하여, 여러 언론들은 이미 북한군의 추가 지뢰 매설 가능성이 지속적으로 제기되었는데도 조치를 밝히지 않은국방부를 비판하는 보도를 냈다.[17]DMZ 지뢰 폭발, 軍 사건축소 의혹-한국경제'지뢰 증거 확보' 미적대는 軍, 추석 연휴 이후에 현장 조사발목 잃은 중령, 수술 후 첫마디 ""부대원 괜찮냐""…국방부는 '추석맞이'4.8.시민단체[편집]서민민생대책위원회는 9월 26일이재명대통령,위성락국가안보실장,안규백전 국방부 장관,강신철현 국방부 장관,진영승합참의장,김규하육군참모총장,이상렬지상작전사령관,강관범1군단장 직무대리,최석윤25사단장을 직권남용, 직무유기, 일반이적 및 그 공동정범으로 서울경찰청에 고발했다.#1#25.논란 및 사건사고[편집]5.1.군과 정부의 사건 축소 · 은폐 의혹[편집]DMZ 지뢰 폭발, 軍 사건축소 의혹-한국경제'지뢰 증거 확보' 미적대는 軍, 추석 연휴 이후에 현장 조사국방부가 지뢰 폭발에 대해 별다른 후속 발표 없이 조사 중이라는 입장만을 유지하면서 군의 사건 축소 의혹이 제기되고 있다. 지뢰 잔해 등을 분석하면 어느 측 지뢰인지 파악할 수 있다는 주장이다. 양욱 아산정책연구원 연구위원은 ""군이 확증을 잡기 전까지 '북한 지뢰' 여부에 신중을 기하려는 것은 이해되지만, 적어도 여러 정황을 종합해 '아군 지뢰일 가능성은 작다' 정도의 메시지는 낼 수 있다고 본다""며 ""사건 이틀 뒤까지도 실질적인 사실 관계를 거의 공개하지 않는 것은 정치적 고려가 있다는 의심을 스스로 부르는 격""이라고 했다.#합참은 사건 당일 ""사고 발생 지역은 북한 지뢰 매설 지역과는 거리가 떨어져 있다""고 밝혔지만 사고 지역이 북한군의 지뢰매설 지대 인근이라는 제보가 지속적으로 나오자 ""사건 발생 지역은MDL인근 지역""이라고 말을 바꾸는 모습을 보였다.#특히 우리 군은 북한 지뢰 폭발 정황이 의심되는 가운데 즉각적인 조사 및 증거 수집에 나서는 대신, '장병들의 트라우마'를 사유로추석연휴가 끝난 뒤에 조사를 개시한다고 밝혀 늑장 수사라는 비판을 받았다. 과거 2015년DMZ 목함지뢰 매설 사건당시에는 사건 발생 당일부터 증거를 수집하고 이틀 만에 합동 현장 수사에 착수한 것과 대비되어 우리 군의 대응이 11년 전보다 더 퇴보했다는 이야기도 나왔다.사건 현장이 북한에 가까운 위치이자 우리 군의 감시가 닿지 않는 사각지대에 위치해 있어 북한의 현장 훼손이 가능하고, 비단 고의적 훼손이 아니더라도 우천 시 현장 증거가 씻겨나갈 우려가 있다는 지적이 나왔다.#기상청일기예보에 따르면 9월 25일 오후부터 파주 등 중부지역에 비가 내릴 예정이다.#이 때문에 증거가 유실되기라도 한다면 자칫 영영 사건 진상을 파악하지 못할 수도 있다는 것이다. 그리고 25일 예보대로 중부 지방에 비가 쏟아지면서 우려가 커지고 있다.유엔사는 사건 직후인 9월 22일 한 차례 조사를 제안하였으나 우리 군의 거부로 무산되었다고매일신문이 보도하였다.#이에조선일보는이재명대통령이 유엔 총회 기조연설에서 '한반도 평화공존 청사진'을 제안한 가운데 북한 지뢰 사고가 수사되면 추석 민심에 영향이 갈 것을 우려해 수사를 늦춘 것이 아니냐는 군안팎의 발언을 전했다.#조선일보는 경상자 1명을 중상자가 아니라는 이유로 부상자 집계에서 제외해 부상자 수를 3명에서 2명으로 축소하였다고 보도하였다. 이에 국방부 장 실장은 '부상자 수가 달라진 이유를 설명해달라'는 기자들 질문에 ""헬기로 이동한 간부 2명은 중상으로 확인돼서 현재 수술을 마치고 생명에 지장이 없는 상황""이라며 ""(나머지) 간부 1명은 부상 정도가 의료진이 중상은 아니라고 확인돼 오늘 간부 2명으로 발표한 것""이라고 했다.#이에 청와대에서는 ""조사는 객관적으로 신속하게, 철저하게 진행되고 있다""며 관련 의혹들을 부인했다. 사고 지점이 기존 수색로가 아닌 새로운 수색로를 개척하던 곳으로 위험성이 높아 조심스럽게 접근하고 있고, 유엔군사령부와 함께 조사하고 있다고 설명했다. 합참 관계자는 2015년 목함지뢰 도발 때와는 상황이 다르다고 말하며, 목함지뢰 사건은 우리 측 추진 철책의 통문 앞에서 발생해 접근이 쉬웠던 반면, 이번에는 허리까지 올라오는 수풀을 제거하면서 수색로를 개척하다가 지뢰가 폭발해 2차 사고 위험성이 더 높다고 밝혔다.##9월 29일 이재명 대통령은 국무회의를 주재하며 “군 당국은 유엔사와의 긴밀한 협조를 바탕으로 신속하고 철저한 조사를 통해 사건의 진상을 투명하게 밝혀야 될 것”이라고 당부한 뒤 “이번 사항과 관련해 근거 없는 음모론을 부추기면서 국가 안보를 위태롭게 하는 일이 없었으면 좋겠다”고 말했다.제42회 국무회의 브리핑같은 날 청와대도 ""군의 현장조사는 합참과 유엔사가 현장지휘관들의 건의를 고려해 순전히 군사적 판단에 의해 계획하고 결정한 것""이라고 강조하면서 ""이번 지뢰 사고에 대한 군의 현장조사는 대통령의 유엔연설과 전혀 관련이 없다""고 언론 공지를 통해 밝혔다.#5.2.지뢰탐지 로봇 투입 부재 논란[편집]사건 발생 이후, 군 당국과 방위사업청이 '장병 안전'을 책임질 첨단 로봇 무기체계라며 대대적으로 홍보해 온 최신형 폭발물 탐지·제거 로봇 'KR-1'이 정작 사고 부대에 이미 배치되어 있었음에도 실제 작전에 전혀 투입되지 않은 사실이 밝혀지며 불거진 논란이다. 수천억 원의 개발비와 막대한 양산 예산이 투입된 첨단 장비가 가장 필요한 실전에서 '무용지물'이 되었다는 점에서 군의 무인 체계 운용 실태에 대한 거센 비판이 일었다.YTN 취재 결과, 사고를 당한 수색대대 장병들이 소속된 육군 제25보병사단(공병대)은 2026년 3월부터 이미 KR-1 로봇 2대를 보급받아 보유하고 있었다. 하지만 사고가 발생한 9월 21일 DMZ 수색로 개척 임무 당시에도 장비 운용 및 정비 교육이 완료되어 언제든 원격 작전에 활용할 수 있는 상태였으나, 군은 정작 인력을 직접 투입해 수색로를 개척하게 했고 결국 대형 인명 피해(사단 수색대대장 중상 등)로 이어졌다.당국은 2026년 한 해에만 이 무인 로봇의 양산과 실전 운용을 위해 1,132억 원의 예산을 배정받아 집행 중이었다. 한술 더 떠 내년인 2027년 예산안에는 500억 원을 증액한 1,600억여 원 규모의 예산 요구안을 국회에 제출한 상태였다. 개발 단계부터 수천억 원이 쓰이고 매년 천억 원대 이상의 예산이 들어가는 첨단 장비가 정작 장병의 발목이 잘려 나가는 최전선 실제 작전 현장에서는 단 한 대도 쓰이지 못했다는 점에서 혈세 낭비 및 전시행정이라는 지적이 쏟아졌다.이에 대해 군 당국은 작전 당시 현장 지형이 사람 키보다 높은 수풀 지형이었기 때문에 로봇 장비를 물리적으로 투입해 기동하기가 어려웠다는 취지로 해명했다.이에 대해 국회 국방위원회국민의힘유용원의원 등은 ""장병 안전을 위해 지뢰 탐지 무인 로봇을 실전 배치하고 이를 적극 홍보해 왔지만 정작 실전에서는 활용되지 못했다""며 군의 무인체계 운용 전반에 심각한 보완 과제가 남았음을 보여주는 사례라고 비판했다. 험지 기동이 가능하다며 홍보해 놓고 '수풀이 우거져 투입하지 못했다'는 해명은 앞뒤가 맞지 않는다는 지적과 함께, 임무 전 단계에서 로봇 투입 여부에 대한 사전 검토 및 지형 판단 프로세스가 제대로 작동했는지 철저히 규명해야 한다는 목소리가 높다.5.3.미온적인 대응 관련 비판[편집]일부 언론에서는 ""지뢰를 매설한 북한에는 제대로 책임을 묻지 못하면서, 북한군이 매설한 지뢰를 제거하기 위해 우리 예산을 써가며 우리 군 장병을 위험한 작업에 투입한다.""며 강하게 비판하였다.#6.여담[편집]당초2026년 8월경부터 북한군이 군사분계선을 넘어와 지뢰를 매설하는 사건이 있었고, 기자들은 국군의 대응이 실패한 거 아니냐는 질문을 했다. 당시 국방부 측에서는 대응 실패와 북한군의 지뢰 매설 여부에 대하여 동의할 수 없다[18]는 취지의 답변을 하였으나, 결국 사건이 터지게 되어 해당 브리핑이 재조명받게 되었다.당시 국방부의 답변2026.09.14 국방부 일일 정례 브리핑국방부는 지난 7월, 북한의 폭우로 인해 북한 측이 매설한 비무장지대의 지뢰들이 일부 유실된 정황이 있다며 국군 장병들에게 주의를 당부했던 바가 있다.#이재명 정부의 대북정책에 대한 비판이 야권에서 제기되었다. 북한이 매설한 것으로 의심되는 지뢰로 인한 폭발 사고가 발생하면서, 야권에서 대북지원 계획을 취소하거나 재검토해야 한다는 목소리가 나왔다.###야권은 이재명 정부에서 2026년 대북지원 예산으로 6,676억 원을 편성하고 93억 원 규모의 의료지원을 추진했던 것을 비판했다. 이에 통일부는 “구호지원 및 민생협력지원 예산을 매년 일정 규모로 편성해왔다”면서 “남북협력기금은 1조원 규모의 기금 편성에도 불구하고, 실제 사업이 진행되어야 공공자금관리기금의 자금을 배정받는 구조로 되어 있다”고 밝혔다.#7.관련 문서[편집]정전 협정서부전선군사분계선(MDL),비무장지대(DMZ)DMZ 목함지뢰 매설 사건2026년 북한의 군사분계선 침범 도발8.둘러보기[편집]대한민국의 군 관련 사건 사고[ 펼치기 · 접기 ]광복~1950년대제주 4.3 사건(1948)A P대구 제6연대 사건(1948)A P여수·순천 10.19 사건A C P1946-1950년 한국군의 숙군Na해상의용군 사건(1948)Na국민방위군 사건(1950~1951)Na서창선 대위 살해 사건(1952)A불륜처 타살사건(1954)P하늘집 유아 학대 사건(1955)A P제28보병사단 사단장 피살사건(1959)A1960년대5.16 군사정변(1961)C최영오 일병 살인 사건(1962)A Na고재봉 살인 사건(1963)A무장군인 법원 난입 사건(1964)A해병대 공군비행학교 습격사건(1966)F N안학수 하사 월북 조작 사건(1966)A Na Nk서울 청구동 C-46 추락사고(1967)F P1.21 사태(1968)Nk P국방부 초병 강간치상 사건(1968)F P육군 하사 수류탄 투척 사건(1968)A P국군 일병 강도강간살인 사건(1971)A P1970년대윤필용 사건(1973)A NaYTL30호 침몰 사건(1974)N유네스코 지하다방 인질사건(1974)A P옹진호 사건(1974)N P서울 UFO 격추미수 사건(1976)A ?1978년 청담동 공군 수송기 추락 사고(1978)F12.12 군사반란(1979)C1980년대5.17 내란(1980)C5.18 민주화운동/학살A Na P윤병선 소위 의문사 사건(1981)A ?제주 C-123 추락사고(1982)A F청계산 C-123 추락사고(1982)A F허원근 일병 사건(1984)A ?최승균 소위 사망사건(1984)A제28보병사단 화학지원대 총기난사 사건(1985)A여우고개 사건(1985)A정연관 상병 구타 사망사건(1987)A1990년대국군보안사령부 민간인 사찰 폭로 사건(1990)A Na공군 구조헬기 서해상 추락 사고(1990)F P밀양 C-123 추락사고(1991)F군 부재자투표 부정 폭로 사건(1992)A Na17사단 종교시설 무단폐쇄 사건(1992)A하나회 숙청(1993)Na연천 예비군 훈련장 폭발 사고(1993)A혜화동 무장 탈영병 총격 난동사건(1993)A P박준기 중사 자살 미수 의혹사건(1994)A ?53사단 장교 무장탈영 사건(1994)A제26기계화보병사단 총기난사 사건(1994)A가양동 무장 탈영병 폭사 사건(1995)A P1996년 군부대 막사 매몰사고(1996)A F화성 해안초소 K2 소총 사취 사건(1997)A ?대구 비디오 가게 살인사건(1998)A P김훈 중위 사건(1998)A ?제5공수특전여단 동사사고(1998)A1999년 맹물 전투기 사건(1999)F2000년대2000년2001년염순덕 상사 피살 사건A ?부천 탈영장교 살인사건A P2002년함광열 이병 의문사 사건A ?미군 여중생 압사 사고I P2003년육군 21항공단 헬기추락 사건A예천 F-5 추락사고F2004년2005년530GP 사건A논산 육군훈련소 인분 사건A해군 동검도 제초제 사건N노충국 사건A2006년가평 이등병 무장탈영 사건A2007년고양 애인 토막 살인사건A P계룡대 유흥업소 공론화 및 김세의의 초소침범 사건D강화도 해병대 총기 탈취 사건N P2008년2009년대청해전N Nk2010년대2010년천안함 피격 사건N Nk연평도 포격전N Nk P2011년양구 고등학생 군인 집단 폭행 사건A P강화도 해병대 동료 총격 사건N2012년특전사 중사의 이명박 상관모욕 사건A북한군 노크 귀순 사건A2013년임진강 월북 시도자 사살 사건A국군춘천병원 도끼 살인사건A김지훈 일병 사망 사건F2014년제28보병사단 의무병 살인사건A제22보병사단 총기난사 사건A제1전투비행단 가혹행위 은폐 사건F17사단장 성범죄 사건A이 병장 사망 사건A제28보병사단 동반 사망 사건A2015년서울 내곡동 예비군 훈련장 총기 난사 사건A공릉동 살인사건A PDMZ 목함지뢰 매설 사건A Nk서부전선 포격 사건A Nk군 부상자 치료비 부담 논란A영월 혹한기 훈련 이등병 무장탈영 사건A2016년분당 예비군 사망사건?진해 해군기지 잠수정 폭발사건N울산 군부대 폭발 사고A홍정기 일병 사망 사건A2017년성폭력 피해 해군 대위 사망사건N박찬주 육군 대장 부부 갑질 사건A제6보병사단 소속 일등병 유탄 사망사건A제5포병여단 K-9 자주곡사포 폭발 사고A2017년 판문점 귀순 북한군 총격 사건A Nk2018년2017년 계엄령 문건 사건D Na제203특공여단 사격장 총기 사망사건A문재인 정부 GP 파괴 부실검증 의혹Na Nk육군 통신장교 석면 사망사고A마산함 폭발 사고N포항 해병대 헬기추락 사고N양구 GP 일병 총기 사망사건A ?2019년2019년 러시아 군용기 독도 영공 무단 침범 사건I고양시 여자화장실 군인 묻지마 폭행 사건A P2020년대2020년태안 보트 밀입국 사건A2020년 베트남전 민간인 학살 소송P N부사관 성전환 사건A공군 병사 황제 복무 논란F2021년육군훈련소 용변 제한 사건A성추행 피해 공군 부사관 사망 사건F성추행 피해 해군 부사관 사망 사건N육군 여성 장교 사조직 구성 논란A2021년 해군함 간부 사망 사건N조재윤 하사 사망사건A공군 여군 성희롱 노트 사건(~2022)F2022년현역 해병대원 우크라이나 의용군 참전 미수 사건N현역 대위 군사기밀 유출 사건A Nk강릉시 현무-IIC 미사일 낙탄 사고A F제21보병사단 안보전시관 폭발물 폭발사고A해군 병장 이적표현물 제작 및 군사기밀 유출 사건N백령도 해병대 중령 고추장 징계 사건N제12보병사단 이병 총상 사건A2023년태백 혹한기 훈련 이병 사망사건A대구 공군 정일병 사망 사건F제9공수특전여단 상병 사망사건A해병대 하사 부대원 개인정보 유출 사건N동해 아내 교통사고 위장 살인 사건A김해 예비군 훈련장 사망 사건A P양주 육군부대 일병 총기 사망사고A ?부승찬 군사기밀보호법위반 혐의 사건Na부산 해군 중사 택시기사 폭행사건N P공군 군사경찰 가스총 피격 사건F고성 제진검문소 공포탄 발사 사건A P해병대 제1사단 일병 사망 사고(수사 외압 논란)N Na제9보병사단 지휘부 복지회관 특혜 의혹A육군사관학교 독립유공자 흉상 철거 논란A Na전남 무안 육군부대 일병 사망 사건A포천 주한 미8군 영평사격장 민간차량 피탄 사건I파주 육군 상병 흉기난동 사건A철원 GP K-6 오발 사건A예비역 간부 휴가비 환불 통보 사건A해군 수병 후임병 성추행 사건N아내 성인방송 강요 사망사건A제17보병사단 일병 자살시도 사건A2024년2024년 연평도 해역 포격 사건Nk포항 해병대 해병 후임병 폭행 사건N제56보병사단 중화1동대 예비군 소생 사건A동해 훈련 해군 부사관 사망 사건N제32보병사단 신병교육대대 수류탄 폭발 사고A제12보병사단 훈련병 사망 사건A제51보병사단 일병 사망 사건A정보사령부 군무원 군사기밀 유출 사건D Nk고양 현역 군인 불법촬영 사건A P제25보병사단 이등병 사망 사건A제1전투비행단 수송대대 음주운전 사건F2024년 군부대 암구호 유출 사건P홍천 신병교육대 대리입영 사건A영월터널 역주행 참변N P화천군 북한강 토막 살인 사건A P제39보병사단 훈련병 사망 사건A김도현 일병 사망 사건A양구 현역병 군사기밀 유출 사건A I12.3 내란(노상원 수첩·제2수사단)A C D Na P제19전투비행단 군용트럭 사고F2025년대전 군인 강간살인미수 사건P포천 전투기 오폭 사고F P가납리비행장 헬기-무인기 충돌사고A제13특수임무여단 부사관 총기 사고A중국인 고등학생 한국 공군기지 무단 촬영 사건F포항 해군 초계기 추락 사고N광명 탄약고 철조망 훼손사건A거제 애완견 비비탄 난사 사건N P강릉 육군 상병 무장탈영 사건A2025년 공군 수송기 일본 방공식별구역 침범 사건F강원도 최전방 부대 육군 하사 사망 사건A수성못 육군 대위 사망 사건A파주 육군 폭발사고A ?대청도 해병 사망 사건N수도군단 임신 여군 가혹행위 사건A파주 부사관 아내 방치 사망 사건A P임실 군부대 탈영 사망 사건A2026년광주 T-50 착륙 사고F2026년 국방비 미지급 사태Na강남 현역군인 음주운전 뺑소니 사건?P가평군 육군 AH-1S 헬기 추락 사고A?영주 F-16PB 추락 사고F울산조선소 해군 잠수함 화재 사고N P제73보병사단 예비군 사망 사건A제15보병사단 상병 가혹행위 사건A국방부 부사관 사망사건D제12보병사단 군 차량 전복 사망사건A서해 해군 부사관 사망 사고N제1함대 부사관 감전사 사건N제1함대 소속 일등병 사망사건N해병대 제1사단 중사 사망 사건N제25보병사단 DMZ 지뢰 폭발 사건A제25보병사단 대위 사망 사건AA: 육군 관련 사건 | C: 쿠데타 | D: 국방부 및 직할부대 관련 사건 | F: 공군 관련 사건 | I: 외국군 관련 및 연루N: 해군 및 해병대 관련 사건 | Na: 국가조직 연루 및 개입 | Nk: 북한군 관련 및 연루 | P: 민간인 피해 및 연루 | ?: 사건 경위 불명관련 문서:대한민국 국군/사건 사고북한 관련 뉴스2025년→2026년→2027년문서가 분리된 2026년에 발생한 북한 관련 사건[ 펼치기 · 접기 ]1. 4.~2026년 북한 미사일 도발1. 10[a]개성 무인기 침투 사건보도2. 19~2. 25조선로동당 제9차대회2. 252026년 2월 25일 북한 열병식8.16~진행 중2026년 북한의 군사분계선 침범 도발9.21제25보병사단 DMZ 지뢰 폭발 사건9.222026년 9월 북한 전투기 전술조치선 침범 사건9.232026년 우크라이나 북한군 포로 한국 송환 사건[a]사건 발생은 2025년 9월 27일, 2026년 1월 4일[1]#[2]합동참모본부 브리핑에 따르면 중상자가 3명에서 2명으로 감소하였는데, 이에 대해 '3명 중 중상이 아닌 1명(통신관, 중사)을 부상자 수에서 제외하려 한다'는 비판이 있다.[3]#[4](학군46기, 숭실대 국제통상학과 졸업). 사진 속 두 할머니 사이에 서있는 군인이다.[5]정전협정 제1조 제9항, 10항 근거[6]수색대대장이 지뢰 폭발로 다리 절단의 부상을 입은 것은이종명대령 사건 이후 26년 만이다.[7]지뢰 매설 의혹 구역.[8]지난 21일 우리 군 3명이 부상당한 지뢰 폭발 당시 두 번째 지뢰가 폭발한 곳에서 약 1m 지점에서 발견되었다.[9]2015년 8월 발생한 목함지뢰 사건과 이번 사고 모두 북한군과 관련이 없다는 망언이다.[10]전 날 국방부 발표에서는 북한의 소행일 가능성이 높다했다.[11]다만 후술의 내용처럼 현 정부가 지뢰를 매설하고 있다는 정보가 있음에도 이를 묵인했다는 비판이 있다.[12]국회 국방위원회 소속이다.[13]M14 발목지뢰가 방호되는 성능이다.[14]M16대인지뢰는 사람 눈높이만큼 솟아오른 뒤 터지는 데다살상반경 27m, 위험반경 183m에 달하므로 문제의 지뢰가 이것이었다면 세 명 모두 죽거나 크게 다쳤을 것이고,대전차지뢰는 문자 그대로 탱크를 터뜨리기 위한 지뢰이니 마찬가지로 더 큰 피해를 입었을 것이며, 반대로 M14발목지뢰는 국소적인 폭발을 수직으로 일으켜 접촉면의 말단을 훼손하는 데 그치며 본 경우처럼 지뢰 보호용 군화를 신었다면 일반적으론 상해 없음, 최대 피해도 발바닥 피부 경상이다. 이번 경우는 폭발 한 번에 즉사하지 않은 피해자가 복수로 발생했고 저위험군 지뢰 보호장구를 갖췄음에도 중상을 입었으므로 대한민국 국군의 지뢰 규격에 해당하지 않는 인근의 국외 세력, 즉 북한군이 매설한 지뢰가 된다는 것이다.[15]1:00부터[위반조항]정전협정 제1조 제1, 6, 7항, 제2조 제14항 위반정전협정[17]다만 일부의 의혹제기처럼 군이 조치를 취하지 않았는지 여부는 알 수가 없다. '26년 9월 14일 국방부 브리핑에서 합참은 구체적으로 무슨 '작전적 조치'를 하였고 어떤 효과가 있었는지를 보안상 공개하지 않았을 뿐, 작전적 조치를 하였다라는 것만큼은 단정조로 명시하였다.[18]북한군의 지뢰 매설이 아닌, 지형변화로 확인되고 있으며 조사중이라는 말을 반복하며 지뢰 매설 여부 판단을 유보하였다."
11,탱킹,스포츠 용어,"MMORPG에서의 탱킹에 대한 내용은탱커문서를 참고하십시오.1. 개요2. 의도 및 방식3. 탱킹을 하는 이유4. 미국에서의 탱킹4.1.NBA4.2.MLB4.3.NFL4.3.1. 때때로는 극단적인 탱킹4.4.NHL5. 대한민국에서의 탱킹5.1.K리그5.2.KBO 리그5.2.1. 왜 KBO 리그에서는 탱킹이 흔치 않았나5.3.한국프로농구5.4.V-리그6. 일본에서의 탱킹6.1.일본프로야구7. 윈나우 탱킹1.개요[편집]Tanking, Tank job.프로 스포츠 리그에서 고의적으로 시즌 운영에 최선을 다하지 않는 행위. 어원은 '탱크(tank)'.승강제가 없고드래프트제도가 있는 프로 스포츠 리그에서 포스트시즌 진출 가능성이 매우 희박한약팀이 다음 해 드래프트 때 좋은 선수를 얻기 위해서 고의적으로 패배하여 저조한 팀 성적(낮은 순위)을 유도하는 방식을 의미한다. 일종의승부조작이라도고 할 수 있으나, 제3자 중계를 통한 이익창출을 목적으로 하지 않으므로 비신사적일 수는 있어도 위법은 아니다.과거 탱킹이라는 단어가 생소하던 시절에는패작으로 불렸으며, 현재도 '탱킹 패작' 혹은 '고의 패작'이라고 표현하기도 한다.2024년정상화 밈의 유행으로쌀먹이라는 표현이 보편화되면서, 탱킹을 선언한 팀을 소위 '쌀먹팀'으로 부르고 있다.2.의도 및 방식[편집]가장 보편적인 방법은 신인 선수들을 경기에 많이 내보내서 경험을 쌓게 하는 것이다. 다만 고액 연봉을 받는 선수를 놀릴 수는 없으니 경기에 뛰게는 하지만 관리라는 명분으로 최대한 아껴서 투입한다. 극단적인 경우 '고 연봉 멤버(=잘하는 선수)'를 다른 팀으로 보내고 젊은 유망주 여럿을 받는 트레이드를 통해 고액 연봉자들을 처분하거나, 아예 이적료를 받고 선수를 팔아넘긴 다음 저연봉/저실력 선수들로 경기를 때우기도 한다. 이렇게 하면 자연스럽게 연봉 지출을 줄이고 혹시 잠재력이 터질지 모르는 젊은 선수들을 모을 수 있으며, 가장 중요한 '처참한 순위'도 얻을 수 있다. 더 심한 경우 게임 후반에타임아웃을 쓰지 않는 등의 방식도 사용될 수 있다. 찬스가 와도 주전으로 교체하지 않고 비주전 선수들을 보고 스스로 헤쳐나가라는 식으로 방치하기도 한다. 물론 팀의 목적과는 달리 선수들은 일부러 지려고 하는 일은 결코 없다. 기회를 오랫동안 받지 못하던 선수들은 좋은 성적을 내서 주전 자리를 확보하거나 더 높은 연봉을 받기 위해서 오히려 더 열심히 한다. 프로 레벨에서 단지 열심히만 한다고 좋은 성적을 낼 수 있는 것은 물론 아니지만, 경기에 출전한 선수의 퍼포먼스가 기대 이상으로 뛰어나서 팀의 목적(=연패)에 방해가 될 정도라면 다른 팀으로 트레이드될 수도 있다. 해당 선수를 영입하는 팀 역시 선수의 기량을 주목하고 영입하는 것인 만큼 이렇게 될 경우 선수의 목적은 이뤄진 셈이다.개방형 리그의 경우 최하위권에 속한 팀을 강등시키고 하위 리그로 내려가는 막대한 불이익이 주어지며 이에 따라 강팀의 상위권 독점이 심해지지만, 강등·승격이 없이 연합체 성격의 스포츠리그에 가입된 프랜차이즈만 참가를 허가하는 폐쇄형 리그의 미국 프로스포츠 리그에서는 강등이라는 극단적 방식을 취할 수 없으므로 강팀의 장기집권을 막고 리그 수준의 상향평준화를 위해 리그에 진입하는 신인선수를 자유계약이 아닌드래프트방식으로 영입한다. 그리고 드래프트에서 정규시즌 순위가 낮을수록 우선순위를 받아 좋은 신인을 뽑을 기회를 준다[1]. 때문에 유럽축구 프로리그에서는 시즌 막판 최하위권 팀들 간의 피튀기는 강등탈출 경쟁이 벌어지는 반면, 미국 스포츠리그에서는 암울한 상황 속에서 다음 시즌 신인지명 드래프트 라운드에서 최대한 이득을 얻기 위해 거꾸로 피튀기는 꼴찌 경쟁이 이루어진다[2]. NBA는 탱킹의 효과가 가장 큰 리그로 탱킹을 막으려고 로터리 제도[3]를 만들었지만, 전문가들조차 플레이오프에 못 갈 거라면 차라리 로터리 확률을 높이는 쪽이 낫다고 주장하며 막판에 의미 없이 선전하는 약팀들을 깐다. 다른 구기 종목에 비해 농구나 배구는 출전선수가 적기 때문에 특급선수 한 사람의 가세만으로도 팀 전력 전체에 상승효과를 주고 팀 순위를 단번에 끌어올릴 수 있다. 그래서 탱킹은 축구나 야구처럼 인원이 많은 종목이 아닌 농구나 배구처럼 에이스 1명에 대한 의존도가 높은 종목에서는 매우 효과적인 장기 팀 운영 전략으로 취급되기도 한다.드래프트 제도가 존재하는 리그에서는 탱킹을 방지하기 위해 드래프트 추첨을 실시하거나 추첨 확률을 조정하는 방법 등이 있지만 큰 효과는 보지 못하고 있다. 현재까지도 탱킹을 막을 수 있는 방법은 평범하게 '자유 계약'으로 선수를 선발하거나, 승강제를 도입하는 것 말고는 사실상 없다고 봐도 무방하다. 애초에 드래프트라는 제도 자체가 돈 많은 구단이 좋은 선수들을 독식하는 것을 방지하는 것과 함께 상대적으로 재정이 떨어지거나 전력이 약한 팀을 구제하기 위해 만들어진 제도이기 때문이다.따라서 이는 승강제 리그의 단점인 빅클럽 위주의 순위 고착화를 벗어난 미국식 폐쇄형 리그의 특징이자 약팀에게도 우승의 기회가 주어지는 중요한 원동력 중 하나라고 할 수 있다. 탱킹 꼴사납다고 팬들이 클럽을 닦달해 봐야, 고도로 발달한 스포츠팀 운영기술이 정립된 데다 선수수급 방식이 제한된[4]미국식 폐쇄형 리그에서 드래프트를 통한 자체 선수 육성 없이는 절대 높은 순위를 오래 차지하지 못하며, 돈지랄로 FA를 싹쓸이 못하게 하기 위한 샐러리 제한 장치가 계속 늘어나고 있어 분노의현질도 점차 어려워지고 있다.[5]실제로 미국식 폐쇄형 리그에서 가장 고통스러운 포지션은 오히려 어중간하게 못하는 중하위권의 팀들이다. 투자력이 약한 스몰마켓 하위권 팀은 차라리 화끈하게 탱킹하고 드래프트 우선 지명권을 얻어서 특급 유망주를 뽑거나 얻은 우선 지명권이나 이걸로 뽑은 유망주들로 선수 트레이드를 시도하는 등 2보 전진을 위한 1보 후퇴를 하면 했지, 계속 플레이오프도 못 나가고 우선 지명권도 못 얻고 거래 시도도 못한 채 특급 선수는 들어오지 않는 악순환이 지속되면 그쪽이 더 암흑기가 길어질 가능성이 크다. 그런 팀이 아무 의미 없이 루징시즌을 보내고 선수도 제대로 모이지 않으면, 아무리 탱킹 안 하고 최선을 다한다고 해봐야 돌아오는 건 팬들의 비웃음뿐이다.3.탱킹을 하는 이유[편집]2010년대 중반 이후메이저 리그 베이스볼의 인기 하락의 주 원인으로 이러한 탱킹이 지목되고 있는데, 이에 따라 탱킹을 제한해야 한다는 목소리도 나오고 있는 상황이다. 이미 탱킹이 더 심한 리그(NBA,V-리그)에서는샐러리 캡하한을 정해둬서 아무리 약체 팀이라도 일정 금액은 사용하게 하도록 제도를 만들어두었다.[6]탱킹을 혐오한다는 자들의 주장에서 언급되는탱킹을 하는 팀이 보는 이익이 바로 이 지점에서 결정된다. 탱킹을 결정하는 팀들의 근거는 다음과 같다.1위를 했을 때 얻는 이익 > 꼴찌했을 때 얻는 이익(이하 순위만 표기)이 참인 건 경쟁 사회에서 매우 당연하다. 애초부터 스포츠 리그에 참가하는 팀의 목적이 1등과 우승이기 때문. 반면 2위 > 꼴찌는 어떨까? 3위 > 꼴찌는? 이렇게 등수를 늘려나가다 보면 어느 순간 몇 등을 하나 꼴찌를 하나 큰 차이가 없어지는 지점이 존재한다. 마치국민기초생활보장제도에서 정하는 월 소득 상한선과 동일하다. 그러면 그때부터는 그냥 져서 꼴찌를 하는 게 더 이득이다.1위를 했을 때 얻는 이익도 얻는 만큼 다음 연도에 1위를 유지하기 위해 들여야 하는 비용도 프로리그에서 중요한 대목이다. 선수의 연봉에는 상한선이 없지만 선수의 기량은 상한선이 있다. 여기서 1위 팀의 비용 대비 편익이 결정된다. 반대로 하위 팀 선수들은 기량이 떨어지므로 연봉은 낮고, 뛰어난 선수 1명이 들어갔을 때 전력 상승 효과는 1위 팀보다 훨씬 크다. 허나 그렇다고 기존의 뛰어난 선수를 본인 동의 없이 보내는 건 선수의 직업 선택권 침해이며, 반대로 뛰어난 선수를 영입하려고 비정상적인 비용을 지출하는 것 역시 리그의 질서를 무너뜨리는 일이다.[7]그래서 택한 최선책이 이미 드래프트를 통해 직업 선택권을 리그의 결정에 맡긴 신인 선수를 실력순으로 하위 팀에 보내는 것이 장기적으로 전력 상승 효과가 크다는 점이다. 그마저도 이는 즉시 드러나지 않는다.다 떠나서 수십 년간의 결과가 증명해 준다. 돈 복사 수준으로 돈을 뿌릴 수 있는 소수의 빅마켓+글로벌 인기 팀을 제외한 남은 팀들은 탱킹/리툴링/극단적 윈나우 중 탱킹을 선택한 팀들의 결과가 좋았으며, 무모하게 윈나우를 할수록 악성 계약이 판을 쳐서 우승과 거리가 갈수록 멀어지는 것이 현실이다.야구는 첫 번째의 경우 플레이오프 컷오프가 4대 리그 중 가장 높다. NBA는 30팀 중 16팀이 플레이오프에 진출하므로 53.4%(플레이-인 토너먼트 포함 시 20팀으로 62.5%),NHL은 50%(16/32),NFL은 43.75%(14/32), MLB는 40%(12/30)[8]이다. 또한 선수 1명이 팀 전력에 관여하는 비율이 4대 리그 중 낮은 편이고[9], 심지어 신인 선수가 MLB에 진입하기 위한 진입 장벽도 4대 리그 중 가장 높다. 때문에 탱킹의 효율성이 매우 떨어진다.사실 탱킹이라는 건 절대로 쉬운 작업은 아니다. 보기에는 단순히 선수들을 전부 팔아치워 페이롤을 비우고 유망주를 수집하다가 이들의 포텐이 만개할 즈음 올인하면 되니 얼핏 보면 쉬워 보이겠지만 그렇지 않다.첫째, 최고 유망주를 데려오는 것이 역으로 도움이 되지 않는 상황이 벌어질 수도 있다. 예를 들어 여전히 리빌딩과 상위 지명권이 필요한 팀이 완성되지 못한 상황에서 어찌저찌 데려온 최고 유망주가 1군에서 맹활약하여 다른 탱킹 팀보다 높은 순위를 기록하기라도 한다면? 신인 1순위 지명권을 뺏기게 되는 것이다. 이러한 상황은농구처럼 선수 한 명의 영향력이 큰 종목에서는 더더욱 심각하게 작용한다. 2018년마이애미 말린스가 주축 선수들을 다 팔았는데도 그 대가가 형편없었던 데에는 이러한 이유가 밑바탕에 깔려있었다.둘째, 제아무리 좋은 평가를 받은 유망주라도 무조건 터진다는 보장이 없다. 결국 될성부른 떡잎을 알아보는 단장의 능력이 매우 중요하고 이런 선수들을 키워낼 수 있는 능력과 운도 따라줘야 한다. 특히 로터리 픽을 실시하는 리그일 경우 전체 최하위 팀이 무조건 전체 1순위 지명권을 얻을 수 없기 때문에 최하위를 해도 상위 픽에 당첨되지 못하는 경우도 흔하며, 추첨 결과에 따른 지명 전략을 다양하게 세워두는 것도 필요하다.셋째, 팀 페이롤이 줄어드는 대신 팀 수익도 크게 감소하게 된다. 팬들은 탱킹을 하는 구단의 의도는 이해하지만 눈이 썩는 경기를 돈과 시간을 써가며 경기장에서 보려고 하지는 않기 때문이다.넷째, 유망주를 수집하는 경로는 트레이드, 신인 드래프트, 룰5 드래프트, 외국인 드래프트, 국제 계약 등 리그에 따라 다양한 방법이 있으므로 단순히 순위만 떨어뜨린다고 좋은 유망주를 얻을 수 있는 것은 아니다. 이 때문에로스앤젤레스 다저스,뉴욕 양키스같은 빅마켓 팀들은 순위와 관계없이 양질의 유망주들을 수급할 수 있지만, 스몰마켓 팀의 경우 최하위를 달성해 전체 1순위 유망주들을 모아도 빅마켓만큼 유망주 팜을 불리기 어렵다.마지막으로 원기옥을 터뜨리는 컨텐딩 단계에서 실패할 확률도 높다. 컨텐딩을 위해서는 잘 키운 유망주를 직접 사용하거나 즉시 전력감 선수를 영입하기 위한 트레이딩 칩으로 쓰면서 팀을 완성시켜야 하는데, 유망주를 내주고 데려온 즉시 전력감 선수가 정작 포스트시즌 같은 중요한 경기에서 부진하는 바람에 우승에 실패하는 경우도 많다. 특히 스몰마켓 팀의 경우 이 과정에서 핵심 선수들의 부상이나 부진, 트레이드 실패와 같이 한 번만 삐끗해도 우승은 물 건너간 거나 마찬가지가 되는데, 자체적으로 키운 선수들의 서비스타임이 지나가 버리면 이 선수들을 전부 잡는 것은 사실상 불가능하기 때문에 다시 원점에서부터 탱킹을 시작해야 한다.또한 미국 스포츠는플레이오프제도로 인해 정규 시즌 성적의 가치가 굉장히 낮다. 플레이오프에서 우승한 팀이야 말로 그 시즌의 진정한 우승팀이며 정규 시즌 성적이 아무리 좋았어도 플레이오프에서 탈락해 우승에 실패하면 그냥 우승 못 한 팀 1이다. 극단적으로정규 시즌 전승을 기록하고 플레이오프에서도 전승으로 결승에 진출했어도 막상 결승에서 패하면 그냥 우승 못 한 팀이다.[10]여기에 플레이오프에 진출하더라도 우승까지 치뤄하는 경기 수도 많다. 리그에서 가장 많은 승리를 거둬 리그 전체 1위를 해도 혜택은 플레이오프에서 1개 라운드를 덜 치르거나(NFL), 플레이오프 진출 팀들 중 가장 낮은 시드의 팀과 붙게 되는(MLB, NBA, NHL) 수준 정도밖에 되지 않는다. 리그 전체 1위 팀 기준으로 MLB, NFL의 경우 3개 라운드를, NBA와 NHL은 4개 라운드를 승리해야 우승을 할 수 있다. MLB의 경우 디비전 시리즈가 5전 3선승제, 챔피언십 시리즈와 월드 시리즈가 7전 4선승제로 진행되기 때문에 리그 전체 1위로 디비전 시리즈부터 시작해[11]전승 우승을 한다고 해도 최소 11경기를 치러야 하며, NBA과 NHL은 모든 플레이오프가 7전 4선승제라 전승 우승을 한다고 해도 치러야 하는 경기 수만 최소 16경기다.이 때문에 주축 선수들이 중요한 경기를 앞두고 부상과 부진에 빠지는 바람에 정규 시즌 성적이 무색하게 광탈해 버리는 경우도 흔하며, 특히 NFL은슈퍼볼을 포함해 모든 플레이오프가 단판승부기 때문에 한 경기라도 실수하거나 대진운이 좋지 않으면 그대로 시즌이 끝나버린다. 그리고 MLB의 경우 디비전 시리즈 등 포스트시즌 포맷이 현재의 방식으로 정착된 이래 연속 우승에 성공한 팀은 1998년~2001년 양키스의 4년 연속 월드 시리즈 진출과 3연속 우승, 2024년~2025년 다저스의 2년 연속 우승이 고작일 정도다. 이 때문에 강팀으로 복귀한다고 무조건 우승을 할 수 있는 것도 아니다.물론프랜차이즈 리그여도 신인 드래프트 제도가 없거나 드래프트 방식이 전년도 성적과 무관하다면 탱킹을 할 이유가 없다. 대표적인 예시가 LCK 및 해외의 LoL 프로씬. 자유계약을 통해 대부분의 선수 영입이 이루어지기에 탱킹은 팀에게 어떠한 이점도 가져와주지 않으며, 수준급의 선수들이 그 팀을 기피하게 되는 역효과만 발생시켰다.4.미국에서의 탱킹[편집]4.1.NBA[편집]2014년 드래프트당시밀워키 벅스가 드래프트 1순위 픽을 얻기를 바라던 밀워키 팬들이 게재한 옥외 광고. 심지어 광고에 나온 웹사이트 주소도 SaveOurBucks.com다.[12]상술했듯 NBA는 탱킹의 효과가 가장 큰 리그이자 가장 노골적으로 탱킹이 만연하는 리그로, 1996년[13], 2003년[14], 2007년[15], 2014년[16], 2018년[17], 2021년[18], 2026년[19]등 전반적으로 우수하다고 평가받은 유망주들이 많거나 1997년[20], 2019년[21], 2023년[22], 2025년[23]등 압도적인 유망주 1명이 있는 드래프트에서 하위권 팀들이 노골적으로 탱킹을 한 전력이 있다.물론, 팀의 경기를 보러 오는 팬들 입장에서는 응원하는 팀이 대놓고져주기 게임을 하는데 누가 보러 오려고 하겠냐고 생각하겠지만은, NBA처럼 폐쇄적인 리그를 운영하는 곳에서 돈에 밀려 빅마켓에 슈퍼스타를 뺏기는 약체팀이 슈퍼스타급 유망주를 모아서 터뜨리려면 어쩔 수 없이 탱킹을 해야 한다. 그래서 미국의 오랜 약체팀 팬들은 탱킹을 어느 정도는 담담하게 받아들이는 편이며, 강팀/빅마켓 팀들도 주축 선수들의 부상 등 팀에 여러 악재가 닥쳐 플레이오프 진출이 불투명해졌을 때나 리빌딩 과정에서 간접적으로 탱킹을 하기도 한다.또한 이런 탱킹 팀들도 막대한 운영비[24]가 드는 시즌을 그냥 버릴 수 없기 때문에 유망주들에게 기회를 주거나 새로운 전술을 도입하는 등 새로운 시도를 한다. 그리고 후술하지만 기본적으로 선수들은 이기려고 열심히 경기를 하기 때문에 생각만큼 재미없지는 않다. 오히려 연패하다가 강팀을 상대로 의외의 승리를 거두거나, 하위순에서 뽑힌 신인이 깜짝 활약을 하는 등 재미도 쏠쏠하다.[25]게다가 팀이 지역 마켓을 꽉 잡고 있어서 지역 연고가 뿌리 깊게 내린 미국 스포츠에서는 팬들이 1~2년 잠깐 응원하는 게 아니기 때문에 비록 응원팀이 시즌포기 모드로 나가도 ""우리 유망주들 잘 크고 있나?"" 혹은 ""그래도 우리 팀인데 응원해야지""란 마음으로 경기장을 찾는 고정 팬들이 많다.다만 오해해선 안 되는 게,탱킹은 구단이 하는 거지 선수가 하는 게 아니다.선수 입장에선 팀의 입장보다 자신의 커리어가 비교도 할 수 없을 만큼 중요하기 때문에 팀이 탱킹을 하든 말든 선수들은 매 경기 스탯을 쌓기 위해 최선을 다한다. 다만 팀이 탱킹 노선을 타고 있다면 이겨야 할 동력이 부족하기 때문에 절박함이 떨어지고, 그에 따라 부상 위험이 높은 공격과 수비는 자제하거나 출전 시간을 관리 받게 되는 정도일 뿐이다. 탱킹을 한다고 절대 선수들이 대충 하는 게 아니다.[26]그렇지만 탱킹으로 인해 선수들한테도 이상 현상이 발생하기도 하는데, 탱킹 중인 팀에서 공격 비중이 높은 선수들이 스탯이 뻥튀기가 되는 것이다. 물론 이는 선수 개인으로서는 절대 나쁜 일이 아니라 오히려 최선을 다해 열심히 하는 결과이지만, 이로 인해 여러 부작용이 있다. 일례로 2002-03 시즌 당시클리블랜드 캐벌리어스와덴버 너기츠는 2003년 드래프트에 나올 최대어르브론 제임스를 지명하기 위해 열심히 탱킹을 하고 있었다. 그런데 덴버의 롤플레이어인 제임스 포지는 이런 탱킹 트렌드에 힘입어 평소보다 많은 공격롤을 가져가면서 팀 내 득점 2위 (14.1점)을 달리고 있었다. 포지는 2007-08 시즌보스턴 셀틱스의 우승 멤버로 알려져 있지만 좋은 수비력과 팀플레이로 많은 사랑을 받는 롤플레이어였으며 벤치와 주전의 경계선의 있는 평범한 선수였다. 무엇보다 그는 공격을 많이 하는 선수가 아닌데 덴버에서 보낸 첫 25경기 동안 커리어하이 필드골 시도(13개), 득점, 출전시간(34.9분)을 기록하고 있었다. 그는 평생 이 시즌을 포함해 두 자리수 득점을 두 시즌(나머지 한 번은 직전 시즌에 찍은 10.7점) 하고 필드골 성공 개수 두자리 수 역시 딱 한 번(마찬가지로 전 시즌 10.1개) 한 선수였다. 이에 너기츠는 탱킹에 방해되는 포지를 급히휴스턴 로켓츠로 보내버렸고, 포지는 휴스턴에서 평상시 모습으로 돌아가게 된다. 결국 덴버는 리그 최하위인 17승을 거뒀지만 실제 로터리 당일 1순위는 똑같이 17승을 거둔 클리블랜드가 차지했고, 덴버는 3순위에 그치고 말았다.사실 포지는 시즌 초반에 트레이드되어서 그리 큰 수혜자는 아니고 이 방면의 레전설은 바로 마이크 제임스이다. 제임스는 2005-06 시즌 바닥을 기던토론토 랩터스에서 생애 첫 풀타임 주전을 차지했다. (이 시즌 토론토는 뭘해도 안 되던 시절이라코비 브라이언트에게 81점을 내주는 굴욕까지 당했다) 여기서 잘하는 선수는 첫 올스타 선정의 기쁨만누린크리스 보시뿐이었는데, 이 로스터에서 제임스는 평상시보다 훨씬 많은 공격롤을 누리며 커리어 하이 20.3점을 기록한다. 문제는 그가 이미 만 30세를 넘긴 5년차였으며, 그 전까지 커리어 하이가 11.8점에 불과한 평범 그 자체인 선수였다는 것이다. 결국 제임스의 활약에 낚인미네소타 팀버울브스는 그를 차기 주전 포인트 가드로 낙점해 데려왔지만... 바로 원래 모습으로 돌아가며 다음 시즌 10.1점에 그쳤다. FA빨과 탱킹 효과가 겹쳐 스탯이 뻥튀기가 된 대표적인 사례.하지만 리빌딩이든 뭐든 그건 구단의 사정일 뿐이고, 리그 전체의 흥행과 수익을 신경 써야 하는 사무국 입장에서는 드래프트에서 상위픽 먹겠다고 대놓고 시즌을 버리는 행위인 탱킹 자체를 싫어하는 게 당연지사. 그래서 사무국에서는 이렇게 드래프트 상위픽 획득을 위해 고의적으로 게임을 지는 행위를 막기 위해 1985년부터 드래프트 로터리 방식을 도입했고, 2019년부터는 드래프트 로터리 픽 확률을 손보기도 했다. 그러나 사무국의 개입에도 불구하고 답이 없는 팀들은 그 확률이라도 노리고 여전히 탱킹을 하고 있다.사실 로터리 제도의 도입 자체는 효과적이었다. 로터리 도입 이전까지는 동부/서부 양대 컨퍼런스 최하위 팀이 동전 던지기를 통해 드래프트 1, 2순위를 정했는데(서부 팀 두 팀이 동전을 던진 경우는 기존의 트레이드로 가져온 1라운드 픽이, 픽을 준 팀이 꼴찌를 하는 바람에 행운의 1, 2순위가 된 경우),  즉, 꼴찌를 하면 1순위를 뽑을 확률이 50%에 못해도 2순위이기 때문에 탱킹을 해야 할 이유가 더 컸다. 만약 이 방식이 현재까지 유지됐다면 르브론이나자이언 윌리엄슨,빅터 웸반야마처럼 누가 봐도 1순위가 확정인 초대형 유망주가 드래프트에 나올 때마다 리그는 고의 패배를 하는 팀들로 현실보다 더 막장이 됐을 것이다. 실제로 로터리가 도입된 것도 2시즌 연속 서부 최하위를 처박고랄프 샘슨과하킴 올라주원을 연속 지명한휴스턴 로켓츠같이 상술한 저 드래프트 1, 2순위 정하기 방식 때문에 1순위를 노리고 성적을 처박는 팀들이 계속해서 나오자 이 꼬라지를 보다 못한 사무국이 부랴부랴 도입한 것이었다. 그렇게 해서 도입된 로터리 제도 아래에선 꼴찌를 해도 1순위를 뽑을 확률이 고작 14.29%[27]였기 때문에 고의 패배를 할 이유가 그만큼 줄게 된 것이다.그런데 로터리가 처음 도입된 드래프트인 1985년 드래프트부터 그 결과로 인해 말이 나왔다. 이해 드래프트 전체 1순위는뉴욕 닉스에 지명된패트릭 유잉이었는데, 이 당시 뉴욕은 드래프트 직전 시즌에는 성적이 처박고 플레이오프 진출에 실패하긴 했어도 꼴찌를 찍은 것도 아니었고, 그 직전에는 2시즌 연속 2라운드에 진출하는 등 나름 힘 꽤나 쓰는 팀이었다. 여기에 로터리를 도입한데이비드 스턴커미셔너가 뉴욕 출신이고, 하필 첫 로터리의 혜택을 본 팀이 스턴의 고향팀인 뉴욕이라 스턴이 뉴욕을 밀어주니 마니 하는 음모론이 돌았는데, 말 그대로 음모론일 뿐이고 근거는 전혀 없다. 실제로 스턴은 뉴욕 팬도 아니었고, 재임 기간에 딱히 친 뉴욕 행보를 보인 적도 없다.추가로 로터리와 드래프트의 TV 중계 또한 스턴 체제에서 시작되었는데, 스턴 체제 아래에서 NBA가 인기를 끌고 돈을 쓸어담자 로터리와 드래프트 또한 시청률과 고액의 광고를 끌어오는 하나의 수익 모델이 되었다.전술했듯 NBA는 매년 들어오는 드래프티 숫자는 한정되어 있고 선수 간 포텐셜 격차가 엄청나게 커서팀을 우승시킬 재능의 슈퍼스타는 이미 드래프트 때부터 싹수가 보인다.이 때문에 NBA의 탱킹은 대단히 노골적으로 이루어지며 이렇게 입단시킨 초특급 유망주를 진짜 S급 선수로 만든 다음, 그 선수를 중심으로 변화한 팀 스타일에 맞는 롤플레이어들을 착착 끌어모아 단번에 팀을 재건해가는 과정이라 NBA에선 속성리빌딩과정[28][29]으로 어느 정도는 필요악으로 보는 편이다. 이렇게 성공적인 탱킹으로 팀 재건에 성공한 사례로는 크게 몇 가지가 있는데...1996년샌안토니오 스퍼스: 팀의 에이스이자 주전 센터데이비드 로빈슨이 무릎 부상, 2옵션이었던 숀 엘리엇이 부상으로 모두 시즌아웃되자 그해 나올 슈퍼 루키만 바라보고 시즌을 아예 포기하여 1997년 1라운드 전체 1순위로팀 던컨을 지명. 그 후 샌안토니오는 던컨과 함께 20년간 단 한번도 5할 승률 이하로 떨어지지 않았고, 우승반지 5개를 획득한다.[30]2002년클리블랜드 캐벌리어스: 처음부터 작정하고 2003년에 드래프트에 나올 고향 출신 최고의 유망주를 위해 탱킹을 감행했다. 그 대상은르브론 제임스. 그리고 클리블랜드는우여곡절은 있었지만 2011년부터 2014년까지 다시 탱킹을 감행하여 2011년카이리 어빙을 지명하고, 2014년 르브론을 다시 영입하고 1순위였던앤드류 위긴스을 지명해케빈 러브를 트레이드해서 얻어내서 2016년 르브론, 어빙, 러브와 함께 창단 첫 파이널 우승을 이뤄낸다. 애초에 NBA 하위권 프랜차이즈였던 캐벌리어스는 르브론 제임스 단 한 명의 선수가 있느냐 없느냐만 가지고도 팀 가치가 수억 달러씩 널을 뛰었다.2006년시애틀 슈퍼소닉스:레이 앨런등이 팀을 떠나고 팀이 매각위기에 몰리는 등 팀 전체가 위기 상황인 가운데, 주축선수들을 팔고 2006-07 시즌부터 탱킹을 시도해 2007년 전체 2순위로케빈 듀란트를 지명하고, 2008년러셀 웨스트브룩, 2009년제임스 하든을 영입, 연고지도오클라호마시티로 옮긴오클라호마시티 썬더로 새롭게 출발해[31]강팀으로 도약하는 원동력을 만들어내어 2011-12 시즌에 파이널에 진출하는 등 2012년 하든이휴스턴 로키츠, 2016년 듀란트가골든스테이트 워리어스로 떠날 때까지 몇 년간 서부 컨퍼런스에서 강팀으로 활약했다.2019년오클라호마시티 썬더: 위의 슈퍼소닉스에서 이어지는 얘기로, 2016년 듀란트가 골든스테이트로 이적한 후 오클라호마시티는 듀란트의 공백을 메우기 위해인디애나 페이서스에서폴 조지를 영입했으나 2년 연속 플레이오프 1라운드에서 계속해서 탈락하는 등 썩 만족스럽지 않은 성적을 내자 과감하게 팀의 코어였던 웨스트브룩과 조지를 모두 내보내고 탱킹으로 노선을 전환했다. 특히 직전 시즌 MVP 경쟁을 하던 폴 조지를로스앤젤레스 클리퍼스로 트레이드하는 대가로 클리퍼스로부터셰이 길저스알렉산더와 7개의 1라운드 지명권을 받아왔는데, 트레이드 대가로 받아온 길저스알렉산더가 트레이드 당시 조지의 가치보다 훨씬 급이 높은 MVP급 선수로 성장하는 초대박이 터졌고, 2022년 전체 2순위로쳇 홈그렌,폴 조지 트레이드로 받아온 클리퍼스의 픽으로제일런 윌리엄스를 지명했다. 그 결과 썬더는 SGA-제이덥-홈그렌 트리오를 앞세워 듀란트-웨스트브룩-하든 시절에도 못 했던 2025년 파이널 우승을 차지하는 등 2020년대 NBA를 대표하는 강팀으로 자리매김했다.당연하지만,탱킹이 무조건 성공하는 건 아니다.그 예가 2014~18년의로스앤젤레스 레이커스. 반지원정대의 몰락 이후로 2015년부터 2017년 신인 드래프트까지3연속으로전체 2번째 픽을 얻으며 팀 재건의 기회를 받았다.디안젤로 러셀,브랜든 잉그램,론조 볼등 상위픽 선수들을 수집했지만 결과는 셋 다망했어요.[32]디안젤로 러셀은 드래프트 된 지 2년 만에 정리대상처럼브루클린 네츠로 떠나갔고, 잉그램은 자리를 확실히 잡지 못했고, 론조 볼은 그나마 분전하고 있으나 아직 신인티를 벗어나지 못하며 결국 AD 트레이드 과정에서 팀을 옮겼는데, 둘 다 뉴올리언스로 떠난 후에 잠재력이 터졌다. 다행히, 레이커스는 2020년에 우승했지만, 이 과정에서 레이커스는 미래 픽들이 많이 없어져 탱킹도 못하는 상황이라 더욱 암울하다.[33]특히, 2021-22시즌은 레이커스는 선수들의 줄부상에 후반기 어메이징한 경기력을 선보이며윈나우 탱킹이라는 멸칭을 들은 끝에 11위로 플레이인조차 못 간 반면, 뉴올리언스는자이언이 부상으로 시즌 내내 아예 출전하지 않았음에도플레이인에서 샌안토니오와 클리퍼스를 연파하며 플레이오프에 올라가면서도 레이커스의 8픽까지 먹었다.그리고 픽 순위도 어차피 운이 많이 따르기 때문에 탱킹을 몇 년이나 계속하는데도 1~3픽 이내에 당첨되지 않는 불운이 따르거나 코어가 될 선수를 못 구한다든지, 최고 신인을 손에 넣는다고 해도 기간 내로 팀을 완성하지 못하거나 성적을 내지 못한 채로 서비스타임이 지나가 버려 연봉을 감당하지 못해 슈퍼스타가 된 선수가 타 팀으로 떠나는 바람에 또다시 탱킹의 수렁에 빠지며 팬들을 고통스럽게 하는 구단들도 있다. 대표적인 것이 2010년대부터 하위권을 전전했지만 오랫동안 결과가 나오지 않았던피닉스 선즈와올랜도 매직.[34]그나마 피닉스는 2018년 전체 1픽으로디안드레 에이튼을 지명했고 2021년에 파이널 진출에 성공했으며, 올랜도도 2022년 전체 1픽에 당첨되어파올로 반케로를 지명했고 2024년에 플레이오프 복귀에 성공했다.2013년부터 2017년까지의 필라델피아의 노골적인(!) 탱킹 이후로 17-18시즌 동부와 서부에서 하위권팀들이 올스타전이 끝나자마자 전부 탱킹 모드로 돌입해 버렸다. 동서부 하위권팀들의 연패만 합쳐도44연패라는 미친 숫자. 탱킹 경쟁자가 너무 많다 보니1승만 하더라도 상위픽 경쟁에서 밀려나게 된다.보다 못한 사무국이 탱킹을 라디오에서 발언한 댈러스 매버릭스의 구단주인 마크 큐반에게 60만 달러라는 어마어마한 벌금을 물리고[35]경기 내용에서 노골적으로 탱킹을 하는 팀들을 징계하겠다는 발표까지 했을 정도다.이렇듯 공공연히 탱킹이 만연하자 NBA 사무국은 드래프트 로터리[36]의 확률을 대폭 수정해 최하위 구단들이 1픽을 가져갈 확률을 대폭 낮췄다. 전체 꼴찌의 경우 기존 25%의 1픽 획득 확률이 14.0%로 낮아지면서,최하위 3개 구단이 동일한 14% 확률을 가진다.반면 최하위 3개 구단 제외 11구단들은 1픽 획득 확률이 올라갔다. 이 방식을 처음 적용한2019년,뒤에서 8등인 뉴올리언스가 6.0%의 확률을 뚫고 1픽을 차지했다.2픽마저 뒤에서 9등인 멤피스가 챙겨갔으며, 심지어 4픽은 뒤에서 11등인 레이커스가 2.8%의 확률을 뚫고 얻어냈다. 최하위 뉴욕은 3픽을 가져가는 데에 그치고 29위와 28위인 클리블랜드와 피닉스는 낮은 확률을 뚫은 뉴올리언스, 멤피스, 레이커스로 인해 각각 5픽과 6픽에 만족해야 했다. 어쨌든 사무국의 의도대로 고의적인 탱킹의 효과가 크게 감소하였음을 보여 주는 결과라 할 수 있다.[37]물론, 그다음 4년 동안에는 최하위 3개 구단 중 하나가 모두 1픽을 가져갔으며, 그 외 두 팀 중 하나는 4픽 이내는 꾸준히 먹고 있는 걸로 보아,2019년은 낮은 확률이 연달아 뚫린 역대급 운빨인 것으로 밝혀졌다.그 와중에 2019년 닉스를 시작으로 2025년 유타까지 전체 꼴찌는 7년 연속으로 1픽을 먹지 못하는 징크스가 이어졌는데, 그나마 닉스와 골든스테이트, 휴스턴은 2~3순위 픽이라도 획득했지만 2023~2024년 2년 연속으로 전체 꼴찌를 기록한 디트로이트는 2년 연속 드래프트에서 전체 꼴찌팀이 당첨될 수 있는 최소 한도인 5픽에 그치며 아예 로터리픽 TOP 4에서 탈락했으며, 2024년에는 동부 10위이자 리그 전체 21위, 뒤에서 10등이던 애틀랜타가 무려3.0%의 확률을 뚫고 전체 1픽에 당첨되는 행운을 누렸다.그치만 하필이면 이해 드래프트 풀이 별로라서 참으로 애틀랜타스럽다는 평이 다수 의견그리고 다음 해인 2025년에는 서부 10위이자 리그 전체 20위, 뒤에서 11등이었던 댈러스가 애틀랜타보다 더한1.8%의 확률로 전체 1픽을 차지하는 초대박이 터졌으며, 이해 전체 1순위가 유력한 초특급 유망주쿠퍼 플래그를 노리고 대놓고 탱킹했던 최하위 TOP 3 유타, 워싱턴, 샬럿은 각각 5픽, 6픽, 4픽을 받는 데 그쳐 모두 TOP 3에서 탈락하면서 죽 쒀서 개준 꼴이 되었다. 그러다가 2026년에는 전체 꼴찌인 워싱턴이 전체 1픽에 당첨되면서 오랜만에 전체 꼴찌팀이 1픽을 획득하는 데 성공했다.게다가 2013년부터 2017년까지 연속 탱킹을 시전해 2014년조엘 엠비드, 2015년자릴 오카포, 2016년벤 시몬스, 2017년마켈 펄츠를 지명하는 등 우수한 신인들을 끌어모았던 필라델피아는 2020년대 이후로도 우승은커녕 컨파조차 진출하지 못하면서 프로세스가 배드엔딩으로 끝날 위기에 처했으며, 선수의 멘탈 때문에 구단과 선수가 싸우는 일도 일어나는 등 점차 팀이 붕괴되고 있다. 2017년 지명한 마켈 펄츠는 버스트픽으로 전락했고, 특히 2021년에는 동부 1위를 했음에도 2라운드에서 대역전패를 당하는 등 경기 운영에서 문제를 보이며 3:4로 5위애틀랜타 호크스에 업셋당해 컨퍼런스 파이널 진출에 실패했다. 2라운드 탈락의 원흉인벤 시몬스는 도저히 필라델피아에 못 있겠다고 트레이드를 요청했다. 그리고 2022년 2월,제임스 하든이 식서스로 가는 트레이드를 통해브루클린 네츠로 떠났다.벤 시몬스는 브루클린에서도 드러눕기를 시전하고 있다.그러나, 1라운드 후반에 뽑은 맥시와 3순위로 뽑은 엣지컴이 활약하였고, 2026년에 폴 조지+가치가 비교적 낮았던 지명권을 제일런 브라운으로 바꾸더니르브론 제임스를 영입하며 드디어 대권에 도전할 만한 전력을 확보했다.2026 시즌 종료 후 NBA에서는 탱킹 방지를 위해 로터리 픽 확률을 또다시 개정했는데, 시즌 막판 고의 패배를 막기 위해 최하위 3팀의 1픽 당첨 확률을 동부/서부 컨퍼런스 플레이 인 토너먼트 9~10위 탈락 4팀과 같은 5.4%로 대폭 낮추었다. 나아가 지난 드래프트에서 전체 1픽에 당첨된 팀은 그다음 해 로터리에서는 1픽 당첨 대상에서 배제되며, 2년 연속으로 5픽 이내에 당첨된 팀의 경우에도 그다음 해 로터리에서는 5픽 이내 당첨 대상에서 배제된다. 또한 플레이 인 토너먼트에 진출하지 못한 애매한 순위의 나머지 7팀이 8.1%로 최하위 3팀보다 높은 확률을 배정받게 되었고, 플레이 인 토너먼트 7~8위 결정전에서 탈락한 2팀도 2.7%의 확률을 배정받으면서 시즌 후반까지 최선을 다하는 것을 유도하는 방향으로 개정되었다.4.2.MLB[편집]21세기 들어 가장 유명한 탱킹 사례는 바로 2010년대 초반의휴스턴 애스트로스인데 이 항목의 여러 탱킹 사례 중 가장 극단적이고 성공적인 사례로 뽑을 만하다. 2000년대 후반까지 애매하게 높은 페이롤과 애매하게 낮은 순위로 인한 악순환을 타개시키고자 아예 때려 부수고 다시 짓는 방식의 탱킹을 시행하여, 팀 페이롤이 2천만 달러 대로 스타 선수 한 명의 연봉보다도 적고, NPB 팀 수준까지 떨어진 적도 있을 정도. 이런 과격한 탱킹에 힘입어 3년 연속 시즌 100패를 찍는 등 이건 해도 해도 너무하는 것 아니냐는 평이 나온 바 있다. 하지만 이 해도 해도 너무한 탱킹의 힘으로카를로스 코레아,알렉스 브레그먼,조지 스프링어를 얻어냈고 2015년부터 살아나더니 2017년엔 드디어월드 시리즈 우승을 차지했다.[38]휴스턴은 단축시즌을 제외하면 아메리칸리그 서부지구를 매년 우승하고 있으며, 치팅 없이도 2019년/2021년 월드시리즈에 진출하고[39]2022년에는 기어코 결점 없는 월드시리즈 우승을 하면서 탱킹의 효력을 입증했다.크리스 데이비스의 역대급 먹튀짓으로 '윈나우 탱킹'이라는 희대의 운영을 통해 2010년대 후반 개그팀으로 전락했던볼티모어 오리올스또한애들리 러치맨,거너 헨더슨등 탱킹으로 수집한 상위픽 유망주들이 배신하지 않으면서 2023년에 100승 고지를 밟으며 지구 우승을 차지하면서 완벽한 부활에 성공했다. 사실 오리올스도 막가파식 탱킹을 한 건 절대로 아니다. 이전까지만 해도 볼티모어의 팀 시스템은 메이저리그에서 가장 낙후되었다는 평가를 받았지만 2018 시즌을 전체 최하위로 마친 이후, 곧바로 탱킹의 본가였던 휴스턴에서 프런트 인사를 빼오고, 데이터 분석 파트를 늘리고 이에 기반한 맞춤형 선수 지도를 도입하는 등 구단 내부적으로도 개혁을 했다.그러나 사실 MLB에서의 탱킹은 NBA의 효과보다 덜한 편이다. 전술되어 있듯이 출전선수가 얼마 되지 않아 특급유망주 1명의 가세만으로 전력이 확 바뀌는 농구와는 달리, 야구는 기본적으로 9명의 선수로 구성되며 타자의 경우 한 경기에 많아야 5번, 투수는 5경기에 1번 쓸 수 있기 때문에 최소 3~4명은 한꺼번에 터져줘야지 특급 유망주 하나로 팀 자체가 확 바뀌지는 않는다.그럴 거면현역 최고의 선수가 둘이나있는LA 에인절스는 진작에 우승을..야구에서는 유망주들이 성장하기 위해서 루키-싱글A-더블A-트리플A의 최소 4단계[40][41][42]모두 거치게 하는 것이 기본 코스이기 때문에 한두 해 탱킹하는 걸로는 어림도 없다. 물론 휴스턴처럼 < 1단계: 3~5년 동안 작정하고 탱킹을 해서 유망주들을 끌어모으고, 2단계: 탱킹 기간 동안 그 유망주들이 모두 터지는 행운이 곁들어지며, 3단계: 그 기간에 맞춰 적절한 FA 선수들을 영입한다면 > 우승에 가까워질 수 있겠지만 유망주가 터지지 않는다면 그저 팬들에게는 재앙일 뿐이다.[43]2014~2015년 캔자스시티처럼 스몰마켓이 원기옥을 터트려 월드 시리즈에서 우승한 경우도 있지만 동 시기 디비전 시리즈를 넘지 못하고 다시 약체로 전락한 피츠버그의 사례도 있고, 휴스턴의 사례로 인해 빅마켓 팀들조차 탱킹에 맛들리면서 이제는 스몰마켓 팀들이 탱킹으로 유망주를 모아 터트리는 것도 어려워지고 있으며, 2020년대 들어서는 디트로이트뿐만 아니라 피츠버그, 캔자스시티, 신시내티 같은 스몰마켓은픽순위가 아무리 빨라도 유망주 팜 랭킹조차도 하위권인 경우가 대다수이다. 왜냐하면 드래프트뿐만 아니라 국제 계약도 있고, 시즌이 힘들어지면 빅마켓 팀은 FA를 앞둔 즉전급 선수를 타팀에 트레이드하거나 대량의 연봉보조를 해주고 유망주를 얻어오는, 즉돈 주고 유망주를 사오는방법도 가능하기 때문이다. 특히 빅마켓 팀들이 외국인 유망주를 독점하는 것을 막기 위해 계약금 총액과 연봉이 제한된 국제 아마추어 계약에서도 유망주들이 주변 인프라가 열악하거나 장기적으로 꾸준한 성적이 보장되기 어려운 스몰마켓을 기피하는 경우도 많아 제시한 금액과 무관하게 스몰마켓 팀들이 영입전에서 빅마켓에 밀리는 경우도 비일비재하다.그럼에도 불구하고 2010년대 후반부터는 너무 대놓고 탱킹하는 팀들이 생기는 바람에 관중수가 줄어드는 현상이 불거지고 있다.MLB 관중 감소 심각, 선수노조 ""탱킹 그만해!""2018시즌 AL 중부지구에서는 탱킹으로 인해 5팀 중 4팀이 시즌을 포기하는 파행 운영이 벌어졌다.[44]디트로이트 타이거즈,시카고 화이트삭스,캔자스시티 로열스3팀은 시즌 전부터 탱킹을 선언하며 초장부터 바닥을 깔아주며 시즌을 시작했고,미네소타 트윈스는 시즌 중반 이후 순위 경쟁에서 나가떨어지며 선수를 팔아치우기 시작했다. 덕분에클리블랜드 인디언스가 아무 경쟁도 없이 어부지리로 가을 야구에 진출하는 촌극이 벌어졌고, 결국휴스턴 애스트로스에게 단 1승도 못 거두고 광탈했다. 또한 픽순위가 바뀌는 경우 고통받기도 한다. 대표적인 예가 2017년파블로 산도발의 끝내기 홈런으로 전체 1픽을디트로이트 타이거즈에 내주게 된샌프란시스코 자이언츠.결국 탱킹이 도가 지나치다고 판단한 모양인지 2022시즌을 앞두고 노사협약이 극적으로 타결될 때 NBA처럼 로터리 픽이 도입되게 되었다. 최하위 3팀이 16.5%로 동등한 확률을 가지게 되며, 휴스턴의 사례를 막기 위해 빅마켓 구단은 6픽 이내에 당첨될 시, 사무국으로부터 수익 분배금을 받는 스몰마켓 구단은 2년 연속으로 6픽 이내의 지명권을 획득했을 경우 저조한 성적을 거뒀더라도 다음 해 드래프트에서 6순위 이내 당첨 대상에서 배제된다.그러나 2022년에는오클랜드 애슬레틱스의 도를 넘은 탱킹, 사장 데이브 카발의 계속되는트인낭[45], 지역사회와의 싸움+티켓값 인상으로 인해 관중들이 아예 직관을 포기하면서관중석 섹스 사태가 일어날 정도로평균관중 수가 9600명대로 추락하고[46]5월 3일에는 2488명이 와서 팀 최소관중 기록을 찍는 사태가 발생했다. 관중이 안 와서 돈을 못 쓰는 게 아니라,돈을 안 써서 관중이 안 온다[47]를 보여주는 실제 사례. 인구규모를 감안한다면KBO 리그, 산하 마이너팀보다도 못한 성적을 거둔 셈인데, 팬들로 탱킹과 긴축으로 팬이탈덕한다면 연고지를라스베이거스로 옮겨도 희망이 없다[48]고 하면서 차라리 구단을 매각하라고 하고 있다. 결국 오클랜드는 2025년부터 2027 시즌까지 새크라멘토를 임시 연고지로 사용한 뒤, 2028 시즌부터 라스베이거스로의 연고지 이전을 확정지었다. 이러다 보니 오클랜드 팬들은 아예 탬파베이와의 비인기팀 대전에서 역 보이콧 운동까지 일어났다.[49]또한, 로터리 픽의 도입과 더불어 와일드카드 진출 팀이 리그당 3팀, 총 6팀으로 확대되면서 포스트시즌 진출 팀이 양대 리그 총 10팀에서 12팀으로 늘어났다. 애초에 MLB는 다른 4대 스포츠에 비해 포스트시즌 진출 팀이 훨씬 적었는데[50]이로 인해 포스트시즌 진출 컷이 지나치게 높아 경쟁에서 조기 탈락하는 팀이 많아졌고, 이것이 과도한 탱킹과 리그 흥행 저해를 유발한다는 의견이 선수협 측에서 제기되었다. 결국 2022시즌을 앞두고 벌어진 노사협상에서 선수협 측은 14팀 포스트시즌을 제안했으며, 결과적으로 협상 끝에 12팀으로 결정되었다.이에 따라 포스트시즌 포맷도 변화해 각 리그별로 동부/중부/서부지구 우승팀 3팀 중 승률이 가장 높은 2팀은 각 리그 디비전 시리즈에 직행하며, 와일드카드 시리즈도 3판 2선승제로 개편되어 지구 우승팀 중 승률이 가장 낮은 한 팀과 와일드카드 진출 3팀이 경기를 치러[51]디비전 시리즈에 진출하는 2팀을 가리게 되었다. 또한 메이저리그만의 전통이던 타이브레이커 게임도 없어지고 NFL 타이브레이크 룰대로 승률이 같은 팀을 걸러내게 되었다. 그리고 제도 개편 첫 해인 2022년에는필라델피아 필리스가, 2023년에는애리조나 다이아몬드백스가 종전 제도였으면 포스트시즌 진출이 불가능했던 리그 6번 시드로 월드 시리즈에 진출하며 포스트시즌 확대에 따른 수혜를 보았다. 어쨌든 선수협의 의도대로 포스트시즌의 흥미거리가 늘어났음을 보여 주는 결과라 할 수 있다.물론뉴욕 양키스나로스앤젤레스 다저스[52],보스턴 레드삭스같은 돈이 넘쳐나는 빅마켓 팀은 국제 계약, 포스팅 등 다양한 방법으로 유망주를 쓸어담을 수 있기 때문에 아무리 우승권에서 멀어졌고 팀 상황이 안 좋다 하더라도 끝까지 최선을 다하며 대놓고 탱킹을 시전하진 않는다. 오히려 탱킹으로 돈 몇푼 아끼려다가 탱킹을 용납하지 않는 팬 문화와 그로 인한 관중 감소로 인해 더 큰 손실을 뒤집어 쓸 것이 뻔하기 때문이다.사실 그 전에 구장에서 폭동이 날 확률이 더 높다보스턴은 유망주를 싹 털어먹으며 2018년에 우승했으나, 2019년부터데이브 돔브로스키의 윈나우 기조, 유망주 퍼붓기 딜 등으로 유망주 유출+고액계약 먹튀가 빈발하면서 욕을 먹었다.로터리 픽의 첫 시행으로 가장 이득을 본 팀은피츠버그 파이리츠와디트로이트 타이거즈,미네소타 트윈스이다. 파이리츠는 이전 제도였으면 3번 픽이었을 것이 로터리 픽 도입으로 인해 워싱턴, 오클랜드와 같은 확률을 보장받았고, 추첨 결과 MLB 역사상 최초로 로터리 픽 1번을 행사한 팀이 되는 행운을 잡았다. 이 첫 로터리 픽 전체 1순위로 지명된폴 스킨스는 2024년 내셔널리그 신인왕을 차지했으며, 타이거즈는 이전 제도였으면 6번 픽이었을 것이 로터리 결과 22시즌 전체 최하위였던워싱턴 내셔널스에 이어 3번 픽이 되었으며, 트윈스는 2022시즌 윈나우를 하다가 DTD를 했는데, 이전 제도였으면 13번 픽이었을 것이 로터리 결과 5번에 당첨되는 대행운을 누렸다.반면 시즌 전부터 주축들을 전부 팔아치우며 노골적인 탱킹을 한오클랜드 애슬레틱스는 뒤에서 2등임에도 6번 픽이 걸리는 불운을 맞이하며[53]당해 최하위 3팀(워싱턴, 오클랜드, 피츠버그) 중 유일하게 3순위 이내 지명권 당첨에 실패하면서인과응보가 되었다. 그러자 오클랜드는 2023년에는 확실히 전체 최하위를 하기 위해 더더욱 노골적인 탱킹 행보를 이어갔고 끝내 110패를 해내며 2023 시즌 전체 꼴찌 자리를 차지했다. 뒤이어는캔자스시티 로열스,콜로라도 로키스,시카고 화이트삭스가 100패를 하며 오클의 뒤를 이었는데, 웃기게도 로키스와 화이트삭스는 페이롤도 꽤 쓰는 팀이 시즌을 말아먹어 엉겁결에 이런 높은 순위에 당첨되었다.그런데 이번에는 9순위였던클리블랜드 가디언스가2%[54]의 확률을 뚫고 전체 1픽을 가져갔고, 한술 더 떠서 작년 미네소타와 마찬가지로 이전 제도였으면 13순위 픽이었던신시내티 레즈가0.89%[55]확률로 전체 2픽을 가져가면서 2022 시즌 4순위였음에도 7픽으로 밀렸던 불운을 씻어냈다. 게다가 이번 드래프트에서는 5순위였던 내셔널스가 수익 분배를 적용받지 않는 구단이라 2연속 6픽 이내 금지 조항 때문에 1~6순위 지명권 당첨에서 배제되면서 최하위 3팀의 1픽 당첨 확률이 16.5%에서 18.3%로 1.8%나 올랐던 상황이었음에도콜로라도 로키스가 3픽을 가져가며 선방했을 뿐 정작 가장 노골적인 탱킹을 한 오클랜드는 4픽에 그치면서 그야말로 죽 쒀서 개 주고 말았다. 그나마 백투백 6픽까지는 아니라지만이제 오클랜드는 2024년에 0승 162패를 해도 수익 분배를 적용받는 구단의 경우 3연속 6픽 이내 금지 조항 때문에 아무리 빨라도 10픽이다.오클랜드의 라스베이거스 연고이전에 찬성하는 야구팬들도 도저히 이 탱킹은 두 눈을 뜨고 못 볼 수준이라고 구단을 비판하고 있다.[56]그래도 이 탱킹을 통해 얻어낸제이콥 윌슨(2023년 6순위)과닉 커츠(2024년 4순위)가 주전으로 도약하고, 커츠는 2025년 아메리칸리그 신인왕을 만장일치로 수상하면서 애슬레틱스에게는 전화위복이 되었다.여기에 2023 시즌 또 다른 최하위 3팀 중 하나인캔자스시티 로열스도 2022 시즌 뒤에서 2등임에도 6픽에 그친 오클랜드의 재림이 되어 기존 4순위(14.7%)였던 화이트삭스에게도 밀린 6픽에 당첨되면서 최하위 3팀 중 가장 낮은 순번을 받아들었다. 그나마 로열스는 마지막 우승이 2015년으로 클리블랜드(1948), 피츠버그(1979), 디트로이트(1984), 오클랜드(1989), 신시내티(1990)에 비해 오래되지는 않은 편이지만 스몰마켓의 한계로 인해2015년 월드 시리즈우승 이후 포스트시즌과 거리가 멀어져 팜 랭킹도 전체 30위일 정도로 암울한 상황이었는데, 로열스는 2022년에도 이전 제도였으면 5번 픽이었을 것이 로터리 결과 8번 픽으로 하락한 것에 이어 오클랜드와 함께 드래프트에서 또다시 불운의 주인공이 되고 말았다.2024 시즌의 경우 세 차례의 두 자릿수 연패(14연패, 21연패, 12연패)와 함께 MLB 단일시즌 최다패(121패) 신기록을 세운시카고 화이트삭스가 탱킹리그 1위를 사실상 확정한 데 이어, 구단주가 아예 팀 운영을 포기한 것이나 다를 바 없는 오클랜드, 오타니도 떠나고 트라웃마저 유리몸으로 전락해 100패만 면했을 뿐 팀 통산 한 시즌 최다패(99패)를 기록한 에인절스, 전력이 약한 것이 뻔히 보이는데도 구단주가 충분히 포스트시즌에 진출할 수 있는 전력이라고 억지 주장을 하며 악성 계약을 남발해 팀을 말아먹고 답이 없는 콜로라도, 주축을 트레이드로 다 팔고고우석등 망한 계약을 떠안아가면서까지 유망주 수집에 들어간마이애미 말린스가 2위권 4강을 형성하고 있다. 그나마 오클랜드는 2024 시즌 후반기 들어서 점차 나아지는 경기력을 보여주고 있으며, 라스베이거스 입성을 앞두고 성적을 끌어올리기 위해 오프시즌 여러 FA 선수들을 보강했지만 에인절스와 콜로라도의 경우 어느 순간부터 탱킹인지, 막장 구단주 덕분에 아예 팀이 망한 건지를 구분하기 힘든 지경에 이르렀고, 고작 한두 해 상위픽을 얻는다고 해결이 가능할지가 매우 의문스럽게 되었다.심지어 화이트삭스는 지난 시즌에도 5순위로 로터리 픽에 당첨되었고 수익 분배의 적용을 받지 않는 빅마켓이기 때문에, 2년 연속으로 로터리 픽에 들어가는 것이 불가능해서 아무리 높아봐야 10순위 지명권밖에 얻을 수 없는 상황이다. 이 팀의 추락은 단기간에 벌어진 일이 아닌 팀에 수년간 쌓인 문제점들이 단번에 터진 것에 가까운데, 근 10여 년간 타팀에 유망주를 퍼주고 데려온 선수들이 죄다 노쇠화, 부진으로 망해버린 데다 팀 내에서는 안 터지던 유망주가 타팀 가서 터지는 사례가 빈번해지고, 팀의 주장이었던호세 아브레우가 FA로 이적한 후 팀 리더의 부재로 인해 선수단 분위기도 박살 난 데다,에릭 페디등 주축 선수들을 내보내며 탱킹을 선언했음에도 얻은 대가도 형편없었다. 그 와중에도 핵심 트레이드 매물이었던개럿 크로셰가 부상 전력을 이유로 트레이드될 시 연장 계약을 안 해주면 포스트시즌을 안 뛰겠다는 망언을 하면서 트레이드 판을 엎어놓는 등 팀의 속을 끝까지 썩이고 있는 중이다.[57]반면 로열스는 로터리 픽에서의 불운이 반복되자 중부지구가 다른 지구에 비해 경쟁이 덜하다는 점을 노려 2024 오프시즌에만 FA 시장에서 리그 전체 4위에 해당하는 1억 1100만 달러를 투자해 즉전급 FA 선수들을 다수 영입했으며, FA 선수들과 단기 계약하는 방식을 통해 성적이 나지 않을 경우 시즌 중 주축 선수들을 트레이드해 유망주를 다수 확보하는 전략으로 선회했다.[58]다행히도 장기계약으로 붙잡은 팀의 미래인바비 위트 주니어가 2024 시즌 리그 최정상급 타자로 올라섰고, FA로 영입한 선수들이 그럭저럭 이름값을 해 주면서 여전히 지구 하위권을 찍고 있는 오클랜드, 콜로라도와는 달리 시즌 초 예상을 뒤엎고 전체 5번 시드로 2024 시즌 포스트시즌 진출에 성공했다.[59]2025년에는 본격적인 탱킹 시즌으로 들어간 시카고 화이트삭스가 여전히 아메리칸리그 최하위에 머물고 있지만 그래도 작년보다 어느 정도는 나아진 모습을 보여주고 있고 끝내 2026년 포스트시즌 진출에도 성공했다. 반면 콜로라도 로키스는 서부지구 4팀의 훌륭한 로열젤리 역할을 하면서 1할대 승률에서 벗어나지 못하면서 역대 최악의 시즌을 갱신하고 있다. 그나마 2025년 드래프트에서0.7%확률을 뚫은 뒤에서 15등이었던 시애틀에게 3픽을 내주긴 했지만 4픽에 당첨[60]되면서 같은 최하위 3팀임에도 7픽에 그친 말린스보다는 사정이 나으나, 3년 연속 드래프트에서 6픽 이내에 당첨될 수 없기에 압도적인 최하위를 하더라도 2026년 드래프트에서는 최소 10순위 지명권밖에 얻을 수 없는 상황이다. 콜로라도는 최근 몇 년간 하위권이었음에도 유망주 랭킹까지 처참하기에 탱킹이 아니라 아예망한 팀이라는 게 정설이며, 결국 팀 프랜차이즈 사상 최다패 기록을 갱신하며 메이저리그 전체 꼴찌 및 유일한 2할대 승률로 시즌을 마무리하였다. 그리고 2026 시즌까지 전체 꼴찌를 기록하며 마찬가지로 같은 해 창단 첫 100패의 불명예를 떠안았으나 모레노 구단주를 떠나 팀이 매각되어 일말의 희망이라도 가져볼 수 있는 에인절스와는 달리 진짜 답이 없음을 증명했다.4.3.NFL[편집]미국 4대 스포츠(MLB, NBA, NFL, NHL) 중 유일하게 전체 최하위 팀에게 다음 해 전체 1순위가 보장되는 리그지만[61]NBA에 비해 탱킹을 노골적으로 하지는 않는데, 1년 경기 수가 적고 시즌이 짧아서 실제로 못하는 것과 탱킹 간의 경계가 모호하고, 다음 시즌 드래프트에 어떤 유망주가 1픽을 받을지 예측하기도 쉽지 않기 때문이다. 당장 컨텐딩 팀이라도 부상 악령에 시달려서 시즌을 망치는 게 한두 번 일어나는 일이 아니다.실제로 NFL 시즌 시작 당시에 예상되던 다음 해 드래프트 1번 픽과 실제 드래프트 1번 픽이 다른 경우는 흔하다. 게다가 여기는 MLB처럼 샐러리캡 규정이 널럴한 편이 아니다. 샐러리캡의 상한선을 절대로 넘겨서도 안 되지만, 하한선 또한 절대로 도달하지 못하면 안 된다. 그리고 상한선과 하한선의 차이는 그다지 크지 않다.명목상은 그런데 사실 하한선은 안 지키는 게 부지기수또한 미식축구 자체가 의외로 하위권 팀이 상위권 팀에 이길 확률이 다른 스포츠에 비해 높은 편이다.[62]그래서 탱킹 의혹을 받는 팀은 흔하지만 실제 탱킹이었는지, 그냥 엄청나게 못한 것인지 여부가 모호한 경우가 많다. 예를 들어 시즌 전패의 신화(?)를 써내려간 2008년디트로이트 라이언스는 원래 탱킹으로 시작한 팀은 아니다. 오히려 그 전 해인 2007년 시즌에 2006년에 비해 상당히 승리를 더 챙긴 데다가 전체 2번으로 뽑힌 메가트론까지 합류해서 팀이 상승세에 있어 혹자는 플레이오프행을 점치기도 했던 팀이었다. 하지만 시즌 초반에 주전 쿼터백이 부상으로 이탈하는 등 악재가 겹치면서 밑바닥까지 추락한 것이다. 최근의 사례를 들자면 2023시즌캐롤라이나 팬서스도 비슷한데, 이쪽도 과감하게 픽업을 해서 전체 1번브라이스 영을 뽑아왔지만, 지속적으로 팀 전력을 드래프트 픽으로 바꿔먹는 짓을 해왔다 보니 로스터가 너무 빈약한 나머지 전체 꼴찌를 해버렸다. 그러나 1라운드 픽을 이미시카고 베어스에게 넘겨줬기 때문에시카고 베어스는 전체 1번을 날로 먹었다.2024년 전체꼴찌테네시 타이탄스나 2025년 전체꼴지라스베이거스 레이더스역시 대놓고 탱킹은 아니었지만 시즌이 망해버려서 전체 1픽을 얻게 된 케이스에 가깝다.4.3.1.때때로는 극단적인 탱킹[편집]그러나 예외가 있는데, 대학 레벨에서 역대급 쿼터백이 나왔다 하면NBA는 이력서도 못 낼 만큼 미친 탱킹을 한다. 경기 수가 적기 때문에 이때부터 작정하고 지기로 한 팀들은단 한 번이라도 이기는 순간 1픽이 날아갈 수도 있다.[63]미식축구는 53인 로스터로서 출전 선수가 매우 많지만, 특급쿼터백의 영향력이 매우 크다. 아무리 컨텐더급 스쿼드라도 쿼터백 하나가 못 하면 바로 시즌 망칠 수도 있는 종목이다. 게다가 팀을 슈퍼볼로 이끌 레벨의 쿼터백은 어지간해서는 FA로 얻을 수 없다.[64]반면 전술했듯이 쿼터백 이외의 유망주를 두고 탱킹하는 사례는 흔치 않다. 그냥 성적 나오는 대로 지명하는 정도. 다만 여기 리그는 대학을 거쳐온 선수들이 드래프트에 나와서 뽑아서 실력이 되면 바로 주전이라 픽 트레이드가 엄청 많다. 다른 리그에 비하면 단순히 많은 정도가 아니다. 로또픽은 너무나도 흔하게 트레이드되며 한 픽 가지고 3~4번 트레이드되는 게 일상이다. 심지어는 코치가 타 팀의 헤드코치로 승진할 경우에도 이전 소속팀에 드래프트 픽을 줘야 한다.[65]참고로 NFL의 플레이오프 진출 타이브레이커는 매우 복잡한데, 드래프트 픽 타이브레이커는 SOS[66]과 동전 던지기가 끝이다. 물론 시즌 전적과 SOS까지 같은 경우는 거의 없기에 웬만한 경우는 SOS를 통해 결정난다.또한, 루키 선수들은 FA 선수들에 비해서는 당연히 값이 싸지만 보장 계약이기 때문에 상위픽 선수들이 버스트로 전락하면 매우 곤란해진다. 방출 시에 데드 캡이 있어서 함부로 방출할 수도 없기 때문이다.역시나 여기서도피츠버그 스틸러스,댈러스 카우보이스같은 명문 구단들은 탱킹을 하면 팬들이 절대로 그냥 두고 보지 않기 때문에, 어떻게든 주어진 전력에서 최선을 다한다. 그래서인지 카우보이스나 스틸러스 전부 최근 들어서는 포스트시즌 진출 정도가 한계고 우승 컨텐더에는 꽤 거리가 있는 상태이다.[67]2011년인디애나폴리스 콜츠시즌 전 주전 쿼터백이던페이튼 매닝이 고질적 목 부상 때문에 시즌 아웃을 이미 당한 상태라 꼴찌는 예견되어 있고 다음 해 드래프트에는 역대급 유망주였던앤드루 럭이 대기하고 있던 상황. 심지어 그다음 가는 유망주로 평가되던 로버트 그리핀 3세도 다른 해였으면 충분히 1번 픽을 받을 만한 유망주였다. 그리하여 팬들도 대놓고 ""Suck for Luck""[68]을 외쳤다. 결국 백업 쿼터백인댄 올로브스키디트로이트 라이언스 전패의 주인공를 앞세워 2승 14패의 압도적인(?) 성적으로 앤드류 럭을 손에 넣는 데 성공한다. 앤드류 럭은 기대한 대로 엘리트 쿼터백의 반열에 올랐지만, 팀은 앤드류 럭만 믿고 다른 부분 (특히 라인맨) 보강을 소홀히 하여 2014년 AFC 챔피언십 진출 외에는 이렇다 할 성과를 내지 못하고 있다. 여기에다 오펜시브 라인이 부실하여 계속 수비수들한테 얻어맞으며 플레이한 럭은 최근 유리몸이 되어가고 있다. 그런데 그랬던 럭이 2019년 8월 26일 개막 불과 2주를 남긴 시점에서 충격적인 은퇴를 선언하면서[69]콜츠의 쿼터백 고민은 다시 시작되었다. 결국 콜츠는자코비 브리셋,필립 리버스,카슨 웬츠,맷 라이언등 각종 백업급이나 기량이 하락한 쿼터백으로 돌려막기를 하다가 2023시즌 전체 4픽으로앤서니 리차드슨이라는 신인 쿼터백을 맞이했으나 이거마저도 버스트로 멸망했고 2025시즌에 드디어대니얼 존스라는 평균 이상의 쿼터백을 얻는 데에 성공했으나, 존스조차도 부상으로 시즌 아웃이 되면서 은퇴한 지 5년이 된 필립 리버스를 다시 데려오는 일까지 벌어졌다.2018년오클랜드 레이더스이쪽은 팀의 성공을 이끌었던 처키존 그루덴을 무려 10년 1억 달러 계약으로 모셔왔더니,[70][71]오자마자 작정하고 팀의 코어이자 FA 계약을 앞뒀던 수비 에이스칼릴 맥을 트레이드로시카고 베어스로 보내고 작정하고 시즌 시작하자마자 탱킹을 벌여 엄청나게 욕을 먹었다. 팔 수 있는 선수는 다 팔아서 드래프트 픽을 챙겼고 나가는 선수는 나가자마자 레이더스를 디스하는 모두가 욕하는 지독한 탱킹의 사례. 다만 그러고도 리그 최하위는 공격진이 폭망해 버린애리조나 카디널스가 되었고, 하필이면 베어스가 이 해애만 잘 해 버리는 바람에 받은 픽도 시원찮게 되었다. 게다가, 그렇게 오클랜드가 욕을 먹으면서 확보한 전체 4픽을 베어스한테 받은 24번 픽에서나 뽑을 만하다는 평을 받는 클레일린 패럴한테 행사하는 삽질을 했고조시 앨런, 트레다비우스 화이트 거르고 클레일린 패럴거액으로 모셔온 그루덴은 2021 시즌 도중 불명예 퇴진했다.한편, 카디널스가 뽑은 한국계 쿼터백카일러 머리는 만년 하위팀이던 애리조나를 벌써 2년차만에 플레이오프 가시권까지 끌어올렸고, 3년차에는 팀을 6년 만에 포스트시즌으로 이끌었다. 다만 후반기만 되면 작아지는 것은 아쉬운 부분.2019년마이애미 돌핀스탱킹의 역사를 새로 쓰고 있는 중. 다음 해 쿼터백 풀이 좋은 편이라[72]전례가 없을 정도로 노골적인 탱킹을 보이며 이에 질린 선수들이 탈출하고 있고 홈구장은 빈자리 천지. 같은 탱킹팀 워싱턴 상대로 치열한(?) 대결 끝에 지며 완벽한 탱킹시즌을 향해 가고 있다. NFL 세 번째 전패 시즌이 거의 확정적일 정도... 2008-09 라이언스와 다른 점이라면 이 팀은 작정하고 지고 있다는 점이다.[73]근데 정작 탱킹하라고 세운 라이언 피츠패트릭이 5승을 하면서 전체 5픽으로 밀려났다. 그 와중에 마지막 17주차에 지구 우승팀뉴잉글랜드 패트리어츠를 잡아서 패츠를 10년 만에 3번 시드로 끌어내린 건 덤. 아이러니하게도 돌핀스가 의도치 않게 승을 쌓던 도중 1순위가 거의 유력했던 투아도 부상으로 가치가 떨어지는 바람에 결국 돌핀스로 오게 되었다. 부상을 이후에 당시 돌핀스 헤드코치였던 플로레스는 이 해 돌핀스가 1패당 10만 달러를 추가로 성과금으로 주겠다고 주장하는 등 팀이 대놓고 탱킹을 시전했다고 구단에 소송까지 제기했다.[74]2019년신시내티 벵골스2018-19 시즌 끝나고 코치진을 다 물갈이 하더니[75][76]NCAA에서 역대급 재능으로 평가받는조 버로우를 픽하려고 그야말로 제대로 탱킹을 하기 시작했다[77]. 돌핀스와 함께 시작부터 10연패를 하더니 돌핀스가 연패를 탈출한 사이에도 2연패를 더했고 브라운스, 돌핀스에게까지 지는 등 완벽한 탱킹을 향해 가장 먼저 앞서갔다. 시즌 전 마이애미의 대규모 엑소더스에 묻혀 워낙 조용히 탱킹을 해서 다들 모를 뿐 결국 2승 14패로 기어코 1번픽을 따냈다. 그리고그 때 뽑은 쿼터백은 단 2년 만에 팀을슈퍼볼로 이끌었다.2020년뉴욕 제츠/잭슨빌 재규어스모든 종목을 통틀어 닥치고 탱킹의 가장 극단적인 사례 중 하나. 이 해에는트레버 로렌스라는 역대급 최대어 쿼터백이 나온다. 재규어스는 3년 전 나이너스를 약팀으로 몰아넣고 잘린 사람을 선수 인사에 임명하여 탱킹을 천명했고, 램스한테제일런 램지를 팔고 1라운드 픽을 받았다. 제츠 역시 시호크스한테자말 아담스를 팔고 2년치 1라운드 픽을 챙겼고, 클리블랜드 전패 시즌의 휴 잭슨처럼 대놓고 하자 감독인 애덤 게이스[78]를 시즌 끝까지 데리고 가는 중이다. 그리고 제츠, 재규어스 둘 다 연봉총액은 한도에서 무려 70M 이상 미달되는 상황[79]이라 빼도 박도 못할 탱킹. 이래서제츠는 개막 13연패, 잭슨빌은 개막전 승리 후 남은 15경기 전패라는 막장 상황이 연출되었다. 그래서 꽤 많은 제츠 팬들이아예 대대적으로 조리돌림 받는 것을 감수하고 팀이 0-16을 하기를 바랬고제츠가 개막 13연패 이후 1승을 했을 때 전패를 면한 것에 기뻐하기는커녕 오히려망했다!를 연발했다.[80]결국 제츠가 다음 경기에서 2승째를 챙기면서[81][82]재규어스가 전체 1픽, 제츠가 전체 2픽을 가져가는 것이 확정되었다. 탱킹 레이스와 별개로 제츠, 재규어스 둘 다 1라운더 쿼터백을 지속적으로 버스트로 만들어 버렸던 팀이라 이 두팀의 팬덤 사이에서도 로렌스의 미래가 어둡다는 말이 나오고 있다.참고로 이 두 팀의 눈 뜨고 볼 수 없는 탱킹으로 인해 승률 인플레가 일어나게 되고 제츠와 같은 디비전인 마이애미 돌핀스는 10승 6패를 하고도 7번시드조차 따내지 못했다. 같은 AFC(American Football Conference, 아메리칸 풋볼 컨퍼런스) 소속이라 성적 인플레이션으로 인해 플레이오프 진출에 실패하고 말았다. 하지만 돌핀스와 제츠는 같은 디비전인 데다가 제츠 상대로 2전 2승이었고, 반대로 7번 시드로 포스트시즌에 턱걸이한 콜츠는 잭슨빌한테 유일하게 1승을 내준 구단이라 딱히 콜츠가 이득을 봤다 하기에도 뭐한 편.로렌스가 데케이드급이라는 평을 받은 거 치고는 기대치에 못 미치기는 하지만, 탱킹이 실패작이라고 할 수는 없다. 이유는 전체 2번잭 윌슨, 전체 3번트레이 랜스, 전체 11번저스틴 필즈는 문자 그대로폭망했고, 이후에 뽑힌 쿼터백인 전체 15번 맥 존스나 전체 67번 데이비스 밀스도 리그에는 남아 있지만 프차 QB는 아니라 백업이 한계라고 평을 받기 때문이다. 즉 아무리 로렌스가 기대보단 못해도 전체 2,3번의 꼬라지를 보면 잭스의 탱킹은 나름 성공적인 셈. 이후 2025년리암 코언의 감독 부임 이후 로렌스는조시 앨런,라마 잭슨등에 맞먹는 NFL 수위급 프랜차이즈 쿼터백의 기량을 보여주기 시작한 반면 동년도의 다른 드래프트 쿼터백들은 리그에서 사라졌다.2026년마이애미 돌핀스7년 전에 탱킹을 통해 투아를 얻었고, 이후에도 타이릭 힐 등을 영입하며 돌핀스는 컨텐더가 되었다. 그러나 두 번의 포스트시즌 진출에 그쳤고, 그마저도 한 경기만에 광탈했다. 그리고 24, 25년 포스트시즌에 탈락하자 뇌진탕으로 인해 경기력과 건강이 무너진투아 텅오바일로아를 방출하는 강수를 두었고,타이릭 힐은 개인사 문제로 방출되었다. 이외에도제일런 와들등을 트레이드로 내보냈다. 결과적으로 2026시즌 돌핀스는샐러리캡 60%가 데드캡, 팀 내 연봉 TOP 5가 전부 팀 내에 없는기괴한 상황이 연출되면서 대놓고 탱킹 팀을 선언해 버렸다. 따라서역대급 최대어 리시버로 불리는제레마이아 스미스와 25년 이후의 쿼터백 풀 중 가장 좋은 평가를 받는아치 매닝의 드래프트 참가가 확정적인 2027시즌 전체 1픽 최유력 후보로 급부상하고 있다.아래 팀들은 대놓고 탱킹을 하지는 않았지만 탱킹 의혹을 산 적이 있다.2014년탬파베이 버커니어스원래부터도 잘 못하던 팀이었지만 2014 시즌 초반부터 엄청난 부진을 겪고 있었다. 그 와중에 다음 해 드래프트에는앤드류 럭이후 최대 유망주로 떠오르던제이미스 윈스턴[83]과마커스 마리오타[84]가 있었다. 결국 탬파베이 버커니어스는 2승 8패 이후 6연패를 하여 2승 14패로 전체 꼴찌를 기록하여 전체 1번 픽을 가져갔는데, 마지막 주차 경기인뉴올리언스 세인츠와의 경기에서 3쿼터 끝날 때까지 20-7로 이기던 경기를 4쿼터에만 16점을 내주며 역전패를 당했는데, 이를 두고 1번 픽을 노리고 일부러 경기를 져준 것 아니냐는 의혹을 사기도 했다. 결국 1번 픽으로는 모두가 예상했듯이 제이미스 윈스턴을 선택했고, 대학 시절 인성 문제가 여럿 불거져 나와서 우려의 목소리가 있었지만, 현재 윈스턴은 그러한 우려를 잠재우는 활약을 보이고 있다. 2015, 2016년 시즌 모두 플레이오프를 진출하지는 못했지만 점차 나아지는 전력과 함께 성적도 좋아져서 2017 시즌에는 모두가 플레이오프 진출을 기대하는 수준으로 전력이 좋아졌다. 그러나 윈스턴 본인의 불상사도 있어서 2018년에는 잉여급 고령 쿼터백인라이언 피츠패트릭을 주전 쿼터백으로 쓰고 성적이 개차반이 되었다.[85]결국 2019시즌 이후 윈스턴을 쳐내고북동부의 모 쿼터백을 모셔왔는데 윈스턴을 쳐내자마자바로 우승을 해버렸다.2017년뉴욕 제츠/버팔로 빌스시즌 전부터 주전 선수들을 아낌없이 팔아치우는 모습을 보이고 있다. 뉴욕 제츠의 경우, 딱히 주전으로 내세울 만한 쿼터백이 없음에도 불구하고, 조쉬 맥카운이라는 백업 쿼터백을 영입함에 그치는 모습에다, 오랜 기간 제츠의 수비를 책임졌던 라인배커 데이빗 해리스도 라이벌뉴잉글랜드 패트리어츠에게 너무나도 쉽게 내주고 있는 모습 때문에 탱킹 의혹을 어느 정도 받고 있다.사실 보강을 아무리 해도 쿼터백 상황을 보면 좋은 성적을 내기는 어려운 팀이긴 했다버팔로 빌스의 경우, 작년 주전으로 발탁되어 좋은 모습을 보였던 타이로드 테일러를 붙잡을 때만 해도 탱킹이 예상되지는 않았으나[86]이후 주전 와이드 리시버인새미 왓킨스를로스앤젤레스 램스로 트레이드하고, 그 보강이랍시고 2류 선수라 할 수 있는 라이언 매튜스를 트레이드로 데려 오는 등, 여러 모로 탱킹 팀의 면모를 보여주고 있다.이들 팀이 탱킹을 하는 이유는, 마땅한 주전 쿼터백이 없는 데다가, 2018년 드래프트에 다시 특급 쿼터백 유망주일 것으로 기대되는샘 다널드(USC),라마 잭슨(루이빌) 등이 대거 등장하기 때문. 결국 이들도 특급 쿼터백을 확보하기 위하여 탱킹을 할 것으로 예상된다. 그리고 2018년에는 AJ 맥캐런을 빌스가 영입했다가 레이더스로 트레이드했다. 결국 이 두 팀은 각각샘 다널드와조시 앨런을 지명했고[87]이 중 빌스는 2019년 바로 플레이오프로 갔다. 막상 드래프트 당시에는 다놀드는 성공, 조시 앨런은조쉬 로젠을 잘못 호명한 것 아니냐는 말이 나올 정도로 의문의 픽이라는 평이 대세였는데, 로젠은 폭망하고 앨런은 대박이 터졌으며, 다널드는 제츠에서는 망했으나미네소타 바이킹스에서 부활하더니시애틀 시호크스에서 팀을슈퍼볼 우승으로 이끌며 인간승리의 표본을 보여주었다.4.4.NHL[편집]로터리 제도가 있는 것을 비롯하여 많은 면이NBA와 비슷하다. 하키가 한 경기에 최대 20명 출전이 가능하지만 경기에서 뛰는 선수는 골리를 빼면 5명이라서 선수 개인에 대한 의존도가 높은 편이다. NHL 같은 경우 프로와 유소년의 차이가 굉장히 커서 상위픽이라도 유소년 리그나 대학교에서 몇 년 동안 기량을 갈고 닦아 오는 경우가 많지만 최상위픽들은 바로 프로에 데뷔해도 좋은 활약을 펼치는 경우가 굉장히 많아서 여러 팀이 좋은 선수를 얻기 위해서 탱킹을 했으며 현재까지도 탱킹 중인 팀들이 많다.대표적인 예로마리오 르미외를 얻기 위해 탱킹했었던피츠버그 펭귄스[88],오스턴 매튜스를 얻기 위해 탱킹했었던토론토 메이플리프스[89],코너 맥데이비드를 얻기 위해 탱킹했었던버팔로 세이버스[90]등등이 있다.5.대한민국에서의 탱킹[편집]대한민국은 4대 프로스포츠(농구, 배구, 야구, 축구)를 기준으로 유럽식 승강제를 적용하는 축구를 제외하면 모든 종목이 폐쇄형 리그 형태인 미국 스포츠를 본땄기 때문에 탱킹이 이루어질 가능성을 안고 있다.그러나 구단들이 대부분 유수 대기업의 이름을 달고 홍보를 목적으로 운영하는 탓에 탱킹이 모기업의 이미지에 먹칠을 하는 문제가 있고, 무엇보다 주요 리그가 세계 최고 리그인 미국과 달리 유망주 유출이 빈번한 데다 외국인 한두 명만 잘 뽑아오면 언제든 리그 판도를 뒤집을 수 있는 점 때문에 실제 탱킹을 벌일 동인은 약한 편이다. 오히려 드래프트라는 기존 질서를 깨고 해체 운운 등 강경책으로 다른 구단의 양보를 이끌어내는 행태가 나타나기도 한다.5.1.K리그[편집]축구의 경우에는 야구, 농구, 배구와는 달리 외국으로의 이적이 상대적으로 쉬워 해외 클럽과도 경쟁이 불가결해 자유계약 제도를 택하는 경우가 많고, K리그 또한 출범 초부터 자유계약 제도를 실시했지만 몇 번의 거대한 사건으로 인해 탱킹의 근본적인 원인인드래프트가 실시되었다가 폐지되기를 반복하기도 했다.1986년김종부의 스카웃을 두고 현대와 대우 간의 이면계약 파동이 발생하여대한축구협회에서 중재에 나서 김종부를 제3구단인 포항에 입단시키는 것으로 합의하는 사건이 발생하자 1988년부터 탱킹의 근본적 원인인드래프트가 실시되었다. 그러나 자유계약을 인정하지 않고 드래프트에 의해 팀이 타의로 결정되며, 신인 선수들의 계약금과 연봉 상한액을 제한하는 것에 반발하거나노정윤,정재권,황선홍,홍명보,서정원,신태용,김태영등이완산 푸마[91],대전 시티즌과 같은 열악한 사정의 신생팀에 지명되는 것을 거부하고 실업팀에 잔류하거나[92]해외로 나간 사례와 같이 일부 선수들이 특정 팀 회피를 위해 드래프트 참가를 거부하거나, 일부 팀들의 편법 지명 파문과 같은 각종 문제점이 지적되며 2001년에 폐지되었다.이후포항 스틸러스의 지원을 받는 청구고를 나온박주영이 포항의 돈으로 브라질 축구 유학을 다녀왔고, 그 조건으로 추후 박주영이 프로에 입단할 시, 포항과 가장 먼저 협상테이블에 앉을 것을 약속했는데고려대학교로 진학한 박주영이 계약을 어기고FC 서울과 계약해 버리는 일이 발생하자 포항은 드래프트 제도 부활을 주장했고, 여기에 자금력이 부족한 시민구단까지 합세하여 2006년 드래프트 제도가 다시 부활했다. 단, 시즌 막판 하위권 팀들의 과도한 탱킹을 사전에 차단하기 위해 차기 시즌 지명순서를 전 시즌 순위와 상관없이 무작위로 규정하는 개정안을 내놓으면서 축구계에서 탱킹은 완전히 사라지게 되었다. 또한 해당 구단 입단을 거부한 선수는 5년 동안 드래프트 참가가 금지되며, 5년 후에도 자신을 지명한 그 구단하고만 계약을 맺을 수 있도록 개정해 드래프트 거부 파동과 같은 사태는 일어나지 않게 되었다.하지만 애초에 K리그판에서 탱킹이 발생할 수 없었던 것은 유스우선지명제도의 힘이 컸다. 이미 유스 축구판이 학원 축구에서 클럽 유스로 넘어오고 있었고 이미 유력한 유망주들은 클럽 유스에서 뛰던 상태였다. 거기에 자팀 유스출신에 한해서 4명까지 선계약이 가능했기 때문에 실제 드래프트에서 유망주는 다 빠진 상태였고 어쩌다가 나오는 로또픽이 있었을 뿐이다.게다가 축구라는 종목의 특성상[93]결국은 자유계약제로 돌아가는 것이 리그를 위해서나 선수를 위해서나 바람직한 방향이란 데에는 대부분의 축구인들과 축구팬들이 동의했고, 결국 2011년 7월에 연맹은승강제실시와 함께 드래프트제 폐지 및 자유계약제로의 전환을 결정하였다. 이에 따라 2013년 드래프트부터 드래프트제 시행 이전에 각 구단별로 자유계약으로 신인선수를 선발할 수 있게 되었다. 2013년에는 1명의 자유계약 선발이 허용되고, 2014년에 2명, 2015년 3명으로 점진적으로 확대한 이후 2016년 신인선발부터는 드래프트제를 완전히 폐지하였다. 오늘날 K리그에서 탱킹을 시도하여 최하위를 달성할 경우K리그1소속 팀이라면 아무런 이득 없이승점자판기역할만 착실히 수행하고 차기 시즌엔 2부 리그인K리그2로 강등되며, 수사기관으로부터승부조작에 가담했다는 의혹으로 조사를 받게 될 것이다.이 문서의 내용 중 전체 또는 일부는K리그/드래프트문서의r61판에서 가져왔습니다.이전 역사 보러 가기5.2.KBO 리그[편집]메이저리그처럼 대놓고 탱킹을 하는 것은 아니지만, KBO 리그에서도 시즌 후반부로 갈수록 포스트시즌 탈락이 확정되거나 진출 가능성이 낮은 팀들은 일찌감치 차기 시즌을 준비하는 모습을 자주 볼 수 있다. 시즌 말이 되면 하위팀들은 2군에서 좋은 모습을 보인 유망주들을 1군 경기에 자주 출전시켜서 경험을 쌓게 하고, 핵심 불펜의 부상 방지를 위한 목적으로패전처리 투수를 이닝먹기용으로 자주 등판시킨다. 이 때문에 이런 팀들은 마무리 투수들의 등판횟수가 급격히 주는 모습을 볼 수 있다. 일부에선 이것이 탱킹의 방법 중 하나라고 하는데 마치 메이저리그의 탱킹장군과 비슷한 모습이다. 특히 아래 팀들은 대놓고 탱킹 무브를 취하거나 탱킹 의혹을 산 적이 있다.OB 베어스&LG 트윈스(1996)의외로 오래전인1996년에 탱킹을 한 구단이 둘이나 있었는데, 그 장본인은잠실야구장을 같이 쓰는OB 베어스와LG 트윈스다. 두 구단 모두 지금까지도 공식적으로는 대놓고 탱킹을 했다는 사실을 부인하고 있지만, 당시 상황을 돌이켜보면 누구라도 탱킹이라고 판단할 상황이었다. 1996년OB 베어스는전년도 챔피언이었지만직전 해 우승을 일군 주전 선수들의 줄부상으로 하위권에 머물러 있었다. 공교롭게도 OB의 한지붕 이웃인LG 트윈스도 전년도에는 정규시즌 2위를 기록했으나, 이 해에는 에이스이상훈의 척추분리증 부상 여파로 팀이 휘청거리면서 하위권으로 떨어졌다.결국 두 팀 모두포스트시즌은 일찌감치 물건너갔다고 생각했는지 차라리 2차 지명 드래프트 1순위 티켓 2장을 따내기 위해[94]부단히 노력하며 피 튀기는 꼴찌 싸움을 벌였다. 1996년 9월 초순까지만 해도 OB와 LG는 0.5~1.5게임차의 거리를 두며 치열한 꼴찌 경쟁을 벌였으나 조금 더 못한 OB가 꼴찌를 확정지으며 드래프트 1순위 지명권 2장을 따낸다. 이것이 한국 프로스포츠에서 전년도 챔피언이 그다음 해꼴찌로 추락한유일한 사례이자 베어스 프랜차이즈 마지막 꼴찌 시즌이다.치열한 탱킹 끝에 2차 1순위 지명권 2장을 쥔 OB는 당시 대학야구 최고의 포수 중 한 명으로 꼽히던진갑용을 먼저 지명했고[95]아울러 고질적인 좌완투수 갈증을 해결하기 위해 당시 대학야구 최강의 좌완 파이어볼러던김영수까지 품에 안았다. 2순위 지명권을 받은 LG는 동아대 시절 150km대 강속구를 씽씽 뿌리면서 대학야구 최고의 우완 에이스로 꼽혔던장문석을 지명하는 것으로 만족해야 했다.[96]그런데 흥미로운 점은 LG가 지명한 장문석은 선발과 불펜을 오가며 LG의2002년 한국시리즈진출에도 기여하는 등 꽤나 활약한 반면, 정작 진갑용과 김영수는 둘 모두 베어스에서 별로 보여준 것도 없이 각각 삼성과 롯데로 떠나면서 OB로서는 탱킹을 한 보람이 전혀 없어졌다는 것이다. 진갑용은 OB 입단 후 아마추어 시절만큼 활약하지 못하다가 1999년 신인왕을 차지한홍성흔에 밀려 삼성으로 트레이드된 이후에야 포텐이 터졌고, 김영수도 OB에서 단 1승도 올리지 못하고 롯데로 트레이드된 직후에야 기량이 늘어 어느 정도 활약했기 때문이다.[97]진갑용, 김영수를 트레이드해 데려온이상훈과박보현도 OB-두산에서는 평범한 활약에 그치며 유니폼을 벗었고, 결국 이 사건 이후 두산은 1996년 시즌을선수단 내 대형 사고가 터졌던 1994년만큼의 흑역사 시즌으로 취급하고 있으며 더 이상 대놓고 탱킹을 하지 않고 있다. 대신베어스 파크기반의 육성 시스템을 통한리빌딩전략을 쓰고 있고 이는 2000년대부터 이어진화수분야구의 근간이 됨과 함께 OB 시절을 포함해 10개 구단 중 가장 많은KBO 신인상(8명)을 배출하는 원동력이 됐다.키움 히어로즈(2023~)KBO 리그에서 한동안 거론되지 않았던 ‘탱킹’이란 단어가 2023년 후반기 키움 히어로즈 이후로 다시 거론되기 시작했다. 먼저 배경부터 살펴보자면2023년 키움 히어로즈는직전 시즌에 준우승을 거둔 이후 2023 시즌을 끝으로 해외 진출을 선언한 이정후의 마지막 시즌을 맞아 외부 영입까지 하면서 야심차게 윈나우 시즌을 준비했다. 그러나 초반부터 중위권 아래에서 좀처럼 치고 올라가지 못했다. 그러다가 핵심 선수들인에릭 요키시,이정후등이 부상으로 시즌아웃 되며 최하위로 추락하자 리빌딩 시기를 앞당겨팀의 핵심 선발 투수 중 하나인 최원태를 보내며 사실상 탱킹을 선언하기에 이른다.물론 키움은 탱킹 선언 여부와 무관하게 이정후가 떠난 2024 시즌부터 리빌딩을 시작해야 할 상황이었고 2022년 말부터 진행한 여러 번의 트레이드로 지명권을 모은 바 있는데[98], 이를 통해 무려 14명의 신인을 뽑을 수 있게 되었다.[99]동시에 2023 시즌 삼성과 한화와의 최하위권 경쟁에서도 승리하면서 2025 시즌 1라운드 전체 1순위 지명권까지도 획득했다. 참고로 8위 삼성과 10위 키움간의 게임차는 불과 2게임 차였다.탱킹하기도 참 빡세다!아이러니하게도 사실상 탱킹을 했던 2023년의 키움 히어로즈의 승률은 0.411로, 이는 10개 구단 체제 이후 가장 승률이 높은 최하위 팀이었다.[100]키움 입장에서는 꼴찌라는 실리는 물론, 대놓고 포기는 하지 않았다는 명분까지 챙긴 셈.2024 시즌을 앞두고 이정후가샌프란시스코 자이언츠로 이적하고안우진이 수술과 함께 입대한 데다 베테랑 포수이지영을 사인 앤 트레이드로 SSG로 떠나보낸 등 별다른 전력 보강도 없었기에 대부분 야구 관계자들은 키움을 꼴찌로 예측했다.하영민과송성문의 고군분투로 초반엔 잠깐 돌풍을 일으키기도 했지만 헐거운 뎁스와 주전들의 줄부상 때문에 결국 2년 연속 최하위를 기록하며 2026 시즌 드래프트에서도 전체 1픽이 확정되었다. 시즌 종료 후로도 팀의 주전인김혜성이 포스팅으로로스앤젤레스 다저스로 이적했으며, 2024 시즌 중에도김휘집을 NC에 트레이드해 지명권을 가져오는 등 2년 연속 탱킹 무브가 진행 중이다. 24시즌 가장 탱킹이라고 의심을 받은 이유는 약 40경기를 남겨둔 시점에서로니 도슨의 부상 이후 새로운 외국인 타자를 교체하지 않았다는 점이다.[101]그러나 키움의 행보는 실제로 선수와 지명권을 적극적으로 교환한 2023시즌을 제외하고는 탱킹이 아닌 그냥 극단적 리빌딩이라는 의견도 존재한다. 그 이유 중 하나로, 탱킹은 원래 '고의로 지는 경우'를 포함시켜야 하는데, 키움은 '고의로 진 적이 없기 때문'이다. 키움은 외국인 투수들의 로테이션을 꾸준히 지켜줬고,[102]국내 선발 에이스 자원들을 시즌 끝까지 기용했다. 또한 이길 경기에는 타팀과 마찬가지로 필승조를 아끼지 않았으며, 타선도 타팀과 마찬가지로 정상적으로 짰다. 주전 선수들을 팔고 트레이드를 해서 지명권을 가져와 2년 연속 드래프트에서 14장의 지명권을 행사한 것이 탱킹이라는 의견에 대해서는, 트레이드 당시에는 김동헌, 이재상, 고영우라는 자원이 어느 정도 가능성을 보여서 애매했던 이지영과 김휘집을 트레이드한 것이다.그렇기 때문에 키움의 성적이 부진한 이유는 '고의로' 그렇게 만든 것이 아니라 지속적인 선수 유출, 모기업이 없는 특수성과 더불어, 포스트시즌 단골이었던 만큼 주전들의 밀린 군복무 때문이라는 의견도 존재한다. 무엇보다도 대놓고 탱킹을 선언한 2024년 MLB의시카고 화이트삭스는 승률이 0.250도 안 되는 반면 키움의 승률은 두시즌 연속 최하위임에도 승률 0.400 이상씩을 기록했으며, 10개 구단 체제 이후 최하위 팀 중 승률 역대 3위이다.[103]또한 키움은 2024년에 오히려 전년도 대비 관중 동원 수가 증가하는 추세를 보였다.그러나 2025 시즌 FA를 앞둔조상우를 KIA에 트레이드해 또 1라운드 지명권을 가져온 데 이어 타선 보강과 신인 투수들에게 기회를 준다는 명목으로 24시즌 4할대 승률을 유지하는 데 큰 역할을 한 두 외국인 투수후라도,헤이수스와의 재계약을 포기하는 것을 넘어 타 팀으로 이적할 수 있도록 보류권을 행사하지 않는 행동을 보이며 더더욱 탱킹 의혹을 피할 수 없게 되었다.[104]결국 단순히 저 두 투수의 연봉 인상분 수십만 달러를 아끼기 위해 계약을 포기한 것 아니냐는 의혹이 생길 수밖에 없었으며, 이후 후라도와 헤이수스를 팔아서 지명권과 선수를 챙기려다가 실패하고 후라도와 헤이수스를 어쩔 수 없이 풀어줬다는 사실이 드러나면서 확인사살되었다. 또한 상술했던 2024시즌은 천만 관중이라는 전반적으로 리그가 대흥행한 시즌이고, 키움의 홈 구장인고척 스카이돔은 서울 연고지 특성상 원정팬들도 많이 오는 구장이기에 단순 그 수혜를 받았을 뿐이라는 의견이 지배적이다.2025 시즌 종료 이후 2차 드래프트로안치홍등을 영입했고 프랜차이즈 출신인서건창을 복귀시켰으며, 팀의 핵심 불펜인 김재웅 등의 전역이 예정되어 있지만 마무리주승우가 수술과 군복무로 이탈한 데다 팀의 주장인 송성문이 포스팅을 통해샌디에이고 파드리스로 이적하면서 2군에서 황당 부상을 당한 안우진이 복귀했지만 2026 시즌도 여전히 얇은 전력을 극복하지 못하고 최하위를 전전하며 4연속 최하위를 달성하게 되어 결국 KBO팬들에게 리빌딩과 탱킹에 대한 부정적인 인식을 제대로 심어주게 되었다.프랜차이즈 시스템 하에서 1차 지명의 폐지 등 드래프트 구조가 변경되었고, 또 스몰클럽인 히어로즈의 특성상 구단의 생존이 최우선시될 수밖에 없는 탓에 리빌딩은 불가피한 것이었고 이를 통해정현우,박준현,하현승등의 대형 유망주를 수집하는 데에도 성공했지만 이제는 이러한 고강도 리빌딩이 4년에 이르렀고 신인들의 성장세도 더딘 만큼, 2027년부터는 유망주들의 성장이 완성되지 않은 상태이더라도 FA 투자를 동반해 컨텐더로 복귀해야 한다는 것이 중론이다. 타팀이 전부 대기업의 펫 신분이라 시장 경쟁에서 불리함을 감안해도 팀이 10개밖에 없는 리그에서 리빌딩을 5년 이상 지속한다면 프로구단으로서의 경쟁력이 심각하게 떨어지게 되고, 신인들에게도 동기부여가 되기 어려운 것이 사실이다. 메인 스폰서 키움증권과의 계약도 2028년을 끝으로 종료되기 때문에 구단 입장에서도 기조를 바꿀 유인이 충분하며, 팬들은 이를 강하게 기대하고 있다.[105]2026 시즌 도중 잔여 서비스타임이 충분히 남아있는하영민에게 초장기 연장계약을 선사하며 사실상 트레이드 불가 자원임을 천명함과 함께 프랜차이즈 스타 예우를 제대로 해 주면서 변화하는 모습을 보이고 있다는 주장도 있으나 연 10억짜리 계약 1명 맺은 걸로 투자를 제대로 하는 구단 이미지를 얻는건 불가능하다.5.2.1.왜 KBO 리그에서는 탱킹이 흔치 않았나[편집]현 KBO 리그는 한미일 프로야구 및 대한민국 4대 스포츠 종목 중 유일하게 꼴찌 시 다음 해 드래프트 전체 1순위가 보장되는 리그지만[106]위의 사례는 특수한 경우고,키움 히어로즈가 완전한 탱킹을 시작하기 직전인 2020년대 초반까지는KBO 리그에서 탱킹은 잘 일어나지 않았다. 그 이유들은 다음과 같다.첫째,야구는 선수 1명의 영향력이 타 종목들에 비해 현저히 낮다.농구나배구처럼 5~6명이 경기를 하며 잘 하는 선수에게 최대한 몰빵이 가능한 종목이 절대로 아니며, 그렇다고축구처럼 실시간으로 그라운드에서 팀을 이끌 수도 없다. 아무리 잘 치는 타자도 9명의 타순이 돌아와야 다시 타석에 들어갈 수 있다. 투수도 마찬가지로 현대 야구의 보편적인 관리 아래에서는 선발 투수가 닷새에 한번 등판하고, 구원 투수가 아무리 잘 던져도 선발투수만큼 이닝 소화를 할 수도 없다. 즉, 1~2명만으로는 성적을 크게 올리기 힘들다는 얘기. 이런 선수들을 최소 3~4년 동안 확보한다는 보장이 있어야 탱킹이 그만큼 의미가 있는데[107], 그러기에는 변수도 많고 도박성도 너무 짙다.둘째, KBO의 낮은 수준으로 인해 하위권 구단은 재능 있는 선수를 뽑아도 육성을 잘 하지 못한다. 30개 구단 중 특수한 몇 개의 구단을 제외한 모든 구단이 최소한의 육성 능력을 갖춘 MLB와 달리 수준이 비교적 떨어지고 기업의 펫스포츠로서의 성격까지 강한 KBO 리그에서는 상당수의 장기 하위권 구단이 프로 구단으로서 가져야 하는 기초적인 육성 역량을 전혀 갖추지 못하는 사례가 많다. 메이저리그에서 육성을 못 하거나 시스템이 박살 난 구단은 30개 팀 중 극소수이며 이런 구단은 페이롤이 높은 경우가 많기 때문에 대부분 후술할 윈나우 탱킹 사례로 접어들어 있다. 게다가 로터리 픽 도입 이후 빅마켓 팀은 최하위를 하더라도 2년 연속으로 6픽 이내에 당첨될 수 없기 때문에 최상위픽은 스몰마켓과 같이 자금력이 떨어지거나 장기 하위권이어도 제대로 운영할 의지가 있는 구단에서 가져가는 편이다. 그러나 윈나우 탱킹 같이 엉망으로 팀을 운영하면 거의 항상 최하위권에 처박히는 KBO의 특성상 1990년대 초반쌍방울 레이더스나 2000년대 초반SK 와이번스, 2010년대 중반kt wiz와 같이 신생팀이 존재하는 게 아니라면 KBO의 최상위 픽은 늘 장기 하위권 구단에게 돌아가며, 그들이 상위픽을 뽑아도 육성이 잘 되지 않고, 오히려 상위권 구단에 입단한 상위 라운드 하위픽 선수들이 성공하는 사례가 압도적으로 더 많다.즉, KBO의 장기 하위권 구단은 MLB처럼 돈이나 선수가 없어서 하위권인 것이 아니라 애초부터 육성을 포함한 구단 시스템에 근본적인 문제가 있는 경우가 많기 때문에 하위권인 경우가 많고, 좋은 유망주를 뽑아도 기대만큼 성장을 시키질 못한다. 보통 장기 상위권 팀들은 리빌딩 시즌과 같은 육성 과정에서도 중위권 정도의 성적(정규리그 3~5위)이 자연스럽게 따라오거나 유지되는 선순환이 잘 이뤄지지만 장기 하위권 팀들은 스카우트나 육성 체계, 구단 운영에서부터 나사가 빠져 있는 경우가 많고, 코칭스태프도 흔히공무원혹은낙하산 인사라고 불리는 능력보다는 현역 시절 이름값으로 꾸리는 경우가 많다. 이는 아무리 좋은 유망주를 많이 끌어모아봐야 제대로 성장을 시킬 수 없는 요인 중 하나다.대표적으로 구단 고위층과 감독/코칭스태프, 선수단 간의 비일비재한 갈등과 공영방송의 한계로 인한 아마추어스러운 운영으로 인해 서울 팜의 이점을 전혀 살리지 못하고453566이라는 비밀번호를 질주한 1980년대의MBC 청룡과4년 연속 꼴찌를 기록했던시절의롯데 자이언츠[108], 2009년부터8번의 최하위를 기록하며 20년 가까이 암흑기를 겪었던한화 이글스[109],준우승 이후 저주를 제대로 받았고남 좋은 일만 시켜줬던LG 트윈스[110],주축 선수들의 원정 도박 사건과2015년 한국시리즈준우승 이후 왕조를 지탱했던 선수들이 하나 둘 떠나갔음에도 이를 대체할 선수들을 육성하지 못했고 단장의 무능함까지 더해져 아무리 왕조를 이뤘던 강팀이라도 몰락은 한순간이라는 것을 대변해 준삼성 라이온즈[111][112]가 대표적이다. 이와 반대로 미래를 긍정적으로 기대할 수 있는 유망주들은 상위권을 꾸준히 유지하는 팀들에서 나오는 경우가 많다.화수분으로 대표되는두산 베어스[113]와 외부 영입을 거의 하지 않는 대신 철저한 선수 육성 시스템으로 매년포스트시즌에 꾸준히 진출했던키움 히어로즈가 대표적이다.[114]즉, KBO 리그에서는 육성 능력과 구단 시스템이 곧 성적이다.셋째,모기업과 팬들의 눈치를 볼 수밖에 없다. 사실 이게 가장 현실적인 문제로, KBO 리그에서 탱킹을 시도하기 어려운 가장 큰 이유이다.KBO 리그의 대부분의 팀들은 모기업이 팀의적자를 감수하고 기업의 이미지 개선 등 부수적인 이익을 위해 운영된다. 즉, 국내 최대 스포츠 리그에 팀을 운영하고, 그것을 성적으로 보답함으로써 이미지 개선 효과를 누리는 것이 목적이다. 그런데 일부러 꼴찌를 한다는 것은 곧 기업의평판에 대놓고 먹칠을 하는 꼴이니[115]돈줄인 모기업이 허락할 리가 없다. 심지어 돈줄이 줄어들기만 하면 다행이지 이런 경우면 구단 감사를 단행하고, 극단적인 경우에는 아예 구단을 매각하거나 해체하겠다고 나설 수도 있다. 현실이 이러하니 나중을 위해서 탱킹을 하겠다고 모기업의 고위층을 설득할 수가 없다.일례로삼성 라이온즈는 2010년대 중반부터 암흑기를 겪으면서 애매하게 7~9위를 할 바에야 차라리 탱킹을 하자는 팬들의 의견도 소수 나왔으나, 다른 구단들도 드래프트 지명 순번과 무관하게 꼴찌만큼은 어떻게든 피하려고 하는 판국에 삼성은 해체된 쌍방울과 현대를 모두 포함해도 KBO 참가 구단 중 유일하게 원년부터 최하위를 경험한 적이 한 번도 없는 구단이라는 자부심 때문에 구단 고위층이나 팬들이나 탱킹을 지지하기 어려운 입장이었다.2020년대 이후의두산 베어스도 7년 연속 한국시리즈 진출로 드래프트 픽이 많이 밀린 데다 왕조를 이끌었던 핵심 선수들이 노쇠화를 겪거나 하나 둘 이탈하고, 1차 지명의 폐지로 더 이상 성적과 무관하게 양질의 최고 유망주를 지명할 수 없게 되는 등 화수분이 말라버려 4~5위로 포스트시즌에 겨우 턱걸이하는 상황이 이어지자 팬들은 애매한 4~5위를 할 바에야 암흑기를 각오하고 리빌딩을 바라는 분위기였다. 하지만 박정원 구단주가2025 스프링 캠프에서 ""두산 베어스는 4등이나 5등 하려고 야구하는 것이 아닙니다.""라는 발언을 했고, 그 시즌에 9위라는 충격적인 성적을 기록하자 이후 스토브리그에서김원형감독을 영입하고, 거액을 투자해 FA 최대어박찬호를 영입 후이영하,조수행,최원준의 내부 FA 단속에 나서는 윈나우 행보를 이어가며 팀 사정과 무관하게 매년 우승을 위해 최선을 다하겠다는 의지와 함께 탱킹이나 리빌딩을 고려하고 있지 않은 모습을 보여 주었다.그나마 모기업이 없는키움 히어로즈는 이 문제에서 비교적 자유로워 보이지만 이 쪽은 오히려 모기업이 없다는 특징 때문에 함부로 탱킹을 하지 못한다. 만약 히어로즈가 대놓고 탱킹을 한다면 스폰서에게서 따가운 시선을 피할 수 없을 것이고, 이에 격분한 스폰서 측이 후원 중단을 선언하게 되면2008년부터 한동안 겪어야 했던 가난의 설움을 다시 겪을 수도 있다. 이는 대부분 독립법인으로 운영되고 지역 방송국으로부터 들어오는 중계권 수입도 상당한 MLB 팀들과는 근본적으로 다른 부분이다. 키움이 2023 시즌 후반기부터 탱킹을 시도한 것이 가능했던 이유는이미 2023 시즌이 시작하기 전에 키움증권과 5년 스폰서 계약을 맺어놨기 때문에 가능했던 것이며반대로 말하자면 키움증권과의 스폰서 계약이 종료되기 전까지 무조건 리빌딩을 마치고 성적을 내야 하는 상황이다. 거기다가 상대적으로 적은 팬 덕분에 구단이 팬들의 눈치를 덜 보는 것도 있다.상술했듯이 야구는 선수 한 명의 영향력이 적어서 각 잡고 탱킹하려면 진짜 최소한으로 잡아도 3~4년이 필요하고, 어쩌면 10년 이상이 걸릴 수도 있는데, KBO 리그 팬덤에 있어서 단일시즌 100패[116]를 기록하거나, 3~4년 이상 최하위를 기록하거나, 전체 구단 중 절반만 해도 갈 수 있는 가을야구에 7년 이상 진출하지 못하는 암흑기를 겪으며 비밀번호를 작성한다거나, 만년 하위팀이든 꾸준한 강팀이든 20년 이상 한국시리즈 우승을 하지 못한다면 매우 큰 치욕으로 여겨지는 경우가 대다수인 마당[117]에 7~10년은 절대로 기다려 줄 수 없다. 예를 들어 2001-2004년 4년 연속 최하위를 기록한 롯데나 2012-2014년, 2020-2022년에 두 번의 3년 연속 최하위를 기록한 한화는 원래 인기 구단이지만, 해당 시즌들의 여파로 민심이 크게 이탈하고 팬층이 초토화되었다. 그나마 팬덤이 이해해 주던 케이스인 2015-2017년에 3년 연속 최하위를 기록한 KT는 신생구단의 한계로 보는 게 맞고 2020년부터 강팀으로 도약해 창단 첫 한국시리즈 우승에도 성공했다.2023-2026년 최하위를 기록한 키움의 경우에는 2023 시즌 후반기부터 2024년까지 숨겨져 있던 온갖 악재가 터졌고, 주축 선수들의 해외 진출이 이어지는 와중에도 4할은 찍어주는 성적을 기록해서 팬덤이 이해는 하는 스탠스였다. 그래도 유일하게 우승이 없다는 점에서 성적에 대한 불만은 생길 수밖에 없었고, 더욱이 2025년 최악의 운영으로 인해서 승률이 2할대까지로 떨어지고, 이후로도 수습이 안 되어 2026년에도 최하위를 탈출하지 못하고 8888577 이후 두 번째로 4년 연속 최하위라는 불명예를 쓰며 끝내 그나마 남아 있던 올드 팬층까지 대거 이탈해 버렸다. 나아가 키움증권과의 메인 스폰서 계약이 만료될 때까지 리빌딩을 마치는 것도 사실상 불가능해지면서 KBO 자체에서 탱킹 전략이 가능한가에 대한 의문과 함께 탱킹 자체가 더더욱 부정적으로 여겨지게 된 사례가 되었다. 즉 대한민국 스포츠팬들과 구단 프런트진은 성적에 대해 성급한 성향을 가지고 있고, 그로 인해 무조건 성적을 내야만 하는 상황이라 탱킹을 용인해 줄 가능성이 매우 낮다.넷째, KBO 리그는 10개 팀 중 절반에 해당하는 수인 상위 5개 팀이 포스트시즌[118]에 나가는 단일 리그 방식이다. 그래서 리빌딩 과정에 있는 팀조차도외국인 선수3명 + 아시아 쿼터만 잘 뽑고(투수 3명 타자 1명 or 투수 2명 타자 2명), 기존 선수들과 신인급들이 1시즌만 반짝 잘 해도 얼마든지 5위 이상을 노려 볼 수 있는 구조다. 메이저리그는 30개 팀 중 12개 팀이 포스트시즌에 진출하기 때문에 대체로 승률이 5할 3푼 정도는 되어야 와일드카드 진출을 노려볼 수 있고 5할 턱걸이 정도로는 절대 가을야구에 못 가며, 저런 승률을 기록하면 2023년 뉴욕 양키스처럼 윈나우 탱킹의 극치라며 까이지만 KBO는 일반적으로는 5할 1푼 정도면 가을에 가기 때문에 상대적으로 진출 난이도가 낮다.[119]또한 양대 리그 3개 디비전으로 나뉘어 있는 MLB와는 달리 단일 리그 구조인 만큼 트레이드로 이적한 주축 선수가 곧바로 부메랑으로 돌아오게 된다. 이렇기 때문에 팬들도 자신의 응원팀들이 리빌딩과 탱킹이라는 용어를 쓰면 성적부진을 덮는다는 뜻으로 해석하거나 트레이드로 타 팀으로 이적한 선수가 잘 하기라도 하면 곧바로 그 선수를 내보낸 팀을 향해 비난을 퍼붓기도 하며, 성적, 나이와 무관하게 팀의 상징인프랜차이즈 선수를 내보냈을 때의 후폭풍은 말할 것도 없다.만약 10개 팀 중 3개 팀 정도만 포스트시즌에 나가거나 5팀씩 2개의 리그로 나뉘어 각 리그 우승팀이 곧바로 한국시리즈를 치른다든지, 포스트시즌 진출권이 각 리그 1~2위팀 2팀씩에게만 주어지는 구조라면 시즌 중반 가을야구를 포기하거나 리빌딩을 위해 서비스타임이 얼마 남지 않은 주축 선수를 타 리그 소속팀으로 이적시켜도 조금은 이해할 수 있으나 절반의 팀이 때론 5할 승률 아래여도 5위가 가능한 구조를 외면하는 건 모기업이든 팬이든 절대 용납해 주지 않는다. 보통 KBO 리그에서는 단장이나 감독의 임기, 리빌딩 시한을 3년으로 잡는 경우가 많은데, 이 기간 내로 리빌딩을 마치고 포스트시즌에 가지 못하면 대부분 재계약이 불발되거나 임기 마지막 연차 시즌 중 목이 날아간다. 심지어는 계약 기간 동안 포스트시즌 진출과 같은 성과를 냈더라도 계약 마지막 해의 성적이 좋지 못해 재계약이 불발되거나 재계약에 성공했더라도 재계약 첫 해에 성적 부진으로 경질되는 사례도 흔하다.[120]즉 KBO식 정서라면테오 엡스타인도 2014시즌 종료와 함께 팀을 떠나는 것이 일반적이다.[121][122]다섯째, 초특급 신인이 나온다면 해외 진출을 하는 경우가 있다. MLB는 특급 신인이 기본적으로 드래프트에는 무조건 나오지만, KBO는 MLB의 하위호환급 리그인 관계로 신인이 아예 드래프트에 나오지도 않고 곧바로 해외로 나가버릴 수가 있다. 특히 2020년대부터 MLB 노사협약으로 인해 마이너리거에 대한 대우가 좋아지고 계약금 또한 치솟으면서 미국에서 자리잡지 못하고 실패하는 한이 있더라도 해외 야구를 경험할 수 있고, 군 문제는 2년의 유예 기간 동안 해결하면 그만이기에 미국행을 선택하는 유망주들이 다시 늘어나고 있다. 상술한 대로 KBO의 장기 하위권 팀들은 기본적인 육성 체계부터가 엉망인 경우가 많기에 그해 드래프트에서 전체 1순위를 행사할 팀이 연속 최하위가 장기화되는 등의 이유로 신인들에게 기피되는 구단으로 낙인찍혔다면 해외에서도 오퍼가 올 정도의 초대형 신인 입장에서는 더더욱 드래프트에 참가하지 않거나, 설령 드래프트에 나오더라도 해당 팀에 지명되었을 경우 불이익을 감수하면서까지 지명을 거부하고 해외로 나가버리는 일이 벌어질 수도 있다.대표적으로 1990년대 후반의 롯데 자이언츠가 연고 팜에서 나온백차승,이승학,송승준,추신수,채태인이 모두 해외로 나가버리는 바람에 손가락만 빨아야 했고 이는 구단의 소극적인 투자와 각종 악재까지 겹치면서8888577의 암흑기에 빠지는 원인 중 하나가 되었다. 2021년에도심준석의 등장으로 하위권을 형성한 KIA 타이거즈, 롯데 자이언츠, 한화 이글스는 물론 중위권의 키움 히어로즈에서도 탱킹을 하자는 팬들의 의견이 다수 나왔으나, 심준석은 이미 고1 때부터 해외 진출 의지가 강했고, 해외 진출 링크도 계속 나오면서 드래프트에 나오는 것 자체가 미지수인 상황이라 섣부르게 심준석을 노리고 탱킹을 하는 것이 어려운 상황이었으며 끝내 해외 진출을 선언하고피츠버그 파이리츠와 계약했다.[123]이듬해 최대어장현석역시LA 다저스와 계약하며 드래프트에 참가하지도 않았으므로 이 선수들을 노리고 탱킹을 했다면 자칫 꼴찌 불명예만 뒤집어 쓰는 곤란한 상황이 연출될 뻔했다. 이로 인해 대놓고 탱킹을 하는 팀은 아니었지만 3년 연속 꼴찌로 이 2년의 드래프트에서 연속으로 1픽을 가지고 있었던 한화 이글스는 할 수 없이 당해 아마추어 2위 선수들(김서현,황준서)을 지명하는 것에 만족해야 했다.하지만 KBO 신인 풀이 MLB보다 못하기 때문에 신인 드래프트 자체가 별로 안 중요하다는 말은 맞다고 보기 힘들다. 왜냐하면 10개 구단 전부가 그런 열악한 팜 내에서 드래프트를 하고, 어디까지나 프로 스포츠는 상대평가이기 때문에 그냥 상대 팀보다만 잘 뽑고 잘 키우면 결국에는 순위가 오르게 된다. 아무리 KBO가 외인빨이 심하다고 해도 국내 선수들이 망하면 남는 것은 결국 윈나우 탱킹이다. 실제로 21세기에 전성기를 구가한SK 와이번스,삼성 라이온즈,두산 베어스는 전부 자체 육성 선수들로 강팀이 된 것이다. 돈성 이미지가 강하지만 4연패 시절 삼성은 무려 채태인,최형우,박석민,오승환,윤성환,안지만같은 기라성 같은 선수들을 전부 자체 육성으로 만들어냈다. SK는 KBO 야수 중 sWAR 1위 및 통산 최다 홈런의 리빙 레전드 최정과 KBO 2루수 통산 WAR 1위인 정근우를 만들었고, 두산도이종욱,손시헌,김재호, 김현수,양의지, 오재원,정수빈,허경민,김재환,박세혁등 화수분으로 대표되는 훌륭한 야수진이 있었다. 그래서 KBO 현 구단들은 그나마 지명한 선수들이라도 제대로 공을 들여 키우자는 마인드를 가지고 있어서 2군 선수들에 대한 대우가 좋은 편이다.그렇기 때문에 풀의 수준보다 오히려 풀의 크기, 깊이의 문제라고 할 수 있다. 탱킹을 위해 기존 고참 선수들을 대거 정리하고 무작정 신인선수들을 투입해서 경기를 뛰게 해 경험치를 몰빵한다고 해도 그 선수들이 무조건 무럭무럭 성장하지 않는다는 사실은 이미 수차례 증명되었다. 그 시간 동안 버틸스탑갭도 필요하고 긴 연패로 인해 선수단 분위기가 자포자기, 회생불가 수준으로는 떨어지지는 않도록 이를 잡아줄 최소한의 구심점이 필요하다. MLB는 유망주뿐만 아니라 선수풀 자체가 넓기에 적당히 실력은 부족해 싸지만 경험이 풍부한 선수, 실점은 많아도 이닝소화력도 좋은 소위 탱킹장군들을 섞어 채운 뒤 그 선수들이 유망주들을 이끌 뿐만 아니라 그 선수들이 이닝 또한 소화가 가능하다. 이러한 선수들마저 없다면 체계적인 관리와 함께 몸을 단련해야 할 신인 선수들이 무리하게 1군 경기에 계속 나서서 자신감이 떨어질 뿐만 아니라 가장 중요한부상이 가까워진다는 점이다. 때문에 팀 전체 기량이 오르기 시작할 때 부상 때문에 한두 명씩 수술대에 오르기 시작하는 순간 다시 정체가 시작된다.여섯째, 병역 문제로 인해 아무리 탱킹을 통해 끌어모은 유망주들이 단기간에 성장한다고 해도 군복무로 인한 잠정 이탈을 고려해야 한다. 일본과 미국은 모병제 국가들이라 젊은 선수들의 군복무 걱정 없이 시즌을 구상할 수 있지만, 한국은 저들과는 달리 징병제다 보니 아무리군대를 미룬다 해도 그 선수가 모종의 사유로 운 좋게병역면제를 받거나 메이저 대회 우승으로병역 특례를 받은 게 아닌 한 젊은 선수들이 이탈하는 시기가 반드시 올 수밖에 없는 운명이며, 이러한 점이 상술한 한국 야구의 얇은 선수 풀 문제를 가속화시키는 요인으로도 작용한다.WBC는1회 대회를 처음이자 마지막으로 병역혜택이 사라졌고,아시안 게임은2022 항저우 아시안 게임부터 연령 제한과 함께 팀당 최대 1~3명까지만 차출될 수 있으며,올림픽의 경우에도 동메달 이상을 딴다는 보장도 없지만 야구가 정식 종목에 들어갔다 제외되기를 반복하는 등 그것마저 반드시 100%로 확정이라곤 할 수 없기 때문이다. 국제 대회를 통해 예술체육요원 자격을 노릴 수 있는 선수는 극도로 적고, 유망주들을 기껏 끌어모았다고 해도 잠시 군대에 간 기간 동안 개인 훈련,상무 야구단을 통해 기량이 성장한다고 해도 결국 그 기간 동안은 1군 경기를 뛸 수가 없다. 그러다가 군입대를 더 이상 미루지 못하는 시기가 온다면 그 선수의 공백까지 고려해야 한다.일곱째, 메이저리그는 구단이 신인을 3년차까지는 최저 연봉으로 굴려먹을 수 있고 4~6년차 연봉조정 단계에서 적절한 대우를 해주는 등 FA를 앞두고 주전 선수를 최대한 싼 값으로 묶어둘 수 있다. 하지만 KBO 리그는 1년차에 잘하면 다음 해 바로 연봉 인상이 반영되는 구조이며, 일례로류현진이 신인왕+MVP를 탄 그다음 해에 바로 연봉 500% 인상으로 억대연봉에 합류했다. 이런 리그에서는 신인들이 단번에 포텐을 터트려 포스트시즌 진출을 넘어 한국시리즈 우승을 독차지한다 해도 이들이 너무 잘하는 것이 바로 팀 연봉 체계에 압박으로 다가오게 된다. 모기업이 없어 선수들의 해외 진출에 따른 포스팅 금액과 이적료 수입을 따로 챙겨야 하는 히어로즈처럼 팀 성적과 무관하게 자팀 선수들의 해외 진출을 오히려 장려하는[124]것이 아니라면 이는 모기업 의존도가 높은 리그의 특성상 팀 재정 차원에서는 오히려 독만 된다. 대표적으로2025 신한 SOL Bank KBO 한국시리즈챔피언 LG 트윈스는 팀 연봉 총액 제한으로 인해 FA 자격을 얻은 당해 한국시리즈 MVP김현수를 시즌이 끝나자마자 아깝지만 KT로 떠나보내야만 했다.2021년까지KBO 리그의신인 드래프트는 지역 연고 선수를 우선 지명할 수 있는 1차 지명 제도가 있었고, 더 과거에는 고졸연고우선지명 제도 또한 존재했기 때문에 초특급 유망주들은유급이나전학등의 이유로 1차 지명이 불가능해진 일부 선수들[125]을 빼면 성적과 관계없이 연고 팀들이 미리 다 침발라 놓고 데려갔다. 즉, KBO 리그는 전국 최고의 유망주들이 이 1차 지명 제도를 통해 일찌감치 소속팀이 정해져 버려 아예 드래프트에 나오지도 않았다. 물론 (서울특별시를 제외한) 같은 연고지에서 그런 선수가 두 명 이상 나오면 상황이 달라지겠지만, 꼴찌라는 불명예까지 쓸 정도로 갖고 싶은 선수가 한 해 한 지역에 두 명 이상 나오는 경우[126]는 거의 없었다.[127]이 1차 지명 제도가 KBO 리그에서 탱킹이 나오지 않는 가장 핵심적인 원인이었는데, 1차 지명 제도가 폐지되고 난 지금 KBO 리그에서도 탱킹 이야기가 나오게 되었고, MLB처럼 로터리 픽을 도입하거나 최하위 시 주어지는 전체 1순위 지명권의 연속 획득 가능 횟수에 제한을 둬야 한다는 의견 등 이것에 대한 우려의 목소리도 나오고 있으나[128], 상술한 일곱 가지의 이유들 때문에 KBO 리그에서는 탱킹이 여전히 이루어지기 힘들다.이렇기 때문에 팬들도 보통 탱킹에 대해 부정적이다. 실제로 스포츠 기사의 댓글이 폐지되기 이전에2018년 NC가 꼴찌로 추락했을 때 나온나성범이 한 ""10위했으면 좋겠다""기사에 달린 댓글 반응은 어이없다는 의견이 대부분이었다. 그나마 NC는 2년 후2020년 한국시리즈에서 창단 첫 우승에 성공했지만 이 해 창단 첫 꼴찌를 통해2020 KBO 신인 드래프트에서 지명한 신인들이 모두 별다른 활약을 보이지 못했으며, 또나성범도 2021 시즌 종료 후 FA 자격을 얻어 KIA로 떠나버렸다.다만 2020년대 이후부터 신규 외국인 선수 계약 상한액이 100만 달러로 제한되고샐러리 캡제도의 도입으로 인해 과거처럼 돈을 무한정 쓸 수도 없게 된 데다, 1차 지명이 폐지되면서 최하위를 달성할 시 확실한 전국 최고의 유망주를 수집할 수 있게 되었다. 그리고 KBO 리그는 서비스타임도 정말 길고, 계단식으로 진행되는 포스트시즌 포맷 특성상 정규리그 우승 달성이 매우 높은 확률(90% 수준)로 통합우승으로 이어질 수 있어서 정규리그의 가치도 매우 높기에 이론상으로는 그 어느 리그보다 탱킹의 효과가 좋은 리그임은 부인할 수 없다.[129]하지만 아직까지는 하위권이나 최하위를 달성하는 등 프로스포츠로서 가장 중요한 성적을 포기해야 하는 데다 MLB, NPB와는 달리 단일리그로 진행되는 특성상 노골적인 탱킹, 져주기를 할 경우 자칫 포스트시즌 진출을 다투는 특정 팀을 밀어준다는 오해를 살 여지가 발생할 수도 있기에 팬들이나 구단 현장이나 모기업들도 탱킹에 매우 부정적이다. 그나마 1차 지명이 폐지된 후 2010년대~2020년대에 2~3년 연속 최하위를 기록한 한화 이글스[130], 키움 히어로즈가 상위권으로 도약하는 등 성공사례가 나오기 시작하면 포스트시즌 진출 가능성이 희박해진 상황에서 초고교급 유망주가 드래프트에 나올 경우 소극적으로 탱킹을 하거나 고려는 해볼 만한 전략 정도로 여겨질 가능성은 있다.5.3.한국프로농구[편집]한국프로농구에서도 이게 문제가 된 적이 있는데, 1997-98 시즌 9위, 10위를 달리던 수원 삼성 썬더스, 청주 SK 나이츠에서 서로 맞대결 때 썬더스가 이기고 있다가 4쿼터에51점을 내주면서[131]역전패 당하며 1픽 획득 고의패배 논란이 커졌고, 2012-13 시즌에 '경희대빅3'로 불리는김종규,김민구,두경민을 잡기 위한 고의적인 져주기 게임이 시즌 후반 내내 펼쳐진 것이다.그 해 압도적으로신선우시절부터 이런 패턴으로 꼴찌를 깔아버린전주 KCC 이지스[132], 6강 진입 시점에서로드 벤슨을 판창원 LG 세이커스[133]와 막판에감독의승부조작크리로 망한원주 동부 프로미[134], 그리고 이 경쟁을 주도한부산 kt 소닉붐까지 총 네 팀이 6강을 포기하고 신인픽 경쟁을 위해 져주기 게임을 하면서 (이 탱킹이 없었다면) 8위 정도의 전력이었던서울 삼성 썬더스는 6위가 되어서, 강제 6강 진출[135]이란 위업(?)을 세웠다.[136]결국한국농구연맹은 이 사태 때문에 드래프트 로터리 확률을 개정해서 챔피언결정전에 올라가는 두 팀을 제외한 모든 팀들에게 동일하게 12.5%씩 확률을 부여하도록 규정을 개정해 버렸지만, 시행 시기는 2014년부터였기 때문에 이 당시 져주기를 했던 팀들은 무사히 넘어갔다. 아무튼 드래프트가 열린 9월 30일, kt를 뺀 LG, KCC, 동부는 로터리픽인 1 ~ 3순위를 뽑으며 각각김종규,김민구,두경민을 지명했다.그리고 마지막 로터리픽 4번은... 놀랍게도 6위 삼성이 뽑았고그 픽으로 2013년고려대돌풍을 이끈박재현을 지명하면서 KT의 노력은 꽝이 되었다.[137]아이러니한 것은 2015년까지의 드래프트 픽된 선수들의 성적을 볼 때 4픽인박재현은 망픽 소리를 듣지만, 5픽인이재도는신의 한 수라는 소리를 듣는다는 것. 이후 이 제도는이종현을 전 시즌 4강 진출 팀인현대모비스가 가져가는 사태가 벌어지자 다시 원래대로 환원이 되었다.[138]바뀐 후에도, 드물게 답이 없는 확률이 뚫리는 사례가 있는데, 2017년 준우승팀 삼성이 1.5%로 3픽을 얻은 사례가 있다. 다만, 그 픽은 트레이드 과정에서 KCC가 가져갔다.2019년 준우승팀 전자랜드도 1.5% 확률을 뚫고 1픽을 얻나 싶었으나, 이쪽은 추첨자의 실수로 무효처리되어 재추첨 결과 원래대로 9픽이 떴다.그러나 위의 사례들도 울고 갈 정도로 훨씬 더 탱킹을 한 팀이 있었는데, 그 팀이 바로안양 정관장 레드부스터스. 정관장은 KT&G 시절 09-10 시즌 당시김태술을김종학과 세트로 묶어서주희정과의 트레이드로 영입하자마자 김태술은 바로사회복무요원입소를 보내고,양희종마저 군대를 함께 보냄과 동시에 예상대로 하위권으로 추락하자나이젤 딕슨을 1라운드 지명권[139]+도널드 리틀[140]과 바꾼다라든가 하는 식으로 의도적으로 상위 드래프트 픽을 노리는 모습을 보인 적이 있긴 있었다. 당시에는 한국 스포츠 전체에 탱킹이라는 단어가 덜 알려진 시기라서 상대적으로 묻힌 편. 결국 09-10 시즌 8위, 10-11 시즌 9위로 열심히 꼬라박은 정관장은 2010년 드래프트에서 그렇게 얻은 지명권 1, 2순위로박찬희와이정현을 지명하고, 2011년 드래프트에서도 1순위 픽을 얻고 이때 열심히 꼬라박은 이유인오세근을 지명하는 데에 성공하면서 기어이 2011-12 시즌에 창단 첫 챔피언 결정전 우승에 성공했다. 그러나 2016-17 통합우승 이후 이정현을 내보냈고, 2020-21 우승 이후 이재도도 내보냈으며, 2022-23 우승 이후 오세근과 문성곤을 내보냈는데, 이는 샐러리캡 소진율이 상당히 높은 수준으로 나왔기 때문인 것으로 보인다.[141]그러므로 정관장은 팬들의 비난을 감수하면서까지 핵심 선수들을 내보낼 수밖에 없었고, 결과적으로 2023-24 시즌 열심히 하위권을 전전한 대가로 받은 1순위 지명권으로박정웅을 픽하기는 했다.[142]5.4.V-리그[편집]한국에서 벌어진 탱킹 사례 중 가장 유명한 것은 여자배구에서 2003년김민지, 2004년황연주-나혜원, 2005년김연경이 3년 연속으로 참가했던 한국 여자배구에서인천 흥국생명 핑크스파이더스와GS칼텍스 서울 KIXX가 벌였던져주기 게임들.GS칼텍스와흥국생명은 정말로 고의 져주기를 했었고 드래프트 파동까지 이어졌었다.[143]GS칼텍스는 2003·2004 드래프트에서 각각 전체 1번으로 김민지, 나혜원을 지명했고, 흥국생명은 2004 드래프트에서 전체 2번 황연주, 2005 드래프트에서 전체 1번으로 김연경을 지명했다.2019년 시즌 막판에는안산 OK금융그룹 읏맨이 차기 시즌을 위해 일부러 탱킹을 시도했다는 의혹이 있었지만,한국배구연맹조사 결과 무혐의로 결론났다.#17-18 흥국생명과 14-15 ~ 17-18 GS칼텍스도 탱킹으로 평가받기도 한다.[144]흥국은 이주아 영입으로 18-19 시즌 바로 통합 우승을 했으며, GS칼텍스 또한 이 시기 강소휘, 안혜진을 얻어 20-21 통합 우승을 달성하며 그 값을 했다. 반면 16-17 이후 봄배구 진출 횟수가 겨우 2회에 불과한인삼공사의 경우는 탱킹으로 평가되지 않고 그냥 단순 부진으로 분류된다.6.일본에서의 탱킹[편집]6.1.일본프로야구[편집]KBO 리그는 연고지 1차 지명 때문에 탱킹이 잘 안 일어났지만, 여기는 작년 성적과 관계없이 복수 구단의 1라운드 지명권이 겹칠 경우 추첨으로 뽑는 제도 때문에 구조적으로 탱킹이 일어날 수 없다. 2라운드부터는 성적에 따라 순서가 지정되지만 2라운더의 순위를 높이기 위해 탱킹을 하는 일은 없다. 거기에 탱킹을 하려 해도 한국처럼 전체 팀 중 절반이 포스트시즌에 나가기에 외국인 선수, 신인 선수들의 반짝 활약으로도 포스트시즌 진출을 노려볼 수 있으며, 모기업 눈치를 봐야 한다는 점도 같다.과거 1993년~2007년까진 대졸, 사회인야구 선수의 경우 2명까지 자유롭게 영입할 수 있는 역지명 제도가 존재했으나[145]요미우리 자이언츠와 같은 빅클럽들이 막강한 자금력으로 유망주나 타 팀의 스타 선수들을 FA와 역지명제도로 싹쓸이하기 때문에 각 팀 간 전력 불균형이 극심해진다는 논란을 불러온 데다, 각 구단이 선수를 영입하는 과정에서 영양관리비를 명목삼은 뒷돈을 제공하는 등의 여러 부정행위(탬퍼링)가 수차례 발각되면서 결국 2007년을 끝으로 폐지되었다. 그리고 역지명 제도가 폐지되고 이때 들어온 선수들이 팀의 주축이 된 이후 요미우리는 부실한 육성 시스템 등의 여파로 입단 기피팀이 되어,코로나19이후 멸망했다.[146][147]7.윈나우 탱킹[편집]팀의 목표는 우승이 목적인 윈나우인데, 이상과 현실의 괴리로 팀 전략이 크게 어긋나 실제 성적은 탱킹팀마냥 하위권에 위치할 때 조롱적인 의미로 윈나우 탱킹이라 칭한다.따뜻한 냉커피와 비슷한 개념. 이기는데 최선을 다하는 윈나우 전략과 이기는데 최선을 다 하지 않는 탱킹 전략이 서로 상충되는 경우. 즉, 윈나우 타이밍에 돈을 많이 쓰거나 팀의 미래인 유망주와 지명권을 소모하여 즉시 전력감 선수를 영입해 우승을 노리는데 여러 변수로 팀이 멸망하는, 모든 경우를 통틀어 봐도 독보적인 최악의 상황이다. 보통 탱킹은리빌딩이 동반되나 윈나우 탱킹은 전력이 약한 팀이 리빌딩을 경시하고 무리하게 윈나우를 달려 팜도 꼴찌인데 성적도 좋지 않고 미래도 없는 경우를 얘기한다.윈나우 탱킹이 발생하는 이유로는1) 고연봉 스타 선수들이 줄부상 내지는 먹튀로 전락하거나2) 스타들만 잘하고 샐러리캡 상한, 유망주 육성 실패 등으로 타 포지션이 부실해서 장기 레이스를 버티지 못하는 경우등이 있으며, 대부분 프런트 혹은 코치진을 넘어 팀 시스템 자체에 문제가 있는 경우가 대부분이다.기본적으로 윈나우 기조에 있으면서도 포스트시즌에 가지 못하는 팀은 싸그리 윈나우 탱킹으로 취급되나, 이는볼티모어 오리올스의 2018년이나롯데 자이언츠의 2019년 같은 극단적인 사례를 제외하면 거의 없다시피하고 주전급 선수들은 착실히 사놨기에 꼴찌는 어지간해서는 안 한다. 다만 그렇기 때문에 1픽을 먹지 못하며 더 암흑기가 길어지게 된다. 야구에서는 수익이 나는 포스트시즌에도 가지 못하고 유망주 픽도 별로인 메이저리그 기준 각 지구3~4위[148]와 KBO 리그 기준7~8위, 일본프로야구 기준 각 리그4~5위[149]를 기록하고, MLB, NPB 기준 승률이4할 후반대~5할 전후, KBO 리그 기준4할 5~7푼 전후에연봉 총액이 많은 구단[150]이 윈나우 탱킹 구단으로 평가받는다. 2020년대 기준 메이저리그에서는LA 에인절스,콜로라도 로키스,뉴욕 메츠가 가장 대표적이며, KBO 리그에서는롯데 자이언츠,삼성 라이온즈[151],한화 이글스[152][153]등이 가장 대표적인 윈나우 탱킹 구단이다.사실뉴욕 양키스나요미우리 자이언츠처럼 아예 무조건 우승이 기본 목표라고 인식하는 구단들은 돈을 많이 쓰고 가을야구에는 매번 나가는데도 불구하고 팬덤이 우승을 못했다거나 그 해 포스트시즌에서 1승도 못하고 탈락했다는 이유만으로 윈나우 탱킹이라며 욕을 하는 사례도 있다.[154]위의 사례들 중 에인절스나 홍준학 시기 삼성처럼 팀이 하위권인데도 육성에 아예 손을 놓고 페이롤만 잔뜩 높아진 팀을 대놓고 방치하고 말아먹는 막장 사례가 있는 반면, 디트로이트 타이거스나 롯데처럼 활약해 주는 선수들의 연령층은 매우 젊고 서비스 타임 선수들이 주축이나 정작 고액 연봉을 받는 선수들이 매우 심하게 말아먹어서[155]리빌딩팀이 순식간에 윈나우 탱킹으로 전락해 버리는 사례도 있다.윈나우 탱킹은 대부분 현대 프로스포츠의 관점에서 가장 비효율적인 구단 운영으로 평가받는다. 팀 전력에 대한 리빌딩도 당장의 성적도 잡지 못하며 불필요한 지출만 주구장창 늘리기 때문이다. 1990년대 말 뉴 그레이트 양키스 내지 2000년대의 삼성 라이온즈나 현대 유니콘스처럼 돈도 많이 쓰면서 육성도 잘할 시 왕조가 가능하나, 그와 반대로 돈만 죽어라 낭비하고 시스템이 시궁창이라 성적이 안 나오는 케이스가 윈나우 탱킹이 된다. 단순히 모기업이 투자를 제대로 하지 않거나 모기업의 자금난, 부도와 같은 여러 피치 못할 악재로 인해 성적이 하락했다면 모를까 돈을 쓰고도 성적이 안 나오는 윈나우 탱킹을 오래 지속하게 된다면 팀은반드시장기 암흑기에 빠지게 된다. 특히 투자에 소극적이었던 구단이 투자를 다시 시작하는 과정에서 무계획적으로 돈을 쓰는 바람에[156]도리어 암흑기가 연장되는 경우도 많다.실제로 리그 초창기 시절 연고지 인천 팜의 약세로 인해 최하위권을 맴돌았던 삼청태나 주축 선수들의 노쇠화와선수단의 집단 이탈, 항명 사건까지 벌어진 1988년부터 1994년까지의OB 베어스,백인천이 팀을 개작살낸 데다 모기업의 소극적인 투자 및 지원과김명성감독이 급사하는 등 여러 악재들이 겹친8888577시기의 롯데, 모기업의 부도나 자금난으로 인해 주축 선수들을 팔아치워야 했던 90년대 후반의해태 타이거즈및 쌍방울이나 2008년부터 2012년까지의 히어로즈, 쌍방울의 잔여 선수들을 모아 급하게 재창단한 2000년부터 2002년까지의 SK, 창단 초 극도로 얇은 선수층으로 인해 하위권은 늘상 도맡아줬던 2015년부터 2019년까지의 KT, 팀 최대 주주이장석의 전횡과 핵심 선수들의 메이저리그 진출 등 지속적인 전력 유출을 극복하지 못하고 최하위권으로 추락한 2023년부터의 히어로즈를 제외하면 KBO 리그에서의 장기 암흑기인 구단들은 대부분 윈나우 탱킹의 영향을 받았다.특히나LG 트윈스,기롯삼한과 같은 리그 초기부터 해당 연고 지역에 자리잡은 전통의 인기 구단들이 처참한 프런트의 질[157]로 인해 이런 윈나우 탱킹을 겪은 경우가 많으며, 기롯삼한의 경우에는 수도권 편중 현상과 지방구단의 한계로 인한 신인 지명과 외부 영입의 불리함까지 더해지면서 10구단 확대 이후 1차 지명이 폐지되기 전까지 대부분의 구단들이 하위권을 전전해야 했다.[158]LG는 2003년 이후로 사온 FA들이 다 망하고 유망주들은탈쥐효과로 타 팀 가서 터지는 사례가 빈번해지며6668587667의 비밀번호를 찍으며 10년간 가을야구를 결석했고, 암흑기를 끊어낸 2013년 이후로도 10여 년 가까이 가을야구 경험 부족 때문인지 포스트시즌 울렁증을 이어가면서 한국시리즈에 다시 오르기까지 장장 21년이라는 세월이 걸렸다.90년대 후반 모기업 해태의 부도로 인해 주축 선수들을 팔아치울 수밖에 없었던 점을 감안해야 하지만 2000년대 중반 LG, 롯데와 함께엘롯기로 묶인 KIA의 경우에도기아에 인수된 후 여러 FA들을 영입하면서 가을야구에 복귀했지만 2002년부터 2006년까지 4번의 포스트시즌에서만 8연패를 당하는 등 사실상의 윈나우 탱킹 시즌을 보냈으며,서정환시기 젊은 투수진혹사까지 겹치면서 최하위로 추락하게 되었다. 이로 인해 박살 난 투수 뎁스를 복구하는 데에만 10년이 넘는 세월이 걸렸으며, 그나마 외국인 선수의 성공과 어느 정도 자체적으로 육성해 낸 타자들에 FA로 영입해 온 타자들까지 더해지면서 2009년, 2017년, 2024년 한국시리즈에서 우승을 달성하는 등 2010년대 중반 이후의 롯데, 한화, 삼성보다는 처지가 나은 편이나, 그 옛날해태 왕조시절처럼 매년 꾸준히 성적을 내던 시절의 임팩트는 아니라는 평이 중론이다.제리 로이스터~양승호가 물러난 2013년 이후 롯데의 2차 암흑기 역시 리빌딩과 윈나우 사이에서 갈팡질팡하다가 역대 최고 승률(0.532)로 아깝게 가을야구 진출 실패, 총연봉 1위팀의 승률 .340과 함께 원년 구단 최초의 10위라는 비극을 만들어냈다. 그나마 2019년의 대실패를 반면교사 삼아 2020년대 이후부터 여러 선수들을 꾸준히 육성하고 있지만 정작 이 기간 동안 단 한 명의 감독도 임기를 채우지 못하고 중도 퇴임 혹은 짤리거나 기껏 영입한 FA들이 대부분 부상과 부진으로 기대 이하의 활약을 보인다든지, 암흑기의 장기화로 인한 선수단 위닝 멘탈리티의 부재 문제까지 겹치며 결국 성민규의 리툴링도 실패로 돌아가면서 리그가 9~10구단으로 확대된 이후 14년간 가을야구 진출이 딱 1번에 불과할 정도로 여전히 가을야구 진출이 확실한 전력이 아니다.특히 성민규 시대에 투수진이든 야수진이든 리빌딩이 확실히 되지 않았는데, 거액을 들여 영입한 유돈노 트리오가 2024년 부상과 노쇠화가 갑자기 겹쳐 먹튀로 전락한 데다 여러 트레이드로 데려온 선수들이 실패만을 반복한 반면, 감독, 코치 등 현장과 파벌 싸움이 비일비재하게 벌어진 것도 팀의 분위기에 악영향을 미쳤고, 후술할 삼성처럼 야수 유망주가 봇물처럼 터져나오며 본격적으로 리빌딩이 시작되었지만 팀의 중심을 잡아줄 선수들이 전무해진 데다 구단의 어중간한 방향성까지 겹치면서 유망주들의 성장도 정체되는 결과를 낳았다.그 결과 2024년에는 대부분의 승리 기여도 상위권 선수가 자체 육성한 서비스 타임 선수인 등 리빌딩 성과가 10개 구단 중 가장 좋았음에도 동시에 유돈노 때문에 페이롤은 높아 전형적인 윈나우 탱킹 구단의 지표를 올렸으며, 전반기까지 3위를 하며 포스트시즌이 유력해 보였던 2025년에도 외국인 선수 교체 승부수가 실패하고 유망주들이 작년의 성장세를 이어가지 못하며 후반기 들어 상식을 초월하는 충격적인 모습을 보여주며 멸망했고, 외부 FA를 영입해 윈나우를 달리는 것도 페이롤이 높아 구단 플랜을 짜기 꽤 골치 아픈 상황이 되었다. 그래도 이런 유형의 구단은 상술한 악성 계약이 전부 끝나고 제대로 된 외부 영입만 이뤄진다면 유망주급 선수들이 전성기를 누릴 향후 몇 년 뒤의 전망이 좋은 편이지만, 모기업의 사정 악화로 인해 대형 투자도 난감해진 데다 신인들의 성장세가 이어지지 못한다면 리빌딩도 윈나우도 탱킹도 되지 못하는 어중간한 팀으로 전락할 가능성이 높다.아울러서 가뜩이나 육성 능력도 빈약한 마당에 부실한 연고 팜과 2010년대 초중반 신생팀 창단으로 인한 유망주 유출이라는 악재까지 겹친 한화의 경우에도김성근시기인 2015~2017년에 역사상 최악의 윈나우 탱킹 시즌 중 하나를 맞이했고, 그나마 김성근 시절 투자한 선수들이 남아 있던 2018년 가을야구 진출에 성공하며5886899678의 비밀번호를 끊어내긴 했으나[159]이내 2019년 9위 추락에 이어 2020년부터 3년 연속 최하위를 기록하면서 윈나우 탱킹의 후폭풍을 제대로 맞고 만다. 결국 2020년부터 모든 팬덤이 다 떨어져 나갈 각오를 할 정도로 근 10년간 가장 강력한 리빌딩에 돌입했고, 그 결과 1차 지명이 폐지되고 드래프트 방식이 Z자로 변경되는 등 비밀번호 시절 제대로 행사하지 못했던 상위 지명[160]의 덕을 보기 시작했지만 유망주가 포텐을 완전히 터트리고 강팀으로 도약하기까지는 아직 시간이 더 필요한 상황이다.특히나 롯데, 삼성과는 달리 야수진의 더딘 성장세가 가장 큰 골칫거리이며, 20년 가까이를 못했는데도 투타 불문 신인들의 활약이 상수로 이어지지 못하고 한 시즌 반짝에 그치는 경우가 많다. 이렇게 내부 육성과 리빌딩이 제대로 이뤄지지 않은 상황에서 신구장 이전을 앞두고 성적을 내기 위해 류현진의 국내 복귀와 함께 여러 FA들을 영입했으나 안치홍,엄상백이 롯데의 유돈노 트리오처럼 충격적인 모습을 보이며먹튀로 전락해 버리는 등 선수들이 거액에 걸맞은 활약을 도통 보여주지 못하면서 다시 윈나우 탱킹 신세가 되어버렸다. 그나마 2025년 시즌은 폰세, 와이스 등 외국인 선수의 활약으로 33년 만에 정규리그 2위, 19년 만에 한국시리즈 진출에 성공하며 일단은 윈나우 탱킹에서 벗어났지만, 이 외국인 선수들이 만일 모두 이탈할 경우 또다시일장춘몽에 그칠 가능성이 높은 만큼 포스트시즌 진출을 발판삼아 팀과 선수단이 스텝업을 이뤄 지속 가능한 진정한 강팀으로 나아가는 것이 중요해졌다.삼성 라이온즈의 경우에도 암흑기 동안 최하위만 하지 않았을 뿐 2016년부터 주축 선수들의 은퇴와 이적, 저조한 성적과 팀의 시스템 퇴보가 병행되고, 그나마 2021 시즌 반짝 가을야구에 성공했지만 2022-2023년부터는 선수단의 고령화에 대비하지도 않고 주먹구구로 팀을 엉터리로 운영한 결과로 김성근 시절 한화 이글스에 비견되거나 어느 면에서는 그를 훨씬 능가하는 윈나우 탱킹을 하여야만 했다. 2010년대 이후로 자르면 왕조를 했기 때문에 기롯삼한 중에서는 압도적으로 제일 나으나, 홍준학 재임기만 자르면 한화 다음으로 부정적 평가를 받았다. 가을야구에 진출한 이후인 2022-2023년은 아예 프런트 차원에서 인정할 정도로 확실한 윈나우 탱킹이었으며, 2023년은 후술하겠지만 그 정점으로, 2020년대 대한민국 프로스포츠 전 종목을 통틀어서도 손꼽히는 최악의 운영을 보여줬다는 평가를 받는 시즌이다.[161]그나마 2020년대 FA 영입과김영웅,이재현이 혜성같이 등장하고,좌완 이승현,이성규,김헌곤이 부활하는우주의 기운이 작동했지만 홍준학 체제에서 누적된 문제가 해결되지 않으며 8년을 못했는데도 육성 시스템이 붕괴된 나머지 롯데, 한화와는 달리 미래를 기대할 유망주조차 없는 등 이로 인하여 삼성은 가장 리빌딩과 거리가 먼 구단 중 하나로 손에 꼽혔다. 그러나 2024년에 놀랍게도 페이롤을 줄이고 리툴링을 하면서 적절한 선수 영입과 더불어 야수진에서 신진급 선수들이 많이 튀어나오며 9년 만의 한국시리즈에 진출하며 윈나우까지 성공시켰고 2025년에도 포스트시즌에 연속으로 진출하면서 어느 정도는 후유증에서 벗어난 상태이다. 원래 삼성이 비슷한 모델로 2022-2023년에 하려고 했으나 2024년과는 달리 적절한 시스템이 없어서 정현욱이 궁여지책으로 카메라를 찍고 투구폼을 분석하는 대단히 열악한 환경에서 육성이 이루어지는 바람에 결과가 좋지 않았으며, 이미 2021년에 영입한 선수들의 노쇠화를 생각하지 않고 육성에 대해서도 너무 안일하게 생각하는 바람에 2020년대 최악의 윈나우 탱킹 중 하나가 된 사례이다. 다만 육성 시스템이 자리잡고 젊은 투수들의 성장이 이뤄져 투수진을 완전히 복구하는 데에는 아직 시간이 더 필요하다는 평가를 받는다.과거 KBO 리그는 외국인 선수 3명만 잘 하면 가을야구에 갈 수 있다는 평가를 받았으나, 2015년/2024년[162]롯데나 2022년 삼성의 사례가 나오는 등 KBO 리그에서도 점점 육성이 중시되며 이런 윈나우 탱킹을 하는 구단은 점점 심하게 도태되고 있다. 2010년대 이후 암흑기 중간[163]에 윈나우 탱킹의 정점을 찍은 시즌은 보통 2016년 한화 이글스, 2019년 롯데 자이언츠, 2023년 삼성 라이온즈를 꼽는다. 이 시즌들 모두 각 팀 프랜차이즈 역사를 통틀어 최하위권~최악의 시즌으로 평가된다.메이저리그에서는 대표적으로 1990년대 후반에서 2003년까지, 그리고 2005년과 2010, 2011년의다저스[164]가 이러한 윈나우 탱킹 팀이었다고 볼 수 있다. 아예 2018년볼티모어 오리올스처럼 윈나우로 시작했다가크데의 멸망과 함께 2할대 승률을 찍으며 구단 역사상 최악의 시즌을 갱신한 희귀 케이스도 있다.[165]물론 2018년 오리올스나 2019년 롯데, 2023년 삼성같이 페이롤이 높은데 최하위급 성적을 찍으면 그나마 픽 순위는 높긴 하지만, 상상을 초월하는 조롱과 비판에 직면하게 된다.[166]현재 메이저리그의 대표적인 윈나우 탱킹 팀은 현역 야구 최고의 선수인 트라웃과 오타니의 전성기를 허망하게 날려버린로스앤젤레스 에인절스[167][168][169], 그리고 그 에인절스조차도 한 수 접을 정도로 아마추어식 구단 운영을 일삼는콜로라도 로키스이다.[170]이 집 프런트가 정신 나간 건 에인절스와 같이 하루이틀 일이 아니며, 그래서인지 이 두 팀의 구단주인 아트 모레노와 찰리 몽포트는 자 팀팬들이 나서서 제발 구단을 팔아달라고 사정하고 있는 지경이다. 그나마 에인절스는 2026 시즌 종료 후 모레노의 품을 떠나 스탠 크론케에게 인수되어 팬들의 바람이 이루어지면서 변화를 기대할 수 있게 되었다.2000년대 이후부터스티브 코헨구단주에 인수된 2020년대에 이르기까지의뉴욕 메츠도 대표적인 윈나우 탱킹 팀으로 꼽을 수 있는데 빅마켓과 구단주의 자금력을 통해 여러 거액의 FA들을 영입하는 등 간간히 포스트시즌 진출에 성공하고 있고 2000년대 이후 두 번의 월드 시리즈 준우승을 기록했으나, 주축 선수들의 줄부상이 빈번하고 운도 따라주지 않거나 투자 대비 성과가 매우 나쁜 편에 유망주 팜의 상태도 좋지 못해 포스트시즌 진출에 성공한 연도를 제외하면 꾸준히 4할 중후반대의 승률을 찍는 등 전형적인 윈나우 탱킹팀의 모습을 보이고 있었다. 이는 KBO의 기롯삼한과 비슷한 빅마켓 팀의 주된 운영 형태 중 하나이다. 특히 KIA 타이거즈와 유사하나, 우승을 여러 차례 기록한 KIA와 달리 이쪽은 40년 동안 우승이 없어서 평가가 더 아쉽다.대표적으로 2007 시즌에는 161경기 동안 동부지구 1위를 하다가 마지막 경기에서 필리스에 추월을 허용해 포스트시즌 진출에 실패했고, 2022 시즌에는 와일드카드 시리즈에서 샌디에이고 파드리스에 1승 2패로 패해 광탈하면서 101승 와카딱이라는 정규리그 100승 이상을 찍은 팀이 디비전 시리즈도 나가지 못한 최초의 사례가 되었다. 또한 팀 분위기에도 문제가 있는 것인지 전직 감독이나 단장이 성추문으로 해임되거나프란시스코 린도어,하비에르 바에즈가 경기 중 홈런을 치고는 자신들의 부진을 비난한 팬들을 비하하는 세리머니를 해 물의를 일으키거나 경기 중 분을 참지 못한호르헤 로페즈가 돌발 행동과 팀을 비하하는 발언을 저질러 방출되는 등 팀 구성원들이 멘탈 문제를 일으키는 사례도 발생하고 있다. 다만 2023 시즌부터 먹튀를 하던 린도어가 반등하고 팀 비하 발언을 저지른 로페즈를 방출한 2024 시즌에는 팀 분위기 쇄신에도 성공하며 포스트시즌에 진출, 챔피언십 시리즈까지 순항하며 일단은 윈나우 탱킹에서 벗어나는 듯했다. 문제는 2024 시즌 종료 후후안 소토를 세계 스포츠 사상 최고 계약액으로 데려왔는데 2025~26 시즌에 포스트시즌을 가지 못하면서 얄짤없이 또 윈나우 탱킹팀이 되었다.다른 팀으로는디트로이트 타이거즈정도가 있는데, 이 쪽의 경우는 2014년 포스트시즌 진출을 마지막으로 가을야구와 거리가 멀어지고 팀에 적극적으로 투자하던 구단주도 타계하면서 2017시즌 중반 결국 벌렌더와 JD 마르티네스를 팔아제끼며 탱킹 버튼을 누르고스펜서 토켈슨등의 유망주를 착실하게 모았는데그들이 전부 부상 등의 이유로 아직까지 포텐셜을 전혀 보여주지 못해서강제로 탱킹이 지속되던 매우 난감한 상황이었다. KBO 리그로 치면 김성근 시기의 한화나 2010년대 중반 이후의 롯데와안현호~홍준학 시기의 삼성이 에인절스/로키스와 비슷하고,[171]2020년 이후의 한화나 성민규 시기의 롯데는 타이거즈와 비슷하다고 볼 수 있다. 특히 2024년 디트로이트 타이거즈와 롯데는 리그에서 손에 꼽힐 정도로 아주 젊은 팀이지만, 각각 바에즈와유돈노가 먹튀 행각을 벌이며 팀을 통째로 말아먹었다는 점에서 매우 유사하다.물론 이런 경우는 애초에 유망주들을 착실히 모았기에 팀 미래가 어둡거나 하지는 않으며 이들을 잘 육성만 시킨다면 향후 강팀으로 성장할 재목이 되는 것은 맞다. 그리고 디트로이트의 경우하비에르 바에즈등 중저가 FA 수집 정책이 실패하고미겔 카브레라의 장기 계약도 팀의 발목을 잡긴 했지만 페이롤이 그렇게 높은 팀은 아니기 때문에 윈나우 탱킹이라기 보단 그냥 리빌딩에 실패한 팀이라고 보는 게 더 맞으며, 2023 시즌을 끝으로 카브레라가 은퇴하고타릭 스쿠발이 사이영 위너로 올라선 2024 시즌 바에즈가 부상으로 아웃된 후반기부터 상승세를 타기 시작하더니 기어코 10년 만에 포스트시즌 진출에 성공했다. 롯데나 디트로이트 같은 유형의 팀들은 현재나 근시일은 물론 향후 먼 미래의 전망마저 박살 난 안현호-홍준학 체제의 삼성, 에인절스, 로키스[172]와는 달리 근시일의 전망은 안 좋으나 오히려 향후 몇 년 후의 전망이 좋은 경우가 많다.2023년 기준으로는 KBO에서는 삼성 라이온즈가 선술한 LA 에인절스나 콜로라도 로키스, 그리고 NPB의 주니치 드래곤즈와 대등한 충격적인 막장 운영으로 인하여 독보적으로 윈나우 탱킹으로 시즌을 말아먹었고[173][174], KIA 타이거즈가 핵심 선수들의 줄부상과 사건사고, 외국인 선수 인선 실패로 피타고리안 승률 2위팀의 가을야구 진출 실패라는 충격적인 결과를 받아들이게 되었다. 두산 베어스 역시 페이롤 1위임에도 불구하고 시즌 막판의 연패로 5위에 와일드카드에서 승리 없이 탈락하며 사실상의 윈나우 탱킹 시즌을 보냈다. NPB에서는요미우리 자이언츠가 22~23 시즌 2년 연속 센트럴리그 4위로 포스트시즌에 가지 못했고, MLB에서는샌디에이고 파드리스,뉴욕 양키스,뉴욕 메츠등 에인절스 말고도 기라성 같은 윈나우 탱킹 구단들이 대거 등장했다.[175][176]역대급 순위 경쟁이 벌어진 2024 시즌에는 여전히 롯데와 한화가 7~9위권에서 허덕이는 등 윈나우 탱킹으로 보이나, 두 팀 모두 승률만 볼 경우 작년 시즌보다 어느 정도는 나아진 승률을 보여주고 있다. 오히려 젊은 선수 육성이 이뤄지지 못하는 팀은 상위권에 있는 삼성인데, 오프시즌 외부 영입을 통해 불펜 보강에는 성공했으나 젊은 선수들의 활약이 상수로 이어지지 못하는 등 육성 성과도 좋지 않고 팀 전력도 매우 불안정한 상황이다. 그런데 삼성의 경우 이 선수들이 시즌 끝까지 활약하며 되레 리빌딩/윈나우가 모두 성공한 시즌으로 꼽히게 된 반면 한화는 직전 시즌 삼성과 비슷한 성적에 매우 좋은 모기업 재정 상태에 힘입은 더욱 적극적인 FA 투자로 다시 윈나우 탱킹팀이 되어버리며 가을야구 진출, 나아가 한탕의 우승을 노리고 있다. 또한 두산 베어스의 경우에도 정규리그 4위로 가을야구에 가는 데에는 성공했으나와일드카드 결정전에서 2경기 무득점으로 kt wiz에게 업셋을 허용하면서 포스트시즌 7연패 늪에 빠지며 매우 좋지 않은 야수팜으로 인한 윈나우 탱킹의 결과를 뼈저리게 받아들여야 했다.[177]2025년 기준으로는 삼성이 2년 연속으로 포스트시즌 진출에 성공했고, 외국인 선수가 대박을 친 한화도 33년 만에 구단 최다승을 거두며 포스트시즌에 진출한 반면 KIA는 주축 선수들의 부상 이탈을 극복하지 못하고 8위로 굴러떨어졌고, 롯데는데이비슨의 저주로 요약되는 외국인 투수 교체 승부수 실패, 빈약한 뎁스로 인한 선수단 체력 저하로 8월부터 급추락하면서 8년 연속 가을야구 진출 실패, 2020년대 이후 유일 가을야구 진출 제로 구단이라는 부끄러운 타이틀이 달리고 말았다. 9위로 시즌을 마친 두산은 이승엽이 사퇴하고조성환대행 체제에 접어들면서 본격적인 리빌딩에 들어갔고 야수진에 새로운 선수들이 대거 등장하면서 향후 전망 자체는 긍정적이라는 평가를 받는다. 메이저리그에서는 연봉총액 1위팀 뉴욕 메츠가 시즌 초까지 전체 구단 중 최고 승률을 달리다가 선발투수진의 줄부상으로 인해 가파른 하락세를 겪었고 결국 시즌 상대 전적에서 밀려 신시내티에 와일드카드 진출권을 내주면서 또다시 윈나우 탱킹팀이 되었다.KBO 리그의 경우 기업이 운영하는 구단이기에 선술했듯 탱킹 시도 자체가 없으며, 이러한 점 때문에 장기간 팀이 부진하면 무조건 팬들이 윈나우 탱킹이라며 비난을 퍼붓는다. 선술했듯 현재 KBO 리그에서 윈나우 탱킹으로 까이는 구단은 롯데와 삼성이 있는데, 우선 롯데는 2018-2019년 연봉총액 1위를 찍고도 7위-10위를 기록하였으며 2022년 삼성 라이온즈는 주요 FA 선수들을 제 값을 치러주며 잡았음에도 불구하고 이들이 전원 커리어 로우를 기록, 7위를 기록하였다. 롯데는 이후 성민규의 부임으로 페이롤을 줄여 강경 탱킹 상황이 되었지만 2023년에 윈나우를 선언하고 FA로 들여온 선수 세 명이 모두 부진하면서 다시 윈나우 탱킹의 대표팀이 되어버렸다. 삼성은 리빌딩을 싫어하고 윈나우를 추구하는 올드스쿨 성향의홍준학단장 체제가 지속되고 있어서 윈나우 탱킹이 계속되었으나, 홍준학이 물러나자마자 리툴링과 윈나우가 모두 성공하며 한국시리즈 진출에 성공하면서 윈나우 탱킹에서 탈출했다.사실 엄밀히 말하자면 KBO는 리그 구조상키움 히어로즈를 제외하면 다른 대기업 소유 구단은 애초에 탱킹 시도를 안 하기에 2019년부터 2022년까지의한화 이글스처럼 아무리 돈을 쓰지 않는 구단이라도 빅마켓이라고 봐야 하기 때문에 윈나우 탱킹이라는 표현은 잘 쓰이지 않는다. 다만 상술된 롯데, 삼성의 사례와 같이 그 정도가 심하면 윈나우 탱킹으로 까인다.윈나우 탱킹을 하는 구단에서 대부분 드러나는 특징이 있는데, 선수 영입에는 돈을 쓰면서 막상 선수 육성이나 구단 인프라에 대한 투자는 뒷전이라는 점을 들 수 있다. 그런데 '투자를 아예 접을 거면 선수 영입도 안 해도 되지 않냐' 고 반문을 할 수 있겠지만, 최근오클랜드 애슬레틱스마냥 구단이 선수들을 죄다 팔아버리고 복지조차도 안 해 주면 관중 수익마저도 줄어들게 된다. 그래서 관중을 끌어모을 스타 선수들은 대강 영입하고 팀을 대표하는 프랜차이즈 선수들은 FA 및 장기 계약으로 묶어두는 등 성적이 안 나와도 관중들은 경기장을 찾게 하는 것이다. 위에서 언급한 에인절스의 아트 모레노, 로키스의 찰리 몽포트, 맨유의 에드 우드워드 및 글레이저 가문, 워싱턴 커맨더스의 전임 구단주 댄 스나이더, 삼성 라이온즈의 홍준학이 이런 식으로 구단을 운영하면서 성적은 성적대로 기대 이하인데도 구단 수익이나 구단 가치는 멀쩡해서 팬들한테서 우승을 위한 의지가 없다고 융단 폭격을 받았다.[178]위에서는 윈나우를 달렸다고 꼴찌를 하면 픽 순위는 높지만 상상을 초월하는 조롱의 대상이 된다고 했는데, 그 픽조차도 못 건져서 더더욱 큰 웃음벨이 되는 경우도 있다. 이런 경우는신인드래프트지명권을 양도 가능한 리그에 많다. 무슨 얘기냐면, 일반적으로 드래프트의 목적이 뛰어난 신인 수급에 있는데, 그 지명권을 다른 팀에 넘긴 탓에 꼴찌를 해도 지명권을 받아먹은 팀만 계 타는 경우나, 일본프로야구처럼 드래프트 제도 자체부터 성적순이 아닌 랜덤이거나 로터리 픽 도입 후의 메이저리그처럼 각종 조항에 걸려 상위 픽 대상에서 배제되는 바람에 최하위를 해도 아무런 메리트가 없는 경우, 좋은 신인을 얻을 기회가 있어도 그 선수를 키우는 게 전혀 의미가 없어서 성적을 내야 하는 경우다.[179]대표적인 사례는2020년휴스턴 텍산스가 있다. 사실 이 케이스가 윈나우 탱킹으로만 설명할 수 없는, 미 프로스포츠 역사상 가장 망한 한 시즌 중 하나로,당시 텍산스의 한 해를 정리한 문서에 다 나와 있지만, 여러모로 놀라울 수밖에 없는 시즌이다. 굳이 요약하면막장 감독이자 단장을 포함한 코칭스태프 + 그못지 않은 구단 수뇌부 + 구단을 사실상 휘어잡은 비선실세라는 환장할 베이스를 깔고 간 결과, 오프시즌엔 몇 차례의 트레이드로 프랜차이즈 스타디안드레 홉킨스와 다수의 드래프트 픽[180]만 잃고, 시즌엔 부실한 선수단으로32팀 중 30등[181]이란 성적을 내고도 앞서 말했듯 픽이 남아 있지 않아 드래프트에서 좋은 평가를 받은 상위 유망주들을 잡을 수 없었으며, 시즌이 끝나고 나서는 팀의 상징과도 같은J.J. 왓이 구단에 염증을 느껴 이적을 하게 되고[182], 팀의 미래이자 현재였던드션 왓슨또한 팀을 떠나고 싶다고 밝혔으나, 와중에 사생활 문제가 아주 크게 터져버렸다.[183]말 그대로 남은 게 없다고 해도 과언이 아니며, 향후 몇 년간 텍산스는 바닥을 길 것이 이미 확정되었었는데,C.J. 스트라우드가 등장하여 팀을 플레이오프에 올려놓으며 한숨을 돌린 게 천만다행이다.또 다른 대표적인 사례는 바로2022년브루클린 네츠로, 이쪽은 강제 윈나우 탱킹의 우려가 있었으나 기어이 성적을 내며 윈나우에 성공한 사례이다. 2021 시즌 중휴스턴 로키츠에 몇년치 1라운드 지명권을 다 퍼주고제임스 하든을 영입했지만, 어빙의 백신 접종 거부 사태로 예상치 못한 팀 내 혼선과 스타들 간 갈등으로 인해 하든이언해피를 띄웠고, 결국필라델피아 세븐티식서스로 떠났다. 오프시즌 듀란트, 어빙도 언해피를 시전하며 트레이드 요청을 하는 등 팀이 와해에 가까운 상황이 되었다. 문제는 이 상태에서 진짜로 듀란트, 어빙을 내보내면 팀에 스타는 아무도 없고 신인 지명권조차 없기 때문에 성적이 나쁘면 휴스턴만 이득을 보는 상황이 되는 것이다. 그래서 네츠는 아무리 팀 상태가 엉망이어도 무조건 윈나우 해야 하는 상황이다. 하지만 네츠는 무능한 감독으로 낙인 찍힌스티브 내쉬를 경질한 이후 아예 컨퍼런스 선두 자리까지 노릴 정도로 환골탈태하면서 어느 정도 윈나우 구단으로 자리잡았다. 이후, 어빙과 듀란트가 팀을 떠났으나, 반대급부로 데려온 선수들이 아직 괜찮은 모습을 보이고 있다.또한2021년로스앤젤레스 레이커스도 있는데,AD트레이드를 위해 몇년치 1라운드 지명권과 A급 유망주들을 퍼준 끝에 우승을 달성하기는 했지만, AD가 유리몸으로 누워버리고러셀 웨스트브룩트레이드가 실패한 데다 르브론은 노쇠화로 수비를 아예 놓아버리고, 쓸만한 롤플레이어가 없어지고 스쿼드가 황폐화되면서 결국 21-22 시즌 포스트시즌 진출에 실패하면서뉴올리언스 펠리컨스에게 웬만한 탱킹팀급 픽 순위인 8픽을 조공했다. 심지어 뉴올리언스는 21-22시즌 이전에 해당 픽을멤피스 그리즐리스에 팔고에릭 블렛소와스티븐 아담스를 처리하면서요나스 발렌슈나스를 데려왔는데, 해당 픽을 팔면서 걸어둔 Top 10 보호조항에 걸리면서다이슨 다니엘스라는 수준급 수비형 가드를 데려올 수 있었다.그리고2025년로스앤젤레스 클리퍼스역시 윈나우를 천명했으나카와이 레너드와브래들리 빌이 누워버리고노먼 파웰을마이애미 히트로 보낸 반동으로 인해 플인도 위태로운 성적을 내고 있는데, 문제는 클리퍼스의 2026년 드래프트 1라운드 지명권은폴 조지트레이드 때문에 현 리그 1황으로 평가받는오클라호마시티 썬더로 넘어가 있어대리 탱킹이란 비아냥까지 듣고 있다. 그러나 이 시즌 클리퍼스는 오클라호마시티에게 12픽을 바치긴 했으나이비차 주바치트레이드로인디애나 페이서스에서 받아온 보호픽이 보호 범위 밖인 5픽에 걸리면서 최고의 황금 드래프트로 평가받는 2026 드래프트에서 폴 조지 트레이드 이후 오랜만에 픽을 행사하는 해피 엔딩을 맞이했다.V-리그여자부에서는 21-22시즌의대전 정관장 레드스파크스, 23-24시즌의GS칼텍스 서울 KIXX, 24-25시즌의김천 한국도로공사 하이패스와화성 IBK기업은행 알토스가 대표적이다. 특히 24-25시즌의 IBK기업은행이 가장 심한 윈나우 탱킹으로 불리는데, 최소한 다른 사례는 선수 1~2명을 고액 영입했다가 부진[184]하면서 문제가 된 것인데 해당 사례는 내부 FA도 오버페이한데 이어서 꼭 잡아야 할 선수는보상선수,트레이드,FA 유출로 놓치고[185]그렇게 FA로 잡은 고액 연봉 선수들[186]이 부상, 노쇠화, 부진으로 인해 팀 구성이 불균형해지며 팀 구성을 박살낸김호철감독은 강도 높은 비판을 피할 수 없었고, 결국 25-26 시즌 중 성적 부진으로 중도 사퇴하는새드 엔딩으로 이어졌다.[1]그래서 로터리픽이 없을 시 리그 순위와 다음 해 드래프트 지명순위는 반대로 된다고 생각하면 되며, 미국 프로스포츠리그는 이 때문에 가장 자본주의적인 나라에서 가장 사회주의적인 방식으로 선수 선발을 한다고 하기도 한다.[2]특히 굉장히 유명한 신인이 다음 해에 드래프트로 나올 것이 확정되는 시즌의 경우 그 해 리그 하위권 팀들 사이에서 꼴찌, 혹은 최대한 아래 순위를 차지하기 위한 치열한 져주기 경쟁이 벌어지는 경우도 있다. 해당 종목이나 구단 팬들은 이러한 방식으로 응원하는 팀이 낮은 순위에 위치하면드래프트 리그 우승팀이라고 반쯤 조롱할 정도이며, 한국에서도심준석리그라는 신조어가 생겼다.[3]드래프트 순위를 정할 때 성적 연순으로 자동 배정하는 게 아니라 승률 기준으로 확률을 차등 배정해 순위를 정하는 방식. 꼴찌했다고 무조건 1픽을 먹지 못하도록 하는 것이 목적.[4]KBO에서 탱킹이 일어나지 않는 이유기도 하다. 일단 야구라는 종목 특성상 1명의 힘만으로 팀이 완전히 달라지는 것은 힘들고, 또 강팀이어도 뎁스가 제각각이라 실수 몇 번이나 혹사 누적으로 선수가 다치거나 주저앉으면 연쇄반응으로 성적 하락이 한순간에 오는 것도 흔하며, 매년 3장의 카드가 주어지는 (사실상 자유계약선수인)외국인 선수만 잘 뽑으면 바로 치고 올라간다는 마인드가 박혀 있기 때문.[5]NBA에서 뉴욕이란 막강한 시장을 가진 닉스가 돈지랄의 위엄을 보여주지 못하는 이유기도 하다. 샐러리캡을 최대한 비워봤자 맥시멈 연봉 선수들을 싹쓸이하는 건 불가능하기 때문이 운영을 못하면 우승이 유력한 수준의 로스터를 구성하는 게 불가능한 것이다. 물론빅마켓팀이면 사치세의 압박에서 비교적 자유롭기 때문에 레이커스처럼 운영을 잘하면 금방 우승권으로 올라가는 게 용이하지만, 닉스처럼 돈은 돈대로 쓰면서 거물 FA는 거의 놓치는 어중간한 운영을 하면 답이 없다. 게다가 농구는 선수평가에서 우승이 차지하는 비중이 엄청나게 높기에 우승이 목마른 슈퍼스타들에겐 우승권 전력이 돈만큼이나, 심지어 돈을 포기할 정도로(페이컷) 매력적인 요소이다. 포인트는 NBA 같은 리그는 샐캡의 존재로 인해 FA시장에서 드라마틱한 역전을 노리는 게 힘든 반면, 드래프트는 비교적 적은 기회비용으로 대박을 노릴 수 있는 만큼 탱킹의 유혹을 뿌리치기 힘들다는 것이다.[6]이 경우 탱킹 팀은 트레이드를 통해 뛰어난 기량의 선수를 내보내고,먹튀로 전락한 고액 연봉 선수와 유망주들을 받아와서 샐러리 캡도 지키고 원래 목적도 달성할 수 있다.[7]예를 들면 2001년텍사스 레인저스가알렉스 로드리게스에게 10년 2억 5천만 불을 준 것. 그 덕에 FA 시장의 연봉 상승에 가속이 붙었다. 웃기게도 막상 레인저스는 단 3년 만에 그를뉴욕 양키스로 팔아버렸다.[8]2021년까지는 10팀으로 1/3이었다. 더군다나 12팀으로 늘어나면서 3판 2선승제로 바뀐 거지 이때까지는 와일드카드 시리즈가 단판이라 지는 팀은 아무리 정규시즌 성적이 높아도 한 경기하고 땡에 행여나 원정 가서 지게 되면 티켓 수익도 단돈 1센트도 안 남았다.[9]주전/비주전 격차가 가장 큰 반면, 포지션 제어가 불가능하고, 경기수가 타리그를 압도하는 수준으로 많기 때문.[10]이것을 가장 극단적으로 보여준 사례가 바로 2008년슈퍼볼 XLII의뉴잉글랜드 패트리어츠.[11]리그 전체 1위면 당연히 소속 지구 우승팀이고, 각 리그의 서부/중부/동부지구 우승팀 3팀 중에서도 승률 1위이기 때문에 지구 우승팀 승률 3위가 치러야 하는 3판 2선승제의 와일드카드 시리즈를 생략한다.[12]해당 드래프트에서 밀워키는 2순위 픽을 얻어자바리 파커를 지명했다. 파커는 벅스에 있었던 5년 동안 제법 준수한 활약, 딱 그 정도만 해주다가 밀워키를 떠났는데 문제는 그다음 픽으로 나온 선수가조엘 엠비드와니콜라 요키치로 MVP를 수상한 선수가 둘이나 나온 것이다. 요키치야 2라운드 41픽 선수가 MVP급 선수로 터지는 걸 아무도 예상 못 했으니 그렇다 쳐도 엠비드는 원래 전체 1순위 후보로 거론될 정도의 대형 유망주였던 걸 부상 이력 때문에 걸러버렸으니 밀워키는 그저 눈물만 나올 뿐. 그나마 전년도 드래프트에 로또 긁듯이 긁어본어느 그리스 괴인이 MVP를 수상할 정도로 대박이 나 밀워키에게파이널 우승을 안겨준 것이 행운이었다.[13]앨런 아이버슨, 마커스 캠비, 레이 알렌, 코비 브라이언트, 스티브 내쉬[14]르브론 제임스, 카멜로 앤서니, 크리스 보시, 드웨인 웨이드[15]그렉 오든, 케빈 듀란트, 알 호포드.[16]앤드류 위긴스, 자바리 파커, 조엘 엠비드, 줄리어스 랜들[17]디안드레 에이튼, 마빈 베글리 3세, 자렌 잭슨 주니어, 루카 돈치치, 트레이 영[18]케이드 커닝햄, 제일런 그린, 에반 모블리, 스카티 반즈[19]대린 피터슨, AJ 디반사, 카메론 부저, 케일럽 윌슨[20]팀 던컨[21]자이온 윌리엄슨[22]빅터 웸반야마[23]쿠퍼 플래그[24]2020년대 들어 각 팀의 샐러리 캡만 해도 1억 달러를 넘어 2억 달러를 향해 가고 있으며, 여기에 NBA는 각 팀이 샐러리캡의 90% 이상은 의무적으로 써야 한다고 규정하고 있다. 만약 샐러리 캡의 90%를 충족하지 못할 경우 그 차액만큼 강제로 징수한 후 선수들에게 분배하기 때문에 어떻게든 1억 달러가 넘는 샐러리 캡의 90%는 쓰이게 되어 있다.[25]2006-07 시즌 대차게 멸망한보스턴 셀틱스가 좋은 예. 이때 보스턴은 이미 싹이 보이던 알 제퍼슨을 포함해 라이언 곰즈, 제럴드 그린, 라존 론도 등 유망주들이 좋은 활약을 보여 우울한 시즌을 보내던 팬들을 즐겁게 해줬다. 이때 활약한 유망주들은 론도를 제외하면 대부분케빈 가넷의 7:1 트레이드로미네소타 팀버울브스로 갔는데 트레이드 당시만 해도 보스턴이 너무 퍼준 게 아니냔 말이 나올 정도였다.근데 제퍼슨을 제외하곤 미네소타에서 전부 폭망했다.[26]물론 클러치 상황에서 팀을 배려하는 정도의 플레이는 암암리에 한다. 3점 지고 있는데 2점 넣고 지는 게 대표적인 탱킹 작전.[27]당시는 플레이오프 진출에 실패한 7개 팀이 동등한 확률을 받았다. 이후 확률이 꼴찌에게 약간 이득을 주는 방식으로 16.7% → 25%로 최종 변경되었다.[28]그렇게 서두르지 않으면 어느 순간 이 선수들의 연봉이 천정부지로 늘어나 빅마켓 팀들조차 팀 유지가 불가능해지게 된다. NBA는 그 정도로 연봉관리도 빡세고, 맥시멈 제도의 도움을 받아 어중간한 선수에게 오버페이를 강요당하는 일이 엄청나게 잦은 리그다.[29]르브론같이 데뷔 직후부터 올 NBA 팀에 이름을 올리는 슈퍼스타들은 누가 봐도 팀의 코어로 삼아야 하는 선수들이며, 이런 선수들은 싸게 쓸 수 있는 루키 계약 4년이 있는 데다 루키 계약이 끝난 이후에는 생각할 필요도 없이 맥스 연봉을 주면 되니 별 문제가 안 된다. 문제는 성장세나 포텐이 슈퍼스타인지 올스타인지 애매한 레벨의 선수들이다. 2000년 드래프트 전체 1순위로뉴저지 네츠에 지명된케년 마틴이 대표적으로, 마틴은 폭발적인 운동능력과 좋은 수비 기본기를 지녔지만 공격 스킬이 부족했으며, 그 성적도 리그 최고 수준의 PG제이슨 키드가 옆에 붙어있어서 나온 성적이었기에 혼자 에이스급 득점원이 될지도 의문이었다. 그래도 올스타에 선정되는 등 나름 성장을 하고 있기는 했는데, 루키 계약 4년이 끝난 2004년, 마틴은 구단에 맥스 계약을 요구했다. 이런 선수는 놔주자니 다른 팀에서 폭발해 슈퍼스타가 될까 봐 아깝고, 잡자니 가성비가 떨어질까 고민되었는데, 결국 뉴저지는 그를 포기했다. 결과적으로 이 이후 마틴의 성장이 멈췄기에 잘한 선택이긴 했다. 사실 성장을 해도 고민인 게, 루키 계약을 통해 저렴하게 쓰는 선수들로 전력을 유지할 경우 저렴하게 쓸 때까지는 좋지만 나중에 이 선수들이 줄줄이 크면 샐러리 캡이 폭발하게 된다. 대표적인 예시가 2010년대 초반오클라호마 썬더로, OKC는러셀 웨스트브룩,케빈 듀란트,제임스 하든에서지 이바카까지 모두 터지면서 2012년에는 창단 첫 파이널에도 진출했지만, 가뜩이나 스몰마켓 팀인데 주축 선수들의 연봉 상승이 동시에 닥치면서 연봉 압박에 시달리게 되자 결국 하든을 포기해야 했다.[30]다만 하나 언급할 것은 스퍼스는 너무나 운이 없었을 뿐이지 탱킹이라고 할 정도로 시즌을 고의로 망친 것은 아니었다. 스퍼스는 오프시즌에 사인한도미니크 윌킨스(시즌 18.2점 6.4리바운드)를 중용했으며(63경기 출전), 팀이 부진하자 밥 힐 감독을 해임하고 부사장 겸 단장그렉 포포비치가 감독을 겸하며 반전을 노리는 등 나름 최선을 다했다. 사실 당시엔 탱킹이 대중화된 시절이 아니라 '지명권을 위해 시즌을 날린다'는 개념도 희박했으며, 서부엔 14승에 그친밴쿠버 그리즐리스, 동부엔 15승의보스턴 셀틱스란 절대강자들이 있었기에 스퍼스가 꼴찌를 하기도 힘들었다. 실제로 스퍼스는 로빈슨, 엘리엇부터 해 척 퍼슨 같은 롤플레이어까지 온갖 부상을 겪고도 20승을 했으나, 정작 전체 꼴찌인 밴쿠버가 4픽에 그치고 아예 처음부터 던컨만을 노리고 탱킹을 감행해댈러스 매버릭스와의 지명권 트레이드로 상위 픽 하나를 더 가져와 1순위 확률을 무려 35%로 맞춰놨던 보스턴이 3픽과 6픽에 머무는 등 로터리에서 운이 따라주는 덕분에 던컨을 얻는 행운을 얻은 것이다. 처음부터 유망주를 노리고 작정하고 탱킹을 한 탱커들과는 전혀 다르다.[31]다만 이전 연고지였던 시애틀과의 합의로 오클라호마시티 썬더는 신규 창단한 신생 구단으로 간주되며 시애틀 슈퍼소닉스의 역사는 시애틀에 두고 왔다.[32]정확히는, 레이커스 입장에서만 망한 거다.3명의 선수 모두 레이커스에서 다른 팀으로 옮기면서 잠재력이 터진 케이스.정작 27픽인 카일 쿠즈마가 활약했지만, 이마저도 웨스트브룩과의 트레이드 과정에서 워싱턴으로 떠났다.[33]그렇기 때문에 레이커스는 2017-2018시즌 트레이드를 통해조던 클락슨등을 처분하고 샐러리캡을 비워 이번 오프시즌에 FA 시장에 나오는르브론 제임스를 영입하기 위해 LABron 이라는 캐치프레이즈를 도시 한복판에 광고로 띄워놓고 구단, 일반 시민 모두가 너나 할 것 없이 대대적인 러브콜을 보내는 중이며,폴 조지,드마커스 커즌스를 영입하고,카와이 레너드트레이드를 노리는 등 복수의 슈퍼스타를 한꺼번에 품을 계획을 세우고 있었다. LAL은 결국 르브론과 4년 맥스로 계약하였지만, 폴 조지는 OKC에 잔류(이후 클리퍼스로 트레이드), 커즌스는 미드레벨 예외규정 계약으로 GSW행을 결정했다. 레너드는 LAL로 가고 싶음을 SAS에 강하게 어필하였으나 결국 TOR의더마 드로잔과 트레이드된다.그 후 클리퍼스로 이적했다.[34]올랜도는 구단주 집안이암웨이쪽 집안이라 욕을 많이 먹는다.[35]마크 큐반은 NBA 사무국의 주수입원이라는 말을 들을 정도로 벌금을 많이 낸 구단주지만 이번에는 액수가 상당히 컸다.[36]시즌 종료 후, 하위 14개 구단이 추첨으로 차기 시즌 드래프트 픽의 순서를 정하는 제도[37]다만 이에 대한 부작용으로 정말로 전력이 막장인 팀, 즉 신인지명의 도움이 제일 많이 필요한 팀이 정작 슈퍼스타의 재능을 가진 선수들을 지명하지 못해 계속 막장으로 남아 있는 경우도 발생할 수 있다.[38]그러나 공정한 경쟁을 통해 가려진 우승이 아니라는 큰 맹점이 있어 제대로 된 우승으로 인정받지 못한다. 자세한 것은해당 항목참고.[39]논란이 터진 것은 2019년 월드시리즈가 끝난 이후지만 2019년에는 치팅을 하지 않았음이 드러났다. 휴스턴이 치팅을 홈에서 했는데, 2019년 월드 시리즈는 홈팀이 1차전부터 7차전까지 전부 패배한 시리즈였다.[40]로우 싱글A, 하이 싱글A로 나누면 5단계[41]다만 투수는 아주 간혹 트리플A를 생략하는 경우도 있다. 이는 투수와 타자의 차이점 때문에 가능한 일인데, 타자는 철저히 투수의 투구에 반응을 해야 하는 수동적인 입장인 데 반해, 투수는 극단적으로 말해 자기 공만 던지면 되기 때문. 과거김병현이 전체 마이너리그 생활을 고작 석 달밖에 겪지 않은 이유가 바로 이 때문이다.[42]이 때문에 고등학교와 대학교에서 두 개의 종목을 병행하다 미국 내 다른 스포츠(미식축구, 농구 등)로 노선을 타는 유망주들이 많아졌다. 대표적 예시는카일러 머리,패트릭 마홈스같은 예들이 있다.[43]유망주가 빨리 안 터져서 망한 팀이 바로 2020년대 초반디트로이트 타이거즈. 그러나 디트로이트의 경우 2010년대 후반부터 탱킹을 시전하여 2020년대 초반 기준으로는 선수들의 연령대가 전반적으로 상당히 어려 노망주들까지는 아니기에 앞으로 얼마나 터지게 될지는 알 수 없으며, 결국 2024 시즌 포스트시즌 진출에 성공했다.[44]사실 2010년대 후반부터 AL, NL을 모두 포함해 스몰마켓 팀들이 많이 포진해 있는 중부지구는 유독 이런 현상이 자주 벌어지는 곳으로 악명 높다. 2010년대 초반 디트로이트 이후로는 적극적으로 투자하는 팀이 없으며, 2015년 캔자스시티가 월드 시리즈에서 우승하고 2016년 컵스와 클리블랜드가 월드 시리즈에서 붙은 이후 어느 팀도 월드 시리즈에 진출하지 못하고 있다. 이러다 보니 지구의 전반적인 전력이 항상 약하다. 농어촌지구라는 멸칭까지 생겼을 지경.[45]베이에이리어 언론들이 오클랜드 관중 수가 적다고 비판했는데, 이를 자이언츠 탓을 했다. 또한, 고의적으로오라클 파크의 시구 전 사진을 올리며 자이언츠의 관중 감소를 조롱하는 트윗을 쓰다가 결국 자기 팀 최소관중 기록을 경신했다.[46]즉, 평균관중을링센트럴 콜리세움의 20%밖에 못 채웠다는 뜻이다.[47]심지어 오클랜드 투수인폴 블랙번도 휴스턴 선수단 비행기를 얻어타고 올스타전이 열리는 LA로 갔다고 밝혔고, 오클랜드 프런트는 나쁜 의미로 선수에 돈 안 쓴다는 점에서NCAA와 비교되었다.[48]게다가,네바다 주주민들은 프로스포츠 구단에 세금이 투입되는 걸 고깝게 바라보고 있으며 오클랜드 프런트도 시정부를 상대로 개발비용을 못 내겠다고 버티고 있다. 오클랜드 구단의 속셈은 구단 돈 한 푼도 안 쓰고 오클랜드와 라스베이거스에 구단 이전의 대가를 전가시킬 것이며, 그 대가는 선수, 코칭스태프가 아닌 구단주와 경영진, 로비스트가 다 먹겠다는 입장이라 당연히 주정부, 시정부에서 좋게 볼 수 없다.[49]누가 봐도 관중이 없을 만한 경기에 오히려 만원 관중으로 화답하는 형식의 독특한 보이콧이었다. 다르게 말하자면팬들이 구장을 찾지 않는 건 연고지 때문에 아니라 돈을 쓰지 않는 구단주 때문이라는 의견을 이런 식으로 표현한 것이다.[50]그나마 2011시즌까지는 30개 팀 가운데 8개 팀만이 포스트시즌에 진출했고, 2012년부터 10년간은 10개 팀이긴 했지만, 코로나 단축 시즌을 제외하면 와일드카드 시리즈를 단판 승부로 진행해 2개 팀을 떨어트렸다.[51]지구 우승팀(3번 시드) vs 와일드카드 3위(6번 시드), 와일드카드 1위(4번 시드) vs 와일드카드 2위(5번 시드)의 대진으로 치러진다.[52]다저스의 경우에는앤드류 프리드먼이 유망주를 최대한 지키고 있는 전력을 활용하면서도 팜에 지속적으로 투자하는 정책을 쓰고 있다.[53]게다가 해당 년도 드래프트는 공교롭게도 드래프티 순위 상위5명과 그 아래 드래프티들과의 평가 차이가 유독 크다고 여겨지는 드래프트였다.[54]18/900. 1001개 코드 중 워싱턴의 몫(뒤에서 5등이므로 100개)와 원래 있던 무효코드 1개가 제외됨.[55]8/900[56]프로 스포츠에서 연고정착에 가장 중요한 요소 중 하나가 바로 슈퍼스타의 육성, 프랜차이즈 선수의 존재인데, 오클랜드의 케이스와 같은 무분별한 선수 매각은 팬들이 팀에 대해 갖는 애착을 떨어뜨린다.[57]결국 크로셰는 시즌 종료 후 보스턴으로 트레이드되었다.[58]로열스는 2023년에아롤디스 채프먼계약으로 이와 비슷한 행보를 보였는데, 이 덕에콜 레이건스라는 선발 코어 유망주를 트레이드로 얻어 2024 시즌에 대박을 쳤으며, 채프먼을 데려간텍사스 레인저스도2023년 월드 시리즈에서 창단 첫 우승에 성공했다. 이 탓에 스몰마켓 팀들 중심으로 단년 고액계약 FA시장이 꽤 흥행했다.[59]그런데 생각들이 다 비슷했던지라 2024년 알중은 화이트삭스를 제외한 나머지 팀들이 모두 선전하고 있으며, 화이트삭스의 극도의 부진으로 인해 승률 인플레가 발생한 탓에 화이트삭스를 제외한 4팀(클리블랜드, 캔자스시티, 디트로이트, 미네소타) 모두가 5할을 찍는 지구가 되었다. 결국 클리블랜드, 디트로이트, 캔자스시티까지 3팀이 디비전시리즈에 진출했고 미네소타가 5할 승률에도 막판 DTD를 극복하지 못하고 나가떨어졌다.[60]이 해 1픽은 뒤에서 4등이었던 워싱턴이 10.2%의 확률을 뚫고 가져갔으며, 2픽은 에인절스, 5픽은 세인트루이스가 1.6%의 확률을 뚫고 가져갔다.[61]MLB: 최하위 3팀 각 16.5%, NBA: 최하위 3팀 각 14.0%, NHL: 최하위 팀 25.5%[62]플레이오프도 한 경기 지면 그대로 시즌 종료라 코치들은 머리를 쥐어짜서 전술을 만들어내고 선수들은 남은 힘을 다 뺀다.[63]말로만 그런 게 아니라, 시즌을 단 17경기만 치르기 때문에 단 1승 차이로 갈리기도 한다. 가장 대표적인 게 그 유명한 2021 드래프트 때도 이랬다. 자세한 건 아래 참조.[64]보통 쿼터백은 한 팀에 계속 머무르면서 키워지고 프랜차이즈 스타가 되는 게 일반적이다. 당연히 자기네 잘 하는 쿼터백을 천문학적인 돈을 주더라도 잡으려 한다. 당장뉴욕 자이언츠의대니얼 존스도 루키 계약 내내 쭉 죽쑤다가 FA 직전 터졌더니 바로 자이언츠에서 평균 연봉 40M의 대형 계약을 쏴 줬다. 따라서 시장에 나오는 쿼터백은커크 커즌스처럼 구단과 장기계약을 논의하다가운영진이 막장이라틀어져서 나오는 경우가 아닌 이상 거의 없으며 기껏해야톰 브래디,페이튼 매닝같은 특급 쿼터백이 나이를 먹고 스탯이 떨어지는 바람에 리빌딩한다고 팀에서 놔줬다가 풀리는 것이 대부분. 갑자기 회춘하는 경우도 있긴 하지만 이건 이 사람들이 너무 잘하는 거고 당연히 이런 일은 매우 드물다.[65]최근 NFL에 대두되는 인종차별 철폐와 연관된 문제로 2020년 JC-2A 결의안에 따라 팀에 있는 소수 민족 코치(혼혈 포함) 또는 여성 코치가 다른 팀의 상위급 보직으로 이적할 경우 3라운드 지명권을 보상으로 줘야 한다. 예를 들어 A팀의 혼혈인 코디네이터가 B팀의 감독으로 갈 경우, A팀은 B팀으로부터 3라운드 지명권을 보상받는다.[66]상대한 팀들의 승률 평균. 승패가 같은 경우에는 SOS가 낮은, 즉 스케쥴이 덜 빡센 팀이 드래프트픽 우선순위를 차지한다. 그러나, 짝수 라운드(2, 4, 6)에서는 역순이다. 예를 들어 2020년 뒤에서 3위인휴스턴 텍산스와 뒤에서 4위인애틀랜타 팰컨스가 같은 전적에 SOS를 통해 전체 3,4픽이 되었는데, 이 경우 전체 35픽은 팰컨스, 전체 36픽은 텍산스다. 그러나 텍산스의 3픽, 36픽은 어디 있는가?바로 윈나우 트레이드를 통해 마이애미 돌핀스에 가 있었다.이때 감독과 단장을 맡던빌 오브라이언이란 인물이워낙에 유능한 인물이었기에 가능한 일이었다.[67]그나마 스틸러스가 카우보이스보단 더 최근에 우승했다.[68]럭을 위해 개판쳐라![69]럭의 케이스가 바로탱킹 이후에 제대로 해야 한다라는 걸 보여준다. 여차저차 갖춰가는 것 싶었더니 그사이 피해가 너무 많이 누적된 럭이 결국 은퇴라는 선택을 해버린 것. 그러나 애초에 앤드류 럭이 과대평가된 쿼터백이라는 의견도 많다. 왜냐하면 똑같이 허접한 오라인을 데리고 있던조 버로우는 팀을 슈퍼볼까지 이끌었기 때문이다.[70]참고로 그루덴은 2002년 레이더스에게서 버려지자마자탬파베이 버커니어스의 헤드코치로 부임했는데, 그 시즌에 두 팀이슈퍼볼에서 만나서 탬파베이에게 창단 첫 우승을 안겼다.게다가 레이더스는 이 시즌 이후 13년 연속 포스트시즌에 진출하지 못했고, 현재까지도 지구우승과 포스트시즌 승리를 추가하지 못하고 있다.이 와중에 2007년 전체 1번으로자마커스 러셀을 드래프트하는 흑역사를 생산하기도...[71]이때 인터셉션 5개를 이끌어내며 부임 전부터 원래 강했던 버커니어스의 수비와 레이더스를 너무 잘 알던 그루덴의 전술이 대승을 이끌어냈다. 그 이후로도 팀이 못하자 그루덴 그루덴 소리가 나왔고, 해설위원으로 활동하고 있던 그가 다시 이 팀의 헤드코치로 오게 되었다.[72]특히 돌핀스가 꽂혀있던 선수는 바로앨라배마 대학교의투아 텅오바일로아. 팬들 사이에서도 Tank fo Tua가 괜히 나오는 게 아니었다.[73]클리블랜드도 실제로 실력이 처참해서 지는 것이라는 의견이 대세이기는 한데 이 당시 전미의 놀림감이었던 브라운스의 헤드코치 휴 잭슨이 자신도 역시 플로레스처럼 탱킹을 대가로 보수를 받았다고 말했다.[74]이 여파로 돌핀스는 결국 2023년도 NFL 드래프트 1라운드 지명권을 박탈당했다. 따라서 2023년도 NFL 드래프트는 1라운드 픽이 31번까지이고, 32번 픽은 2라운드부터이다. 참고로 이 32번 픽을 가진 팀은피츠버그 스틸러스. 2022년도 전체 최하위시카고 베어스한테서 2라운드 픽을 받았다.[75]단 이를 시작부터 대놓고 탱킹이라고 하기는 어려운 게, 전임 감독 마빈 루이스는 15년 동안 팀을 이끌어오면서 포스트시즌에 7번이나 갔지만7번 전부 첫 경기에서 지면서 광탈했다.선수단 실력에도 문제가 있어보이긴 한다만...게다가 하도 기상천외한 방법으로 포스트시즌 진출할 때마다 죽을 쑤다 보니 코치진 변경이 필요하다는 의견은 몇 년 전부터 존재했었다. 다만 데려온 감독이 헤드코치 경력이 없는 잭 테일러다 보니...[76]사실 탱킹을 했다고 볼 수 있는 제일 큰 대목은 스타 리시버인A.J. 그린의 부상처리였다. 그린은 프리시즌에 부상당하면서 약 6주 정도 아웃될 것이라 처음에 발표되었지만, 신시내티가 전패로 시즌을 시작하고 버로우가 맹활약을 펼치자 그린을 굳이 가망성 없는 해에 복귀시켜 신인지명 순위만 날려먹는 건 하지 않겠다라고 수뇌부가 판단한 것.[77]정작 웃긴 게 버로우는 대학시즌 시작 전까지는 그 해의 대어가 아니었다. 원래 대어는 버로우가 속한 LSU의 라이벌인 앨라배마의 쿼터백투아 텅오바일로아였지만, 버로우가 역대급 활약을 펼치고 투아가 꽤 큰 부상을 당하면서 유망주순위가 뒤집혀버린 셈.[78]이 양반이 참 재밌는 게 고등학교나 대학교에서 헤드코치로 재직했던 팀들이 게이스 나가니까 그다음 해에 우승한 경우가 많았다... 물론 제츠는 아니고.[79]알다시피 압도적인 최고 몸값인패트릭 마홈스가 연봉이 50M이다. (해당 시즌은 45M) 그리고 NFL은 최소한으로 써야 하는 금액이 있다는 대수가 아니다.[80]제츠가 2020시즌 헬 일정에 걸려 SOS(스케줄 강도)가 리그에서 가장 높다. 드래프트는 같은 전적이면 스케줄 강도가 낮은 팀이 타이브레이커를 가지므로 같은 전적이면 재규어스가 전체 1픽, 제츠가 전체 2픽이 된다. (다만 같은 전적인데 타이브레이커로 1라운드 순번이 갈린 경우에는 2라운드에서는 타이브레이커 역순이 된다.) 언론에서도 이 승리로 1픽을 잃었다고 비꼬았을 정도. 근데 이 경기에서 진LA 램스는 오히려 여기서 순위가 밀려 지구 우승에 실패했다.[81]그런데 1승째에 램스의 발목을 잡더니 이번엔 18년 연속 플옵 탈락을 벗어날 절호의 기회를 잡은클리블랜드 브라운스에게 일격을 날려서, 브라운스의 플옵 진출 확률이 떡락해 버렸다... 그러나 마지막 주차까지 가서 구사일생으로 플옵 진출에 성공했다.[82]브라운스가 사실 세기말에 여러 잡음을 겪고 재창단 수준을 거친 이후 한동안 단연 최악의 팀이었다. 2017년 전설의 0-16 전패 시즌도 있었고 상술했듯 18년 동안 플옵도 못 나갔고...[83]2013년 시즌 역대급 포스를 뽐내던 플로리다 스테이트 대학 풋볼의 주전 쿼터백.2013시즌 무패는 물론이요, 그 전승 중에 역전승조차 두 경기뿐이었다. 2013년 대학 풋볼 하인스만 트로피 우승자.[84]당시 오리건 풋볼의 주전 쿼터백. 윈스턴 만큼의 포스는 아니었지만, 윈스턴보다 성실한 태도가 돋보였고, 여기에 발이 매우 빨라 듀얼 스렛 쿼터백으로서의 능력이 각광받고 있었다. 2014년 대학 풋볼 하인스만 트로피 우승자. 이후 마리오타는 전체 2번으로테네시 타이탄스로 갔다.[85]이러다 보니 버커니어스 팬들뿐만 아니라맨유팬들도 뒷목을 잡았다. 둘 다 구단주가 글레이저 가문이기 때문이다. 축구 미식축구 둘 다 삽질하는데 피츠패트릭 같은 잉여쓰레기에게도 1년 330만달러라는 거액을 써야 한다는 것 자체가 문제.[86]게다가 전해 성적도 7승 9패로, 일반적으로 탱킹이 예상되는 상황은 아니다.[87]다만 빌스는 생각보다 탱킹에 실패하는 바람에 트레이드 업으로 겨우 7번 픽을 가져오면서 앨런을 지명했다.[88]이후 마리오 르미외는 2번의 우승을 이끌었고 팀을 현재 위상에 올리는데 지대한 공헌을 했다. 1998-99 시즌 중에 파산한 팀을 인수하여 2021-22 시즌전펜웨이 스포츠 그룹이 구단을 인수하기 전까지 펭귄스의 구단주가 되었고 2000~2006년에는 구단주 겸 선수로 활동을 했다.[89]매튜스는 이 해 신인상을 수상했고 토론토는 6년 만에 처음으로 플레이오프를 진출했다.[90]단, 원했던 1순위 지명권 얻기는 실패, 2순위 지명권으로잭 아이클을 지명했다. 현재 잭 아이클은 리그 내 상위권 선수로 활약 중이다.[91]결국 완산 푸마는전북 버팔로로 팀명을 바꾸었지만 1년 만에해체 후 재창단절차를 밟고 전북 다이노스(현전북 현대 모터스)로 재창단되었다. 이로 인해 K리그 진입 시 가입금을 납부하는 규정이 생기게 되었다.[92]반면 탄탄한 자본력을 갖춘수원 삼성 블루윙즈가 창단된 해에는 역으로 신인들이 드래프트 참가에 적극적이었는데 수원이1996 애틀랜타 올림픽세대를 쓸어담을 수 있었던 것이 이 때문이다.[93]시장 규모가 제한적인 타 종목과 달리, 축구는 전 세계적으로 인기가 있어 그만큼 선수가 이적해서 뛸 수 있는 리그, 클럽도 정말 많다. 그나마 농구가 축구 다음으로 행선지 선택 폭이 넓은 편.[94]이 당시만 해도한국프로야구 신인 지명회의규정상 직전 시즌 최하위 팀에게는 전력 지원책의 일환으로 2차 드래프트 1순위 지명권을 2장 부여했다. 이는 당시 최하위를 도맡아 했던 신생팀쌍방울 레이더스를 위한 지원책의 성격이 컸다. 그러나 제도의 수혜자로 꼽혔던 쌍방울은 1996년김성근감독 부임 이후 상위권으로 치고 나가는 돌풍을 일으켰고 반대로 상위권에 있던 OB와 LG의 탱킹으로 이 규정의 맹점이 부각되면서 1997년 드래프트를 끝으로 이 규정은 폐지된다.[95]이 당시 OB의 주전 포수는김태형이었으나 탁월한 수비 능력에 비해 타격 능력이 못 미더웠고 백업이던이도형은 타격 능력에 비해 포수로서의 능력이 형편없던지라 이 두 선수의 뒤를 이을 만한 포수가 필요했다. 대학리그에서 보여준 진갑용의 모습은 교과서적인 공수겸장 포수였기에 OB 입장에서는 당연히 군침을 흘릴 만 했다. 일각에서는 원년부터 대대로 '포수 컬렉터' 구단으로 이름을 날린 OB 특유의 팀 컬러가 작용했다는 설도 있다.[96]2차 지명에서는 LG가 밀렸지만 그에 앞서 진행된 1차 지명에서는 LG가 웃었다. 주사위 던지기 경쟁으로LG 역사상 2번째 영구 결번 선수를 영입했기 때문이다.[97]허나 이후 그는백인천과의 갈등으로 인해 SK로 트레이드되고, 뒤이어2004년 프로야구 병역비리 사건에 연루되며 더 이상 별다른 활약 없이 2009년 유니폼을 벗었다.[98]2022년 11월주효상을 KIA로 보내는 조건으로 2라운드 지명권을 가져왔고 2023년 4월 말에 단행한김태훈 ↔ 이원석 트레이드로 3라운드 지명권까지 받아왔다. 그리고 최원태를 보내는 조건으로 1라운드 지명권까지 받았다.[99]원래 각 구단에 배당된 11장의 선수 지명권에 트레이드로 받아온 3장의 지명권을 포함해 1~3라운드에만 6명을 뽑게 된다.[100]종전 기록은 2018 NC의 0.406이었다. 10개 구단 체제 이후 최하위팀의 승률이 4할을 넘은 건 단 2팀(2023 키움, 2018 NC) 뿐이다. KBO 전체를 통틀어서는 2001년 롯데의 0.457[101]포스트시즌 진출이 물건너간 상황이라서 대체 외국인 영입을 하지 않는 경우도 있지만, 이 경우는 교체하는 것이 정석이다. 차기 시즌에 대한 쇼케이스로서의 중요한 기능이 있기 때문.[102]2024 시즌 리그 최강 외국인 원투펀치 후라도와 헤이수스가 선발 로테이션을 끝까지 지켰다. 시즌 말미에홍원기감독은 후라도와 헤이수스의 로테이션을 순서를 바꾸면 특정팀에게만 외국인 원투펀치를 기용했다고 의심을 받을 수 있어, 두 선수의 순서도 끝까지 고정하겠다고 밝혔고, 이미 꼴찌가 확정된 상황에서도 KT를 상대로 연장 12회 총력전을 펼치며 프로로서의 책임을 강조하기도 했다.#[103]10개 구단 체제 이후, 최하위팀의 승률이 가장 높은 팀은 2023 키움, 2018 NC, 2024 키움 순이다.[104]MLB 팀에서도 탱킹을 할 때에도 이닝이터 역할을 해줄 소위 탱킹장군들은 버리지 않는 것을 생각하면, 하물며 선발 뎁스가 더더욱 열악한 KBO에서 이미 검증된 두 외국인을 모두 포기했다는 것은 말이 안 되기 때문이다. 실제로 키움이 계약을 포기한 두 투수는 곧바로 삼성, KT와 100만 달러 상한선을 채워 계약했기에 이 두 투수들보다 더 좋은 투수를 노렸다는 것 역시 말이 되지 않았으며, 외국인 투수를 대신해 기회를 받은 신인 투수들은 단 한 명도 선발 로테이션에 안착하지 못하는 처참한 모습을 보여주면서 2할대 승률로 주저앉았다.[105]2026 시즌 전 팀 내에서 리빌딩을 1년 더 진행하자는 의견과 이제 종료하자는 의견이 부딪혔다는 이야기가 나왔으며, 최종적으로 전자가 선택된 모양새이지만 2027 시즌부터는 후자가 더 설득력을 얻을 가능성이 높다. 기조를 바꾸지 않는다면 스폰서십이 붕괴할 가능성이 있는 상황에서 현실적으로 팀 수뇌부가 타팀과의 근본적인 재정 격차로 경쟁이 불가능하다는 판단을 내릴 경우 리그의 인기가 정점에 있는 현재 팀 매각도 불가능하지 않은 시나리오이다.[106]MLB: 최하위 3팀 각 16.5%, KBL: 플레이오프 탈락팀(7~10위) 각 20%, V-리그: 최하위 팀 35%. NPB 드래프트 1라운드는 전년도 성적과 관계없이 단독 지명 시 그 선수를 바로 데려갈 수 있으며, 복수의 팀이 지명했을 경우 추첨 실시. K리그는 승강제 도입 후 드래프트가 완전히 폐지되었다.[107]이것도 최소한도로 잡은 거고 아에 고강도로 탱킹한휴스턴 애스트로스는10년이 걸렸다.[108]사실 8888577 시절 롯데가 쌓아두던 타격 유망주들이 8888577이 끝나자마자 일제히 폭발해 KBO리그 역사상 최고의 황금세대라고 불리는 드래프트를 맞아 2000년대 후반~2012년까지는 거의 자체 육성 선수로 팀을 만들었다. 그런데 이때 한국시리즈 진출을 하지 못했으며, 그 이후로 리빌딩과 윈나우 사이에서 팀의 방향성을 잡지 못하고 스카우팅 및 신진급 육성에 완벽하게 실패하며페이롤 1위를 하고 팀은 꼴찌로 전락해7A788777이라는 2차 비밀번호를 작성하게 되었다.[109]5886899678시절에는 육성도 못 하고 투자도 없고, 심지어 2군 구장도 가장 늦게 완공한 리그 최악의 팀 중 하나였으며 1차 지명 제도와 신생팀 창단조차 이 팀에 불리하게 작용했다. 그나마 1차 지명이 폐지되고 제대로 된 상위 지명이 가능해진 9AAA98 시기부터는 어느 정도 선수들을 꾸준히 육성하기 시작했지만 암흑기가 20년 가까이 이어진 이유는 5886899678 시절 망가진 여파가 그대로 남아 있던 데다 오랜 암흑기로 인한 선수단 위닝 멘탈리티의 부재, 비효율적인 외부 영입과 함께 지지부진한 타선/야수진 육성 문제가 남아 있었기 때문이다. 다행히 20년대 중반부터는 구장 신축, FA 영입 등의 투자와 함께 투수진 뎁스는 이제 최고 수준까지 올라왔고 결국2025년 한국시리즈진출에 성공했다.[110]물론 LG는 이때의 일, 특히 KBO 역사상 최악의 트레이드라고 꼽히는박병호의 트레이드를 반면교사로 삼아 2020년대에는 10개 구단 중 성적이 가장 좋은 팀이자 상위권의 육성 능력을 갖춘 팀으로 변모했으며 기어코2023년,2025년한국시리즈 우승에도 성공했다. 현재LG 2군에는 투타 관계없이 좋은 기량을 가진 유망주들이 많고,퓨처스리그최강팀인상무 피닉스 야구단을 꺾고 우승할 정도로 압도적인 모습을 보이고 있다. 다만,2024년에는 도로 2군팜이 망가지고우승 후유증으로 인해 대부분의 선수들이 기량이 저하되며 상위권에 랭크되긴 했으나 무기력한 시즌을 보냈다.[111]흔히제일기획으로 이관된 이후 팀의 투자와 지원이 줄어서 몰락했다는 인식이 있지만, 비록 돈성 시절에 비해 쓰는 돈이 적을지언정 제일기획 이관 이후에도 삼성은 실제로는 현재도 리그 전체에서 보면 운영비를 가장 많이 쓰는 팀이다.이재용이 지나가는 말로 '우리가 가장 많이 지원했는데'라고 한 것이 기사에 실렸다. 오히려 이 기간 동안의 암흑기의 근원은안현호-홍준학체제의 대체 자원 발굴 실패와 지원금 감소에도 불구하고 효율적인 성적을 낼 수 있는 시스템, 육성 파트에 대한 전면적인 감축과 더불어 그 돈으로 2016년 외국인 5인방/우규민의 영입에 거액을 지출하는 지독하게 비효율적이고 방만한 경영이 꼽힌다.[112]삼성의 경우 홍준학으로 대표되는 2016-2023년은 운영 면에서 정말 변명할 여지가 전혀 없을 정도로 매우 처참했다. 그나마 이 기간 동안 뽑은 야수 유망주들을허삼영체제에서부터 조금조금씩 키우기 시작했고, 2021년과 2024년 등에 외부 영입 잭팟이 터지며 상위권에 랭크되었다. 특히 2024년엔 신규 선수들도 많이 나왔고, 투수진도 육성 시스템을 도입해 정상화하는 것을 목표로 삼으면서KBO 한국시리즈준우승이라는 성과까지 거두었다. 그러나 투수 육성은 2020년대, 특히 2023년 단일 시즌에대부분의 투수 유망주들이 천편일률적 코칭으로 멸망하며KBO 리그 역사상 최악의 투수육성으로 평가되는데, 아직 시스템 재정비가 된 것이 1년밖에 되지 않아 이 기간 동안의 운영 실패 여파가 심하게 남아 있고 표본 기간이 너무 짧아서 굳건한 장기적 강팀으로 도약했다고 보기엔 무리가 있다. 부정적으로 전망하자면 2001년부터 2020년대 초까지의KIA 타이거즈처럼 안정적인 성적을 기록하지 못하고 롤러코스터스런 성적을 올리는 도깨비 같은 구단이 될 가능성도 있다.[113]이 때문에 매년 신인 드래프트 픽 순위가 밀려서 좋은 신인을 뽑는 데 어려움을 겪고 있다.[114]다만 두산과 키움의 연고지인 서울팜에서는 매년 최고 수준의 유망주가 무조건 나왔기에 육성 능력과는 별개로 1차 지명을 통해 순위와 관계없이 최고 수준의 유망주를 지명할 수 있었던 것을 감안해야 하며, 실제로 1차 지명이 폐지된 2020년대 이후로는 두산과 키움 역시 육성에 엄청 어려움을 겪고 있는 중이다. 두산은 투수 육성은 좋으나이승엽재임 시기에 야수 육성이 제대로 멸망했고, 키움은 지속적인 선수 유출과 함께이상원의 홍대픽으로 인해 팜 전체가 멸망해 버렸다. 두산은 거액을 지출하여 야수진을 구축했으나 야수 뎁스와 선발 문제로 인해 골머리를 앓고 있고, 키움은 아예 대놓고 탱킹 중인데, 정작 팀 성적은 외국인 선수들과 김혜성/송성문 등 연차가 꽤 찬 선수들이 이끌고 있고, 검증된 외국인 투수와의 재계약을 포기하면서까지 신인 투수들에게 기회를 줬지만 단 한 명도 선발 로테이션에 안착하지 못했고 25시즌 들어 오히려 퇴보하는 모습을 보이면서 리빌딩도 영 시원치 않은 상황.[115]일례로 2010년대한화그룹이 여론조사비호감1위 기업에 들었는데, 그 이유가 단순히 한화 이글스가""야구를 못해서""였다.[116]다만 단일시즌 100패 팀은 KBO 역사상 아직 나오지 않았다.[117]대표적 사례가 바로 LG와 삼성이다. LG는 2003년부터 시작된 10년 암흑기 포함 우승 공백이 있던 1995년부터 2022년 동안 팬들에게 바가지로 욕을 먹었으며, 아예 이런 팀들을 뜻하는엘롯한이라는 단어까지 나올 정도였다. 특히 암흑기 시절보다도 두산 상대로 부진하며 정규시즌 우승을 만들어준 2018년, 그리고 가을야구는 항상 가지만 한국시리즈는 못 가던 2019-2022년에 이 비판이 가장 극심했었다. 삼성도 마찬가지 추세로, 2002년 우승 이전까지는 1985년 통합 우승이 있었음에도 한국시리즈에서 승리해야 진정한 우승이라며 이를 평가절하하는 팬들이 많았고, 2016년부터 2023년까지 99688378이라는 사상 초유의 막장 성적을 찍고 리빌딩도 못한 건 물론 2024년부터 가을은 가지만 한 끗 차이로 우승을 못해서 우승 공백이 10년이 넘어가는지라 구단에 대한 비판이 크다.[118]1위팀: 7전제 한국시리즈 직행, 2위팀: 5전제 플레이오프 직행, 3위팀: 5전제 준플레이오프 직행, 4위팀: 2전제 와일드카드전 1승 1무 선취 및 홈 어드벤티지 부여[119]1993년 빙그레(.500), 1995년 해태(.524), 1999년 현대(.535), 2013년 롯데(.532), 2019년 KT(.500), 2025년 KT(.511)처럼 그 해에 꼴찌 팀이 2~3할대 승률을 찍는 등 너무 못하거나 이 외에도 2023년 KIA(.514), 2024년 SSG(.507)처럼 때로는 5할 승률로도 부족할 수 있다. 그러나 이 사례들은 특수한 경우고 메이저리그처럼 5할 승률로도 택도 없는 상황은 잘 안 만들어진다.[120]가장 극단적인 사례가SSG 랜더스의김원형으로,2022 시즌와이어 투 와이어로 통합 우승을 차지했고, 설령 한국시리즈에서 업셋을 당한다 한들 경질, 재계약 불발 명분이 없었기 때문에 재계약에 성공했지만바로 다음 시즌후반기 추락과 함께 준플레이오프 참패의 책임을 물어 재계약 첫 해 만에 해고당했다.[121]테오는 2012년에 컵스 단장으로 부임했다. 그리고 14년까지 팀은 포스트시즌에 못 갔다.[122]정말 특이한 사례라면 가을야구에 전혀 가지 못했음에도 불구하고 재계약까지 한성민규나 역시 첫 임기에는 가을야구에 못 갔고 두 번째 임기 부임 5년차에 딱 한 번만 가을야구에 진출하였음에도 세 번째 계약까지 성공한홍준학의 사례가 있기는 한데, 이들도 엄밀히 말해서 팀 전력을 상승시킨 것은 절대 아니며, 오히려 그 누구보다도 적극적으로 장기적 관점에서 팀 전력을 말아먹으며 윈나우 탱킹을 일삼았기 때문에 평가가 안 좋다. 결국 2023년 종료 이후 성민규는 해임, 홍준학은 자진사퇴하며 둘 모두 계약 기간을 채우지 못했고, 그들의 잘못된 운영으로 인한 후유증은 두 팀의 2024시즌에 매우 강하게 나타났다. 포스트시즌에 많이 진출하지 못했는데도 더 기회를 준 결과 제대로 팀을 말아먹어 버린 이 둘의 반면교사로 인하여 빅마켓 팀이라면 앞으로는 점점 더 부임 직후 몇 년 안에 포스트시즌에 진출하지 못할 경우 체제를 연장하는 것을 꺼릴 가능성이 높다.[123]그러나 심준석은 고교 2학년 때부터 부상과 제구 난조 이슈가 발생하면서 가치가 서서히 하락하고 있었고 실제 계약금도 선수 자신의 기대치에 미치지 못했다. 미국 진출 후에도 계속 부상 및 제구 난조에 시달리며 트레이드된마이애미 말린스와 다시 기회를 잡았던뉴욕 메츠에서도 방출 당하는 등 전형적인 미국으로 직행했다가 실패한 유망주로 전락하면서 결과적으로 드래프트에 참가하지 않고 미국으로 간 게 한화를 비롯한 KBO 10개 구단 입장에서는 다행인 셈이 되었다.[124]이 때문에 2020년대 이후 팀 성적이 바닥을 기고 있음에도 수도권 구단이라는 이점까지 더해져 히어로즈는 신인들에게 가장 선호되는 구단 자리를 유지하고 있다.[125]강백호,정구범,김진욱.[126]대표적으로 1차 지명 제도가 마지막으로 시행되었던2022 KBO 신인 드래프트에서KIA 타이거즈의 연고지인광주광역시에서문동주,김도영이 배출되자 고심 끝에 KIA는 김도영을 지명하였고, KIA가 지명하지 않은 문동주는 전년도 최하위를 기록한 한화에서 전년도 8~10위 팀에게 주어졌던 전국 단위 지명 기회를 통해 데려갔다. 그리고 문동주는 2023년KBO 신인상, 김도영은 2024년KBO MVP를 수상했다.[127]참고로, 위1996년의 OB의 사례는 꼴찌에게만 2차 1라운드 지명권을 2장(그것도 전체 1픽, 2픽)이나 주는 당시의 기형적인 제도 때문이었다. 정확히는 1차 지명날이 1996년9월 23일이었고, 2차 지명날이10월 31일이었는데, OB의 꼴찌가 확정된 날은9월 15일이었다. 따라서 OB는 1차 지명과 2차 지명 상위 2명을 마음대로 고를 수가 있었다. 이 때문에 져주기 논란으로 욕을 많이 먹었고, 다음 해 이 제도는 폐지되었다.[128]결국 2026 시즌부터 샐러리 캡 하한선 제도가 도입되었다. 다만 드래프트 제도 변경의 경우 자신도 변경된 제도의 피해자가 될 수 있다는 인식 때문에 10팀 모두가 제도 개선에 대해 소극적이어서 로터리 픽 도입이나 전체 1순위 지명권의 연속 획득 가능 횟수에 제한을 둘 수 있을지는 미지수이다.[129]특히 리그가 10구단/144경기로 확대되고 와일드카드 결정전이 신설된 후부터 7차전까지 진행된 한국시리즈는 2013년을 마지막으로 나오지 않고 있으며, 우승/준우승 여부와 무관하게 먼저 3패로 몰린 팀이 벼랑 끝 상황에서 승리한 사례조차 사라진 상태다. 15삼성, 18두산처럼 팀 내부에 악재가 있는 게 아니라면 체력을 회복하며 팀 분위기를 정비하고 상대 팀을 분석할 수 있는 시간과 같은 1위 팀의 어드밴티지가 더욱 커진 것으로도 분석이 가능하다.[130]그나마 한화의 경우에는 9AAA98 기간 동안 뽑은 유망주들이 점차 두각을 보이기 시작했고 2025년에 외국인 선수 영입 대박을 터트리며 19년 만의 한국시리즈 진출에 성공했다. 그러나 20년 가까이 이어진 암흑기의 후유증이 심하게 남아 있으며, 외국인 선발에 대한 의존도가 높고 유망주들이 이제 막 자리잡기 시작한 시점이라 표본 기간이 너무 짧아서 꾸준한 강팀으로 도약했다고 보기에는 무리가 있다. 만약 기존 외국인 선발이 이탈해 새 외국인 선발이 제대로 활약하지 못할 경우 90년대부터 2000년대 초중반 시절처럼 중하위권 정도에서 놀거나 매년 성적이 널뛰기하는 구단이 될 가능성도 있다.[131]역대 KBL 한쿼터 최다득점 기록이다.[132]물론 주전 5명 중 4명이 순식간에 나간 것도 컸다. 시즌 전부터하승진의 입대,추승균의 은퇴,전태풍의 이적, 1.5% 확률을 뚫고 데려온코트니 심스의 부상 등 악재가 많았으며, 이러니까 선수 12명 엔트리를 꾸리는 것조차 힘들었다. 심스는소년가장노릇만 하다가 다른 선수들의 줄부상으로 결국 엔트리 확보를 위해 트레이드시켰다. 그나마강병현의 전역으로 5라운드에 5승 4패를 기록한 것이 전부.[133]시즌 초반 삼성, KCC와 함께 하위권으로 분류되었지만, 3라운드까지 13승 14패 공동 4위로 선전했다. 하지만 벤슨 트레이드 이후 예상대로 성적이 급격히 내려갔다. 심지어 당시 팀 자체가 답이 없던 꼴찌 KCC에게도 열세를 기록했다.[134]동부는 2라운드까지 외국인 선수 선발 실패,이승준과김주성의 호흡이 맞지 않으면서 이전 시즌 44승의 위엄은 모두 사라지고 2라운드까지 겨우 4승만 기록하며 KCC와 단 1경기차로 간신히 9위를 유지했다. 그러다 3, 4라운드에서 12승 6패를 기록했지만, 이번에는승부조작이 터지는 바람에...[135]삼성은 2012-13 시즌22승 32패 6위로 6강에 진출했으나, 3위 전자랜드에 3패로 패퇴.[136]여담으로, 5라운드까지 6등 삼성, kt, 동부 ~ 9등 LG의 격차는 고작 1경기였다. 결국 삼성이 6라운드 4승, 동부와 kt 2승, LG는 3승을 기록하며 7 ~ 9등 모두 20승 34패로 끝나면서 상대전적으로 동부, LG, KT 순으로 최종 결정되었다.[137]참고로 최초로 1.5%를 차지한 팀은 전주 KCC이며,용병드래프트에서 1.5%의 확률로 무려 1순위를 따버렸다.[138]차이점이 있다면 1, 2위에도 각각 0.5%, 1.5%의 확률을 받는다는 점. 4강 진출 팀은 5.0%, 6강 탈락 팀은 12.0%, 포스트시즌 진출 실패 팀은 16.0%의 확률을 받는다.[139]이 지명권이 놀랍게도 전체 2순위로 당첨되었다.[140]기량 자체가 수준 미달이라는 평이 많았고, 모두의 예상대로 얼마 못 가 짐을 쌌다. 이 때문에 지명권을 노린 탱킹으로 볼 수도 있는 편.[141]특히 2024-25 시즌에 최성원과 정효근 영입과 박지훈 재계약까지 모두 포함한 샐러리캡 소진율이 86%나 되었다는 KBL의 공식 자료가 나왔다.[142]그 다음 시즌인 2024-25 시즌은 6위로 시즌을 마쳤는데, 문제는 이 해에도 1순위 지명권을 뽑는 데에 성공했다는 점이다. 그리고 이 지명권으로 뽑은 선수가 바로문유현.[143]2004 시즌 드래프트에서 져주기에 성공한 GS칼텍스 때문에분기탱천한 흥국생명은 드래프트를 거부한 대신 수련선수 둘을 받게 되는데, 그 중 하나가전민정이었다.[144]다만 흥국생명은 최악의 용병테일런때문에 시즌을 망쳐버렸던 점이 컸고, 이재영 - 김미연 - 톰시아가 제대로 돌아가자 바로 통합 우승을 차지했다. GS는 인삼공사가 꼴찌였으나 구슬신 덕에 1순위 픽을 얻어 강소휘를 얻었고, 안혜진은 GS의 혜안으로 3순위 픽으로 입단했다. 물론 GS의 추락에는 정대영, 배유나라는 걸출한 미들 블로커들의 이탈이 컸으며, 미들 블로커 문제는 트레블 시즌에도 현대에도 GS의 최대 아킬레스건으로 평가받는다.[145]이 제도가 생긴 이유는에가와 스구루드래프트 사태로 인해 드래프트 자체가 헌법이 보장하는 직업선택의 자유를 침해한다는 논란이 일본 국회에서까지 나왔던 점도 있지만, 근본적으론 에가와 사태의 당사자이자 리그 전체의 판도를 좌지우지하던요미우리 자이언츠가 특급 유망주들을 자유롭게 영입하기 위해 밀어붙인 것이 컸다.FA 제도의 도입 역시 이와 같은 이유로 진행되었다.[146]요미우리는 유망주 육성을 등한시하고 무조건 윈나우를 외치는 기조 탓에 FA로 부족한 선수를 보강하다 보니 FA 먹튀가 된 선수들이 많아서, 그 선수들의 구멍을카메이 요시유키등이 메꿔야 했다.[147]요미우리의 몰락은 일본 야구선수들의 목표 변화도 크게 작용했는데, 이제 일본 선수들의 최종 목표는 MLB 진출이지원 클럽 맨으로 남거나초노 히사요시마냥 요미우리에 입단하는 것이 아니게 되었으며, 요미우리는 어느새 흔한 NPB 구단 중 하나, 더 나아가 포스팅을 허락하지 않아 커리어에 걸림돌이 되는 구단, MLB에 갈 실력은 안 될 것 같다면 돈이나 벌러가는 구단으로까지 위상이 추락했다. 다만 위상이 추락했어도 돈이 많고 2군 시설이 좋으며 수도인 도쿄 생활이 가능하다는 점에서 아직도 평균 이상의 선호도를 유지하고 있다. 애초에 아무리 요미우리의 단점이 많다고 해도 2군 시설이 좋지 않거나(라쿠텐, 야쿠르트, 히로시마, 롯데, 한신), 돈이 너무 없어서 1군 주전급에게도 대우가 안 좋거나(세이부, 롯데, 야쿠르트, 히로시마), 지역에서는 대도시기는 해도 도쿄와 비교하면 한참 떨어지는 연고지를 둔 지역이어서(라쿠텐, 히로시마) 기피할 수밖에 없는 독소조항을 갖고 있는 구단들이 꽤나 많아서 요미우리 정도면 꽤나 괜찮다. 하지만 이제 특급 선수들의 최종 목표가 요미우리 입단이 아닌 메이저리그 진출이 된 이상 포스팅도 허락 안 해주고 FA 영입에만 의존해 유망주들이 기회를 받을 수 없는 신인들의 무덤인 요미우리는 이제 예전과 같은 명성은 두 번 다시 회복할 수 없게 되었다.[148]다만 아무리 심하게 탱킹해도 더 심한 탱킹을 하는 구단이 있으면 승률이 4할을 못 찍어도 지구 4위하는 경우가 발생하기도 한다. 2018시즌 AL 중부에서는 디트로이트가 64승 98패라는 3할대 승률로 무려 지구 3위를 했다.[149]다만 퍼시픽리그와 센트럴리그 간의 격차가 크거나 독보적으로 못하는 구단이 있으면 한 쪽 리그는 4할 후반 승률로도 리그 3위로 포스트시즌을 가는 반면, 반대쪽 리그는 5할 승률로도 리그 4위로 포스트시즌을 못 가는 경우가 발생하기도 한다.[150]사실 이게 제일 중요한데, 성적이 어떻게 되어도페이롤이 높으면서 포스트시즌에 진출하지 못하면거의 윈나우 탱킹 소리를 듣는다. 심하게는 리빌딩 성과가 좋은 편이었던 2024년 롯데 자이언츠조차도 페이롤 대비 낮은 성적으로 윈나우 탱킹 소리를 들었으며, 한참 뒤라면 모를까 악성 계약들이 다 끝나기 전까지는 뛰어난 육성 성과에도 불구하고 사실상 어렵다는 소리를 듣는다.[151]2016~2023. 포스트시즌에 진출한 2021년은 대체로 플루크 시즌으로 평가받는다.[152]다만 LA 에인절스는 2015년부터 10년 동안 가을야구 발끝도 가지 못한 반면 삼성과 한화는 각각 2024~25년에 한국시리즈 진출에 성공했으며, 어디까지나 에인절스에 비해서지만 비교적 최근에 가을야구에 진출한 롯데까지 이들을 에인절스에 비교하기는 다소 억울할 수 있다. MLB의 포스트시즌 컷이 더 빡세다, 플루크 시즌이었다는 변명도 거시기한 게 25한화는 승률 5할 9푼대로 MLB 기준이면 지구 우승까지 노려볼 수 있는 승률이며, 17롯데와 21삼성은 승률 5할 6푼대, 18한화, 24~25삼성도 승률 5할 2~4푼대로 MLB였어도 12팀 진출 기준 와일드카드는 충분한 승률이었다. 다만 이렇게 플루크 시즌에 끼여 있는19롯데와20한화,23삼성은 비록 셋의 격차는 있으나 윈나우 탱킹의 후유증을 제대로 보여준 각 구단 역사상 최악의 시즌으로 꼽힌다.[153]에인절스는 4할 중후반 승률을 꾸준히 내고 있고, 로키스는 의외로 마지막 포스트시즌 진출은 2018년으로 오래되지 않았지만, 페이롤은 페이롤대로 높고 팜은 팜대로 멸망한 상황이 2020년대에 지속적으로 이어지고 있다. 2020년대 중반 기준으로는 두 팀 모두 대놓고 탱킹 모드에 들어서버렸으나 로터리 픽이 생긴 데다 특히 에인절스는 빅마켓 구단이기 때문에 아무리 최하위를 연속으로 하더라도 2년 연속 6픽 이내에 당첨될 수 없어 탱킹을 하는 의미가 줄었다.[154]다만 이것은 억울할 수도 있는 것이 가을야구에만 나간다는 것 자체로 보통 윈나우 탱킹으로 칭하지는 않는다. 당장 삼성 역시 1985년 전후기 통합 우승을 구단이나 팬들이나 잘 인정하지 않았고, 1982-2001년까지는 한국시리즈 우승을 못해서 대구 올드 팬덤 사이에서는 사실상 윈나우 탱킹 취급이었다. 물론 양키스의 경우 2023시즌, 삼성의 경우홍준학체제처럼진짜로 리그 전체 최악의 윈나우 탱킹을 하는 사례도 있다.[155]디트로이트 타이거스의 경우 선술했듯 바에즈가 악명 높은 먹튀 행각을 벌이며 팀을 망가뜨렸으나 그가 부상당하자마자 바로 가을에 갔으며, 롯데는유돈노에 170억 원을 낭비하는 바람에 페이롤은 잔뜩 높은데 정작 구단 굴러가는 모양새는 전형적인 리빌딩팀인 기괴한 상태가 되었다. 즉 저 두 팀은 '리빌딩팀의 운영을 하지만 먹튀 계약으로 인하여 강제로 윈나우 탱킹이 된 사례'이다.[156]이윤원,홍준학이 대표적 사례이다. 단 홍준학은 돈을 쓰는 것 자체는 잘했으나 그 돈의 액수가 문제였고, 선수들을 하나도 안 키워 뎁스가 망해버리며 윈나우 탱킹이 되었다.[157]이들 중 전체적 관점에서 프런트가 가장 나은 삼성의 경우 사실 안현호가 부임한 2014년 8월부터 홍준학이 퇴진한 2023년 말까지 약 9년 동안은 기롯삼한 중에서도 최악의 프런트로 평가되고, 단순히 이 기간을 넘어 KBO 리그 역사를 통틀어서 최악의 프런트 중 하나로 평가된다.[158]2006 삼성 PAVV 프로야구 한국시리즈에서 삼성과 한화가 붙은 이후 지방구단 간의 한국시리즈는 무려 18년이 지난 2024년(KIA vs 삼성)에서야 성사되었으며, 10구단 확대 이후 비수도권 구단이 한국시리즈에서 우승한 사례는 2017/2024년 KIA, 2020년NC단 셋뿐이다.[159]이 해의 한화 또한 2017년의 롯데, 2021년의 삼성처럼 플루크 시즌이었는데 만약 이 해에도 가을야구에 진출하지 못했다면 롯데의8888577, LG의6668587667을 뛰어넘는 최장 기간 비밀번호인17년 연속 포스트시즌 진출 실패(5886899678X9AAA98)라는 불명예스런 기록이 쓰일 뻔했다.[160]한화는 2008년부터 최하위를 8번이나 했음에도 신생팀으로 창단된 NC, KT의 특별우선지명이 겹치면서 이 기간 동안 제대로 된 전체 1순위 지명을 행사한 적은 단 4번(유창식,박준영,김서현,황준서) 뿐이다. 한화가 드래프트에서 불운을 떨쳐낸 시기는 1차 지명 폐지 직전 2년 동안 8~10위 팀에게 전국 단위 지명 기회가 주어졌을 때문동주를 지명한 이후부터이다.[161]이로 인하여 이러한 윈나우 탱킹을 초래한 안현호와 홍준학은 어지간한 꼴런트보다도 훨씬 혹독한 평가를 받고 있다.[162]거기다 2024년 롯데는 토종 타선 육성도 매우 좋았으나, 대부분의 토종 투수들이 커리어로우를 기록하고 유돈노 트리오가 전혀 활약하지 못하며 하위권을 기록한 상당히 독특한 사례이다.[163]원체 강팀이었는데 감독이 못하거나 여러 악재가 겹쳐서 1년 반짝 망한 사례인 14/22/25두산, 20SK 같은 사례는 제외. 이 사례는 그냥 안식년으로 분류된다.[164]정확히는루퍼트 머독구단주 시절부터 프랭크 맥코트 구단주 부임 이전까지. 쉽게 말하면박찬호가 다저스에서 선발 로테이션을 돌던 시절이라고 생각하면 가장 이해가 빠를 것이다.[165]다만, 볼티모어는 이 시즌을 기점으로 몇 년간 하드 탱킹과 팀 내부 개혁에 나선 결과,유망주 하나가 콜업 된 시점부터 모든 플랜이 제대로 맞물리며 단숨에 대권에 도전하는 팀으로 부활하는 데 성공했다. 가장 낮은 곳에서 가장 높은 곳으로 돌아온 데에는 적어도 18년 이후 팀이 시간을 헛되이 쓰지 않았다는 것.[166]실제로 이런 운영 기조를 유지하는 인물인홍준학이 팀 운영의 완벽한 전권을 잡고 행사할뿐더러 아예 그룹 자체에서 대놓고 리빌딩이나 성적에는 무관심한 삼성 라이온즈를 제외한 나머지 두 팀 모두 전부 이러한 끔찍한 시즌을 보낸 이후로 프런트 오피스의 변화가 있었다. 삼성 라이온즈 역시 2023시즌 종료 후 홍준학이 자진 사퇴하며 프런트가 교체되었다.[167]이미 일본에서 일본 시리즈 우승을 경험한오타니 쇼헤이는 다저스 이적 후 2024~2025년에 2년 연속 월드 시리즈 우승을 경험했지만,마이크 트라웃은 데뷔 후 포스트시즌을 치른 것이 2014년 단 한 차례이다. 심지어 2014년도 디비전시리즈에서 캔자스시티에 0:3으로 광탈하면서 포스트시즌에서 1승조차 해본 적이 없으며, 특히 트라웃과 오타니가 함께 뛰었던 시기인 2018~2023년 동안에는 PS 진출은 고사하고 5할 이상을 찍은 시즌도 없다.[168]에인절스는야구 역사상 가장 많은 먹튀를 만든 팀으로 유명한데, 2002년에 월시를 우승한 이후에 아트 모레노가 구단을 인수한 이후로 수많은 먹튀들을 거의 20년 가까이 배출해오고 있다. 시발점이자 성적 상으론 이 중에서도 가장 못한게리 매튜스 주니어, 역대 최악의 먹튀로 꼽히는알버트 푸홀스, 그 외조시 해밀턴,앤서니 렌던등. 이들은 모두 한 명의 계약이 끝나고 나면 다시 계약이 시작되는 방식으로 20년 가까이 지속되어오고 있다. 그리고 2023년 이후부터 트라웃조차 유리몸으로 전락했고 오타니가 다저스로 이적하면서 암흑기 탈출은 요원해 보인다.[169]이후C.J. 윌슨이 트윗으로 폭로한 내용과#디애슬래틱의 폭로##와알렉 마노아의 폭로#를 통해 기본적인 구단 시설, 장비, 의료진조차 제대로 갖추지 못했다는 사실이 공개되면서에인절스는메이저리그에서 노답 구단임을 만천하에 드러냈다.[170]물론 전술했듯이 로키스는 그나마 에인절스보다는 최근에 포스트시즌에 진출했다. 그러나 브리디치 전임 단장과 몽포트 구단주의 정신 나간 구단 운영으로 대대적인 비판을 얻어맞고 있다. 결국 프랜차이즈 스타였던놀란 아레나도와 대립하다가 연장 계약을 맺은 지 얼마 안 돼서 그를 이름값에 비하면 너무나 저렴한 패키지에 트레이드해 버리는 파행을 보여줬다. 그런데 정작 아레나도를 트레이드하고 1년 만에 잔부상이 있어 먹튀가 우려되던크리스 브라이언트를 거액에 사왔다. 그리고 모두의 예상대로 브라이언트는 폭망했다. 2023년에는브라이스 하퍼가 대놓고로키스는 루저들의 팀이라고 도발하여 벤치클리어링까지 간 적이 있었다. 야구계 전문가들이나 선수들이나 현재의 로키스는 NL 최하위급 전력이라는 혹평을 가하고 있지만,몽포트 구단주는 여전히 로키스가 가을야구 전력이라고 호언장담을 하며현실을 부정하고 있다. 그리고 2025 시즌 초반에는 아예 역대급으로 멸망 중이다.[171]홍준학 체제의 삼성 라이온즈의 경우 여러모로 운영상이나 사실상의 구단주급 권력을 가진 단장의 태도면에서 에인절스나 로키스의 구단주들인 아르테 모레노, 찰리 몽포트와 상당한 유사성을 보이고 있다. 심지어 성적이 실망스러워도 팬들은 항상 경기장을 찾아준다는 것도 로키스/에인절스와 비슷하다.[172]그러나 삼성은 2024년에 기적을 쓰며 한국시리즈에 진출했고 에인절스도 렌던/트라웃이라는 최악의 계약과 더불어 팜이 여전히 시궁창이긴 하지만 긁어볼 만한 유망주들이 조금씩 나오고 있어서 서서히 롯데와 비슷한 유형으로 팀이 바뀌고 있다.[173]사실 2023년 삼성 라이온즈의 경우 같은 시즌에 키움, 한화, KIA도 마찬가지로 최악의 시즌을 보냈지만 저들은 심각한 불운이 따랐던 것과 달리 삼성은 시즌 이전부터 몰락이 예견되어 있었고 실제로 불운보다는 운영의 무능함이 팀의 나쁜 사정의 원인의 대부분이 되었을뿐더러 팀에 남은 결과물마저 처참해서 저들보다 평가가 더 나쁘다. 단순히 윈나우 탱킹뿐만 아니라 총체적인 운영 실패로 별다른 불운이 없었음에도 불구하고 크게 말아먹어서 아예 2020년대 전 구단 최악의 시즌 중 하나로 평가받는다. 자세한 사항은삼성 라이온즈/2023년/문제점참조.[174]비슷한 성적의 한화 이글스의 경우 삼성급으로 페이롤이 아주 높지는 않지만 외국인 선수 인선 실패와 함께 돈을 이해할 수 없는 곳에다 극도로 많이 낭비했다. 삼성은 애초에 쓸데없는 선수들에게 지나치게 많은 연봉을 준다면 한화는 선수 영입이나 코치진 인선 등 단장의 액션에서 쓸데없는 자금이 소모되었다.[175]이 세 구단의 공통점은 오프 시즌에 돈을 흥청망청 많이 써서 페이롤을 확 끌어올려놓고 망했다는 점이다. 현대 야구에서 가장 중요한 유망주 육성을 등한시한다면 무근본 묻지마 투자를 시전해도 강팀이 되는 것은 결코 아니라는 점을 보여주는 대표적인 반면교사가 되고 말았다.[176]사실 샌디에이고는 팜 구성 능력이 좋은 팀이지만, 그러한 유망주들을 너무 다른 팀에 퍼주며 남 좋은 일만 하는 정신 나간 짓을 한다는 것이 심각한 문제다. 그 결과오프 시즌에 9억 달러를 쓰고도 포스트시즌에 못 간 MLB 역대 최초의 팀으로 남게 되었고,101승 와카딱보다 더 어메이징한 기록을 세우며 19롯데마냥 조롱거리로 전락했다.[177]다만 이 해의 두산은 전 소속 선수이자 선배인오재원의 협박에 못 이겨 마약류 대리처방에 연루된 후보 선수들을 기용할 수 없었던 악재가 있었다.[178]물론 프로 스포츠 팀에서 가장 중요한 게 수익 창출인 건 맞다. 그러나 그게 도를 넘어서 '성적 알빠노?'라는 태도로 구단을 방만하게 운영하면 당연히 비난에 직면하게 되는 것이다. 이런 방식으로 구단을 운영한 작자들이 다름 아닌 야알못 멍부홍준학과 축알못 멍부조엘 글레이저이며, 이 인간들이 오랫동안 팀 상부에서 신나게 박살낸 삼성과 맨유는 과거의 영광을 찾지 못하고 몰락하였다.[179]KBO 리그도 2020년부터 지명권 트레이드가 가능하게 됐지만 다음 해에 시행(시즌 중 트레이드는 당 연도에 시행)하는 신인 드래프트의 지명권 교환만 가능하며 미국에서처럼 먼 미래에 시행하는 지명권을 교환할 수는 없으므로 극단적인 정도까지는 가지 않는다.[180]7라운드까지 드래프트를 하는데 그 중 다음 드래프트의 1라운드, 2라운드, 4라운드 픽이 다 없었다.[181]그마저도 그 뒤에 둘은트레버 로렌스라는, 역대급 최대어를 얻기 위해 작정하고 탱킹한뉴욕 제츠,잭슨빌 재규어스다. 그에 반해 텍산스는 윈나우를 천명한 팀이었고.[182]본래 이슈 메이커도 아니고 팀과 불화를 일으키던 선수도 아니지만, 수년간 상황이 반복되고 악화되자 마치주제프 마리아 바르토메우치하의FC 바르셀로나를 비판하던루이스 수아레스와리오넬 메시마냥 아예 시즌 말에 경기 후 인터뷰에서 작정한 듯 운영진을 비판하였다. 허나 모두가 그 말에 동의할 수밖에 없었다.[183]왓슨은 팀이 망해가는 와중에 혼자 팀을 다 먹여살린 선수고, 이 때문에 팔고 싶어도 팔 수가 없어졌다. 결과적으로 나중에 팔긴 하나, 가치에 비해서 헐값에 팔 수밖에 없었다.[184]21-22시즌의 정관장은 이소영을 6.5억에, 23-24시즌의 GS는 정대영을 3억에, 24-25시즌의 도로공사는 배유나를 5.5억, 강소휘를 8억에 영입했다. 그나마 이소영은 23-24시즌에 부상으로 많은 경기를 빠지고도 나왔다 하면 맹활약하여 정관장의 암흑기를 끊었으며, 진짜로 역대급 먹튀가 된 건 기업은행 이적 이후이다.[185]다만 그 3명은 21-22시즌화성 IBK기업은행 알토스 항명 파동의 주범 의혹을 받고 있던 점도 있다. 그렇지만 직접적인 증거가 없었고 오히려 팀 내홍이 수습된 이후로는 팀 전력 핵심으로 활약했기에 평가를 반전시켰고 22-23 시즌의 부진의 화살은 항명 파동 때 면죄부를 받았으면서 부상으로 또 시즌을 날려먹은 김희진에게 돌아갔다. 심지어 당시 김희진은 6억으로 팀 내 최고 연봉자였다.[186]황민경(4.5억),이주아(4억),김하경(1.57억),김희진(1.4억),이소영(7억)까지 이렇게 5명이 샐러리 캡의 64%를 차지했다. 그나마 황민경은 부진하더라도 최선을 다하는 모습과 주장으로서의 역할을 다 했고, 이주아 역시 부진했으나 어떻게든 미들 한 자리를 지켰지만, 김희진과 이소영은 아예 부상으로 시즌 아웃이 되다시피 하며 간간히 백업으로나 출장했지만 그마저도 고액 연봉에 걸맞지 않게 부진했고, 김하경은 용병천신통의 시즌 아웃으로 다시 주전 자리를 잡았으나 1.57억 연봉에 비해 더 어린 백업 세터보다도 못한 토스워크로 강도 높게 비판받았다."
12,와다,성씨/일본,"1. 개요2. 실존 인물3. 가상 인물1.개요[편집]わだ2015년 기준 和田는 42,000명이 사용중인일본의 성씨다.한국에도 해당 성씨를 사용하는 사람이 있다. 한자 그대로 화전으로 쓴다. 본인 말로는 전국에 자기 가족 3명 존재한다고 한다.2.실존 인물[편집]와다 가즈히로- 전 야구선수(포수, 외야수), 야구 코치와다 류지-JRA소속 경마 기수,티엠 오페라 오주전 기수와다 마사나리-배우와다 마사토-배우와다 마아야-노기자카46소속아이돌와다 미유-NMB48팀 N 소속아이돌와다 미치루-성우와다 아루코-일러스트레이터와다 아야카-안쥬르므소속 아이돌와다 아츠키,와다 토모키- 축구선수와다 아키코-가수와다 요시모리-가마쿠라 시대의 무장와다 유키-쟈니스 사무소소속 유닛SpeciaL의 멤버와다 유키코- 배구 선수와다 유타카- 야구감독겸선수와다 죠지-애니메이션 프로듀서및WIT STUDIO의 대표.와다 준이치-애니메이션 감독와다 츠요시- 야구 선수(투수)와다 케이이치-배우와다 코지-가수.디지몬 시리즈주제가로 유명하다.와다 카오루- 작곡가와다 카오루코- 일본의피겨 스케이팅선수와다 타카아키-애니메이터와다 타케아키-보컬로이드 프로듀서와다 하야테-Da-iCE멤버, 퍼포머우로부치 겐- 할아버지와부친의 성씨가 '와다'다.3.가상 인물[편집]각시탈-와다 료시그널 100-와다 하야토케이온!-와다 아키라태고의 달인 시리즈-와다 동,와다 카츠"
13,,,
14,,,
15,명탐정 코난: 시한장치의 마천루,명탐정 코난(애니메이션)/극장판일본 애니메이션/목록1997년 애니메이션 영화1997년 2분기 일본 애니메이션,"극장판[ 펼치기 · 접기 ]1기2기3기4기5기시한장치의 마천루(줄거리/쿠키 영상)14번째 표적(줄거리/쿠키 영상)세기말의 마술사(줄거리/쿠키 영상)눈동자 속의 암살자(줄거리/쿠키 영상)천국으로의 카운트다운(줄거리/쿠키 영상)6기7기8기9기10기베이커가의 망령(줄거리/쿠키 영상)미궁의 십자로(줄거리/쿠키 영상)은빛 날개의 마술사(줄거리/쿠키 영상)수평선상의 음모(줄거리/쿠키 영상)탐정들의 진혼가(줄거리/쿠키 영상)11기12기13기14기15기감벽의 관(줄거리/쿠키 영상)전율의 악보(줄거리/쿠키 영상)칠흑의 추적자(줄거리/쿠키 영상)천공의 난파선(줄거리/쿠키 영상)침묵의 15분(줄거리/쿠키 영상)16기17기18기19기20기11번째 스트라이커(줄거리/쿠키 영상)절해의 탐정(줄거리/쿠키 영상)이차원의 저격수(줄거리/쿠키 영상)화염의 해바라기(줄거리/쿠키 영상)순흑의 악몽(줄거리/쿠키 영상)21기22기23기24기25기진홍의 연가(줄거리/쿠키 영상)제로의 집행인(줄거리/쿠키 영상)감청의 권(줄거리/쿠키 영상)비색의 탄환(줄거리/쿠키 영상)할로윈의 신부(줄거리/쿠키 영상)26기27기28기29기30기흑철의 어영(줄거리/쿠키 영상)100만 달러의 펜타그램(줄거리/쿠키 영상)척안의 잔상(줄거리/쿠키 영상)하이웨이의 타천사(줄거리/쿠키 영상)미정콜라보*1TV스페셜*2루팡VS코난 THE MOVIE코난 실종사건사상 최악의 이틀에피소드 원작아진 명탐정진홍의 수학여행17년 전의 진상TV스페셜*2총집편*330호 살인 사건비색의 부재증명본청 형사의 사랑 이야기~결혼전야~하이바라 아이 이야기~흑철의 미스터리 트레인~명탐정 코난 VS 괴도 키드*1타 작품과의 콜라보작. 국내 극장 개봉함.*2일본 현지방송 특집 편성작(극장 미개봉). 국내 극장 개봉함.*3특정 인물의 이야기. 국내 극장 개봉함.|명탐정 코난 극장판 템플릿 보기명탐정코난:시한장치의 마천루(1997)Detective Conan: The Time-Bombed Skyscraper名探偵コナン 時計じかけの摩天楼명탐정 코난 애니메이션 시리즈 극장판명탐정 코난: 시한장치의 마천루→명탐정 코난: 14번째 표적장르애니메이션,추리,미스터리,서스펜스,모험,재난원작아오야마 고쇼감독코다마 켄지각본코우치 카즈나리(古内一成)음악오노 카츠오주제가쿄코 -Happy Birthday주연타카야마 미나미,야마구치 캇페이,야마자키 와카나,카미야 아키라,마츠이 나오코,오가타 켄이치,타카기 와타루,이와이 유키코,오오타니 이쿠에,챠후린,시오자와 카네토外김선혜,강수진,이현진,이정구,이용신,황원,한인숙,여민정,정선혜,조동희,서윤선外캐릭터 디자인스도 마사토모총작화감독서브 캐릭터 디자인효도 타카시(兵頭敬)이토지마 마사히코(糸島雅彦)모리키 야스히로(森木靖泰)카와무라 아키오(河村明夫)야마모토 야스이치로작화감독카와무라 아키오(河村明夫)타카야 히로토시시시도 쿠미코(宍戸久美子)사사키 케이코(佐々木恵子)시미즈 요시히로(清水義浩)효도 타카시(兵頭敬)무타 세이지(牟田清司)이펙트 작화감독이토지마 마사히코(糸島雅彦)미술 감독시부타니 유키히로(渋谷幸弘)색채 설계오가와 사요코(小川さよ子)촬영 감독노무라 타카시(野村隆)편집오카다 테루미츠(岡田輝満)음향 감독코바야시 카츠요시(小林克良)음향 효과요코야마 마사카즈(横山正和)정음오오시로 히사노리(大城久典)정음 어시스턴트야마모토 히사시(山本寿)야마모토 타쿠로(山本拓郎)프로듀서스와 미치히코(諏訪道彦)요시오카 마사히토(吉岡昌仁)제작 데스크코지마 테츠(小島哲)애니메이션 제작쿄쿠이치 도쿄 무비제작명탐정 코난제작위원회[1](쇼가쿠칸,요미우리 테레비,Polygram,쇼가쿠칸 프로덕션,쿄쿠이치)수입사CJ ENM배급사도호CJ ENM개봉일1997년4월 19일1998년4월 4일2006년10월 3일2024년10월 2일국내 첫 TV 방영2008년8월 4일(투니버스)상영 시간94분 30초일본 박스오피스11억 엔대한민국 총 관객 수87,641명DVD 매상6,484장스트리밍WATCHA▶더빙TVING▶자막,▶더빙Wavve▶LAFTEL▶더빙상영 등급12세 이상 관람가[2]관련 사이트1. 개요2. 포스터3. 예고편4. 시놉시스5. 등장인물5.1. 레귤러 등장인물5.2. 오리지널 등장인물6.줄거리6.1.쿠키 영상7. 음악7.1. 주제가7.2. 삽입곡7.3. OST8. 평가8.1. 평론가 평9. 한국 개봉10. 기타11. 관련 문서1.개요[편집]真実はいつもひとつ！진실은 언제나 하나!캐치프레이즈에도가와 코난과 연쇄 폭탄 테러범 간의 대결을 그린 작품이자,명탐정 코난 극장판 시리즈의 첫 번째 작품.메인 주인공은쿠도 신이치와모리 란.2.포스터[편집]일본 메인 포스터국내 메인 포스터3.예고편[편집]일본 메인 예고편국내 FHD 리마스터 2024 예고편국내 30초 예고편4.시놉시스[편집]신이치는 천재 건축가로 불리는 모리야 테이지 교수의 가든 파티에 자신 대신 란에게 참석해달라는 부탁을 하다 자신의 생일 전날 란과 함께 밤샘 영화를 보기로 약속하게 된다. 약속일이 점점 다가오던 어느 날, 코난은 화약 창고에서 화약을 다량 도난 당했다는 뉴스를 보게 되고, 동시에 신이치에게 자신이 폭탄을 훔쳤다며 도심 속에 설치한 폭탄을 막아보라는 수상한 협박 전화를 받게 되는데…— 일본 시놉시스어느날 건축학과를 나온 정형균 교수라는 사람에게 의뢰를 받은 남도일은 몸이 작아졌기 때문에 코난은 대리인으로 유명한을 데리고 의뢰를 받는다. 그 다음날, 시내의 화약 창고에서 대량을 폭약을 도둑맞은 사건이 발생하고 그 후로부터 차례차례 그 건축가가 지은 건물이 방화로 붕괴되는 사건이 발생한다. 범인은 목소리를 변성하여 남도일에게 폭발물이 설치되었다는 말을 전화로 전한다. 그 후 코난은 폭발을 막으려고 공원으로 뛰쳐나오는데...— 한국 더빙 시놉시스“5월 3일 토요일 밤 10시! 베이카 시네마 로비에서 만나는 거다! 잊지 마!”검은 조직에 의해 초등학생 코난의 몸으로 작아진 고등학생 명탐정 쿠도 신이치.천재 건축가 모리야 테이지 교수에게 가든 파티의 초대를 받았지만, 코난인 상태로는 참석할 수 없어대리인을 부탁하려 소꿉친구 모리 란에게 목소리 변조기를 사용해 신이치로서 전화를 건다.하지만 란이 신이치의 생일 전날인 5월 3일 밤 10시, 심야 영화를 보자고 조건을 걸어 난처해지고 만다.약속 당일, 뉴스에서 화약 도난 사건을 보던 코난이자 신이치에게 수상한 협박 전화가 걸려 오고의문의 남자가 도심 전체를 표적으로 한 연쇄 폭탄 테러를 예고한다.자신에게 도전장을 내민 연쇄 폭탄 테러임을 알아챈 신이치는 범인과의 숨 막히는 대결 중,베이카 시티 빌딩에 있는 란이 타깃이 되어 위험에 처했음을 깨닫는데…‘명탐정 코난’, 전무후무 레전드 애니메이션의 ‘시작’!진실은 언제나 하나!— 한국 자막 시놉시스[3]5.등장인물[편집]5.1.레귤러 등장인물[편집]레귤러 등장인물 중 메인 주인공 혹은 비중 있는 인물은볼드체처리.에도가와 코난(코난)- 성우:타카야마 미나미/김선혜쿠도 신이치(남도일)- 성우:야마구치 캇페이/강수진모리 란(유미란)- 성우:야마자키 와카나/이현진모리 코고로(유명한)- 성우:카미야 아키라/이정구스즈키 소노코(정보라)- 성우:마츠이 나오코/이용신아가사 히로시(브라운 박사)- 성우:오가타 켄이치/황원코지마 겐타(고뭉치)- 성우:타카기 와타루/한인숙요시다 아유미(한아름)- 성우:이와이 유키코/여민정츠부라야 미츠히코(박세모)- 성우:오오타니 이쿠에/정선혜메구레 쥬조(골롬보 반장)- 성우:챠후린/조동희5.2.오리지널 등장인물[편집]굵은 글씨는 범인, 취소선은 범인에게 살해당한 인물.시라토리 닌자부로(白鳥 任三郎/백동훈 형사)[4][5]- 성우:시오자와 카네토/서윤선[6]모리야 테이지(森谷 帝二/정형균) (47)- 성우:이시다 타로/강구한오카모토 시장(岡本/오동환 시장) (52)- 성우:히라오 진/김영찬[7]니시타마시[8](남서울시)의 시장. 비흡연자. 1년 전 교통사고를 냈으며[9],아들이 대신 죄를 덮어쓰고자 했지만쿠도 신이치(남도일)의 추리에 의해서자신이 운전한 것이 밝혀진다.그 후 교통사고처리특례법 위반으로 시장직에서 사임했으며, 당시 추진하던 신도시 개발 프로젝트도 흐지부지되었다.오카모토 코헤이 (岡本 浩平/오경표) (21)- 성우:타니가와 슌[10]/최지훈[11]오카모토(오동환) 시장의 아들. 흡연자. 1년 전 교통사고 사건 당시 같은 시장인 아버지와 같은 차에 동승하고 있었다. 경찰들에게는 당시 본인이 운전을 맡았다며 대신 죄를 덮어쓰려고 했으나 신이치(남도일)의 추리에 의해서 운전하지 않은 것이 입증되었다. 사건 현장에 무심코 남겨둔 담배꽁초와시거 라이터의 오른손 지문, 놓고 갔던 라이터가 결정적인 증거가 되었다. 일본은좌측통행이라 우핸들 차량 운전석에서 시거 라이터를 쓰려면왼손을 뻗어야 하는데 그의 오른손 지문밖에 묻어 있지 않아서사실은 조수석에 앉았다는 게 밝혀진 것.[12]현재 시점에서는 폭파 사건이 연달아 일어나자 대학 전공이 전자폭탄, 시한폭탄, 원격제어폭탄 제작에 활용할 수 있는 전자공학과였기에 작중 폭탄 테러 용의자로 의심받았지만[13]사건이 벌어진 날 아침다른 지역으로 출장을 가서 용의선상에서 벗어났다.사카구치 (坂口/동부철도 운행부장) (52)- 성우:후지모토 유즈루/김영찬토토 순환선(동부 철도)의 운행 부장 및 종합 관리실 총책임자.쿠스노키 (楠/동부철도 운행과장) (45)- 성우:후지시로 유지/이호산[14]토토 순환선(동부 철도)의 운행 과장 및 토토 순환선 종합 사령장.할머니와 고양이 - 성우:마야마 아코/한인숙베이카역에서 범인이 시한폭탄을 설치한 고양이 케이스를 발견한 할머니. 당연히 그런 사정을 모르는 할머니는 의자 밑에 있는 고양이 케이스 안의 고양이를 키워달라는 쪽지를 보고는 자신이 고양이를 키우려고 케이스째로 고양이를 가져가고는 택시를 탔다.이후에 코난이 폭탄의 위치를 알아낸 후 어찌 추격을 해 택시를 막아 세운다. 당연히 영문을 몰라서 왠 꼬마가 갑자기 케이스만 가져가는 걸 보고 당황하나 코난 덕분에 어찌 폭탄에는 휘말리지 않았다. 그녀 입장에서는 꽤나 놀랄 일이겠지만, 코난이 본인만 부상을 입는 식으로 처리한 덕분에 다행히 별 탈은 없는 듯하다. 고양이는 할머니가 키우고 있을 듯.초등학교 고학년 남자아이 - 성우:마야마 아코/김현심모자를 쓴 채로 자전거를 타던 초등학교 고학년 남자아이로, 자판기 앞에서 음료수를 사던 중에 코난이 상기의 케이스 폭탄을 추적하기 위해 이 남자아이의 자전거를 뺏어서 탄다. 이때 코난은 급한 나머지 초등학생 연기도 잊고 남자아이한테 ""꼬마야!자전거 좀 빌릴게!""라고 말했다. 자전거를 털린 것도 털린 거지만 자기보다 어려 보이는 애가 엉뚱한 말을 하는 상황에 남자아이는 ""뭐, 꼬마야? 내가 더 형 같은데...""라고 반응한다.이후에 어떻게 됐는지 등장하지 않지만 이 자전거는 폭탄이 터지면서 완전히 망가졌다. 이후 아마 코고로가 물어줬을 것으로 보인다. 코고로가 ""물어주고 자시고 간에⋯⋯""라고 했기 때문.택시 기사 - 성우:최승훈할머니와 고양이를 태우고 가던 택시기사. 코난이 자전거로 갑자기 나타나서 교통사고가 날 뻔하자 급정거를 한 뒤에 코난한테 다가와서 ""얘야. 어디 안 다쳤니?""라고 물으면서 다가가지만 코난은 폭탄에만 신경이 쓰였던 터라 택시기사를 무시하고 운전석에서 케이스만 챙기고 현장에서 벗어난다. 이때 코난이 케이스를 자전거 바구니에 넣어서, 원래 거기 있던 스케이트보드는 그대로 놔두고 갔다. 그래서 택시기사는 스케이트보드를 들면서 코난한테 ""이건 안 챙겨가니?""라고 한다.단역이지만성격이 굉장히 온화한 인물이라는 걸 알 수 있다. 코난이 택시를 막기 위해서 갑자기 나타나는 바람에 급정거를 하게 됐는데택시기사는전혀 화를 내지 않았으며오히려 바로 달려와서 코난한테 괜찮냐고 물어본다. 그 다음에도 화를 내는 모습은 전혀 없었다. 코난이 놔두고 간 스케이트보드도 이 인물이 경찰한테 줘서 코난이 돌려받은 것으로 보인다.구조대원 - 성우:최지훈베이카시티빌딩에서 코난이 만난 구조대원으로 착암기로 무너진 천장을 뚫어서 코난과 만나게 된다. 구조대원은 코난을 발견하고는 동료한테 어린아이가 한 명 있다고 보고하고는 코난한테 이제 집에 가자면서 데려가려고 한다. 이에 코난이 저 안에 아직 사람들이 갇혀 있다고 하자 문을 밀어보지만 밀리지 않자 동료한테 절단기를 가져오라고 지시한다.그러고 나서 구조대원은""오늘(5월 4일)은결혼기념일인데 느긋하게 즐기기는커녕 이게 웬 난리냐""라며 혼잣말을 했다. 구조대원의 혼잣말에 코난은 범인이 자신에게 말한 3분만 즐기라는 말의 의미를 알게 된다. 이후에 건물이 무너지려고 하자 코난을 보호하려고 데려가지만 코난이 란한테 빨강이 아니라 파랑을 자르라고 외치지만 이와 별개로 구조대원은 어린아이를 보호해야 하니 코난을 데리고 갔다.프롤로그(쿠로카와 병원장 살인사건)[15]쿠로카와 다이조 (黒川 大造/신현오/Magnum Cornhouser) (62)프롤로그 사건의 피해자. 쿠로카와 병원(종합병원)의 원장으로, 머리에 브론즈 상을 얻어맞고 사망했다. 1년 전 음주상태로 수술을 집도했다가 환자를 죽게 만들었으며, 그 외 다양한 의료사고를 일으켰으나, 인맥이 대단해서 원장직을 계속할 수 있었던 모양.쿠로카와 미나 (黒川 三奈/윤초하/Mina Cornhouser) (32)- 성우:미야데라 토모코/이용신[16]쿠로카와 다이조(신현오)의 후처.[17]모리 코고로(유명한)가 쿠로카와 다이조(신현오)가 남긴 다잉 메시지 JUN의 의미가6월의 약자라 설명하고 6월은 물이 없는 날(미나즈키)라고도 하여 쿠로카와 미나(윤초하)를 범인으로 지목하는 엉뚱한 짓을 벌였다. 한국판에선 JUN의 의미가 6월의 약자라 설명하고 6월은 여름이 시작되는 초여름이라 설명하여 한국명 윤초하의 이름에 초여름을 뜻하는 말이 들어가 범인으로 지목된다.쿠로카와 다이스케 (黒川 大介/신병만/Mortimer Cornhouser) (36)- 성우:야마지 카즈히로[18]/이호산[19]쿠로카와 다이조(신현오)의 장남. 내과의. 아버지 살해범으로 의붓 어머니가 지목되는 참으로 어처구니없는 사태를 겪은 지 얼마 되지 않아 자신의 집이 연속 방화 사건에 휘말려 전소될 뻔했다.나카자와 마나미(中沢 真那美/어연우/Manami Goodsbe)(27)- 성우:후지이 카요코/여민정[20]6.줄거리[편집]자세한 내용은명탐정 코난: 시한장치의 마천루/줄거리문서를 참고하십시오.6.1.쿠키 영상[편집]자세한 내용은명탐정 코난: 시한장치의 마천루/줄거리문서의2번 문단을 참고하십시오.7.음악[편집]7.1.주제가[편집]주제가 목록그대가 있다면(キミがいれば)·내가 있어(ぼくがいる)[ 한국어 더빙판 ]시즌 1빛이 될 거야(KBS)PUZZLE(쥬얼리)(애니맥스)신 명탐정 코난 메인 테마 (Sax)(투니버스)시즌 2PUZZLE(쥬얼리)(2004)신 명탐정 코난 메인 테마 (Sax)(2026)시즌 3꿈을 향해시즌 4Love is Thrill, Shock, Suspense시즌 5바람의 라라라 ~소중한 우리들의 시간~(투니버스)꿈을 향해(애니맥스)시즌 6Growing of my heart시즌 7Love for you시즌 8빛시즌 9Tomorrow is the last Time시즌 10Hello Mr. my yesterday시즌 11널 위한 멜로디시즌 12TRY AGAIN시즌 13Butterfly Core시즌 14PUZZLE(La PomPon)시즌 15시즌 16Everything OK!!시즌 17시즌 18별의 아이시즌 19새빨간 Lip(OP)별의 아이(ED)시즌 20조금씩 조금씩(OP)새빨간 Lip(ED)시즌 21베로니카(OP)조금씩 조금씩(ED)시즌 22SPARKLE(OP)베로니카(ED)시즌 23…and Rescue Me(OP)SPARKLE(ED)시즌 24꿈에서 만나요(OP)…and Rescue Me(ED)[ 자막판 ]시즌 1(OP)가슴이 두근두근|Feel Your Heart|수수께끼|운명의 룰렛을 돌려(ED)Step by Step|미궁의 Lovers|빛과 그림자의 로망|그대 없는 여름|소원을 하나만시즌 2(OP)운명의 룰렛을 돌려|TRUTH〜A Great Detective of Love〜|아슬아슬 chop(ED)바라는 게 하나 있어|얼음 위에 서 있는 것 처럼|Still for your love시즌 3(OP)아슬아슬 chop|Mysterious Eyes|사랑은 thrill, shock, suspense(ED)Still for your love|Free Magic|Secret of my heart|여름의 환상시즌 4(OP)사랑은 thrill, shock, suspense|destiny|Winter Bells(ED)여름의 환상|Start in my life|always|푸르고 푸른 이 별에|꿈을 꾼 뒤에시즌 5(OP)I can't stop my love for you|바람의 라라라|그대와 약속한 아름다운 그곳까지(ED)꿈을 꾼 뒤에|무색|Overture|내일을 꿈꾸며|그대라는 빛시즌 6(OP)그대와 약속한 아름다운 그곳까지|START|반짝이는 별빛이여(ED)그대라는 빛|잠든 그대의 옆얼굴에 미소를|때늦은 후회시즌 7(OP)반짝이는 별빛이여|Growing of my heart|충동|100개의 문(ED)6월의 신부〜내 눈에는 너만 보여〜|세계를 멈추고|Thank you for everything|애달플 정도로 네가 좋아|이제 너만은 놓지 않을 거야시즌 8(OP)100개의 문|구름을 타고서|눈물의 Yesterday|글로리어스 마인드|사랑은 어둠 속에서(ED)이제 너만은 놓지 않을 거야|하얀 눈|I still believe 〜한숨〜|세상은 돈다고 말하지만|눈 녹은 강의 물결처럼시즌 9(OP)글로리어스 마인드|1초마다 Love for you|Mysterious|Revive|Everlasting Luv|MAGIC(ED)세상은 돈다고 말하지만|Summer Memories|GO YOUR OWN WAY|사랑을 빛내며|Doing all right|빛시즌 10(OP)Everlasting Luv|MAGIC|As the Dew|SUMMER TIME GONE|Tear drops(ED)빛|Hello Mr. my yesterday|Tomorrow is the last Time|보름밤 크라이시스 〜널 만나고 싶어〜시즌 11(OP)Don't Wanna Lie|Misty Mystery|Miss Mystery(ED)달밤의 장난스러운 마법|필그림|Your Best Friend|슬플 정도로 오늘의 석양은 예쁘네요|오버라이트시즌 12(OP)Miss Mystery|그대의 눈물에 이렇게 사랑하고 있어|TRY AGAIN|Q&A(ED)오버라이트|사랑에 사랑해|눈동자의 멜로디|너의 웃는 모습이 무엇보다도 좋았어시즌 13(OP)Q&A|Butterfly Core|Greed(ED)너의 웃는 모습이 무엇보다도 좋았어|지금 만나고 싶어서|RAIN MAN시즌 14(OP)Greed|DYNAMITE|WE GO(ED)RAIN MAN|무적의 하트|너에게로의 거짓말시즌 15(OP)WE GO|수수께끼|깃털|세계는 당신의 색이 된다(ED)너에게로의 거짓말|운명의 룰렛을 돌려|두 사람의 초침시즌 16(OP)세계는 당신의 색이 된다|수천 개의 미궁 속에서 수천 개의 수수께끼를 풀고(ED)두 사람의 초침|SAWAGE☆LIFE|YESTERDAY LOVE시즌 17(OP)수천 개의 미궁 속에서 수천 개의 수수께끼를 풀고|Lie, Lie, Lie,|Everything OK!!|카운트다운(ED)꿈 같은 이야기|도월교〜그대를 생각하며〜|신풍 익스프레스시즌 18(OP)카운트다운|타임라인|장밋빛 인생(ED)신풍 익스프레스|운명|Aozolighter|그대와 사랑인 채로 끝날 수 없어 언제나 꿈인 채로 있을 수 없어시즌 19(OP)장밋빛 인생|ANSWER|새빨간 LIP|JUST BELIEVE YOU|제로부터 시작해(ED)그대와 사랑인 채로 끝날 수 없어 언제나 꿈인 채로 있을 수 없어|Sissy Sky|조금씩 조금씩|칠석|Reboot2021(OP)제로부터 시작해|흔들흔들|SLEEPLESS(ED)Reboot|베로니카|SWEET MOONLIGHT2022(OP)SLEEPLESS|SPARKLE|RAISE INSIGHT(ED)SWEET MOONLIGHT|텅빈 마음|플레이메이커|공복2023(OP)RAISE INSIGHT|Unraveling Love ～조금의 용기～(ED)공복|…and Rescue Me|You & I2024(OP)Unraveling Love ～조금의 용기～(ED)You & I|꿈에서 만나요2025(OP)But 노 러브|Poker Face(ED)Shooting star|FUN! FUN! FUN!2026(OP)Heaven Knows|사랑의 FIRE(ED)TOWA 〜영원히 바람을 타다〜|7 DAYS|사랑으로 전부 끌어안고 사랑해 줘※ 투니버스 미방영 시즌의 곡 제목은 통용되는 번역을 기준으로 작성함.※ 별도로 방송된 미방영분(X파일) 시리즈의 시즌 표기는 생략함.[ 극장판 ]1기2기3기4기5기Happy Birthday소녀 시절로 되돌아간 것처럼ONE당신이 있으니까always6기7기8기9기10기EverlastingTime after time~꽃이 흩날리는 거리에서~Dream×Dream여름을 기다리는 세일(돛)과 같이변함없는 단 하나의 것11기12기13기14기15기일곱 바다를 건너는 바람과 같이날개를 펼쳐서PUZZLEOver DriveDon't Wanna Lie16기17기18기19기20기봄노래원 모어 타임러브 서치라이트오! 리발세계는 당신의 색이 된다21기22기23기24기25기도월교~그대를 생각하며~영 -ZERO-BLUE SAPPHIRE영원의 부재증명크로노스타시스26기27기28기29기30기아름다운 지느러미상사상애TWILIGHT!!!라스트 댄스 그대와 함께명탐정 코난 애니메이션 시리즈 극장판의 역대 엔딩1.Happy Birthday→2.少女の頃に戻ったみたいに소녀 시절로 돌아간 것처럼〈명탐정 코난: 시한장치의 마천루〉 주제가Happy BirthdayMV ver.Full ver.노래쿄코작사스가 시카오작곡편곡스가 시카오마미야 타쿠미가사 ▼(원어 가사)(원어 발음)(한국어 가사)(원어 가사)(원어 발음)(한국어 가사)자세한 내용은Happy Birthday(쿄코)문서를 참고하십시오.7.2.삽입곡[편집]7.3.OST[편집]명탐정코난:시한장치의 마천루[ 트랙 리스트 펼치기 · 접기 ]순서제목듣기재생시간1名探偵コナン メインテーマ（摩天楼ヴァージョン）명탐정 코난 메인 테마 (마천루 ver.)2:282英国風館영국풍 저택2:573時計じかけの摩天楼시한장치의 마천루3:274爆破犯人のテーマ폭파범의 테마3:535犯人からの電話범인이 걸어온 전화0:496爆破予告폭파 예고1:217爆弾処理폭탄 처리2:508蘭のテーマ（摩天楼ヴァージョン）란의 테마 (마천루 ver.)4:389少年探偵団のテーマ（摩天楼ヴァージョン）소년 탐정단의 테마 (마천루 ver.)3:1110陰謀（摩天楼ヴァージョン）음모 (마천루 ver.)2:2211忍び寄る危機소리없이 다가오는 위기1:4512緊急指令긴급 지령4:1113対決のテーマ（摩天楼ヴァージョン）대결의 테마 (마천루 ver.)3:1214捜査開始（摩天楼ヴァージョン）수사 개시 (마천루 ver.)3:0315西の名探偵（摩天楼ヴァージョン）서쪽의 명탐정 (마천루 ver.)2:5916昼下がりの天使たち（摩天楼ヴァージョン）오후의 천사들 (마천루 ver.)3:3117想い出（摩天楼ヴァージョン）추억 (마천루 ver.)3:39전체 재생목록1997년 6월 2일에 방영된 61화유령선 살인 사건에피소드부터 TVA에도 사용되기 시작했으며, 한국에서는 2000년 6월 19일에KBS 2TV채널에서 방영된 1기 46화고메라의 비밀에피소드부터 해당된다.[21]수록된 17곡들 중 7곡만 극장판 오리지널 악곡이고 나머지 10곡은 기존의 TVA판 BGM의 리메이크 버전으로 구성되어 있는데, 후속작들과 비교해서 수록곡이 현저히 적지만 리메이크 곡들을 제외한 오리지널 7곡 중 4곡은 한동안 자주 사용되었다. 29년이 지난 지금은 훗날에 나온 TVA 오리지널 악곡들이나 극장판 후속작들의 수록곡들도 자주 사용되면서 뜸해졌지만, 아직도 많은 팬들이 기억할 만큼 유명한 배경 음악이기도 하다.긴박한 상황일 때3번 트랙 '시한장치의 마천루'[22]추리 과정4번 트랙 '폭파범의 테마'5번 트랙 '범인이 걸어온 전화'6번 트랙 '폭파 예고'TVA 리메이크 버전 곡들 중에서는 1번 트랙 '명탐정 코난 메인 테마 (마천루 버전)' 곡이 가장 유명하다. 시리즈 전체를 상징하는 대표 테마 곡의 리메이크 버전인 점도 그렇고 TVA에서도 사건이 해결되는 상황이나 지난 줄거리 소개용으로 자주 쓰인 리메이크 BGM였기 때문. 한국 한정으로 작중이나 지난 줄거리 소개용뿐만 아니라 다음 이야기 소개용으로도 종종 쓰인 적이 있다.이때만 해도 명탐정 코난 극장판이 성공할 것이라는 전망이 없어서 상당한 저예산으로 급조했다고 한다. 당장 시한장치의 마천루 BGM부터가 오리지널 BGM의 리메이크식으로 만들어진 게 대부분이고, 다른 극장판들에 비해 BGM 수 자체가 적은 데다가 영화에선 오리지널 BGM을 쓰는 부분이 많았다. 다행히 이 작품이 예상보다 성공을 거둬서 후속작부터 투자가 꽤 이루어졌다.8.평가[편집]평점 7.4 / 10(XXX위20XX-XX-XX 기준)별점 3.6 / 5.0(XXX위20XX-XX-XX 기준)별점 4.0 / 5.0별점 3.7 / 5.0별점 3.7 / 5.0지수 92.27%별점 3.3 / 5.0평점 9.00 / 10평점 8.6 / 10별점 4.2 / 5.0명탐정 코난 극장판의 주요 서사인액션과 추리의 조합을 처음으로 제시한 기념비적인 작품이다. 이러한 시도는 크게 호평을 받아, 26년 이상 지난 지금까지도 극장판 줄거리에 큰 영향을 주고 있으며 사실상현재의 코난을 완성시킨 작품이다.명탐정 코난원작 팬들과,안방 시청자, 그리고 끝내극장 관람객들의 이목까지 사로잡았는데 이 모든 과정은 불과 3년 만에 이뤄진 초고속 성장이었다.원래도 극장판의 리즈 스타트를 훌륭하게 끊은 명작으로 좋은 평가를 받았지만, 명탐정 코난 최근 극장판들의 침체기 이후로 평가가 더욱 높아졌다. 최근의 극장판들과 달리 적당히 규모도 있고 스타일리쉬한 복고적 액션이라서 보기도 매우 편하고 스토리와도 적절히 조화된다는 평. 탄탄하고 긴박감이 살아있는 스토리도 스토리지만 연출에서도 굉장한 호평을 받는데, 특히 후반부 클라이맥스의 폭탄 해체 장면은 신란 팬이 아니라도 굉장한 명장면으로 평가할 정도로 뛰어난 연출과 작화, 감성을 선보인다.코난 극 초기의 극장판이기에 주요한 등장인물은 코난 이외엔모리 란과아가사 박사나모리 코고로,메구레 경부정도가 다다. 이후 전체적으로 시리즈에 많은 영향을 주는하이바라 아이및검은 조직, 각종 수사기관의 캐릭터들이 등장하지 않아 한정된 캐릭터들로 구성했음에도 밀도 있게 스토리를 구성했다는 게 주목할 만하다. 특히 툭하면 거대 기업[23]이나 각종 국제기구, 정보기관들을 등장시켜 규모만 키우고 폭탄과 비현실적인 아가사 박사의 발명품들로 인한 과장된 연출로 점철된 후기 극장판들과 달리, 치밀하게 설계된 복선과 긴장감, 적절한 액션과 현실적인 연출, 그리고 추리로 인해 높은 완성도를 가지고 있다. 남발되는 폭탄이나 과장된 액션신을 사용하지 않고도 충분히 밀도 있고 수준 높은 스토리를 뽑아낼 수 있음을 보여준 작품.다만 폭탄 테러라는 소재는 좋았으나, 범인의 동기가 약하다는[24]단점이 있다. 나름 자신이 주도했던 신도시 프로젝트가 신이치에 의해 좌절되어 분노했기에 사건을 일으켰다고 보강했지만 아쉬운 편. 다만 최근의 코난에서 원체 어이없는 동기들이 마구 등장하자 그래도 건축 예술적인 강박의 광기를 동기 소재로 쓴 본작의 범행 동기는 재평가의 여지가 있다는 반응도 종종 보이는 편이다.8.1.평론가 평[편집]아찔하고 달콤하게 주춧돌 놓기박평식(씨네21) | ★★★코난 극장판의 시작점, 그리고 목표점이우빈 (씨네21) | ★★★★우리 ‘처음’의 의미를 기억하나요?이자연 (씨네21) | ★★★★9.한국 개봉[편집]극장판 1기는 한국 개봉 없이 투니버스에서 방영만 했었으나 2024년 8월 19일 등급 심의가 접수되었다. 한국에서 처음으로 극장판 1기가 개봉되며 일본 성우들이 적힌 걸로 보아 최초로 더빙판으로만 서비스했던 구 극장판이 자막판도 개봉되는 사례가 되었다.#예상은 이미 CJ ENM에서 최근에아이엠스타 극장판 하나를 심의한 적이 있어서 그것부터 개봉하고 그 이후에 개봉될 것으로 예상된다. 아직 8월 기준 2025년까지 4달가량 남았기에 빠르면 2024년 내 개봉이 될 것으로 전망된다. 그리고 2024년 10월 2일로 개봉이 확정되었다. 또한 재개봉을 하면서 일본판 원본 영상으로 영상 소스가 갈음되었으며 부제 로고 역시 일본어판에 준거한 형식을 따랐다.[25]로컬라이징이 금지되어서인지 기존 더빙판을 개봉하지 못하고 일본판을 개봉할 수밖에 없는 듯하다.마침 극장판 1기가 개봉한다는 점에서 초대 극장판부터 한국 개봉을 진행하는 것이 아니냐는 추측도 있다.[26]약 4개월 후인 2025년 2월에명탐정 코난: 14번째 표적이 한국 개봉을 하면서 사실로 밝혀졌다.9월 29일, 김선혜 성우의 유튜브 라이브에서 4K 디지털 리마스터링에 더빙 버전은 아직 없다고 하였다.9월 21일부천시청앞에서 특별 야외 상영회를 했다.9월 28~29일 일부 지점에서 프리미어 상영회를 했다. 티켓과 티켓 홀더를 특전으로 제공했다.상술했다시피 로컬라이징은 되지 않았고 자막이나 지나가는 일본어는 중요한 것들은 대부분 자막이나 한국어로 덧씌웠다. 폭탄이 터진 장소와 관련해 놀이터와 아파트를 의심한 장면 등 일부 구간에서 갑자기 화질이 떨어지는 구간이 있었다. 이는 필름의 상태와 직결되는 리마스터링 특성상 어쩔 수 없는 부분이긴 하다. 하술할 폭탄이 설치된 위치와 관련된 범인의 힌트는 더빙판과 달리 변경되었다.1주차 특전으로는 10월 2일부터 첫특전A3 홀로그램 포스터를 제공했다.2주차 특전으로는 포토카드 3세트 중 1세트를 무작위로 증정했다. 한 세트에 카드 3종이 들어있다.3주차 특전으로는 A3 홀더를 제공했다. 이는 포스터를 담을 수 있다.모리야 테이지의 파이프 담배 장면마다 성냥의 불꽃과 내뿜는 연기를 검열해 부자연스러운 장면이 있다. 특히 후반부 경시청 사람들과 저택에서 마주했을 때 파이프에 성냥을 가져다 대는데 이때 성냥머리가 점화되는 소리는 나지만 불꽃이 일어나지 않고 성냥머리가 그대로 있다. 그러다 내려다 놓을 때는 다 타있는 상태로 나온다.2025년 4월 21일,투니버스에서 더빙판이 방송되었는데 무려 4K 디지털 리마스터링 버전이 그대로 나왔다!현지화 문제로 극장에서 개봉은 못했지만, 기존 더빙판 녹음본을 디지털 리마스터링에 입혀 송출한 것으로 보이며 오프닝도 자막판에서만 나왔던 새로운 한글화 버전으로 깔끔하게 수정되었다. 다음으로 리마스터링 판으로 자막 개봉한14번째 표적도 비슷한 시기에 적용된 것으로 보인다.10.기타[편집]코난 극장판 최초로살인사건을 메인 소재로 다룬 작품이 아니다.[27][28]후반부에 나온 빨간 선과 파란 선은 사실 MAGIC KAITO의 삼각관계인 아오코(파랑), 아카코(빨강)과 연관시켜서 쓸 소재였다고 한다.#그래서 다음 기회는 없을 거라 생각해서 단번에 써버렸다고 하며 그렇다보니 관련 팬아트가 나오기도 한다.#배급만 담당했던도호가14번째 표적부터 제작위원회로 참여하기 시작했다.명탐정 코난이텔레비전애니메이션화된 이래 첫 극장판. 이후 매년 신작이 개봉되고 있다. 이 작품 이후 나오는 극장판의 원제에는 'の'가 꼭 들어간다. 저 단어는 조사로, 의미는 '~의'. 영어로는 of.첫 번째 극장판이어서 그런지, 레귤러 등장인물들이 처음 등장할 때에도 이름과 나이, 직업을 알려주는 자막이 나온다.제목은 시한장치의 마천루지만 막상 마천루가 배경이 된 건 후반부다. 오히려 영화 내내 마천루가 배경이 된 극장판 5기명탐정 코난: 천국으로의 카운트다운이 시한장치의 마천루라는 제목에 더 들어맞고, 범인의 타임 리미트 3분과 후반부의 폭발 카운트다운 장면 때문에 1기의 제목이 천국으로의 카운트다운이었으면 좋았을 것이다.주제곡 제목이 Happy Birthday인 건 중심 소재 중 하나가쿠도 신이치의 생일이기 때문이다. 진범이 일부러 남겨둔 3분의 의미도 이에 기인한 연유가 크다. 이에 관한 제작 비화가 있는데, 첫 영화화 상의를 했던 당시가 작가아오야마 고쇼의 생일이었는데 공교롭게도 같은 날 상의를 하던 중에 기획프로듀서인 스와 미치히코의 아들이 태어나게 되어 'Happy Birthday'라는 주제로 대사와 주제곡을 정하게 된 것이라고 작가가 직접 단행본 90권의 권두 코멘트에서 밝혔다.스토리 설정상 근작 할리우드 블록버스터 '다이 하드 3'(1995년작) , '스피드'[29](1994년작)의 영향을 많이 받은 게 보인다. (시한장치의 마천루는 1997년작)대형 빌딩 폭파 장면 등이 등장하지만, 범인의 명백한 살인은 그려져 있지 않다. 또한 아직 원작도 애니메이션도 다소 어린이를 의식하여 제작되고 있던 시기이기 때문에 곳곳에 이후 작품에서는 거의 볼 수 없게 된 개그와 좌충우돌적인 장면 등도 볼 수 있다. 그런데 사람들이 잔뜩 모여 있던 상황에서 빌딩이 폭파된 것을 고려하면 이번 사건의 사망자는 묘사만 명확하지 않았을 뿐[30]이지, 다른 살인 사건과는 비교가 되지 않을 정도로 많았을 것이다.또 폭탄이 주요소재라서 그런지,총기가 등장하지 않는 유일한 극장판이다.본작의 용의자인모리야 테이지의 캐릭터 원안은 원작자인아오야마 고쇼가 담당했다. 이후 극장판 5기인천국으로의 카운트다운에 모리야 테이지의 제자가 등장한다.한국에서 방영된 우리말 녹음 버전에서는, 마지막 건물 폭발 장면에서 일본어 곡 대신 극장판 6기의 테마곡을 삽입했다. 그 탓에 짠한 장면에서 뜬금없이 희망찬 배경이 깔려서 빈축을 산 바 있다.[31]현재투니버스에서 방영하는 버전에는 스태프롤 장면을통째로날려먹어서 스태프롤 이후에 등장하는 영상이 뜬금없이 나온다.투니버스에서 방영하기 1년 전인 2007년에 엔터라인을 통해해적판 DVD가 발매된 바 있다. 하지만 작중 이름이 전부퍼니메이션영어판 기준으로 설정되어 있고, 게다가 성우 캐스팅도 해적판답게 엉망으로 했다. 국내명 기준으로 코난은임주현이 맡았고 유미란은이진화, 신형사를 맡은김광국이 남도일을,이종혁성우가 유명한 탐정과 백동훈 형사, 정형균 역 등을 맡았고 남건을 맡은정승욱이 골롬보 반장을 맡았다. 당연한 얘기지만무판권인 만큼 구매는 권장하지 않는다.예스24 구매 링크극장판에시라토리 닌자부로가 등장하는데, 극장판 개봉 당시오리지널 캐릭터였다. 만화책에서는 21권부터 등장한다. 원작에 등장하긴 하나 본래는 극장판용으로 만들어진 캐릭터이며, 이후 현재까지 매 극장판마다 출연한다. 그런데 17기절해의 탐정, 19기화염의 해바라기, 20기순흑의 악몽에는 등장하지 않았다. 이 세 작품의 각본가가 같다.만화책으로 시라토리 형사가 나오니, 시라토리가 레귤러가 된 후에 본다면 명탐정 코난의 극장판 중 이 극장판에선 누가 범인인지 쉽게 알아차릴 수 있다. 아니, 애초부터 쉽다. 한국에는 이 극장판 1기가 뒤늦게 투니버스에 수입되어 방영되었는데, 투니버스에 2기 첫 방영 이후 한참 뒤에 틀어준 거라 더빙팬들은 모리 탐정이 왜 뜬금없이 레귤러 캐릭터인 시라토리 형사를 범인으로 지목하는지 이해가 안 갔던 팬들이 많았지만 모리 탐정이 헛다리 짚는 건 일상다반사라 그냥 그러려니 하고 봤다는 팬들도 적지 않았다.감독코다마 켄지는 당시 명탐정 코난 TV 애니메이션의 감독으로 TV 시리즈와 극장판의 감독을 겸임했다. 그러나 4기부턴 TV 시리즈 감독직을야마모토 야스이치로(8기부터 극장판 전담)에게 완전히 넘기고 극장판 감독에 전념했다.각본을 담당한 코우치 카즈나리는 탐정극 대본을 몇 차례 써본 경력 있는 각본가이다. 6기, 10기, 11기를 제외하곤 코난 극장판의 각본을 매년 써왔다. 다만 17기에서는 다른 작가로 교체되었다. 간간히 TVA 오리지널 에피소드의 각본을 쓰기도 했다.정식 발매되어 있는 슈퍼 다이제스트 북(공식 가이드북.) 30+PLUS에서 원작자의 인터뷰에 따르면, 당시 라스베이거스에 있었던 작가는 극장판이 만들어진다는 소식을 듣고 얼른 돌아오고 싶었다고 한다.원작자의 원화 그리기가 이때부터 시작되었다. 매회 그리고 싶다고 생각하는 부분을 콘티에 표시해뒀다가 통보한다고 한다. 이 극장판에서는 잘 모르는 경우가 간혹 있지만다음 작에서 보면 유난히 눈에 띄는 그림체가 있다. 극장판을 보는 사람들은 원작자가 어떤 부분을 그렸는지 찾아보기도 한다.작중에 등장하는 전철 노선인 토토순환선은 현실의야마노테선을 모티브로 한 것으로 보인다. 등장하는 전동차도 1990년도 당시 열심히 굴러다녔던205계 전동차이고 ""멈추지 않고 계속 도는 순환선""[32]인 것, 거기에 결정적으로시나가와역이 등장한다는 점에서 빼박이다. 다만 노선 색상은 일부 구간을 야마노테선과 병주해서 달리는케이힌도호쿠선에서 따온 것 같다.[33]205계가 케이힌도호쿠선에서도 굴러다녔기도 했다.[34]그리고, 한국어 더빙판에서는 역명을 좀 웃기게 바꿨는데시나가와역을 무려 신동림역으로 바꿨다. 어감으로 보아신도림역을 은근슬쩍 패러디한 것으로 보인다. 거기에 다리가 건너는 운하의 이름도당산 운하인 것을 보면서울 지하철 2호선을 염두에 뒀을 가능성이 크다.[35]같은 순환선이기도 하고, 지선을 통해 열차를 뺄 수도 있다. 다만 실제신도림역2호선은 지하에 위치해신정지선을 통해신정차량기지로 빠지고, 1호선을 지하에서 수직으로 지나 직결하지 않는다. 영화처럼 지상 차량기지가 위치한 건 1호선에서구로차량기지로 이어지는 다음 역 구로역이지만 알다시피 1호선은 순환선은 아니다.중간에 범인이 베이커역 앞 광장에 폭탄 폭발을 예고했을 때 폭탄의 위치를 알려준 힌트가 일본판과 우리나라 더빙판이 다르다. 일본판에서는 나무 아래라는 힌트를 줬는데 이것은 나무 아래에 있는 뿌리를 가리키고[36]그 뿌리라는 말로 고양이를 유추하게 한 것이다. 이것은 뿌리라는 말이 일본어로 ねっこ(넥코)라고 불리고 고양이라는 말이 일본어로 ねこ(네코)라고 불린다는 점에서 착안한 힌트다. 말하자면 두 단어의 발음이 거의 유사하다는 점에서 온 힌트. 그리고 우리나라 더빙판에서는 일본어를 이용한 힌트를 쓸 수 없었으므로 고양이 안에 든 케이스를 유추하게 하기 위해 쥐구멍이라고 힌트를 줬다. 2024년 극장 개봉 버전에서는 고양이와 발음이 비슷한 '고향'과 관련이 있다고 힌트를 줬다.작중에서 코난은 폭탄을 처리할 때 부상을 입어서 경찰병원으로 이송된다. 여기서 코난이 깨어난 후에 코고로한테 자전거가 부숴졌다면서 물어 줄 수 있냐고 묻자 코고로는 ""물어주고 자시고 간에 대체 왜 그런 위험한 짓을 한 거냐""라면서 화를 냈다. 이에 코난은 ""신이치 형이 자기는 다른 사건 때문에 바쁘다고 저한테 대신해달라고 해서요""라고 말해서 코고로는 신이치 를 욕한다.[37]그러니까코난은 신이치(자기 자신)를 자기 일 바쁘다고 8살(만 7세) 애한테 폭탄 처리를 맡긴쓰레기로 만들어 버린 것이다. 코난이 신이치라는 건 모르는 코고로가 신이치에게 화를 내는 게 당연한다.폭탄이 설치된 토토 순환선의 열차가 70km/h 이상으로 내달리다가 화물선로로 분기한 후에서야 속도를 줄였는데, 분기기는 속도가 너무 빠르면 탈선할 위험이 있기 때문에 고속분기기가 아닌 이상 보통 제한속도가60km/h 이하다. 하지만 작중에서는 전철에60km/h이하로 달리면 폭발하는 폭탄이 있으니 급하게 바꾼 것이라 납득할 수 있는 상황이며, 선로를 바꾸는 장면을 잘 보면 열차가 원심력으로 크게 기울어지는 모습을 볼 수 있다.코난이라이터로 위장한 저택 폭파용 기폭장치에서건전지를 미리 빼놓아모리야 테이지교수를 물먹이는 장면은 건전지의 크기 때문에 다소 어색한 장면이 되었다. 묘사를 보면 C타입 원기둥 건전지 2개가 기폭장치의 부피 대부분을 차지하는 구조인데, C타입 건전지 1개의 무게는 약 70~80g이다. 즉 기폭장치에서 (아마도 장치 무게의 대부분일) 150g 정도의 무게가 빠져나간 셈인데, 이걸 인지하지 못한 것이 되기 때문이다.모리 코고로의부성애를 볼 수 있는 에피소드들 중 하나이다. 딸에 대한 걱정 때문에 평정심을 상실하고 불이 나는 극장 안으로 들어가려 하거나 자신의 옛 상관의 멱살을 잡기도 한다.[38]여담으로 이 극장판과차기 극장판만 지금의 작화와 다르다.모리야 테이지가 내는 퀴즈는 세 남자의 공통점을 찾는 것인데, 그 답은모모타로(복숭아 동자)였다. 코난은 세 남자가 태어난 해가 각각 1년씩 차이 난 점에 주목하여 모모타로를 이끌어냈다.시간 구성이 매우 빽빽한 작품이기도 하다. 5월 3일~5월 4일에 작중 시간 흐름을 표로 정리하면 이렇다.시각내용오전 중란이 집을 떠나며, 코난이 아가사의 집에 갔는데 화약창고에서 폭탄이 도난당했다는 뉴스가 나온 후에 협박 전화를 받는다.12시 45분쯤시민공원에서 비행기에 담긴 폭탄이 터진다. 그리고 범인한테서 오후 1시 정각에 베이카역 광장에서 폭탄이 터진다는 협박 전화를 받는다.12시 50분베이카역 광장 도착한다. 코난은 폭탄을 찾다가 고양이 케이스에 폭탄 가방이 든 걸 확인하는데 할머니가 가져가고 택시를 타고 간다.12시 55분추격전을 시작한다. 스케이트보드가 고장나서 지나가던 아이의 자전거를 빌린다며 빼앗아 몰고 겨우 택시를 따라잡는다. 코난은 고양이 케이스에 담긴 폭탄이 16초에 일시적으로 멈춘 후에 이동하니 타이머가 작동했고, 결국 폭발해서 코난이 부상을 입는다.-부상을 입은 코난은 경찰병원으로 옮겨진다. 코난은 자신이 신이치일 때 해결한 1년전 니시타마시장의운전자 바꿔치기사건을 회상했고 그의 아들이 용의자로 오른다. 경찰의 질문에 아유미는 범인한테서 달콤한 냄새가 났다는 말을 했다.16시아이들이 돌아간 후 범인한테 협박전화가 왔다. 토토 순환선에 폭탄 5개를 설치했으며 60km 이하로 내려가면 폭발한다는 내용이었다. 이 사실이 토토 순환선의 모든 열차에 전달되어서 모든 열차들이 멈추지 않고 계속 달리게 된다.16시 30분코고로와 메구레가 토토 순환선의 사무실로 이동했다. 열차에서는 내려달라는 승객들로 아수라장이었다. 란과 소노코가 카페에 방문했다.16시 45분코난이 아가사와의 대화를 하면서 범인의 트릭을 밝혀냈다.16시 50분코난이 신이치의 목소리로 코고로와 메구레한테 전화를 건다. 폭탄을 설치한 장소는 선로이니 모든 열차를 순환선 밖으로 이동시키라고 지시한다. 이에 총책임자는 모든 열차를 순환선 밖으로 이동하라고 명령을 내렸고 선로에 있던 21대의 열차 모두 무사히 멈출 수 있게 된다.-경찰이 선로에 있는 폭탄 5개를 전부 다 찾아냈다. 일몰 15분전이다. 하지만 폭탄 5개는 도난당한 폭탄의 4분의 1도 되지 않는 양이다. 시장 아들의 알리바이가 확인되었다. 어린이 공원과 아파트 사이에서 타이머가 멈춘 일 때문에 코고로가 그곳 근처에 범인의 집이 있을 거라고 주장해서 경찰이 수색하지만 이것은 코고로가 헛다리를 짚은 것이었다.21시란이 소노코와 헤어진다. 영화 시작 1시간 전이다. 코난, 코고로, 메구레, 시라토리가 범인의 저택으로 이동한다.-범인의 10살 때 사진이 나오며, 시라토리가 범인의 부모님이 15년 전에 화재로 사망한 사실을 말한다. 코난이 니시타마시 뉴타운 계획이 무산된 사실을 인식한다. 코난이 신이치의 목소리로 전화를 해서 범인을 밝혀낸다. 아유미가 말한 달콤한 냄새는 사실 담배 파이프 냄새였다. 범인이 타이머를 정지시킨 이유는 자신이 설계했던 가스등이 있었기 때문이었다. 범인은 폭탄으로 위협하지만 코난이 이미 건전지를 빼서 작동하지 않아서 결국 체포된다. 하지만 범인이 베이카시티 빌딩에 폭탄을 설치했다는 걸 알린다.22시베이카시티 빌딩 5층 로비에서 폭발이 일어난다.23시 21분코난이 건물에 들어갔는데 란이 있는 방이 가로막히자 그 앞에서 전화를 한다. 방에 폭탄이 있는 게 확인이 되는데 폭발까지 앞으로 42분이 남았다.23시 47분란에게 폭탄을 해체하려고 지시한다. 폭발 16분 전이다.23시 58분폭발 5분전이다. 모든 선을 잘랐지만 타이머는 멈추지 않았고 설계도에 없는 파란색 선과 빨간색 선 하나만 남았다.5월 4일 00시폭발 3분 전이다. 날짜가 바뀌었다. 코난은 마음대로 자르라고 한다. 그때 구조대원과 만난다. 구조대원은 절단기를 가져오라고 지시한다. 이때 구조대원은 오늘은 결혼기념일인데 느긋하게 즐기기는커녕 이게 웬 난리나며 혼잣말을 했다. 이때문에 코난은 란한테 빨간색 말고 파란색 선을 자르라고 소리치던 중 구조대원이 코난을 데리고 대피시킨다.00시 03분란은 빨간색 선이 아닌 파란색 선을 잘라서 폭탄이 멈추었다.00시 17분란이 구출되고 코고로와 만난다. 란은 신이치를 만나려고 하지만 코난이 신이치는 다른 사건으로 가버렸다고 알린다. 그러고는 왜 좋아하는 색인 빨간색이 아니라 파란색을 잘랐냐고 묻는다. 란은 붉은 실이 자신과 신이치를 이어주고 있을지도 모른다는 말을 하면서 영화가 끝이 난다.특히 후반부에 매우 많은 일이 몰려있는데,1.범인이아이들에게 폭탄이 달린 무선비행기를 준 것을 처리2.고양이 이동장에 설치된 폭탄을 처리했다가 부상을 입고 경찰병원으로 갔다가 깨어난 후에 경찰을 만나 과거 회상3.범인이 철도 교량에 설치해둔 시한폭탄에 대한 트릭을 밝혀내서 시한폭탄을 처리4.범인의 집에 방문해 범인을 밝혀내고 폭탄의 리모컨을 작동하지 못하게 만들어서 체포5.그때 베이커 시티 빌딩에 있던 폭탄이 터져서 란이 고립된 것도 모자라서 시한폭탄으로 인해 죽을 뻔한 위기에 처함6.5월 4일 00시 03분에 폭탄을 해체하고7.건물 밖으로 나와서 코난을 만남여기까지12시간도 걸리지 않았다.작중 코난 세계관 사람들은 정말 긴 하루를 보냈다고 할 수 있다.[39]아마 코난 극장판 중에서 가장 짧은 기간 동안에 사건이 진행된 작품일 것이다. 이후에는 적어도 2~3일 이상의 긴 시간 동안 이야기가 전개되니 말이다. 처음 만드는 극장판이다 보니 이렇게 된 듯.11.관련 문서[편집]명탐정 코난/애니메이션/극장판[1]모종의 사유로 홍보물 등지에서는 제작위원회라 표기하지 않고 각 회사명을 전부 나열한다.[2]등급분류 결정내용: 조각상으로 뒤통수를 가격하는 장면, 사람을 흉기로 때려 살해하는 장면, 폭탄이 폭발하는 장면 등이 등장하며, 사람에게 알 수 없는 약물을 먹이는 장면이 등장하고, 음주장면과 흡연장면도 있으나 빈도가 낮고 간결하게 표현되어 폭력성과 약물의 표현 수위는 보통이다. 한편 방화와 폭탄테러, 협박 등 모방위험의 요소가 있으나 간결하게 표현되어 모방위험의 수위 또한 보통이다. 주제와 폭력성, 공포, 약물, 모방위험 항목에서 12세이상관람가[3]영화관 입장권 통합전산망#[4]극장판 오리지널 캐릭터로서 첫 등장으로 용의자 중 한 사람으로 취급받았다.이후에 본편으로 합류하게 된 최초의 등장인물. 때문에, 후속작인14번째 표적부터는 레귤러 등장인물에 포함된다. 이후 마찬가지로 극장판 오리지널 캐릭터였던아야노코지 후미마로경부가 본편1001화에 등장하였고, 2기에 키사키 에리의 비서였던쿠리야마 미도리도 추후 원작에 등장하였다.[5]여담으로 해당 영화에서는 영화 개봉 당시 레귤러 캐릭터로서 본편에 데뷔하는 것이 아직 확정되지 않았기 때문에 닌자부로라는 이름은 나오지 않고 시라토리 형사라고만 나왔다.[6]진과 동일한 성우이다.[7]정준영, 이명수와 중복.[8]한자가 같은도쿄도니시타마군과는 관련 없는 지역이다. 오히려 뉴타운 등의 단서로 보면, 모티브가 된 곳은타마시로 보인다.[9]신호위반을 하다가 녹색신호에횡단보도를 건너는 보행자(25세의OL)를 치어 사망하게 했다.[10]본 영화가 개봉하기 5일 전에 방영된게임 회사 살인 사건에서 나카지마 히데아키를 맡았다.[11]구조요원과 중복. 후에최수현을 맡게 된다.[12]코헤이는 다시 생각해 보니까 자기 라이터를 썼다고 애써 말을 바꾸지만 신이치는 당신은 라이터를 갖고 타지 않았으며 아버지는 담배를 피지 않는다고 반문하자 결국 자포자기하게 된다.[13]신이치가 이를 밝혀냈기에 이에 대해서 앙심을 품을 만한 동기도 충분했기에...[14]신병만과 중복, 후에천영웅을 맡는다.[15]본편의 첫 에피소드인제트 코스터 살인 사건에서 쿠도 신이치라는 인물을 설명하기 위해 개인 맨션에서의 살인사건이 나온 것처럼 영화에서 에도가와 코난이라는 인물을 설명하기 위해 나온진짜 첫 사건.[16]정보라, 오소라와 중복.[17]쿠로카와 원장의 아들인 다이스케보다 4살이나 어리다.[18]후에 전직 성우인코야마 타케히로가 성우 활동을 중지하면서핫토리 헤이조의 2대 성우가 된다.[19]후에 천영웅을 맡게 된다.[20]한아름, 이하연, 안재희, 임청아와 중복.[21]참고로 본작의 타임라인은 TVA 54~56화로 추정된다.[22]해당 극장판 애니메이션과 동명의 수록곡으로, 애청자들에게는검은 조직과의 대치 장면(ex)진이 코난을 잡으려 할 때,베르무트가 장미에게 총을 겨눌 때,이상윤과 진의 대치 장면에서,캐멀의 작전 수행을 보는 장면등)에 삽입된 배경 음악으로 인상 깊게 남았을 것이다.[23]특히소노코의 스즈키 그룹을 통해 스케일을 키우는 최근 극장판들과 달리 이 편에서 소노코는 등장은 하지만 란과 어울리다 중반에 퇴장하며, 주요 스토리라인에는 개입하지 않는다.[24]자신이 설계한 건물이 자신의 미학인 완벽한 좌우대칭이 아니라는 이유로 본인이 설계한 건물에 폭탄 테러를 하게 된다. 이런 동기 때문에, 자신이 설계한 건물을 폭파하는 건축가라는 흥미로운 요소를 잘 살려내지 못했다는 평도 받는다. 다만 코난 역시 '설마 그런 걸로 폭탄 테러를 벌일까?'라고 생각하는 장면이 있다.[25]당시 더빙판 방영분은 일본판 원본 영상이 아닌 수출판 영상을 사용하였으며, 부제 로고 역시 일본판과는 달랐다.[26]그렇게 된다면 그간 불법 루트로 암암리에 시청하던 자막판을 티빙 등 합법적 루트로 시청할 수 있게 된다.[27]그야 본작이 첫 번째 극장판이니 당연한 거지만.[28]물론, 해당 극장판에도 살인사건이나 사람이 죽은 사건이 2번 일어나긴 하나(하나는 프롤로그인 병원 원장 살인사건, 다른 하나는 시장의 교통사고 사망 사건), 메인 스토리가 아닌, 서브 스토리로만 다루어 해당 극장판의 메인 범인의 범행동기에 대한 떡밥을 풀거나 언급하는 역할에 지나지 않았다.[29]스피드에서는 일정 속도 이하로 달릴 경우 터지는폭탄이 설치된버스가, 시한장치의 마천루에서는 일정 속도 이하로 달릴 경우 터지는 폭탄이 설치된광역전철이 나온다.(후자의 경우 실제 폭탄이 설치된 위치는선로였다.)[30]아예 없는 것은 아니고, 간접적으로 표현된다. 그 예시로, 폭발 사태 이후 구급대원들이 천으로 덮인 시신을 운반하는 묘사가 있다.[31]14번째 표적에서도그대가 있다면을 아예 6기 극장판 테마곡으로 바꿨다. 3기와 4기에서는 그대가 있다면의 MR을 사용한다.[32]이 멈추지 않고 계속 달려야 하는 게 핵심인데, 일반적인 시종점이 정해진 노선의 경우 21개에 달하는 편성이 계속 달릴 경우 시종점 쪽에서 열차가 달리거나 대피할 공간이 없어 간 대형 참사가 벌어지는 건 불 보듯 뻔하다. 애초에 순환선이 아니라면 스토리 구조가 성립이 되지 않는다.[33]어린이 탐정단이 전철을 타기 위해 계단을 뛰어올라가는 씬을 잘 보면, 1번 플랫폼은 파란색, 2번 플랫폼은 초록색으로 표시되어 있다. 타바타~시나가와까지 케이힌토호쿠선과 야마노테선이 병주하는데, 틀린 설정은 아니다.[34]1989~1996년 2월까지, 7년간 운행했다. 작품 내에선 21편성이 운행하는데, 실제로 케이힌도호쿠선에서 운행한 205계는 6편성뿐이었다.[35]참고로 해당 극장판이 개봉할 당시 당산철교는 하자로 인해 재건축에 들어간 상태였다.[36]마침 폭탄이 든 고양이 케이스가 나무 아래에 있는 벤치 아래에 있었다.[37]한국판 기준, 잡히면 아주 혼쭐을 내준다느니천하의 못~된 녀석!!라고 말하며 매우 분노한다.[38]이후의 극장판에서도 란이 위험한 사건에 휘말릴 때마다 격한 반응을 보이며 걱정하는 모습이 많이 나오지만, 이 작품에서는 특히 처절하게 느껴지는 편. 특히 절규하는 씬에서 더더욱.[39]폭탄으로 인해 사람이 죽을 뻔한 위기가5번이나 있었다."
16,제단(워크래프트 3),워크래프트 3/건물,"1. 개요2. 시스템3. 종류4. 여담Altar1.개요[편집]워크래프트 3의 종족 공통 건물 중 하나.영어를 그대로 음차하여 '알터', '알타'라고도 한다.워크래프트 3는 영웅이 중심이므로 대개 초반에 시작하자마자 밥집 / 기본 병력 생산 건물과 함께 제단을 건설하는 것이 보통이다.노알타 타워링은 알타를 짓지 않는 그 자체만으로 극초반만을 노리는 변칙적인 전략이 된다. 영웅은 1번 뽑고 나면 드물게 사망할 때 가끔씩 부활시킬 뿐이므로 제단은 1개만 짓는 게 보통이다.2.시스템[편집]워크래프트 3의 핵심 시스템 중 하나인영웅 유닛을 생산하고 부활시키는 역할을 맡고 있다. 영웅 유닛은티어마다 1기씩 더 고를 수 있다.종족 공통으로 금 180 / 나무 50을 소모하며 건설 시간은 60초이다. 건물의 내구도는 HP 900 / 방어력 5.3티어 홀업을 할 때 요구되는 건물이기도 하다. 대개 극초반에 짓는 제단의 특성상 일반적인 게임 흐름에서는 3티어를 준비할 때 이미 제단이 지어져있기 마련이고 제단이 없어서 3티어 업을 못하는 일은 드물다.생산선영웅: 인구수 5그 외: 금 425 / 나무 100 / 인구수 5부활1레벨: 금 170 / 35초2레벨: 금 210 / 72초3레벨: 금 255 / 107초4레벨: 금 295 / 110초 (이하 동일)5레벨: 금 3406레벨: 금 3807레벨: 금 4258레벨: 금 4659레벨: 금 51010레벨: 금 5503.종류[편집]인간 -왕의 제단(알터 오브 킹)오크 -폭풍의 제단(알터 오브 스톰)워크래프트 2에도오우거 마법사생산 건물로 등장했다. 당시의 인간 대응 건물은 교회.언데드 -어둠의 제단(알터 오브 다크니스)나이트엘프 -장로의 제단(알터 오브 엘더)에인션트 건물이 아니므로위습을 소모하지 않는다.나가 -심연의 제단(알터 오브 뎁스): 캠페인에서만 등장한다. 캠페인 영웅은 이미 처음부터 등장하므로 부활만 담당한다.포세이큰 왕국 캠페인- 영혼 제단: 생산 기능은 없고 죽은 영웅이 이곳에서 부활한다.4.여담[편집]유사한 기능을 하는중립 건물로터번이 있다.중립 영웅의 생산을 맡는다. 종족별 제단에서 소환한 영웅들도 죽었을 때 터번에서 더 비싼 금액을 지불하고 즉시 부활시킬 수 있다."
17,영천시/정치,영천시경상북도의 정치,"상위 문서:영천시관련 문서:영천시·청도군경상북도정치[ 펼치기 · 접기 ]경산시경주시구미시김천시문경시상주시도청본안동시영주시영천시도청동포항시고령군봉화군성주군영덕군영양군예천군울릉군울진군의성군청도군청송군칠곡군서울·전남광주·부산·대구·인천·대전·울산·세종경기·강원·충북·충남·전북·경북·경남·제주1. 선거구 정보1.1. 시의회2.시장3. 지역 특징4. 역대 선거 결과4.1. 대통령 선거4.1.1.제13대 대통령 선거4.1.2.제14대 대통령 선거4.1.3.제15대 대통령 선거4.1.4.제16대 대통령 선거4.1.5.제17대 대통령 선거4.1.6.제18대 대통령 선거4.1.7.제19대 대통령 선거4.1.8.제20대 대통령 선거4.1.9.제21대 대통령 선거4.2. 지방선거4.2.1.제1회 전국동시지방선거4.2.1.1.경북도지사4.2.1.2.영천시장4.2.2.제2회 전국동시지방선거4.2.2.1.경북도지사4.2.2.2.영천시장4.2.3.제3회 전국동시지방선거4.2.3.1.경북도지사4.2.3.2.영천시장4.2.4.제4회 전국동시지방선거4.2.4.1.경북도지사4.2.4.2.영천시장4.2.5.제5회 전국동시지방선거4.2.5.1.경북도지사4.2.5.2.영천시장4.2.6.제6회 전국동시지방선거4.2.6.1.경북도지사4.2.6.2.영천시장4.2.7.제7회 전국동시지방선거4.2.7.1.경북도지사4.2.7.2.영천시장4.2.8.제8회 전국동시지방선거4.2.8.1.경북도지사4.2.8.2.영천시장4.2.9.제9회 전국동시지방선거4.2.9.1.경북도지사4.2.9.2.영천시장4.3. 국회의원 선거4.3.1. 지역구4.3.1.1.영천시·영천군4.3.1.2.영천시4.3.1.3.영천시·청도군4.3.2. 비례대표4.3.2.1.제21대 국회의원 선거4.3.2.2.제22대 국회의원 선거1.선거구 정보[편집]경상북도 영천시국회의원/도의원 선거구구분선거구명지역국회의원영천시·청도군영천시 전역+ 청도군 전역도의원영천시1서부동, 완산동, 남부동, 금호읍, 청통면, 신녕면, 화산면, 북안면, 대창면영천시2동부동, 중앙동, 화북면, 화남면, 자양면, 임고면, 고경면1.1.시의회[편집]경상북도 영천시의회의 원내 구성[ 펼치기 · 접기 ]제10대 의회2026.7.1. ~ 2030.6.30.7석, 시장 소속 정당4석무소속1석재적12석2.시장[편집]자세한 내용은영천시장문서를 참고하십시오.3.지역 특징[편집]TK의 한 축인경상북도내에서도 보수정당 지지세가 매우 막강한 초강세 지역이다.대구근교에 있는 시 단위의 도시지만영천시청과영천역, 시민운동장 등이 있는 도시 지역을 제외하고 나머지 지역은 신도시 개발이 딱히 이루어진 곳도 아직 없으며 거의 낙후되고 고령화 인구가 많이 거주하는 시골이기 때문에 대통령 선거나 지방선거, 국회의원 선거 등 대부분의 선거에서 보수정당 후보들의 득표율이 70%는 거뜬히 넘기는 편이다. 한마디로 경상북도에 있는10개의 시 중 보수세가 가장 강하다.다만 의외로영천시장선거에서는 대부분이 초선 때는 무소속으로 당선된 특이한 이력이 있다. 2018년제7회 전국동시지방선거에서도최기문시장이 무소속으로 당선되었고[1], 3선을 연임한김영석시장, 중간에 낙마한 정재균,박진규시장 또한 초선 때는 정당 공천을 받지 않고 무소속으로 당선되었다. 그러나 이 무소속 시장들 마저도 대부분 다 강경한 보수 우파 성향을 띠는 정치인들이라 상당한 어떤 선거에서든 보수 정당이 상당한 강세를 보이는 지역이라고 할 수 있겠다.2012년제19대 국회의원 선거때는 선거구 유권자 수가 100,622명으로 전국에서 가장 적은 선거구였다. 여담으로 인구수가 제일 많은 선거구였던인천서구·강화군 갑의 유권자 수는 34만 7611명. 결국 2016년제20대 국회의원 선거에서는 인구 부족으로경산에 붙어있던청도와 선거구가 합쳐졌다.[2]2020년제20대 대통령 선거에서는국민의힘윤석열후보에게 유효표의 4분의 3이 넘는76.26%의 표를 몰아주었고,반면에더불어민주당이재명후보는20.41%를 기록하며겨우 20%대 턱걸이했다.윤석열전 대통령의 파면으로 치러진 2025년제21대 대통령 선거에서는 의외의 결과가 나왔다.탄핵 대선으로 더불어민주당에게 아주 유리한 선거 구도였음에도 불구하고, 이에 무색하게이재명후보의 득표율이 3년 전보다겨우 0.12%p 늘어난 불과 20.53%에 처참하게 그쳤다.심지어 이것도 관외투표에서 선전하니 그렇지, 관내 투표로만 따지면오히려 3년 전보다 득표율이 줄었다.참고로 경북에서는 이재명 후보의 득표율이 2% 가까이 증가했는데, 영천에는 계엄의 영향이 아주 미미했던 것이다. 게다가 보수표가이준석후보로 분산이 잘 안되고, 국민의힘 김문수 후보로 몰빵됐다. 아무래도김문수후보의 고향이 영천이라는 점이 결정적으로 한몫했으며, 그는 영천에서 무려74.16%의 득표율을 얻어 트리플 스코어 이상의 격차로 압승했다.게다가 3년 전에 윤석열 전 대통령이 얻은 득표율보다 딱 2% 정도 감소했고, 특히개혁신당이준석 후보는 5%도 못 넘겨 그야말로 존재감이 없었다.뇌물수수 혐의를 받고 있지만 구속영장이 기각된 김영석 시장을 제외한 모든 역대 시장들이 구속된 적이 있다. 이후 김영석 전 시장도 뇌물수수 혐의로 구속되면서 영천시장의 감옥 징크스는 유지되었다.[3][4]#4.역대 선거 결과[편집]영천시 국회의원 선거 결과영천군 갑영천군 을제헌대한독립촉성국민회정도영초선[무투표]대한독립촉성국민회이범교초선[무투표]2대무소속권중돈초선무소속조규설초선[7]3대자유당김상도초선무소속권중돈재선4대자유당김상도재선[무투표]민주당권중돈3선5대민주당조헌수초선민주당권중돈4선영천군6대민주공화당이활초선7대이원우8대정진화포항시·영일군·울릉군·영천군9대민주공화당정무식재선무소속권오태초선10대무소속권오태재선신민당조규창초선영천군·경산군11대민주정의당염길정초선한국국민당박재욱초선영천시·영천군·경산군12대민주정의당염길정재선신한민주당권오태3선영천시·영천군13대민주정의당정동윤재선14대무소속박헌기초선영천시15대신한국당박헌기재선16대한나라당3선17대한나라당이덕모초선[9]2005정희수초선18대새누리당재선19대3선영천시·청도군20대새누리당이만희초선21대미래통합당재선22대국민의힘3선역대영천시장선거 결과199519982000재보궐20022005재보궐무소속한나라당무소속한나라당한나라당정재균[10]박진규[11]손이목20062007재보궐201020142018한나라당무소속한나라당새누리당무소속손이목[12]김영석최기문20222026무소속국민의힘최기문김병삼주요 후보 득표율구분주요 후보 득표율1995년1위:무소속정재균35.72%2위:민주자유당김준영 31.40%3위:무소속차동득 14.88%4위:무소속염길정12.79%1998년1위:한나라당정재균36.57%2위:새정치국민회의박진규30.93%3위:자유민주연합김종덕 27.77%2000년1위:무소속박진규37.02%2위:한나라당조규채 35.18%3위:새천년민주당김준영 24.30%2002년1위:한나라당박진규77.97%2위:무소속권영락 22.02%2005년1위:한나라당손이목51.56%2위:무소속김준영 39.13%2006년1위:한나라당손이목48.53%2위:무소속이태곤 44.75%2007년1위:무소속김영석24.51%2위:무소속이성희 24.22%3위:무소속이병진 23.37%4위:무소속박영환11.61%2010년1위:한나라당김영석64.75%2위:무소속이성희 35.24%2014년1위:새누리당김영석62.18%2위:무소속박철수 37.81%2018년1위:무소속최기문45.52%2위:자유한국당김수용34.63%3위:더불어민주당이정훈 17.14%2022년1위:무소속최기문53.43%2위:국민의힘박영환43.80%2026년1위:국민의힘김병삼48.68%2위:무소속최기문36.74%3위:더불어민주당이정훈 14.56%4.1.대통령 선거[편집]4.1.1.제13대 대통령 선거[편집]영천시영천시 일원정당민주정의당통일민주당평화민주당신민주공화당후보노태우김영삼김대중김종필득표수17,2687,278689541득표율66.44%28.00%2.65%2.08%순위1위2위3위4위계선거인 수29,175투표 수26,470무효표 수481투표율90.63%영천군영천군 일원정당민주정의당통일민주당평화민주당신민주공화당후보노태우김영삼김대중김종필득표수36,23813,575705825득표율69.76%26.13%1.35%1.58%순위1위2위4위3위계선거인 수58,689투표 수53,189무효표 수1,247투표율90.55%4.1.2.제14대 대통령 선거[편집]영천시영천시 일원정당민주자유당민주당통일국민당신정치개혁당후보김영삼김대중정주영박찬종득표수16,8182,4304,7032,390득표율62.99%9.10%17.61%8.95%순위1위3위2위4위계선거인 수34,291투표 수27,052무효표 수355투표율78.92%영천군영천군 일원정당민주자유당민주당통일국민당신정치개혁당후보김영삼김대중정주영박찬종득표수25,0484,8396,8793,163득표율61.56%11.89%16.90%7.77%순위1위3위2위4위계선거인 수53,898투표 수41,452무효표 수766투표율76.88%4.1.3.제15대 대통령 선거[편집]영천시영천시 일원정당한나라당새정치국민회의국민신당후보이회창김대중이인제득표수42,01610,82113,480득표율61.82%15.92%19.83%순위1위3위2위계선거인 수90,107투표 수69,634무효표 수1,674투표율77.35%4.1.4.제16대 대통령 선거[편집]영천시영천시 일원정당한나라당새천년민주당민주노동당후보이회창노무현권영길득표수44,09114,4812,200득표율72.18%23.70%3.60%순위1위2위3위계선거인 수89,586투표 수62,230무효표 수1,153투표율69.58%4.1.5.제17대 대통령 선거[편집]영천시영천시 일원정당대통합민주신당한나라당민주노동당창조한국당무소속후보정동영이명박권영길문국현이회창득표수4,34844,2631,4991,7687,326득표율7.24%73.77%2.49%2.94%12.21%순위3위1위5위4위2위계선거인 수86,531투표 수60,974무효표 수976투표율70.57%4.1.6.제18대 대통령 선거[편집]영천시영천시 일원정당새누리당민주통합당후보박근혜문재인득표수54,74811,372득표율82.34%17.10%순위1위2위계선거인 수86,316투표 수66,924무효표 수441투표율77.46%4.1.7.제19대 대통령 선거[편집]영천시영천시 일원정당더불어민주당자유한국당국민의당바른정당정의당후보문재인홍준표안철수유승민심상정득표수12,25035,3289,1755,5532,606득표율18.67%53.86%13.98%8.46%3.97%순위2위1위3위4위5위계선거인 수87,459투표 수66,091무효표 수503투표율75.57%19대 대선 경북 영천시 개표 결과정당더불어민주당자유한국당국민의당바른정당정의당격차투표율후보문재인홍준표안철수유승민심상정(1위/2위)(선거인/표수)득표수(득표율)12,250(18.67%)35,328(53.86%)9,175(13.98%)5,553(8.46%)2,606(3.97%)-23,078(▼35.19)66,091(75.57%)구 영천시득표율5,957(19.98%)15,114(50.68%)4,385(14.70%)2,787(9.35%)1,344(4.51%)-9,157(▼30.70)29,993(74.03%)동부동[A]21.20%46.54%16.03%10.30%5.15%▼25.3472.42중앙동[B]21.36%47.89%14.44%10.29%5.11%▼26.5377.61서부동[C]16.72%59.86%11.93%7.07%3.61%▼43.1474.68완산동[D]16.30%60.17%13.57%6.97%2.40%▼43.8776.20남부동[E]18.04%58.40%12.51%7.25%2.95%▼40.3672.18구 영천군득표율4,002(14.22%)17,818(63.32%)3,497(12.43%)1,750(6.25%)703(2.51%)-13,816(▼49.10)28,379(72.82%)금호읍14.63%60.83%13.39%7.35%2.95%▼46.2069.95청통면13.58%63.65%11.66%7.12%2.74%▼50.0774.64신녕면11.32%67.13%12.78%5.64%1.95%△54.3573.02화산면14.41%62.39%12.52%5.71%2.08%▼47.9873.97화북면13.55%65.43%12.47%5.16%1.77%▼51.8874.28화남면12.69%66.59%11.51%5.83%2.06%▼53.9074.70자양면11.31%69.11%10.09%4.59%2.75%▼57.8073.46임고면15.24%63.04%12.36%5.51%2.52%▼47.8074.62고경면[F]15.28%61.48%12.85%6.50%2.76%▼46.2074.07북안면17.04%62.37%11.40%5.38%2.50%▼45.3372.41대창면13.03%65.54%12.17%5.82%2.15%▼52.5171.90후보문재인홍준표안철수유승민심상정격차거소 및 선상투표29.17%29.44%24.72%5.56%3.61%▼0.27[19]관외사전투표29.59%32.40%15.99%14.00%7.42%▼2.81재외투표45.22%4.35%34.35%4.78%10.43%△10.874.1.8.제20대 대통령 선거[편집]영천시영천시 일원정당더불어민주당국민의힘후보이재명윤석열득표수14,33253,537득표율20.41%76.26%순위2위1위계선거인 수91,044투표 수70,942무효표 수739투표율77.92%20대 대선 경북 영천시 개표 결과정당더불어민주당국민의힘격차투표율후보이재명윤석열(1위/2위)(선거인/표수)득표수(득표율)14,332(20.41%)53,537(76.26%)-39,205(▼55.85)70,942(77.92%)구 영천시득표율7,350(22.42%)24,264(74.02%)-16,914(▼51.60)33,067(74.81%)동부동[A]23.47%72.79%▼49.3272.20중앙동[B]23.61%73.03%▼49.4277.89서부동[C]18.85%77.03%▼58.1877.10완산동[D]21.87%75.13%▼53.2677.96남부동[E]19.27%77.12%▼57.8572.87구 영천군득표율4,698(16.40%)23,110(80.71%)-18,412(▼64.31)28,936(76.62%)금호읍16.25%80.72%▼64.4775.26청통면13.62%84.14%▼70.5277.30신녕면14.16%83.02%▼68.8677.43화산면16.76%79.42%▼62.6673.42화북면16.96%80.39%▼63.4377.83화남면15.44%82.66%▼67.2278.26자양면14.95%81.41%▼66.4676.86임고면17.43%80.23%▼62.8078.54고경면[F]18.45%78.24%▼59.7977.54북안면18.94%77.67%▼58.7376.16대창면15.42%81.87%▼66.4576.28후보이재명윤석열격차거소선상투표32.21%54.69%▼22.48관외사전투표25.21%71.19%▼45.98재외투표52.38%42.85%△9.53국회의원선거구이재명윤석열격차투표율영천시·청도군[G][27]18.93%77.85%▼58.9276.114.1.9.제21대 대통령 선거[편집]영천시영천시 일원정당더불어민주당국민의힘개혁신당후보이재명김문수이준석득표수14,22351,3593,209득표율20.53%74.16%4.63%순위2위1위3위계선거인 수87,894투표 수69,766무효표 수520투표율79.43%21대 대선 경북 영천시 개표 결과정당더불어민주당국민의힘개혁신당격차투표율후보이재명김문수이준석(1위/2위)(선거인/표수)득표수(득표율)14,223(20.53%)51,359(74.16%)3,209(4.63%)-37,136(▼53.63)69,766(79.43%)구 영천시득표율7,293(21.82%)24,310(72.74%)1,588(4.75%)-17,017(▼50.92)33,419(78.39%)동부동[A]20.88%73.97%4.41%▼53.0975.74중앙동[B]23.24%69.91%6.21%▼46.6780.55서부동[C]19.97%75.21%4.07%▼55.2479.15완산동[D]23.51%71.30%4.59%▼47.7982.63남부동[E]21.38%73.43%4.53%▼52.0576.95구 영천군득표율4,416(15.79%)22,555(80.67%)834(2.98%)-18,139(▼64.88)27,958(76.39%)금호읍15.90%80.08%3.27%▼64.1874.27청통면13.75%83.12%2.83%▼69.3777.16신녕면13.77%83.11%2.71%▼69.3476.27화산면15.34%80.99%3.00%▼65.6573.06화북면17.08%80.80%1.69%▼63.7280.57화남면14.93%82.64%2.11%▼67.7178.72자양면12.80%83.88%2.73%▼71.0875.86임고면[33]15.76%80.73%2.95%▼64.9781.10고경면[F]17.71%77.36%4.27%▼59.6575.51북안면18.81%78.04%2.51%▼59.2374.64대창면14.46%82.03%3.09%▼67.5778.09후보이재명김문수이준석격차거소선상투표37.02%48.08%11.91%▼11.06관외사전투표31.12%58.03%9.99%▼26.91재외투표55.28%34.61%8.17%△20.67국회의원선거구이재명김문수이준석격차투표율영천시·청도군[G][36]20.42%74.40%4.52%▼53.9879.584.2.지방선거[편집]4.2.1.제1회 전국동시지방선거[편집]4.2.1.1.경북도지사[편집]영천시영천시 일원정당민주자유당자유민주연합무소속후보이의근박준홍이판석득표수26,37315,15925,373득표율39.41%22.65%37.92%순위1위3위2위계선거인 수90,388투표 수69,742무효표 수2,837투표율77.15%4.2.1.2.영천시장[편집]영천시장기호이름득표수순위정당득표율비고1김준영(金埈永)20,9982위민주자유당31.40%낙선2염길정(廉吉正)8,5574위무소속12.79%낙선3정재균(鄭宰均)23,8871위무소속35.72%당선4조준현(曺俊鉉)3,4745위무소속5.19%낙선5차동득(車東得)9,9543위무소속14.88%낙선계선거인 수90,388투표율77.16%투표 수69,747무효표 수2,8774.2.2.제2회 전국동시지방선거[편집]4.2.2.1.경북도지사[편집]영천시영천시 일원정당한나라당자유민주연합후보이의근이판석득표수44,54616,012득표율73.55%26.44%순위1위2위계선거인 수91,429투표 수62,064무효표 수1,506투표율67.95%4.2.2.2.영천시장[편집]영천시장기호이름득표수순위정당득표율비고1정재균(鄭宰均)22,2131위한나라당36.57%당선2박진규(朴進圭)18,7872위새정치국민회의30.93%낙선3김종덕(金鍾德)16,8703위자유민주연합27.77%낙선4이남희(李南熙)2,8644위무소속4.71%낙선계선거인 수91,429투표율67.96%투표 수62,081무효표 수1,3474.2.3.제3회 전국동시지방선거[편집]4.2.3.1.경북도지사[편집]영천시영천시 일원정당한나라당무소속후보이의근조영건득표수41,8059,466득표율81.53%18.46%순위1위2위계선거인 수90,206투표 수52,940무효표 수1,669투표율58.75%4.2.3.2.영천시장[편집]영천시장기호이름득표수순위정당득표율비고1박진규(朴進圭)39,9291위한나라당77.97%당선3권영락(權英洛)11,2782위무소속22.02%낙선계선거인 수90,206투표율58.76%투표 수52,941무효표 수1,7344.2.4.제4회 전국동시지방선거[편집]4.2.4.1.경북도지사[편집]영천시영천시 일원정당열린우리당한나라당후보박명재김관용득표수15,81637,956득표율29.41%70.58%순위2위1위계선거인 수86,235투표 수55,405무효표 수1,633투표율64.27%4.2.4.2.영천시장[편집]영천시장기호이름득표수순위정당득표율비고2손이목(孫貳睦)26,2411위한나라당48.53%당선6이남희(李南熙)3,6283위무소속6.71%낙선7이태곤(李泰坤)24,1942위무소속44.75%낙선계선거인 수86,235투표율64.28%투표 수55,438무효표 수1,3754.2.5.제5회 전국동시지방선거[편집]4.2.5.1.경북도지사[편집]영천시영천시 일원정당한나라당민주당민주노동당국민참여당후보김관용홍의락윤병태유성찬득표수37,6475,7192,2114,173득표율75.67%11.49%4.44%8.38%순위1위2위4위3위계선거인 수85,134투표 수52,224무효표 수2,474투표율61.33%4.2.5.2.영천시장[편집]영천시장기호이름득표수순위정당득표율비고1김영석(金永錫)33,3871위한나라당65.74%당선7이성희(李成熙)17,3992위무소속34.25%낙선계선거인 수85,134득표율61.34%투표 수52,225무효표 수1,4394.2.6.제6회 전국동시지방선거[편집]4.2.6.1.경북도지사[편집]영천시영천시 일원정당새누리당새정치민주연합통합진보당정의당후보김관용오중기윤병태박창호득표수40,2837,0441,2433,545득표율77.29%13.51%2.38%6.80%순위1위2위4위3위계선거인 수85,998투표 수54,651무효표 수2,536투표율63.55%4.2.6.2.영천시장[편집]영천시장기호이름득표수순위정당득표율비고1김영석(金永錫)33,1501위새누리당62.18%당선4박철수(朴哲秀)20,1612위무소속37.81%낙선계선거인 수85,998투표율63.56%투표 수54,657무효표 수1,3464.2.7.제7회 전국동시지방선거[편집]4.2.7.1.경북도지사[편집]영천시영천시 일원정당더불어민주당자유한국당바른미래당정의당후보오중기이철우권오을박창호득표수16,86732,7705,4942,289득표율29.37%57.07%9.56%3.98%순위2위1위3위4위계선거인 수88,000투표 수60,058무효표 수2,638투표율68.25%7회 지선 광역자치단체장 선거 경북 영천시 개표 결과정당더불어민주당자유한국당바른미래당정의당격차투표율후보오중기이철우권오을박창호(1위/2위)(선거인/표수)득표수(득표율)16,867(29.37%)32,770(57.07%)5,494(9.56%)2,289(3.98%)-15,903(▼27.70)60,058(68.25%)구 영천시득표율8,296(32.68%)13,699(53.96%)2,362(9.30%)1,026(4.04%)-5,403(▼21.28)26,320(64.27%)동부동[A]36.08%50.12%9.36%4.42%▼14.0463.43중앙동[B]32.84%53.55%10.05%3.54%▼20.7168.55서부동[C]25.80%60.37%9.98%3.83%▼34.5764.29완산동[D]27.42%61.93%7.38%3.25%▼34.5166.20남부동[E]25.28%61.86%8.87%3.66%▼36.5858.20구 영천군득표율5,428(21.73%)16,158(64.70%)2,388(9.56%)999(4.00%)-10,730(▼42.97)26,377(66.36%)금호읍23.31%63.67%9.83%3.17%▼40.3660.84청통면20.60%65.50%10.63%3.25%▼44.9066.64신녕면19.93%66.41%9.44%4.19%▼46.4870.86화산면19.76%65.58%10.23%4.41%▼45.8264.33화북면18.95%67.93%9.13%3.97%▼48.9869.42화남면16.37%68.22%10.55%4.84%▼51.8567.67자양면18.77%68.28%8.09%4.85%▼49.5170.12임고면21.29%65.73%8.66%4.30%▼44.4468.82고경면[F]27.36%59.77%9.09%3.77%▼32.4170.56북안면22.30%62.93%9.37%5.38%▼40.6366.48대창면19.82%67.25%8.93%3.97%▼47.4365.95후보오중기이철우권오을박창호격차거소·선상투표34.35%43.89%13.35%8.39%▼9.54관외사전투표45.03%40.92%10.48%3.56%△4.114.2.7.2.영천시장[편집]영천시장기호이름득표수순위정당득표율비고1이정훈(李正勳)9,9743위더불어민주당17.14%낙선2김수용(金守瑢)20,1452위자유한국당34.63%낙선6이남희(李南熙)1,5474위무소속2.65%낙선7최기문(崔圻文)26,5041위무소속45.56%당선계선거인 수88,000투표율68.26%투표 수60,071무효표 수1,9017회 지선 기초자치단체장 선거 경북 영천시 개표 결과정당더불어민주당자유한국당무소속격차(1위/2위)투표율(선거인/표수)후보이정훈김수용최기문득표수(득표율)9,974(17.14%)20,145(34.63%)26,504(45.56%)-6,359(▼10.93)60,071(68.26%)구 영천시득표율4,611(17.89%)7,483(29.07%)13,165(51.09%)-5,682(▼22.02)26,349(64.34%)동부동[A]21.07%27.40%49.67%▼22.2763.43중앙동[B]15.94%30.56%51.43%▼20.8768.48서부동[C]11.40%30.28%55.81%▼25.5365.08완산동[D]13.98%29.12%55.00%▼25.8866.20남부동[E]14.93%34.92%48.14%▼13.2258.23구 영천군득표율3,240(12.80%)10,534(41.62%)10,741(42.44%)-207(▼0.82)26,407(66.43%)금호읍13.97%38.51%45.01%▼6.5060.82청통면13.04%41.41%42.66%▼1.25[48]66.78신녕면9.64%41.39%44.36%▼2.97[49]70.89화산면10.68%46.23%39.17%△7.0664.40화북면8.92%50.21%34.65%△15.5669.58화남면7.91%48.62%39.41%△9.2168.04자양면10.39%53.07%33.07%△20.0070.43임고면10.76%44.41%42.86%△1.55[50]68.90고경면[F][52]22.17%42.82%32.33%△10.4970.54북안면[53]10.00%25.67%62.09%▼36.4266.59대창면12.00%46.26%38.48%△7.7866.03후보이정훈김수용최기문격차거소투표21.43%32.71%37.97%▼5.26[54]관외사전투표30.29%29.91%36.52%▼6.234.2.8.제8회 전국동시지방선거[편집]4.2.8.1.경북도지사[편집]영천시영천시 일원정당더불어민주당국민의힘후보임미애이철우득표수9,32840,517득표율18.71%81.28%순위2위1위계선거인 수90,932투표 수51,707무효표 수1,862투표율56.86%8회 지선 광역자치단체장 선거 경북 영천시 개표 결과정당더불어민주당국민의힘격차투표율후보임미애이철우(1위/2위)(선거인/표수)득표수(득표율)9,328(18.71%)40,517(81.28%)-31,189(▼62.57)51,707(56.86%)구 영천시득표율4,599(20.63%)17,683(79.36%)-13,084(▼58.73)22,934(51.37%)동부동[A]21.56%78.43%▼56.8749.39중앙동[B]21.20%78.79%▼57.5957.38서부동[C]17.71%82.28%▼64.5754.52완산동[D]20.76%79.23%▼58.4751.10남부동[E]16.66%83.33%▼66.6746.53구 영천군득표율3,116(14.73%)18,038(85.26%)-14,922(▼70.53)22,203(55.90%)금호읍14.80%85.19%▼70.3952.06청통면14.11%85.88%▼71.7757.15신녕면11.52%88.47%▼76.9555.91화산면15.44%84.55%▼69.1151.41화북면12.94%87.05%▼74.1161.26화남면11.90%88.09%▼76.1956.21자양면14.52%85.47%▼70.9561.02임고면17.88%82.11%▼64.2761.14고경면[F]14.81%85.18%▼70.3757.34북안면17.17%82.82%▼65.6556.61대창면14.51%85.48%▼70.9755.38후보임미애이철우격차거소투표20.00%79.99%▼59.99관외사전투표25.29%74.70%▼49.41국회의원선거구임미애이철우격차투표율영천시·청도군[G][62]17.44%82.55%▼65.1157.794.2.8.2.영천시장[편집]영천시장기호이름득표수순위정당득표율비고2박영환(朴英煥)22,0342위국민의힘43.80%낙선4이정호(李正鎬)1,3883위무소속2.75%낙선5최기문(崔圻文)26,8811위무소속53.43%당선계선거인 수90,932투표율56.87%투표 수51,711무효표 수1,4088회 지선 기초자치단체장 선거 경북 영천시 개표 결과정당국민의힘무소속격차투표율후보박영환최기문(1위/2위)(선거인/표수)득표수(득표율)22,034(43.80%)26,881(53.43%)-4,847(▼9.63)51,711(56.87%)구 영천시득표율8,849(39.40%)13,177(58.68%)-4,328(▼19.28)22,938(51.38%)동부동[A][64]38.82%59.37%▼20.5549.39중앙동[B]37.71%60.36%▼22.6557.38서부동[C]37.16%60.38%▼23.2254.55완산동[D]40.94%57.22%▼16.2851.12남부동[E]47.33%50.31%▼2.98[69]46.56구 영천군득표율10,379(48.46%)10,359(48.36%)+20(△0.10)22,205(55.91%)금호읍48.19%49.02%▼0.83[70]52.06청통면47.82%47.97%▼0.15[71]57.18신녕면40.82%55.88%▼15.0655.91화산면47.56%48.96%▼1.40[72]51.31화북면57.43%39.22%△18.2161.36화남면57.61%39.85%△17.7756.21자양면44.18%52.95%▼8.7761.02임고면53.54%43.44%△10.1061.14고경면[F]53.11%42.57%△10.5457.34북안면[74]34.67%62.52%▼27.8556.61대창면49.14%48.66%△0.48[75]55.34후보박영환최기문격차거소투표38.85%51.42%▼12.57관외사전투표43.78%52.11%▼8.334.2.9.제9회 전국동시지방선거[편집]4.2.9.1.경북도지사[편집]영천시영천시 일원정당더불어민주당국민의힘후보오중기이철우득표수14,37839,457득표율26.70%73.29%순위2위1위계선거인 수85,726투표 수55,503무효표 수1,668투표율64.74%9회 지선 광역자치단체장 선거 경북 영천시 개표 결과정당더불어민주당국민의힘격차투표율후보오중기이철우(1위/2위)(선거인/표수)득표수(득표율)14,378(26.70%)39,457(73.29%)-25,079(▼46.59)55,503(64.74)구 영천시득표율7,153(28.52%)17,798(71.47%)-10,645(▼42.95)25,653(61.54%)동부동[A]28.83%71.16%▼42.3359.27중앙동[B]30.66%69.33%▼38.6764.78서부동[C]23.39%76.60%▼53.2161.82완산동[D]30.21%69.78%▼39.5765.26남부동[E]24.17%75.82%▼51.6559.01구 영천군득표율4,466(20.16%)17,643(79.83%)-13,177(▼59.67)22,877(61.72%)금호읍20.47%79.52%▼59.0560.04청통면18.83%81.16%▼62.3362.96신녕면18.16%81.83%▼63.6763.58화산면19.28%80.71%▼61.4360.21화북면20.14%79.85%▼59.7167.74화남면18.87%81.12%▼62.2564.44자양면21.22%78.77%▼57.5557.61임고면21.02%78.97%▼57.9562.19고경면[F]22.14%77.85%▼55.7158.44북안면21.76%78.23%▼56.4762.11대창면19.05%80.94%▼61.8964.04후보오중기이철우격차거소투표31.12%68.87%▼37.75관외사전투표41.06%58.93%▼17.87국회의원선거구오중기이철우격차투표율영천시·청도군[G][83]26.05%73.94%▼47.8967.174.2.9.2.영천시장[편집]영천시장기호이름득표수순위정당득표율비고1이정훈(李正勳)7,9093위더불어민주당14.56%낙선2김병삼(金炳三)26,4421위국민의힘48.68%당선5최기문(崔圻文)19,9582위무소속36.74%낙선계선거인 수85,726투표율64.75%투표 수55,505무효표 수1,1969회 지선 기초자치단체장 선거 경북 영천시 개표 결과정당더불어민주당국민의힘무소속격차투표율후보이정훈김병삼최기문(1위/2위)(선거인/표수)득표수(득표율)7,909(14.56%)26,442(48.68%)19,958(36.74%)+6,484(△11.94)55,505(64.75%)구 영천시득표율3,933(15.58%)11,625(46.07%)9,681(38.34%)+1,944(△7.73)25,660(61.62%)동부동16.14%45.82%38.03%△7.79중앙동15.35%42.94%41.70%△1.24[84]서부동11.66%49.03%39.30%△9.73완산동16.96%46.41%36.62%△9.79남부동13.77%51.03%35.19%△15.84구 영천군득표율2,481(11.14%)11,998(53.90%)7,781(34.95%)+4,217(△18.95)22,882(61.76%)금호읍11.16%58.08%30.75%△27.33청통면[85]10.15%59.23%30.61%△28.62신녕면8.20%43.65%48.14%▼4.49[86]화산면9.44%57.06%33.49%△23.57화북면10.52%53.84%35.63%△18.21화남면8.99%58.03%32.97%△25.06자양면8.74%49.54%41.71%△7.83[87]임고면11.04%58.88%30.07%△28.81고경면[88]17.72%57.23%25.04%△32.19북안면[89]10.17%36.45%53.37%▼16.92대창면11.85%52.17%35.97%△16.20후보이정훈김병삼최기문격차거소투표23.28%53.43%23.28%▼30.15관외사전투표26.17%61.25%12.57%▼35.084.3.국회의원 선거[편집]4.3.1.지역구[편집]4.3.1.1.영천시·영천군[편집]4.3.1.2.영천시[편집]자세한 내용은영천시(선거구)문서를 참고하십시오.4.3.1.3.영천시·청도군[편집]자세한 내용은영천시·청도군문서를 참고하십시오.20대 총선 영천시 개표 결과국회의원 선거 (영천시·청도군)정당새누리당무소속격차투표율후보이만희최기문(1위/2위)(선거인/표수)득표수(득표율)25,128(47.27%)28,024(52.72%)-2,896(▼5.45)54,657(62.77%)[ 펼치기 · 접기 ]구 영천시득표율10,474(43.04%)13,857(56.95%)-3,383(▼13.91)24,922(60.21%)동부동[A]42.37%57.62%▼15.2556.56중앙동[B]41.73%58.26%▼16.5366.03서부동[C]43.64%56.35%▼12.7164.24완산동[D]45.90%54.09%▼8.1963.55남부동[E]45.81%54.18%▼8.3758.05구 영천군득표율12,822(50.95%)12,341(49.04%)+481(△1.91)25,941(63.56%)금호읍49.38%50.61%▼1.23[95]56.34청통면52.98%47.01%△5.9762.39신녕면48.67%51.32%▼2.65[96]61.31화산면57.15%42.84%△14.3165.32화북면57.72%42.27%△15.4565.12화남면51.81%48.18%△3.63[97]63.86자양면54.82%45.17%△9.65[98]66.82임고면51.98%48.01%△3.97[99]65.46고경면[F][101]64.95%35.04%△29.9166.05북안면[102]27.79%72.20%▼44.4166.89대창면50.39%49.60%△0.79[103]60.29후보이만희최기문격차거소·선상투표60.61%39.38%△21.23관외사전투표49.21%50.78%▼1.57[104]국외부재자투표33.33%66.66%▼33.3321대 총선 영천시 개표 결과국회의원 선거 (영천시·청도군)정당더불어민주당미래통합당무소속격차투표율후보정우동이만희김장주(1위/2위)(선거인/표수)득표수(득표율)14,918(24.35%)37,315(60.91%)8,391(13.69%)-22,397(▼36.56)62,162(68.57%)[ 펼치기 · 접기 ]구 영천시득표율7,704(27.02%)16,020(56.20%)4,515(15.83%)-8,316(▼29.18)28,844(65.18%)동부동[A]28.20%54.61%16.34%▼26.4162.04중앙동[B]27.59%52.82%18.51%▼25.2369.34서부동[C]24.82%59.97%13.99%▼35.1569.71완산동[D]25.98%58.03%15.09%▼32.0569.15남부동[E]23.65%65.12%10.36%▼41.4762.87구 영천군득표율5,141(18.91%)18,460(67.93%)3,282(12.07%)-13,319(▼48.92)27,607(68.05%)금호읍19.43%68.45%10.83%▼49.0264.44청통면17.01%71.71%10.47%▼54.7067.77신녕면14.41%75.18%9.21%▼60.7768.82화산면18.50%69.67%10.67%▼51.1766.10화북면16.30%70.88%11.80%▼54.5869.09화남면14.71%71.19%13.22%▼56.4870.11자양면[110]16.11%53.09%29.92%△23.1771.80임고면[111]26.07%59.50%13.54%▼33.4372.34고경면[F][113]22.71%65.90%10.22%▼43.1971.86북안면18.69%63.33%16.81%▼44.6466.39대창면15.47%73.19%10.43%▼57.7267.12후보정우동이만희김장주격차거소·선상투표28.34%55.45%9.65%▼27.10관외사전투표37.53%50.61%10.75%▼13.07재외투표61.76%35.29%2.94%△26.4722대 총선 영천시 개표 결과국회의원 선거 (영천시·청도군)정당더불어민주당국민의힘무소속격차투표율후보이영수이만희김장주(1위/2위)(선거인/표수)득표수(득표율)12,703(21.09%)35,453(58.86%)11,260(18.69%)-22,750(▼37.77)61,068(67.74%)[ 펼치기 · 접기 ]구 영천시득표율6,721(23.76%)15,192(53.71%)6,031(21.32%)-8,471(▼29.95)28,600(63.62%)동부동[A]25.44%53.49%19.78%▼28.0559.78중앙동[B]24.82%48.97%24.89%△24.0867.23서부동[C]17.95%57.20%23.76%△33.4468.24완산동[D]24.24%53.21%21.60%▼28.9767.31남부동[E]18.22%63.37%17.13%▼45.1563.23구 영천군득표율4,113(16.00%)16,728(65.08%)4,538(17.65%)+12,190(△47.43)26,134(67.35%)금호읍14.12%67.79%16.86%△50.9363.61청통면14.14%70.42%14.70%△55.7267.53신녕면12.48%69.50%16.68%△52.8270.26화산면14.41%67.65%16.59%△51.0666.10화북면15.67%59.92%23.27%△36.6571.97화남면13.69%67.37%17.89%△49.4871.50자양면[119]14.93%46.81%36.52%△10.2968.71임고면[120]24.32%55.65%19.18%▼31.3372.12고경면[F][122]19.39%65.38%13.74%▼45.9965.11북안면16.72%62.22%19.26%△42.9666.73대창면13.68%68.41%16.64%△51.7767.46후보이영수이만희김장주격차거소·선상투표19.43%54.41%14.84%▼34.98관외사전투표30.04%57.08%10.96%▼27.04재외투표71.67%21.67%3.33%△50.004.3.2.비례대표[편집]4.3.2.1.제21대 국회의원 선거[편집]비례대표 선거정당미래한국당더불어시민당정의당국민의당열린민주당격차투표율득표수(득표율)34,870(59.41%)8,658(14.75%)3,038(5.17%)2,858(4.86%)1,503(2.56%)+26,212(△44.66)62,183(68.51%)읍면동별 득표율구 영천시득표율15,580(56.80%)4,521(16.48%)1,592(5.80%)1,581(5.76%)780(2.84%)+11,059(△40.32)28,845(65.19%)동부동[A]55.10%17.29%5.93%6.23%2.77%△37.8162.04중앙동[B]55.16%17.08%6.59%6.26%2.90%△38.0869.34서부동[C]59.57%15.08%5.39%4.40%2.67%△44.4969.74완산동[D]59.68%15.37%5.52%5.16%2.91%△44.3169.15남부동[E]61.82%14.21%4.20%4.73%3.18%△47.6162.87구 영천군득표율16,805(64.88%)3,053(11.78%)1,039(4.01%)890(3.43%)489(1.88%)+13,752(△53.10)27,605(68.04%)금호읍64.53%12.54%3.69%3.34%2.00%△51.9964.44청통면67.44%10.28%4.75%3.19%1.47%△57.1667.77신녕면69.48%9.90%3.15%3.59%1.59%△59.5868.82화산면64.32%11.32%4.34%2.80%1.48%△53.0066.10화북면67.58%11.31%3.71%2.99%1.69%△56.2769.09화남면66.43%9.81%4.02%2.35%1.87%△56.6270.11자양면63.11%9.56%3.24%4.78%2.16%△53.5571.70임고면63.65%13.17%4.63%3.47%2.12%△50.4872.31고경면[F]60.84%13.29%4.57%4.03%2.12%△47.5571.86북안면62.31%13.18%3.88%3.88%1.85%△49.1366.39대창면67.50%10.53%3.51%3.63%2.10%△56.9767.10정당미래한국당더불어시민당정의당국민의당열린민주당격차거소·선상투표36.15%13.68%6.84%3.90%2.60%△22.47관외사전투표46.94%20.57%7.63%7.49%4.35%△26.37재외투표47.27%23.63%7.27%014.54%△23.644.3.2.2.제22대 국회의원 선거[편집][1]최기문 시장은 이후제8회 전국동시지방선거에서 무소속으로 재선에 성공한다.[2]경산은단독 선거구로 독립했다.[3]단, 영천시장직 자체는 임기 종료 시까지 유지되었다. 항소-상고 과정에서 2019년 11월까지 끌고 갔기 때문이다.[4]게다가최기문現 시장은 한화그룹 고문으로 있던 2007년에 터진김승연한화그룹 회장의 보복 폭행사건에 대한 수사를 무마하려다가 징역 1년에 집행유예 2년형을 받은 전과가 있다.[무투표]5.15.25.3무투표 당선.[7]6.25 전쟁중 납북[9]2005.2.19. 의원직 상실 (선거법 위반)[10]2000.6.30. 시장직 상실 (선거법 위반)[11]2005.3.24. 시장직 상실 (선거법 위반)[12]2007.6.28. 시장직 상실 (선거법 위반)[A]13.113.213.313.413.513.613.713.813.913.1013.1113.12법정동 야사동·망정동·조교동·언하동·신기동. 영천 인구의 1/4을 차지하는 인구 밀집지역[B]14.114.214.314.414.514.614.714.814.914.1014.1114.12법정동 문내동·문외동·과전동·창구동·오미동·녹전동·도림동·매산동[C]15.115.215.315.415.515.615.715.815.915.1015.1115.12법정동 성내동·교촌동·화룡동·오수동·쌍계동·대전동·서산동[D]16.116.216.316.416.516.616.716.816.916.1016.1116.12영천역이 있는 동네[E]17.117.217.317.417.517.617.717.817.917.1017.1117.12법정동 금노동·도동·작산동·범어동·봉동·도남동·본촌동·채신동·괴연동[F]18.118.218.318.418.518.618.718.818.918.1018.1118.12육군3사관학교가 있는 동네[19]단1표차이였다.[G]26.126.226.326.4영천시 일원, 청도군 일원[27]지역구 국회의원:이만희(미래통합당 → 국민의힘, 재선)[33]김문수후보의 고향[36]지역구 국회의원:이만희(국민의힘, 3선)[48]단29표차이였다.[49]단69표차이였다.[50]단37표차이였다.[52]김수용 후보의 고향[53]최기문 후보의 고향[54]단14표차이였다.[62]지역구 국회의원:이만희(미래통합당 → 국민의힘, 재선)[64]박영환 후보의 고향[69]단47표차이였다.[70]단39표차이였다.[71]단3표차이였다.[72]단19표차이였다.[74]최기문 후보의 고향[75]단7표차이였다.[83]지역구 국회의원:이만희(국민의힘, 3선)[84]단57표차이였다.[85]김병삼 후보의 고향[86]단86표차이였다.[87]단43표차이였다.[88]이정훈 후보의 고향[89]최기문 후보의 고향[95]단68표차이였다.[96]단57표차이였다.[97]단65표차이였다.[98]단65표차이였다.[99]단97표차이였다.[101]이만희 후보의 고향[102]최기문 후보의 고향[103]단13표차이였다.[104]단52표차이였다.[110]김장주 후보의 고향[111]정우동 후보의 고향[113]이만희 후보의 고향[119]김장주 후보의 고향[120]이영수 후보의 고향[122]이만희 후보의 고향"
18,극장판 이나즈마 일레븐 최강군단 오우거의 습격,이나즈마 일레븐 시리즈/애니메이션일본 애니메이션/목록2010년 애니메이션 영화일본의 애니메이션 영화,"[ 펼치기 · 접기 ]무인 시리즈(애니메이션)이나즈마 일레븐이나즈마 일레븐 RE이나즈마 일레븐 2이나즈마 일레븐 3이나즈마 일레븐 1·2·3 엔도 마모루 전설GO 시리즈이나즈마 일레븐 GO이나즈마 일레븐 GO 크로노스톤이나즈마 일레븐 GO 갤럭시극장판 시리즈1기최강군단 오우거의 습격2기GO 궁극의 우정 그리폰3기골판지 전기 W 크로스오버4기초차원 드림매치배틀 일레븐VS베스트 일레븐5기더 무비 2025스트라이커즈 시리즈이나즈마 일레븐 스트라이커즈전신 시리즈(리부트)이나즈마 일레븐 아레스의 천칭이나즈마 일레븐 오리온의 각인신 시리즈이나즈마 일레븐 영웅들의 빅토리 로드이나즈마 일레븐 열화의 혁명모바일이나즈마 일레븐 SD(서비스 종료)이나즈마 일레븐 크로스국내 포스터1. 개요2. 줄거리3. 국내 개봉4. 평가5. 여담1.개요[편집]劇場版イナズマイレブン 最強軍団オーガ襲来 / Inazuma Eleven the Movie: The Invasion of the Strongest Army Ogre.이나즈마 일레븐최초의극장판이자이나즈마 일레븐 시리즈의 1기 극장판.부제는최강군단 오우거(王牙)의 습격. 미래에서 나타난오우거 학원이 주요 적이며, 엔도 마모루의 증손자엔도 카논이 등장한다. 일본 개봉은 2010년 12월 23일. 국내에는 2011년 5월 5일에 개봉. 주제가는 ""슈퍼 일어나리-요!와 최강으로 최고"". 8월 중순에 공개된 예고편과 홈페이지 소개에 따르면 대략적 스토리는 아래와 같다.현재로부터 80년 뒤 미래,축구가 악으로 여겨지는시대. 어느 악의 조직이 축구라는 스포츠를 없애버리기 위해 과거를 바꾸려 한다. 그리고 주요 목표가 되는 것은엔도 마모루와 라이몬 일레븐. 한편, 그들에 대해 눈치챈80년뒤 미래의엔도 카논이 그것을 막기 위해 중학생 엔도 마모루가 있는 시대로 이동한다. 조직은 엔도의 팀 결성이나 FF 참가 등을 저지하여 과거를 바꾸려 하지만 번번이 실패하자[1]결국 FF 전국대회 결승전에서 라이몬 일레븐을 직접 와해시키기 위해 오우거 학원을 과거로 보내고, 오우거의 압도적인 힘 앞에 라이몬 일레븐이 쓰러져 간다. 카논은 라이몬을 구하기 위해조금더미래의강한선수들을 동료로 데려온다.얘보단얘가 더 강한 선수가 아닐까[2]2.줄거리[편집]전체적인 내용은 1학년 시절, 엔도 마모루가 키노 아키와 함께 축구부를 새로 만들고 그 과정에서 소메오카 류고와 한다 신이치가 입부하고 1년이 지난 인트로[3]와 짧게 지나가는 오우거 학원이나 엔도 카논을 제외하면 1기의 총집편을 그리고 있다. 총집편이다 보니 첫 제국과의 연습 시합과 예선 결승에서의 제국전을 제외한 모든 경기가 스쳐지나가듯이 연출되었고,이치노세의 합류 또한 키도카와세이슈전에서트라이 페가수스를 시전할 때 해설의 대사로만 언급된다. 키도카와세이슈와의 시합까진 기존 1기와 동일하지만, 그 이후부터오우거 학원이 직접 개입하면서 전개가 달라진다. TV판의 최종보스였던제우스 중학교가36:0이라는 말도 안 되는 격차로 준결승에서 오우거에게 패배하며 엄청난 파워 인플레를 제시한다.[4][5]이후 결승전에서 오우거와라이몬 중학교가 맞붙는다.전반전에서 오우거는 라이몬의 슛 찬스 때만 공을 빼앗으면서 공격도 하지 않는 기행을 선보이다가[6]엔도와도몬, 이치노세가더 피닉스를 시전하자 이를 니들 해머로 가볍게 막는다.[7]이후 후반전이 시작되자 본격적인 더티 플레이를 시작,에스카가 데스 레인을 시전하여라이몬의 수비진을 모두 갈아버리면서엔도의갓 핸드를 뚫고 득점에 성공한다.[8]이후고엔지가 반격할 기미를 보이자 더티 플레이로 부상시키고, 이에 격분한소메오카가버덥에게 달려들지만 오히려 소메오카를 리타이어시키며 데스 스피어를 시전한다. 이번엔키도를 비롯한 미드필더까지 골문으로 내려와 8명 전원이 수비하지만 압도적인 위력에 의해 결국 튕겨져 나가게 된다. 이에 엔도는 각성하여마신 더 핸드를 시전하지만[9]막아내지 못하고 허무하게 뚫리며 실점하게 된다. 그렇게 더 피닉스도 막히고, 마신 더 핸드도 뚫린 절망적인 상황. 다시 날라오는 데스 스피어를 보고 엔도는 각오를 다지지만 그 순간, 마침내 카논이 개입하며 데스 스피어를 막아낸다. 이후 경기장을 덮고 있던 오우거 학원의 천장 또한 카논이 데려온 미래의 동료들이 부수며 개입, 후반전 경기가 잠시 종료된다.카논이 데려온 동료들은하쿠렌 중학교의후부키 시로,이나즈마 재팬의우츠노미야 토라마루와토비타카 세이야, 그리고 전에일리어 학원제네시스의키야마 히로토, 이탈리아 대표오르페우스의피디오 알데나였다.[10]라이몬의 6명 선수 교체와 함께 후반전 10분이 시작. 곧바로 토라마루가 공을 뺏고 타이거 드라이브를 시전한다. 거기에 고엔지가 신 필살기 '맥시멈 파이어'를 슛 체인하며 니들 해머를 뚫고 득점에 성공한다. 또 바로 후부키가 공을 뺏고울프 레전드를 시전, 거기에 또 맥시멈 파이어를 슛 체인하지만 이번에는 일렉 트랩에 막히며 동점을 만드는 데 실패한다. 하지만 또 피디오와 히로토의 패스로 공을 받은 카논이 갓 캐논을 날려 일렉 트랩을 뚫고 동점을 만드는 데 성공한다.이에 카논에게 위기감을 느낀 오우거는 더티 플레이로 카논을 리타이어시키려고 하지만, 마지막 공격을카제마루가 머리로 막아내어 카논의 리타이어를 막아낸다. 이후 피디오의오딘 소드에 갓 캐논을 슛 체인시켜 혼신의 공격을 날리지만 그 순간 오우거 키퍼의 등에서 갑자기 수비수 2명이 등장하더니 하이볼티지로 쉽게 막아낸다.[11]그 뒤 다시 버덥이 데스 스피어를 시전하고 라이몬은 다시 위기에 봉착한다.그러나 공을 향해 토비타카가 돌진, 진공마로 데스 스피어를 막아내는 데 성공한다. 그렇게 사기가 올라간 라이몬은 엔도를 제외한 전원이 상대편을 향해 달려가며 히로토의유성 블레이드에 키도와 고엔지의 극장판 전용 기술인 '프라임 레전드'를 슛 체인하여 하이볼티지를 뚫고 역전하는 데 성공한다.이에 격분한 버덥은데스 브레이크를 시전, 엔도를 죽일 기세로 슛을 날린다. 하지만 '축구를 좋아하는 동료가 있는 한 절대 포기하지 않는' 엔도는 쫄기는커녕 각성하여오메가 더 핸드를 익히게 되고, 사투 끝에 데스 브레이크를 막아내며 경기가 종료된다.그렇게 동료의 중요성을 알게 된 버덥과 오우거 학원은 미래로 돌아가게 되고, 임무를 완수한 카논과 미래의 동료들도 다시 미래에서 만나길 약속하며 돌아가게 된다. 마지막으로 라이몬 중학교의 FF 우승과 함께 영화는 끝이 난다.엔딩에서는 하쿠렌 중학교부터다크 엠페러즈,리틀 기간트의로코코까지 이후 엔도가 만나게 될 상대들의 단체 사진이 차례대로 나온다.[12][13]엔딩이 끝난 후 쿠키 영상에선 동료들이 엔도가 어떻게 카논이 자신의 증손자라고 확신했는지 물어보는데, ""축구에 대한 열정""이라는 엔도다운 답을 하는 엔도와 이에 대해 ""증손자를 볼 때까지 살면 된다""는 키도의 개드립과 함께 쿠키 영상도 끝.3.국내 개봉[편집]한국에서는 2011년 5월 5일에 개봉되었는데 TV판을 수입/더빙한재능TV이 아닌투니버스가 배급[14]을 맡아서 몇몇 배역의 성우들이 교체되었다. 재능판이 워낙 중복 더빙의 향연이 너무 심각한 수준이기 때문에 바꾸는 것도 무리는 아니지만 일부 성우는 아예 성우 자체를 갈아 엎었다. 오우거 극장판의 최대 피해자는윤승희와안영아인데윤승희의 경우장벽구를 맡고 있었고 안영아는소림보와염유림을 맡고 있었는데, 특히 장벽구는 1기부터 쭉 같이 지내온 원년 멤버라 다른 캐릭터라면 몰라도 바꾸는 것은 아무래도 좀 무리수. 그런데 투니버스가 자사 성우로 일부 교체한 바람에 결국윤승희와안영아는 극장판에서 참여를 못 했다. 그래서 투니버스도 이건 아니었나 싶었는지 GO 극장판에서는 다시 원조 성우로 복귀. 다만 눈보라의 성우는임채헌에서강호철로 바뀌었는데 이쪽이 더 젊고 학생 같은 분위기라 호평을 받았다. 허나 이쪽도 GO에서 다시 원조 성우로 복귀. 여담으로송현민은 TVA판에선주요 배역의 성우인이호산이었는데 이번 극장판에선김기흥으로 갑자기 바뀌어서 어색하다는 평이 많다.[15]이후투니버스에서 2012년 4월에 첫방송했다가 2013년 3월에재능TV에서도 재방영했다.4.평가[편집]유저 평점 6.8/10사용자 평균 별점 없음 / 5.0네티즌 평균 별점 3.70/5.0네티즌 평균 별점 없음/10.0douban사용자 평균 별점 7.3/10.0왓챠사용자 평균 별점 3.0 / 5.0네이버 영화기자, 평론가 평점없음/10관람객 평점없음/10네티즌 평점8.39/10다음 영화기자/평론가 평점없음 / 10네티즌 평점8.7 / 105.여담[편집]크레딧에는 1기 이후 2기 에일리언 학원편과 그리고 3기, 4기 내용과 관련된 이미지가 사진형식으로 지나간다. 콘셉트는 극중극 촬영이라는 콘셉트인지 다들 훈훈하게 떠들거나 서로 사이좋게 지내는 모습을 보여준다. 특히 가장 살벌했던 에일리언 학원 파트는 본편의 그들이 맞나 싶을 정도로 사이좋게 지내거나 장난치는 모습을 보여준다. 그리고 아래에는 관련 인물의 멘트가 적혀있다.크랭크인!! 맑음!(クランクイン！！ 晴れ！)-키노 아키첫 번째 사진 - 이나즈마 캐러밴을 배경으로, 키라 히토미코를 포함한 라이몬 멤버들이 모두 모여있다.[16]다녀오겠습니다!(行ってきます！)-자이젠 토코두 번째 사진 - 	SP 픽서즈를 배경으로, 자이젠 토코가 엔도 마모루를 껴안고 있고, 그걸 본 모두가 놀란다.외계인 역할은 힘들었습니다.(宇宙人役は大変でした。)-레제세 번째 사진 - 엔도 마모루와 매니저들이 제미니 스톰과 사이좋게 녹차 아이스크림을 먹고 있다. 이때 레제의 표정과 뒤에서 멀뚱멀뚱 구경하는 에일리원 학원 부하들이 압권.모두 정말 좋아해!(みんな大好きさ！)-후부키 시로네 번째 사진 - 하쿠렌 중학교를 배경으로, 이글루 안에서 엔도 마모루와 소메오카 류고, 그리고 후부키 시로가 셋이서 사이좋게 축구공 모양의 모찌를 구워 먹고 있다.우시시!(うししし ！)-코구레 유야다섯 번째 사진 - 만유지 중학교를 배경으로, 코구레 유야가 본편처럼 오토나시 하루나에게 장난치고 있으며, 모두가 그를 향해 화내고 있다.시간엄수다(時間厳守だ)-데자무여섯 번째 사진 - 데자무의 멘트대로 지각해서 머쓱해진 마모루가 엡실론을 향해서 사과를 하고 있고, 이에 흥분한 데자무를 마큐아를 제외한 모두가 그를 말리고 있다. 덤으로 오른쪽 구석에 있는 마큐아는 분한 상태로 마모루를 노려보고 있다.제법인데 키도 군(やるねェ鬼道くん)-후도 아키오일곱 번째 사진 - 진 제국학원을 배경으로, 키도 유우토와 멤버들과 함께 사이좋게 축구하는 모습이다. 뒤에선 카게야마 레이지가 그들을 지켜보고 있다.안 질 기라!(負けへんで)-우라베 리카여덟 번째 사진 - 오사카 걸즈 CCC를 배경으로, 우라베 리카와 자이젠 토코가 요리대결을 하고 있다. 리카는 오코노미야키를, 토코는 타코야키를 만들고 있다.감격입니다!(感激です！)-타치무카이 유우키아홉 번째 사진 - 요카토 중학교를 배경으로, 엔도 마모루와 타치무카이 유우키가 열심히 훈련을 하고 있다.신나게 가자고 신나게!(ノリだぜノリ！)-쓰나미 조스케열 번째 사진 - 오미하라 중학교를 배경으로, 쓰나미 조스케와 축구부 멤버와 기념사진을 찍고 있다. 이에 못말려하는 엔도 마모루와 키라 히토미코는 덤.그야말로 카오스다…(まさにカオスだ…)-번&가젤열한 번째 사진 - 더 카오스 멤버가 서로 전골요리를 두고 경쟁하고 있는 모습이다.수고하셨습니다(おつかれさま)-키라 세이지로열두 번째 사진 - 더 제네시스 멤버와 키라 세이지로, 키라 히토미코, 그리고 켄자키 류이치가 다 같이 차를 마시고 있다. 이때 옆에선 코쿠레 유야가 차에 핫소스를 넣었는지 킥킥거리며 웃고 있다.다녀왔습니다!(ただいま！)-카제마루 이치로타열세 번째 사진 - 다크 엠페러즈와의 대결 이후를 다룬 건지, 마모루와 엠페러즈 멤버들이 어깨동무하며 기념사진을 찍고 있다.어서 오세요!(おかえりなさい！)-카쿠마 케이타열네 번째 사진 - 엔도 마모루와 1기 당시 등장했던 이나즈마 일레븐 멤버 5명, 축구부 아이들, 그리고 카쿠마 케이타등 관련 인물들과 사진을 찍고 있다.다음은 세계야!(つぎはせかいだよ！)-고엔지 유카열다섯 번째 사진 - 3기 시점을 다룬 건지, 이나즈마 재팬 멤버와 사진을 찍고 있다.아직 끝이 아니라고!(まだまだつづくぜッ！)-엔도 마모루열여섯 번째 사진 - 4기 시점을 다룬 건지, 각국 대표 선수들과 엔도 마모루, 그리고 엔도 다이스케가 다 같이 사진을 찍고 있다.[1]카논의 방해가 있었을 줄 알았으나 카논은 후반까지 지켜보기만 하고 직접 개입하지 않는다.[2]로코코는 포워드로서의 실력도 피디오를 능가하기에 틀린 말은 아니지만 개봉 당시만 해도 오르페우스가 준결승에서 개털릴 거라 예상하는 사람은 거의 없었을 것이다. 로코코의 등장 자체가 FFI편 후반부 스포일러가 되기도 할 터이기도 하나... 이미 피디오가 등장한 게 FFI편 후반부 스포일러가 된 부분이며 엔딩 크레딧에 로코코가 등장하기에 이 부분은 별문제는 안 된다. 진짜 문제는 로코코의 주 포지션이 GK라서 엔도와 겹치는지라 나온다면 엔도는 로코코와 교체하게 될 확률이 높다는 것.[3]그 과정에서 자연스럽게 2학년으로 올라가고 당시 신입생이었던 카베야마 헤이고로를 포함한 1학년들도 입부하게 된다.[4]이때 경기장과 선수들의 상태가 처참한데, 경기장은 곳곳이 파괴돼 정상적인 모습을 찾아보기 힘들 정도며, 간신히 버티다 결국 쓰러진 아프로디를 제외하면 선수진 전원이 기절해 있다. 사실상 스포츠 경기가 아니라 공을 매개로 전쟁을 했다고 봐도 믿을 수준이다. 아프로디는 쓰러지기 직전 ""신이... 이기지... 못하다니...!""라고 분해하며 쓰러지자, 이에 버덥은 ""우리는 귀신이다. 신도 잡아먹어 버리는 귀신이지""라고 답하며 그들을 조롱한다.[5]게다가 해설진의 반응과 관중들의 반응을 보면 이 시합은 제국 vs 제우스때와는 비교도 안 될 만큼 잔혹했음을 알 수 있다. 당연하다면 당연한 게, 제우스는 어디까지나 승리를 노리는 만큼 상대 팀이 시합불능이 되면 심판에게 부전승으로 처리하라고 건의하지만, 오우거는 그런 거 없이 애초부터상대 팀을 전장에서 만난 적군으로 간주하고 완전히 무력화시킬 때까지시합을 진행한다는 점에서 차이가 클 수밖에 없다.[6]당연히 라이몬 선수 전원은 뭘 해도 공격을 전개할 수 없는 데다가, 분명 오우거에게도 찬스가 있는 상황임에도 아무것도 안 하는 상황에 공포와 불쾌감을 느낀다. 하프 타임 때 소메오카는 평소와 다르게 흐름이 끊겨서 슛을 넣을 수 없는 상황에 속이 울렁거린다고 말하며 지금까지 느껴본 적이 없는 불쾌감을 느낀다. 이에 마츠노는 마시던 물병까지 집어던지며 옐로 카드를 받는 한이 있더라도 뚫고 지나가겠다고 평소와 다르게 과격하게 반응한다.[7]1기 시점 더 피닉스가 라이몬의 최강 기술 중 하나였다는 걸 생각하면, 실력 차부터 매우 압도적이었던 셈.[8]데스 레인 필살기가 말이 필살기지 거의 미사일 폭격 수준의 기술이라서, 마츠노와 쿠리마츠, 그리고 한다가 수비를 하려고 자리를 잡다가 폭격에 휘말려 크게 다쳐버린다. 결국 3명의 공백을 쇼린지와 시시도, 그리고 카게노로 교체한다. 이를 본 소메오카는 그들이 숨겨왔던 본성일지도 모른다고 혀를 두른다.[9]첫 등장한 기술은 무조건 막거나 골을 넣는다는 클리셰를 처참히 부숴버린다.[10]각자 자기소개할 때 자신들의 상징인 늑대, 호랑이, 매, 유성, 검이 나온다.[11]이 말인 즉 오우거는 여태 9명이서 플레이를 하고 있었다는 것이다![12]정황상 엔도가 오메가 더 핸드로 양학을 했거나, 에일리어 학원이 나쁜 편이 아닌 단순 학교인 평행세계로 보이기도 하지만 어디까지나 팬 서비스의 일종이다.[13]대표적으로 팀 앱실론에선 팀원들의 만류에도 불구하고 데자무가 평소와 다르게 엔도에게 불같이 화를 내고, 반대편에 있던 마큐아가 부끄러운지 얼굴이 벌개진 상태로 엔도를 노려본다. 엔도는 머쓱했는지 팀 앱실론을 향해 당황하며 사과하는 씬이 지나간다.(...)[14]수입은에이원엔터테인먼트가 담당.[15]덤으로 중복으로 맡았던음침한도자사 성우로 교체하였다.[16]본편에서는 기존 멤버 대대분이 다쳐서 입원했지만, 여기서는 모두 나온다."
19,,,
20,1991년 이라크 봉기,아시아의 봉기1991년 정치바트주의 이라크의 전쟁 및 전투사담 후세인이란-이라크 관계미국-이라크 관계아시아의 폭동적 시위진압실패한 민주화 운동미국의 해외 정권교체 개입인종청소아시아의 독립운동아시아의 반란탈영 사건 사고서아시아의 내전,"1991년 이라크 봉기1991 Iraqi uprisings반군에 의해 파괴된 이라크 보안군의 전차기간1991년3월 1일~4월 5일장소이라크원인이라크의걸프 전쟁패전사담 후세인의시아파및쿠르드족탄압걸프 전쟁 패전 이후 후세인 정권에 대한 민심 이반미국과이란의 이라크 내부 반정부 운동 지원결과후세인 정권의 진압 성공정적 및 소수민족에 대한 후세인 정권의 대량학살영향이라크에 대한비행금지구역 설정이라크 쿠르디스탄자치구 설립 촉진특수 공화국 수비대창립교전 국가 및 세력이라크정부•이라크 바트당•이라크군•이라크 공화국 수비대• 이라크 경찰•이라크 인민군•일반보안국•이라크 정보국•이라크 특수보안기구이라크 이슬람 최고위원회•바드르 여단이라크군반란 세력이라크 바트당내 친시리아파벌이슬람 다와당이라크 공산당쿠르디스탄 민주당쿠르디스탄 애국 연합쿠르디스탄 이슬람 운동쿠르디스탄 공산당이란 쿠르디스탄 민주당지원 세력이란 인민전사기구미국이란시리아영국프랑스지휘관사담 후세인이자트 이브라힘 알 두리알리 하산 알 마지드타하 야신 라마단후세인 카멜타리크 아지즈쿠사이 후세인모하마드 바키르 알하킴[1]압둘 아지즈 알하킴[2]하디 알아미리파우지 무트라크 알라위마수드 바르자니잘랄 탈라바니전력300,000여명약 59,000~107,000여명SCIRI 40,000~50,000여명쿠르디스탄 민주당 15,000~40,000여명쿠르디스탄 애국 연합 4,000~12,000여명피해 규모진압군 5,000명 사망반군 및 민간인 20만명 사망1. 개요2. 배경3. 전개4. 결과5. 여담1.개요[편집]걸프 전쟁직후인 1991년 3월,바트주의 이라크전역에서 발생한 대규모 반정부 무장 봉기로 당시 이라크 대통령이던사담 후세인정권에 반대해 남부의 시아파와 북부의 쿠르드족이 동시에 봉기했다.2.배경[편집]후세인 정권이 걸프 전쟁에서 패한 뒤이라크군의 사기와 통제력이 크게 떨어졌고, 경제는 제재와 전쟁 피해로 붕괴 직전에 놓였으며, 물자 부족과 실업 증가로 민심이 악화되었다. 여기에 사담 후세인 정권이 수십 년간 시아파와 쿠르드족을 정치적으로 배제하고 강압적으로 통치해 온 점도 중요한 배경이었다. 특히 시아파는 종교적·정치적 차별에 대한 불만이 컸고,쿠르드족은 자치와 민족 권리를 지속적으로 요구해 왔다. 또한 전쟁 직후 미국의 대이라크 방송과 발언[3]이 이라크 국민에게 봉기를 촉구하는 신호로 받아들여지면서 정권이 약화된 틈을 이용해 반정부 움직임이 전국적으로 확산되었고, 이러한 군사적 패배, 경제적 붕괴, 종파·민족 갈등, 정치적 억압, 외부 자극이 복합적으로 작용해 봉기가 발생하였다.3.전개[편집]반란은 이라크 남부에 위치한 도시바스라에서 시작되었다.쿠웨이트에서 이라크가 패배한 후 귀국하던 T-72 전차 사수가 도시의 주요 광장 위에 걸려 있는 사담 후세인의 거대한 초상화에 포탄을 발사했고 다른 병사들은 박수를 쳤던 것이다. 바스라에서의 반란은 처음에는 군용 차량을 모아 시내 정부 청사와 감옥을 공격한 육군 장교 무함마드 이브라힘 왈리가 주도했고 시아파가 대부분이던 바스라 시민은 이 봉기를 지지하였다. 수많은 사람들이 경찰서, 정부 청사, 군사 기지로 향하여 수감되어 있던 무고한 죄수들을 석방하고 무기를 탈취했다. 이라크군과 반군 사이에 도시에서 충돌이 발생했고, 다음 날 반란은 바스라 인근 지역과 마을로 확산되었다.바스라에서의 봉기 소식이 들리기 시작하자 바스라에 인근한아마라에서도 봉기가 일어났다. 보안 사무소와 정부 기관들은 불에 탔으며, 반군은 무기고를 장악하였다. 또한 시아파의 성지카르발라에서도 대규모 봉기가 발생했다. 카르발라는 시아파의 가장 중요한 성지 중 하나라서 시아파 순례객들이 매우 많았다. 카르발라 시민들은 순례객들과 합세해서 정부 기관들을 공격했다. 그러자 정부군은 무차별 폭격을 가해 무고하고 비무장한 민간인들을 학살했다.[4]1991년 3월 3일나자프에서 시작된 봉기는 청년들이 거리로 나와 이맘 알리 성묘로 향하면서 수천 명의 시민과 순례자들이 합류해 반정부 시위를 벌인 데서 본격화되었고, 경찰서와 당 기관들이 장악되며 이맘 알리 성묘가 봉기의 중심지가 되었다. 일부 장교와 군인들도 가담해 무기를 확보했고 인근 도시들이 지원에 나섰으며, 종교지도자들이 연설로 참여를 독려했다. 그러나 3월 중순 후세인의친위대인이라크 공화국 수비대가 포격과 함께 진입해 주요 거점을 탈환했고, 화학무기 사용 위협과 함께 강경 진압을 벌여 3월 17일경 저항이 거의 종료되었다. 이어 카르발라에서는후세인 카멜이 지휘하는 기갑부대와 공화국수비대, 특수보안부대 등이 투입되어 무차별 포격과 체포·즉결처형, 집단매장 등이 자행되었다. 수많은 청년들이 체포되어바그다드의 수용소로 이송되었으며, 잔여 저항 세력은 주변 농지로 흩어졌다.1991년 3월 북부 이라크에서도 봉기가 남부와 동시에 확산되어술라이마니야가 3월 초 가장 먼저 봉기했고 이어아르빌과키르쿠크등 여러 도시로 번졌으며, 주민들과페슈메르가가 경찰서와 당 기관을 장악하고 일부 지역에서는 군인들을 무장 해제한 뒤 귀가시키기도 했다. 그러나 이라크군은 포병과 헬리콥터,네이팜탄을 동원해 반격했고 주요 도시들을 재점령하면서 수백 명이 사망했으며, 특히 키르쿠크에서는 격전 끝에 정부군이 도시를 장악하고 대규모 체포와 추방을 단행했다. 진압 과정에서 북부 주요 도시들이 파괴되었고, 정부가 24시간 내 철수하지 않으면 사살하겠다고 위협하자 수십만 명의 쿠르드 주민들이 터키·이란 국경으로 도보와 차량, 가축을 이용해 탈출했으며, 도중에 헬기 사격과 지뢰, 혹한 등으로 많은 사상자가 발생했다.사담 후세인이 쿠르드족을 거의 학살하려고 하자 유엔 안전보장이사회 결의 688호로 북위 36도선 이북에 안전지대가 설정되어 이라크군이 철수하면서 사실상 쿠르드 자치의 기반이 마련되었다. 한편 남부 봉기가 실패한 이유로는 지도부 부재와 조직력 부족, 종파적 성격이 부각된 점, 언론·통신 부재로 국제적 지원이 미약했던 점, 그리고 평야 지형으로 인해 대부분 정부군에게 진압되었다.4.결과[편집]사담 후세인 정권이이라크 공화국 수비대와 특수부대를 동원해 남부 시아파 지역과 북부 쿠르드 지역의 봉기를 무력으로 진압하면서 수만~수십만 명에 이르는 대규모 사망자와 실종자가 발생했고, 대량 체포·처형·집단매장이 이루어졌다. 쿠르드족이 다수인 지역은 국제 사회의 개입으로 비행금지구역과 안전지대가 설정되어서 사실상 자치를 하게 되었지만, 국제 사회의 개입이 없었던 남부 지역은 강경 진압 이후 중앙정부의 통제가 다시 강화되었고 시아파 지역에 대한 감시와 탄압이 지속되었다. 훗날 이라크를 떠나 오스트리아로 간 시아파 출신의 잔존 반체제 인사를 중심으로이라크 국민 회의가 설립되어 미국의 지원을 받았다.사담 후세인은 봉기 진압 후 새로운 특수부대 겸 친위대의 필요성을 느꼈고, 그 결과특수 공화국 수비대가 창설되었다.5.여담[편집]한편이란 이슬람 공화국에 반대하여 이라크로 망명한 무장단체이란 인민전사기구(MEK)가 학살 과정에 참여했다는 주장 역시 있다. 하지만 MEK 측은 사담 후세인을 지지는 했을지언정 봉기 당시에 어떠한 개입도 없었다고 이러한 혐의를 전면 부인해 왔으며쿠르디스탄 민주당의 대외 외교정책 책임자인 호시야르 제바리 역시 1999년 편지에서 MEK이 쿠르드족 탄압에 참여하지 않았음을 확인했다고 부인하였다.비록 실패로 끝났지만,이라크 바트당을 반대한 저항운동 중 이라크 전 지역에 번진 대규모 민중 봉기이자 이라크 민중들 대다수가 모인 항쟁이라는 의의도 지니고 있다.[5]일부지만 사담 후세인의 강압적인 독재를 불신하던 수니파 신자 아랍인들도 있었는데, 이들도 항쟁에 참여하여 바그다드 인근의라마디,바쿠바등 일부 수니파 위주 도시에서 반정부 시위를 벌이거나 남부에서 봉기를 일으킨 시아파 저항 세력들을 도와준 수니파 탈영병들도 적지 않았다.[6]물론 반체제 인사 다수가 이란 신정을 정치적 모티브로 삼고자 했기에 수니파 출신 저항자나 세속주의자들이 많진 않았고, 그 중 소수는 이 때문에 회의감을 느껴 반체제 집단에서 이탈하는 등 잠시만 이라크 수니파와 시아파들의 동맹이 유지되었을 뿐이었다. 그리고 수니파든 시아파든 이라크 아랍인들은 쿠르디스탄의 독립에 동의하지 않았다 보니, 쿠르드족과 아랍인 모두 서로 동맹을 맺은 것도 아니었다.사담 후세인은 일단 진압은 해놓고 자국의 시아파 세력을 달래기 위해 시아파 최고 어른이었던아볼가셈 코이를 만나기도 했다.#[1]1939년생으로 직급은 아야톨라. 2003년 암살. 아버지가 이라크의 대아야톨라(마르자에 타끌리드)무신 알 하킴(1889~1970)이다.[2]1952년생으로 위 인물의 동생. 2003년 사담 후세인 정권이 멸망한 후 임시 총리를 역임했다. 2009년 폐암으로 57세에 사망.[3]당시 미국 대통령인조지 H. W. 부시는 유혈 사태를 멈추는 또 다른 방법이 있다며, 이라크 군대와 이라크 국민이 직접 나서서 독재자 사담 후세인을 물러나게 하고 유엔 결의안을 준수하게 하는 것이라고 말하기도 했다.[4]폭격으로 인해 이맘 후세인 성지와 알 압바스 성지가 큰 피해를 입기도 했다.[5]그 이전에도 시위가 없었던 건 아니지만, 1970년대부터 1980년대 까지의 시위는 남부 또는 북부에서 따로 시위나 저항이 일어난 정도였다. 남북 통틀어 같이 나타났던 봉기는 1991년 이라크 봉기가 유일했다.[6]심지어 봉기가 시작된 바스라 중에서도 수니파가 좀 더 많았던 구역들이 먼저 봉기를 주도했다."
21,2003 쇼트트랙 스피드 스케이팅 유럽선수권 대회,쇼트트랙 스피드 스케이팅 유럽선수권 대회,"←2001-02ISU 쇼트트랙 스피드 스케이팅 2002-03 시즌2003-04→[ 펼치기 · 접기 ]2002-03 쇼트트랙 월드컵 1차2002-03 쇼트트랙 월드컵 2차2002-03 쇼트트랙 월드컵 3차2002-03 쇼트트랙  월드컵 4차2003 쇼트트랙 주니어 세계선수권2003 쇼트트랙 유럽선수권2002-03 쇼트트랙  월드컵 5차2002-03 쇼트트랙  월드컵 6차2003 쇼트트랙 세계선수권2003 쇼트트랙 스피드 스케이팅 유럽선수권 대회개최지러시아상트페테르부르크일정2003년1월 17일~1월 19일종합 우승예브게니야 라다노바파비오 카르타←20022004→1. 개요2. 결과3. 종합 랭킹3.1. 여자3.2. 남자4. 메달 집계1.개요[편집]2005년 1월 17일부터 19일까지러시아상트페테르부르크에서 개최된 쇼트트랙 유럽선수권 대회.2.결과[편집]여자금메달은메달동메달500m예브게니야 라다노바타티야나 보로둘리나스테파니 부비에1000m예브게니야 라다노바마르타 카푸소니나 예브티이바1500m예브게니야 라다노바스테파니 부비에니나 예브티이바3000m S.F예브게니야 라다노바스테파니 부비에이본느 쿤즈3000m 계주이탈리아러시아네덜란드남자금메달은메달동메달500m파비오 카르타피터 지셀미셸 안토니올리1000m미셸 안토니올리니콜라 프란체스키나파비오 카르타1500m파비오 카르타미셸 안토니올리니콜라 프란체스키나3000m S.F파비오 카르타피터 지셀니콜라 프란체스키나5000m 계주이탈리아독일프랑스3.종합 랭킹[편집]3.1.여자[편집]2003 유럽선수권 여자부 종합 랭킹순위선수포인트금메달예브게니야 라다노바136은메달스테파니 부비에55동메달니나 예브티이바344타티야나 보로둘리나295마르타 카푸소286이본느 쿤즈217마리나 트레샤코바118마리나 게오르기에바 니콜로바89미프티 골린210마라 지니03.2.남자[편집]2003 유럽선수권 남자부 종합 랭킹순위선수포인트금메달파비오 카르타115은메달미셸 안토니올리69동메달니콜라 프란체스키나474피터 지셀425제바스트안 프라우스186아리안 나크바137장 샤를 마테이118윔 더 데인109블라디미르 그리고리에프510안드레 헤드위그34.메달 집계[편집]3000m 슈퍼파이널은 메달이 수여되지 않는다. 남녀 500m, 1000m, 1500m, 계주, 종합 메달 합산2003 유럽선수권 메달 순위순위국가금은동총합1이탈리아644142불가리아40043러시아02354프랑스02245벨기에0100독일01007네덜란드0011총합10101030"
22,불꽃 파이터즈/역대 전적/2026 시즌/경기 목록,불꽃야구2026년 야구2026년 방송 프로그램,"상위 문서:불꽃 파이터즈/역대 전적/2026 시즌1. 개요1.1. 시즌 포맷 변경점1.2. 엔트리2. STAGE 12.1. 1R VS연천 미라클2.1.1. 스코어보드2.2. 2R VS롯데 자이언츠2.2.1. 스코어보드2.3. 3R VS한양대2.3.1. 스코어보드2.4. 4R VS단국대2.4.1. 스코어보드2.5. 5R VS인하대2.5.1. 스코어보드2.6. 6R VS배재고(미방영)2.6.1. 스코어보드2.7. 7R VS성남고2.7.1. 스코어보드2.8. 8R VS휘문고2.8.1. 스코어보드2.9. 9R VS울산 웨일즈2.9.1. 스코어보드2.10. 10R VS화성 코리요2.10.1. 스코어보드3. STAGE 23.1. 11R VS동국대3.1.1. 스코어보드3.2. 12R VS안산 웨이브스3.2.1. 스코어보드3.3. 13R VS부산과기대3.3.1. 스코어보드3.4. 14R VS 대학야구 국가대표팀3.4.1. 스코어보드3.5. 15R VS부산고3.5.1. 스코어보드3.6. 16R마산용마고3.6.1. 스코어보드3.7. 17R군산상일고3.7.1. 스코어보드3.8. 18번째 경기3.9. 19번째 경기3.10. 20번째 경기 (최종전)4. 취소 경기4.1. VS유신고1.개요[편집]불꽃 파이터즈의 2026 시즌 경기 일정 및 결과로날짜는 경기 일자가 아닌 프로그램 방영 날짜로 표기된다.1.1.시즌 포맷 변경점[편집]새로운 시즌을 맞아 시즌 포맷에 이런저런 변화가 생겼다.우선 총 경기 수가 줄었는데, 대관 및 날씨 변수 등을 고려해20~25경기를 진행하며 직관 비중을 더욱 늘려 거의 모든 경기를 직관으로 치를 예정이다. 시즌 목표는 승률이 아닌 승수로 변경되며15승[1]을 달성해야 하고, 1패를 기록할 때마다캡틴의 연봉이 삭감되는 페널티가 추가되며, 삭감액은 캡틴과 단장의 협상 하에 정해졌다. 대신 15승부터 추가 승리를 달성할 때마다 베네핏을 받게 된다.[2]마지막으로 경기 MVP에게는 메달 대신세후 100만 원의 상금이 부상으로 주어진다.10월 1일 일해라 장 단장을 통해 이번 시즌은 총20경기를 치르는 것이 밝혀졌다. 따라서 목표 승률은0.750이 되면서 이전 시즌들보다 목표 달성 난이도가 높아지는 것이 확정되었다.1.2.엔트리[편집]불꽃 파이터즈2026년 불꽃 파이터즈 엔트리감독1명38김성근★코치2명72오세훈· 5김지수투수8명1김기민· 11이대은· 19신재영· 21송승준· 26오승환· 40니퍼트· 47유희관· 56최현우포수2명12박재욱· 22박지민내야수7명8정근우· 9정훈· 10이대호· 13신경헌· 16정성훈· 17임영기· 52김재호외야수9명2최수현· 4문교원· 23강동우· 24김문호· 29이택근· 33박용택C· 37정의윤· 51현빈2.STAGE 1[편집]2.1.1R VS연천 미라클[편집]시즌 첫 경기[3]이자 시즌 첫 직관 경기로, 상대인 연천 미라클은 22시즌부터 4년 연속 독립리그 우승팀이자 현 소속선수최수현과 신입 선수 임태윤의 원 소속팀이자,선성권의 전 소속팀[4]이다.연천 미라클은 독립리그에서 상위권 팀으로 작년(2025년)에 파이터즈와 경기를 치렀다. 경기 초반에는 파이터즈가 앞서나갔지만 8회말 만루홈런을 허용하며 역전패를 당한 전적이 있다. 또한 몬스터즈 시절부터 매년 경기를 치른 만큼 김인식 감독이 김성근 감독의 스타일을 잘 알고 있는 만큼 결코 방심할 수 없는 상대다.경기는 4월 19일 오후 2시에 고척 스카이돔에서 진행하며, 예스24를 통해 4월 15일 수요일 오후 2시부터 예매가 가능하다.4월 14일 스튜디오 C1 인스타그램과 예매처인 예스24 예매 페이지에 선수 로스터가 공개되었는데, 예스24 예매 페이지에 인스타그램에 공개되지 않은 2인이 물음표 표시가 된 만큼 직관을 통해 공개될 이들 2인의 정체와 파이터즈 합류가 확정된 최수현의 차출 여부가 관건이 될 전망이다. 이후 선공개 영상에서 최수현과 임태윤이 파이터즈 소속으로 뛰는 게 확인됐다.이전 시즌들과 달리 별도의 출정식을 치르지 않으면서 선수단의 첫 만남은 개막전 락커룸에서 이루어졌다. 로스터 발표 및 시즌 계획 공유 이후 이번 시즌의 캡틴을 정하기 위한 투표를 진행했는데,한 명에게 사실상 몰표가 나왔다.[5][6]한편 이광길 코치가 개인 사정으로 하차하면서박정환코치가 임시로 합류했다.[7]선수 중에는 정근우가 개인 일정으로 불참했다.연습 당시 펑고를 하는데, 박정환 코치가 아무래도 대원중학교 운동장 사이즈에 익숙해진 탓인지 펑고를 해도 짧게 가서 결국 마운드쪽으로 가서 쳤는데 공이 빗맞아[8]타구가 여기저기로 튀어 선수들이 포구를 하는데 애를 먹었다.[9]정근우가 빠지면서 꽤 파격적인 라인업이 탄생했는데, 1번 박용택 - 3번 이대호 - 4번 정성훈 등 전체적으로 상위 타선에 힘이 강하게 실렸다.[10]그 와중에 박정환 코치는 선수 이름을 2번이나 틀린다거나[11]라인업지에 쓰지도 않은 3루 코치인 본인 이름을 셀프 호명하는 등 엉뚱한 모습으로 큰 웃음을 선사했다. 그리고 3루수를 호명할 때""더드베이스맨""이라고 부른 것이 압권이다.2.1.1.스코어보드[편집]2026년 불꽃야구2 1경기5월 18일, 6월 1일[12][13](본방송)고척 스카이돔|관중: 명팀선발123456789RHEB연천 미라클토카시 코우키0200000002502불꽃 파이터즈이대은0000201003706승리:신재영· 세이브:유희관· 패배:손호진캐스터:정용검| 해설:김선우양팀 선발 라인업[ 펼치기 · 접기 ]연천 미라클타순불꽃 파이터즈포지션선수명선수명포지션2루수황상준1박용택C지명타자중견수김민혁2최수현우익수좌익수유상빈3이대호1루수우익수장준영4정성훈3루수지명타자강현구5이택근중견수유격수권도휘C6김재호유격수1루수이성신7정의윤좌익수포수권경민8박재욱포수3루수김지호9임태윤유격수투수토카시 코우키SP이대은투수주요 기록[ 펼치기 · 접기 ]MVP이대호(3타수 1안타 2타점)결승타없음홈런권도휘(2회)2루타유상빈(4회),이대호(5회)도루최수현(1회)폭투토카시 코우키(2회), 차민혁(7회)슬레이트이택근애국가케이윌투수 기록[ 펼치기 · 접기 ]연천 미라클투수결과이닝타자투구타수안타홈런사사구삼진실점자책점당일 ERA당일 WHIP토카시 코우키312?112015000.001.00강병우1 2/3945940042210.802.40손호진패1 1/35?40012116.750.75조강희2/34?20021000.001.50차민혁??????????0.00?이기용??????????0.00?불꽃 파이터즈 투수 기록투수결과이닝타자투구타수안타홈런사사구삼진실점자책점당일 ERA당일 WHIP이대은51871183108223.600.60신재영승310?91005000.000.33유희관세16?41022000.003.00타자 기록[ 펼치기 · 접기 ]연천 미라클 타자 기록타순선수포지션1회2회3회4회5회6회7회8회9회1황상준2루수중비삼진중비삼진결과4타석 4타수 무안타 2삼진2김민혁중견수삼진?결과2타석 2타수 무안타 1삼진이예찬좌익수2땅결과1타석 1타수 무안타최주혁대타삼진결과1타석 1타수 무안타 삼진3유상빈좌익수중견수삼진좌2중비우안결과4타석 4타수 2인티 1 2루타 1삼진4장준영우익수우전안삼진삼진삼진결과4타석 4타수 1안타 1득점 2삼진5강현구지명타자1파중비삼진고4결과4타석 3타수 무안타 1볼넷 1삼진6권도휘유격수1루수좌홈삼진삼진4구결과4타석 3타수 1안타 1홈런 2타점 1득점 1볼넷 2삼진7이성신1루수3땅삼진중전안결과3타석 3타수 1안타 1삼진최유현대주자유격수결과0타석 0타수 무안타김호빈대타1파결과1타석 1타수 무안타8권경민포수스낫삼진3희번결과3타석 2타수 무안타 2삼진9김지호3루?3직삼진결과3타석 3타수 무안타 1삼진불꽃 파이터즈 타자 기록타순선수포지션1회2회3회4회5회6회7회8회9회1박용택지명타자2안삼진1안삼진?결과5타석 5타수 2안타 1득점 2삼진2최수현우익수2루수우안1땅삼진1땅결과4타석 4타수 1안타3이대호1루수삼진1파좌2고4결과4타석 3타수 1안타 1 2루타 2타점 1볼넷 1삼진4정성훈3루수삼진삼진3땅사구결과3타수 무안타현빈대주자우익수결과0타석 0타수 무안타5이택근중견수삼진우안?4구결과3타수 1안타 1볼넷 1삼진6김재호유격수2땅삼진?좌비결과4타석 4타수 무안타 1삼진7정의윤좌익수2땅2땅4구?결과4타석 3타수 무안타 1볼넷8박재욱포수삼진삼진?안결과4타석 4타수 1안타9임태윤2루수4구좌전안4구?결과4타석 2타수 1안타 2볼넷득점 루트[ 펼치기 · 접기 ]이닝득점 구단득점 루트스코어2회초연천 미라클권도휘의 좌월 홈런으로 2득점연천 미라클 2: 0파이터즈5회말파이터즈이대호의 좌월 2루타로 2득점연천 미라클2 :2 파이터즈7회말상대 투수의 폭투로 1득점연천 미라클2 :3 파이터즈촬영일(실제 경기일): 2026년 4월 19일 14:00, 고척 스카이돔선수변동 및 부상[14]불참 및 결장: 니퍼트(허리 수술로 불참)[A], 정근우(타방송촬영으로 불참)임대: 박정환(일일 코치)경기 내용이닝경기내용1회초1.황상준(중비), 2.김민혁(삼진), 3.유상빈(삼진)말1.박용택(내야 안타), 2.최수현(투수 폭투 → 1-2간 안타), 3.이대호(삼진),4.정성훈(1루 주자 도루 → 삼진), 5.이택근(삼진)2회초4.장준영(1-2간 안타), 5.강현구(1파), 6.권도휘(좌월 홈런2:0), 7.이성신(3땅), 8.권경민(스낫)말6.김재호(2땅), 7.정의윤(2땅), 8.박재욱(삼진)3회초<방송 편집>[16]9. 김지호(), 1.황상준(삼진)[17], 2.김민혁()말9.임태윤(볼넷), 1.박용택(삼진), 2.최수현(1땅 → 1루 주자 선택), 3.이대호(1파)4회초3.유상빈(좌선상 2루타), 4.장준영(삼진), 5.강현구(중비 → 2루 주자 태그업), 6.권도휘(삼진)말투수 교체 토카시 코우키 → 강병우4.정성훈(삼진), 5.이택근(1-2간 안타), 6.김재호(삼진), 7.정의윤(2땅)5회초7.이성신(삼진), 8.권경민(삼진), 9.김지호(3직)말대수비 김민혁(중견수) → 이예찬(좌익수)[18]수비 조정 유상빈(좌익수 → 중견수)8.박재욱(삼진), 9.임태윤(좌전 안타), 1.박용택(내야 안타),2.최수현(삼진), 3.이대호(좌월 2루타 → 1, 2루 주자 홈인2:2)투수 교체 강병우 → 손호진4.정성훈(3땅)[연천 미라클전 1부]6회초투수 교체 이대은 → 신재영1.황상준(중비), 2.이예찬(2땅), 3.유상빈(중비)말<방송 편집>[19]7회초4.장준영(삼진), 5.강현구(삼진), 6.권도휘(삼진)말9.임태윤(4구),투수교체 손호진 → 조강희1.박용택(삼진), 2.최수현(1땅 → 주자 2루 진루), 3.이대호(고의 4구), 4.정성훈(사구),대주자 정성훈 → 현빈투수교체 조강희 → 차민혁5.이택근(폭투 → 추가 진루 및 3루 주자 홈인3:2→ 4구), 6.김재호(좌비)8회초수비 조정 최수현(중견수 → 2루수), 현빈(우익수), 임태윤(2루수 →3루수)7.이성신(중전 안타),대주자 이성신 → 최유현8.권경민(3희생 번트), 9.김지호(삼진), 1.황상준(삼진)말<방송 편집>[20]투수교체 차민혁 → 이기용수비조정 권도휘(유격수 → 1루수), 최유현(1루수 → 유격수)7.정의윤(), 8.박재욱(안타)[21], 9.임태윤(), 1.박용택()9회초투수 교체 신재영 → 유희관대타 이예찬 → 최주혁2.최주혁(삼진), 3.유상빈(1-2간 안타), 4.장준영(삼진 → 1루 주자 도루[22]),5.강현구(고의 4구), 6.권도휘(4구),대타 최유현 → 김호빈7.김호빈(1파)말-경기 총평미라클의 선발 투수인 토가시 코우키는 역대 최초의 상대 팀 외국인 선수다.개막전 MVP는 2타점 동점 적시타를 쳐낸 이대호가 선정되었다.경기 후 주장 투표 결과가 공개되었는데, 모두의 예상대로 박용택이 총 22표 중 21표를 득표해 당선됐다.[23]2.2.2R VS롯데 자이언츠[편집]연천 미라클 직관이 치러진 4월 19일 공지가 올라왔다.상대인 롯데 자이언츠는 불꽃야구 체제[24]최초로 파이터즈와 맞붙는 프로팀으로, 소속선수송승준,이대호,김문호의 전 소속팀이자 파이터즈 시절 선수박찬형의 현 소속팀이다[25]. 시즌 중에 치르는 경기인 만큼 2군 선수들만 출전하고, 롯데 2군이 퓨처스 남부 리그에서 1위를 기록 중인 만큼 대단히 어려운 상대가 될 것으로 보인다.일요일에 경기를 치르던 여느 직관과 달리 5월 2일 토요일 오후 5시사직 야구장에서 경기가 치러지며, 4월 22일 오후 2시부터 예스24를 통해 예매가 가능하다.미라클전 예매 페이지에도 있었던 로스터 사진에 변화가 생겼다. 이광길 코치가 있던 자리에박정환코치[26]가 새로 이름을 올렸으며, 남은 물음표 2개가 모두 공개되었는데 하나는 지난 시즌 알바생이었던 내야수 임태윤, 나머지 하나는 선수가 아닌 부싯돌즈로 밝혀졌다.한편 4월 13일 스튜디오 C1 유튜브에 올라온벚꽃 유니폼 출시 홍보영상에 '5월 직관 때 선수들과 함께 입어요'라고 언급한 것으로 보아 5월에도 직관이 있을 것으로 추정되었는데, 직관 당일 장시원 PD와 스튜디오 C1 인스타에 벚꽃 유니폼을 입은 선수단의 모습이 공개되어 롯데와의 직관 때 입는 것이 확인되었다.라인업은 이택근이 작성했다. 김성근 감독이 이택근의 전력 분석 브리핑을 듣고는 이택근에게 라인업 작성을 맡긴 것.캡틴이 된 박용택은 장 단장과 1:1로 연봉 협상을 진행했다. 1패를 할 때마다 박용택이 제시한 금액만큼 연봉이 삭감되는 대신, 15승을 달성할 경우 해당 경기부터 1승을 할 때마다 장 단장이 제시한 금액만큼 연봉을 추가로 지급받는 조건이 새롭게 포함되었다.[27]캐스터는 다른 스케쥴이 있어 자리를 비운 정용검 대신 제2의 캐스터 한장희가 나섰다. 애국가 제창은강승윤이 했다.1부 방송 말미에정훈의 합류가 공개되었다.[28]2.2.1.스코어보드[편집]2026년 불꽃야구2 2경기6월 1일, 6월 8일사직 야구장|관중: 명팀선발123456789RHEB불꽃 파이터즈유희관00001200141122롯데 자이언츠박세진0001000023611승리:유희관· 홀드:이대은· 세이브:신재영· 패배:신동건캐스터: 한장희 | 해설:김선우양팀 선발 라인업[ 펼치기 · 접기 ]불꽃 파이터즈타순롯데 자이어츠포지션선수명선수명포지션2루수정근우1조민영우익수우익수최수현2이정민2루수지명타자박용택C3조세진지명타자1루수이대호4김동현C좌익수좌익수정의윤5하준서1루수중견수이택근6홍서연3루수3루수정성훈7김현도포수포수박재욱8김한홀중견수유격수김재호9이지훈유격수투수유희관SP박세진투수주요 기록[ 펼치기 · 접기 ]MVP임태윤(2타수 1안타 1홈런 2타점)결승타임태윤(6회초 2사 1루에서 좌월 홈런)홈런임태윤(6회),김동현(9회)2루타정의윤(4회), 조세진(9회)실책홍서연(2회), 임태윤(4회),김재호(4회)주루사정근우(9회),박지훈(9회)병살타박용택(3회),이택근(8회)폭투이대은(6회)심판김민규, 김낙원, 남기헌, 옥세민슬레이트이택근[29]애국가강승윤투수 기록[ 펼치기 · 접기 ]불꽃 파이터즈 투수 기록투수결과이닝타자투구타수안타홈런사사구삼진실점자책점당일 ERA당일 WHIP유희관승51867181002100.000.20이대은홀31338123112226.001.33신재영세14?32001000.002.00롯데 자이언츠 투수 기록투수결과이닝타자투구타수안타홈런사사구삼진실점자책점당일 ERA당일 WHIP박세진3 1/31336122013000.000.90박준우162263002119.003.00장세진2/32610001000.000.00신동건패1 1/37?621112213.501.50이진하1 2/362162001000.001.20이승헌141222000119.002.00타자 기록[ 펼치기 · 접기 ]불꽃 파이터즈 타자 기록타순선수포지션1회2회3회4회5회6회7회8회9회1정근우2루수3땅2비좌전안?우전안결과5타석 5타수 2안타2최수현우익수2땅우전안우희비삼진우희비결과5타석 3타수 1안타 2타점 1삼진3박용택지명타자삼진2병삼진2땅결과4타석 4타수 무안타 2삼진 1병살4이대호1루수삼진우비1파좌안결과4타석 4타수 1안타 1삼진5정의윤좌익수유땅우2사구결과3타석 2타수 1안타 1 2루타 1득점현빈좌익수좌안결과1타석 1타수 1안타6이택근중견수3실유땅삼진유병결과4타석 4타수 무안타 1삼진 1병살7정성훈3루수우전안삼진결과2타석 2타수 1안타 1삼진임태윤3루수좌홈유땅결과2타석 2타수 1안타 1홈런 2타점 1득점8박재욱포수삼진스낫중안좌안결과4타석 4타수 2안타 1득점 2삼진9김재호유격수4구중안우비투희번결과4타석 2타수 1안타 1득점 1볼넷롯데 자이언츠 타자 기록타순선수포지션1회2회3회4회5회6회7회8회9회1조민영우익수유땅우비3땅유땅결과4타석 4타수 무안타2이정민2루수삼진3실3안우비결과4타석 4타수 1안타 1득점 1삼진3조세진지명타자좌비유실1비우2결과4타석 4타수 1안타 1 2루타엄장윤대주자결과0타석 0타수 무안타 1득점4김동현좌익수삼진중안4구우홈결과4타석 3타수 2안타 1홈런 3타점 1득점 1볼넷 1삼진5하준서1루수좌비중비결과2타석 2타수 무안타박지훈1루수3루수중비중안결과2타석 2타수 1안타6홍서연3루수1루수우비중비삼진결과3타석 3타수 무안타 1삼진윤수녕대타투희번결과0타석 0타수 무안타7김현도포수3땅우비결과2타석 2타수 무안타이인한대타삼진결과1타석 1타수 무안타 1삼진김대현중견수유안결과1타석 1타수 1안타8김한홀중견수좌비좌비결과2타석 2타수 무안타박건우대타포수유땅삼진결과2타석 2타수 무안타 1삼진9이지훈유격수유땅중비우비결과3타석 3타수 무안타득점 루트[ 펼치기 · 접기 ]이닝득점 구단득점 루트스코어4회말롯데 자이언츠김동현의 2-유간 안타로 1득점파이터즈0 :1 롯데 자이언츠5회초파이터즈최수현의 우익수 희생플라이로 1득점파이터즈 1: 1롯데 자이언츠6회초임태윤의 좌월 홈런으로 2득점파이터즈 3: 1롯데 자이언츠9회초최수현의 우익수 희생플라이로 1득점파이터즈 4: 1롯데 자이언츠9회말롯데 자이언츠김동현의 우월 홈런으로 2득점파이터즈4 :3 롯데 자이언츠촬영일(실제 경기일): 2026년 5월 2일 17:00, 사직 야구장선수변동 및 부상:불참 및 결장: 니퍼트(허리 디스크 수술로 불참)[A]임대: 박정환(일일 코치)경기 내용이닝경기내용1회초1.정근우(3땅), 2. 최수현(2땅), 3. 박용택(삼진)말1. 조민영(유땅), 2. 이정민(삼진), 3. 조세진(좌비)2회초4. 이대호(삼진), 5 정의윤(유땅), 6 이택근(3실), 7.정성훈(우전 안타), 8.박재욱(삼진)말4.김동현(삼진), 5.하준서(좌비), 6.홍서연(우비)<롯데 자이언츠1부>3회초9. 김재호(4구), 1.정근우(2비), 2. 최수현(우전 안타), 3. 박용택(DP-53)말7. 김현도(3땅), 8. 김한홀(좌비), 9. 이지훈(유땅)4회초4. 이대호(우비,투수교체 박세진 → 박준우5.정의윤(우선상 2루타), 6.이택근(유땅), 7.정성훈(삼진)말대수비 정성훈 → 임태윤1.조민영(우비), 2.이정민(3루수 포구 실책), 3.조세진(유격수 포수 실책),4.김동현(2-유간 안타 → 3루 주자 홈인0:1), 5.하준서(중비), 6.홍서연(중비)5회초8.박재욱(스낫), 9.김재호(2-유간 안타), 1.정근우(좌전 안타[31]),투수교체 박준우 → 장세진대수비 하준서 → 박지훈2.최수현(우희비 → 3루 주자 태그업1:1), 3.박용택(삼진)말7.김현도(우비), 8.김한홀(좌비), 9.이지훈(중비)6회초투수교체 장세진 → 신동건수비조정 박지훈(1루수 → 3루수), 홍서연(3루수 → 1루수)4.이대호(1파), 5.정의윤(사구), 6.이택근(삼진), 7.임태윤(좌월 홈런1:3), 8.박재욱(2-유간 안타), 9.김재호(우비)말투수교체 유희관 → 이대은대수비 정의윤 → 현빈1.조민영(3땅), 2.이정민(번트 안타), 3.조세진(1비), 4.김동현(4구), 5.박지훈(폭투 → 주자 추가 진루 → 중비)7회초<방송 편집>1.정근우(?)투수교체 신동건 → 이진하2.최수현(삼진), 3.박용택(2땅)말6.홍서연(삼진),대타 김현도 → 이인한7.이인한(삼진),대타 김한홀 → 박건우8.박건우(유땅)8회초대수비 이인한 → 김대현수비조정 김대현(포수 → 중견수), 박건우(중견수 → 포수)4.이대호(좌선상 안타), 5.현빈(좌선상 안타), 6.이택근(DP-643), 7.임태윤(유땅)말9.이지훈(우비), 1.조민영(유땅), 2.이정민(우비)9회초투수교체 이진하 → 이승헌8.박재욱(3-유간 안타), 9.김재호(투수 앞 희생번트), 1.정근우(우전 안타),2.최수현(우희비 → 3루 주자 태그업4:1→ 1루 주자 태그 아웃)말3.조세진(우월 2루타),대주자 조세진 → 엄장윤4.김동현(우월 홈런4:3),투수교체 이대은 → 신재영5.박지훈(2-유간 안타),대타 홍서연 → 윤수녕6.윤수녕(투수앞 희생번트), 7.김대현(2루 주자 타구 맞음 아웃 → 내야안타 처리), 8.박건우(삼진)경기 총평파이터즈의 창단 첫 프로팀 상대 경기에서 승리를 기록했다.[32]그러나 4회 임태윤-김재호의 연속 실책을 비롯해 수비에서 불안한 모습이 적지 않게 보였고, 정성훈이 지난 경기의 부상 여파로 이번 경기에서도 일찍 교체되며 아직 온전히 경기를 뛰기 어려운 상태라는 게 드러난 만큼 내야진 보강의 필요성이 더욱 부각된 경기였다.롯데 측에서 투수와 포수가피치컴을 통해 사인을 주고 받는 모습이 나왔는데, 파이터즈 선수들이 이를 부러워하자 피디가 직접 구종과 코스를 읽어주는 일명 '피디컴'[33]이 탄생했다.한편 9회말 1사 2루 상황에서 타자 김대현이 친 타구를 3루로 뛰던 2루 주자 박지훈이 맞아서 아웃당하는 황당한 일이 벌어지기도 했다.[34]해당 장면을 접한 롯데팬들의 반응 역시 황당 그 자체였다.#2.3.3R VS한양대[편집]시즌2 1화 종료 직후 직관 공지가 올라왔다.상대인 한양대는 2025전국대학야구선수권대회우승팀이다. 2025 시즌 후반에 파이터즈에서 임대선수로 뛰었던 조우진[35], 박도현, 이준혁의 모교로, 박도현과 이준혁은 이번 경기에 선발 배터리로 출전한다. 또한 올해 파이터즈에 새롭게 합류한박정환코치, 그리고김기덕현 한양대 감독의 모교이기도 하다.[36]한양대 출신 인물로는천보성前 LG 감독,장효조前 삼성 라이온즈 2군 감독,이만수前 SK 와이번스 감독,김시진KBO 경기운영위원장,박흥식현동원과기대코치,류중일前 대표팀 감독,김동수현서울고감독,류지현현대한민국 야구 국가대표팀감독,박찬호[37],이병규현롯데 자이언츠2군 타격코치,구대성前SBS Sports해설위원,강인권현한화 이글스QC 코치,김용국TBC해설위원 등 프로 시절 이름을 날렸던 인물이 다수 있으며, 현역 선수 중에는고종욱,박해민,최지명[38]등이 있다.[39]5월 17일 고척 스카이돔에서 경기가 치러지며, 5월 13일 yes24를 통해 예매가 가능하다.시구는김요한, 애국가 가창은이석훈이 했다.[40]#6월 12일 올라온 예고편에 따르면 이 경기의 부제목은사자 사냥으로 정해졌다.[41]파이터즈가 사자를 사냥할지, 아니면 사자에게 사냥당할지를 담은 적절한 제목이라는 평이다.유명인 관중으로손지창-오연수부부가 관중석에 앉았으며 마이크를 차고 리액션도 했다.[42]2.3.1.스코어보드[편집]2026년 불꽃야구2 3경기6월 15일(본방송)[43]고척 스카이돔|관중: 명팀선발123456789RHEB한양대학교이준혁00103000041001불꽃 파이터즈이대은00000030034110승리:이정우· 세이브:김성민· 패배:이대은캐스터:정용검| 해설:김선우양팀 선발 라인업[ 펼치기 · 접기 ]한양대학교타순불꽃 파이터즈포지션선수명선수명포지션우익수이종환1정근우2루수2루수이동호2최수현우익수중견수김승주C3박용택C지명타자1루수김지욱4이대호1루수3루수임영기5정의윤좌익수포수박도현6이택근중견수좌익수임성규7정성훈3루수지명타자손석희8박재욱포수유격수박성빈9김재호유격수투수이준혁SP이대은투수주요 기록[ 펼치기 · 접기 ]MVP없음결승타김승주(3회초 2사 1, 2루에서 좌중간 안타)2루타이동호(1회, 5회), 임영기(5회),실책유희관(5회)도루이종환(5회), 김승주(5회)도루사박성빈(6회)병살타박재욱(8회)심판김민균, 오병민, 김봉희, 김현삼슬레이트이택근시구 및 시타자시구-김요한/ 시타-박용택애국가이석훈투수 기록[ 펼치기 · 접기 ]한양대학교투수결과이닝타자투구타수안타홈런사사구삼진실점자책점당일 ERA당일 WHIP이준혁31090012000.000.33이정우승1640200000.003.00김현준2882000000.001.00이강호2/36200403340.506.00김성민세2 1/31071031000.001.71불꽃 파이터즈 투수 기록투수결과이닝타자투구타수안타홈런사사구삼진실점자책점당일 ERA당일 WHIP이대은패4 2/320207005311.931.50유희관1/341442000100.006.00신재영413121006000.000.25타자 기록[ 펼치기 · 접기 ]한양대학교 타자 기록타순선수포지션1회2회3회4회5회6회7회8회9회1이종환우익수투땅삼진중전안유땅2땅결과5타석 5타수 1안타 1득점 1삼진2이동호2루수좌2중안우2삼진결과4타석 4타수 3안타 2 2루타 1타점 1득점 1삼진3김승주중견수중비좌중안투실삼진결과4타석 4타수 1안타 1타점 1득점 1삼진4김지욱1루수투땅삼진좌안삼진결과4타석 1안타 2타점 2삼진5임영기3루수??좌2좌안결과4타석 4타수 2안타 1 2루타6박도현포수?안2비우비결과4타석 4타수 1안타7임성규좌익수??삼진삼진결과4타석 4타수 무안타 2삼진8손석희지명타자우비3땅결과2타석 2타수 무안타이준우대타1비투땅결과2타석 2타수 무안타9박성빈유격수좌전안삼진사구삼진결과4타석 3타수 1안타 1득점 2삼진불꽃 파이터즈 타자 기록타순선수포지션1회2회3회4회5회6회7회8회9회1정근우2루수삼진삼진?4구중비결과5타석 4타수 무안타 1득점 1볼넷 2삼진2최수현우익수4구좌비중전안4구우비결과5타석 3타수 1안타 1득점 2볼넷3박용택지명타자2비4구우비4구삼진결과5타석 3타수 1타점4이대호1루수유땅4구우비좌안3땅결과5타석 4타수 1안타 2타점 1볼넷5정의윤좌익수?좌안중전안4구결과4타석 3타수 2안타 1볼넷6이택근중견수비3땅3땅결과3타석 3타수 무안타김문호대타1땅결과1타석 1타수 무안타강동우중견수결과0타석 0타수 무안타7정성훈3루수비2땅투땅4구결과4타석 3타수 무안타 1볼넷8박재욱포수중비?4구유병결과4타석 3타수 1득점 1볼넷 1병살박지민포수결과0타석 0타수 무안타9김재호유격수3비결과1타석 1타수 무안타임태윤대타유격수?우비4구결과3타석 2타수 무안타 1볼넷득점 루트[ 펼치기 · 접기 ]이닝득점 구단득점 루트스코어3회초한양대김승주의 좌중간 안타로 1득점한양대 1: 0파이터즈5회초이동호의 우선상 2루타로 1득점한양대 2: 0파이터즈임영기의 3-유간 안타로 2득점한양대 4: 0파이터즈7회말파이터즈박용택의 밀어내기 볼넷으로 1득점한양대4 :1 파이터즈이대호의 3-유간 안타로, 2득점한양대4 :3 파이터즈촬영일(실제 경기일): 2026년 5월 17일 14:00, 고척 스카이돔선수변동 및 부상:불참 및 결장: 니퍼트(허리 디스크 수술로 불참)[A], 현빈(종아리 파열)임대: 박정환(일일코치)경기 내용이닝경기내용1회초1.이종환(투땅), 2.이동호(좌선상 2루타), 3.김승주(중비), 4.김지욱(투땅, 13)말1.정근우(삼진), 2.최수현(4구), 3.박용택(2비), 4.이대호(유땅)2회초<방송편집>[45]말<방송편집>5.정의윤(), 6.이택근(뜬공), 7.정성훈(뜬공)3회초8.손석희(우비), 9.박성빈(좌전 안타), 1.이종환(삼진), 2.이동호(2-유간 안타),3.김승주(좌중간 안타 → 2루 주자 홈인1:0), 4.김지욱(삼진)말8.박재욱(중비), 9.김재호(3비), 1.정근우(삼진)4회초<방송편집>5.임영기(), 6.박도현(안타), 7.임성규()말투수교체 이준혁 → 이정우2.최수현(좌비), 3.박용택(4구), 4.이대호(4구), 5.정의윤(3-유간 안타),6.이택근(3땅 → 3루 주자 홈에서 아웃) 7.정성훈(2땅)5회초8.손석희(3땅), 9.박성빈(삼진), 1.이종환(중전 안타),2.이동호(1루 주자 도루 → 우선상 2루타 → 2루 주자 홈인[46]2:0)투수교체 이대은 → 유희관3.김승주(투수 포구 실책 → 2루 주자 진루), 4.김지욱(1루 주자 도루 → 3-유간 안타 → 2, 3루 주자 홈인4:0),5.임영기(3-유간 2루타), 6.박도현(2비)말<방송편집>투수교체 이정우 → 김현준[47]대타 김재호 → 임태윤6회초투수교체 유희관 → 신재영7.임성규(삼진),대타 손석희 → 이준우8.이준우(1비), 9.박성빈(사구) 1.이종환(1루 주자 도루사)말2.최수현(중전 안타), 3.박용택(우비), 4.이대호(우비), 5.정의윤(중전 안타), 6.이택근(3땅)7회초1.이종환(유땅), 3.이동호(삼진), 3.김승주(삼진)말투수교체 김현준 → 이강호7.정성훈(투땅, 13), 8.박재욱(4구), 9.임태윤(우비),1.정근우(4구), 2.최수현(4구), 3.박용택(4구 → 3루 주자 홈인4:1),투수교체 이강호 → 김성민4.이대호(3-유간 안타 → 2, 3루 주자 홈인4:3), 5.정의윤(4구),대타 이택근 → 김문호6.김문호(1땅, 31)8회초대수비 김문호 → 강동우4.김지욱(삼진), 5.임영기(3-유간 안타), 6.박도현(우비), 7.임성규(삼진)말7.정성훈(4구), 8.박재욱(DP-643), 9.임태윤(4구), 1.정근우(중비)9회초대수비 박재욱 → 박지민8.이준우(투땅, 13), 9.박성빈(삼진), 1.이종환(2땅)말2.최수현(우비), 3.박용택(삼진), 4.이대호(3땅)경기 총평파이터즈가 3경기만에 시즌 첫 패배를 기록하며 결국 사자에게 사냥당하는 결과를 맞이했고 캡틴택의 연봉에 처음으로 기스가 나게 되었다.[48]타선은 한양대의 촘촘한 수비에 잘 맞은 타구조차 막히며 4안타로 묶여버렸고, 10볼넷을 얻었음에도 득점권에서 안타가 터지지 않으니 점수를 내지 못해 잔루만 계속 쌓이며 답답한 경기를 이어갔다. 가장 아쉬운 건 7회말로, 상대 투수의 연이은 볼넷으로 첫 득점에 성공했고 이대호가 2타점 적시타를 쳐내며 1점차까지 따라붙었지만 2사 만루 상황에서 타격감이 괜찮았던 이택근[49]을 빼고 대타로 김문호를 내는 도박수가 실패하면서 유일한 역전의 기회를 놓치고 말았다. 한편 8회말에는 정성훈의 볼넷 출루 때 대주자로 나갈 내야수가 없어 1루수 문교원 &3루수 이대호라는 고육지책까지 언급되는 등 내야진의 부족함을 다시금 체감할 수 있었다.[50]투수진 역시 유희관-이대은이 시즌 초부터 흔들리는 모습이 보이고 있고, 그나마 신재영이 등판마다 호투를 해주고 있지만 개막 이후로 투수가 이 3명만 계속 등판하고 있어 신재영 역시 언제 분석당해도 이상하지 않은 상황이다.한편 이 경기를 패배해 2승 1패로 승률은 0.667이 되며 파이터즈 개편 후 역대 최저 중간 승률을 기록했다.[51]2.4.4R VS단국대[편집]2화 종료 직후 공지가 올라왔다.상대인 단국대는 24시즌 상대 팀으로[52]소속선수신재영의 모교이자, 전 소속선수임상우의 모교이다.[53][54]단국대 출신 인물로는나광남KBO 심판,이용철前KBS N SPORTS해설위원,김태형現 롯데 자이언츠 1군 감독,서용빈LG 트윈스 전력강화 코디네이터,최원호現SBS Sports해설위원 등이 있으며, 현역 선수 중에서는강재민,천성호등이 있다.5월 24일 일요일 오후 2시에 경기가 열리며, 5월 20일 수요일 오후 2시부터 예스24를 통해 예매가 가능하다.연천 미라클전 전반부가 방영된 5월 18일 방송 말미에오승환의 입단 소식이 공개되었으며 이번 경기부터 합류하게 된다.[55]예스24 예매 페이지 로스터에도 '부싯돌즈'가 있던 자리에 오승환의 이름이 들어갔다. 오승환 역시 단국대 출신이다 보니 파이터즈에서의 첫 경기가 자신의 모교를 상대하는 경기가 되었다.[56]경기 직전 단국대 선수들과 오승환의 간이 팬미팅(?)이 성사되기도 했으며신재영은 그저 키링이었다제작진 측에서 아예등장씬도 만들어 등판 때 전광판에서 활용했다.[57]6월 1일에는정훈역시 이 경기부터 합류한다는 소식이 전해졌다. 다만 오승환과 달리 정식 선수가 아닌 알바생 신분이다.[58][59][60]갑작스럽게 합류한 만큼 경기 당일 유니폼도 준비되어 있지 않았지만 마침 이름이 비슷한정성훈의 마킹 여분이 남아있었고, 등번호인 9번도 정성훈의 16번에서 6을 떼와 180도 돌려 9를 만들 수 있었던 덕에 즉석에서 새 유니폼을 제작할 수 있었다. 제작진 중 자신이 정훈의 팬임을 밝힌 한 작가가 직접 굿즈샵에서 유니폼에 마킹을 한 뒤 정훈에게 전달했다.그리고 이날 경기부터 외야 관중석에도 스피커를 설치했다고 한다.[61]6월 19일 업로드된 7화 예고편의 부제는Save Us로, 끝판대장 오승환의등장곡이자 위기에 처한 불꽃 파이터즈를 구해달라는 희망을 담아 부제로 정한 듯하다.박정환 코치가 개인 사정으로 불참하면서 대타로 현 성균관대 코치인박지규코치가 합류했다.애국가는양다일이 불렀는데,이정과 닮은꼴이라서 이대호와 정근우가 이정으로 잘못 알아봤고 정근우는 아예 활동명을 바꿨느냐며 묻는가 하면, 오승환은 누군지도 모른다는 반응을 보이며 굴욕을 겪었다.2.4.1.스코어보드[편집]2026년 불꽃야구2 4경기6월 22일(본방송)고척 스카이돔|관중: 명팀선발123456789RHEB단국대학교박상연0000000303612불꽃 파이터즈이대은02030210-81108승리:이대은· 패배:박상연캐스터:정용검| 해설:김선우양팀 선발 라인업[ 펼치기 · 접기 ]단국대학교타순불꽃 파이터즈포지션선수명선수명포지션유격수신경헌C1정근우2루수포수이기욱2최수현우익수2루박성배3박용택C지명타자1루수성지백4이대호1루수지명타자곽성준5정성훈3루수우익수장현명6정의윤좌익수3루수정제은7이택근중견수좌익수이지원8박재욱포수중견수최재영9김재호유격수투수박상연SP이대은투수주요 기록[ 펼치기 · 접기 ]MVP이대은(5이닝 3피안타 무실점)결승타이택근(2회말 무사 1, 3루에서 1-2간 안타)3루타신경헌(3회)2루타이대호(6회)실책정제은(4회)병살타정근우(6회),정훈(7회)심판오병민, 김민균, 박원기, 김현삼슬레이트정근우애국가양다일투수 기록[ 펼치기 · 접기 ]단국대학교투수결과이닝타자투구타수안타홈런사사구삼진실점자책점당일 ERA당일 WHIP박상연패1 2/311950122210.803.00조범규41975133051549.002.00김훈기1 1/375202116.752.25김진서144100000.001.00불꽃 파이터즈 투수 기록투수결과이닝타자투구타수안타홈런사사구삼진실점자책점당일 ERA당일 WHIP이대은승517163003000.000.60신재영2771001000.000.50김기민1/3419310113127.003.00오승환1 2/372861012000.000.60타자 기록[ 펼치기 · 접기 ]단국대학교 타자 기록타순선수포지션1회2회3회4회5회6회7회8회9회1신경헌유격수중안우중33땅사구결과4타석 3타수 2안타 1 3루타 1득점2이기욱포수투희번스낫유땅사구결과4타석 2타수 무안타 1타점김시우대주자결과0타석 0타수 무안타 1득점심한승포수결과0타석 0타수 무안타3박성배2루수포파땅안투땅결과4타석 4타수 1안타4성지백1루수우익수투땅안비좌전안결과4타석 4타수 2안타 2타점5곽성준지명타자???삼진결과4타석 4타수 무안타 1삼진6장현명우익수땅우비결과2타석 2타수 무안타진태현1루수삼진중비결과2타석 2타수 1삼진7정제은3루수?결과1타석 1타수 무안타윤채원3루수중비우전안결과2타석 2타수 1안타 1득점강찬수대타중비결과1타석 1타수 무안타8이지원좌익수유땅삼진포땅삼진결과4타석 4타수 무안타 2삼진9최재영중견수1비우비스낫결과3타석 3타수 무안타 1삼진불꽃 파이터즈 타자 기록타순선수포지션1회2회3회4회5회6회7회8회9회1정근우2루수중안중비좌비2병3직결과5타석 5타수 1안타 1병살2최수현우익수1땅사구4구4구?결과5타석 2타수 무안타 1득점 2볼넷3박용택지명타자삼진2땅중안우전안?결과5타석 5타수 2안타 1타점 1득점 1삼진4이대호1루수삼진비우희비우2안결과5타석 4타수 2안타 1 2루타 3타점 1삼진5정성훈3루수중안4구삼진2비결과5타석 4타수 1안타 1득점 1삼진임태윤3루수유격수?결과1타석 1타수 무안타6정의윤좌익수우중안??결과3타석 3타수 1안타 1득점문교원대타좌안결과1타석 1타수 1안타 1득점강동우좌익수결과0타석 0타수 무안타7이택근중견수우안4구?사구결과4타석 2타수 1안타 1타점 1득점 1볼넷8박재욱포수우희비우전안비결과3타석 2타수 1안타 1타점 1득점박지민대타포수4구결과1타석 0타수 무안타 1볼넷9김재호유격수좌안3실4구결과3타석 2타수 1안타 1득점 1볼넷정훈대타3루수2병결과1타석 1타수 무안타 1병살득점 루트[ 펼치기 · 접기 ]이닝득점 구단득점 루트스코어2회말파이터즈이택근의 1-2간 안타로 1득점단국대0 :1 파이터즈박재욱의 우익수 희생 플라이로 1득점단국대0 :2 파이터즈4회말상대 3루수 실책으로 1득점단국대0 :3 파이터즈박용택의 2-유간 안타로 1득점단국대0 :4 파이터즈이대호의 우익수 희생 플라이로 1득점단국대0 :5 파이터즈6회말이대호의 우월 2루타로 2득점단국대0 :7 파이터즈7회말정훈의 병살타로 1득점단국대0 :8 파이터즈8회초단국대이기욱의 밀어내기 사구로 1득점단국대 1: 8파이터즈성지백의 좌전 안타로 2득점단국대 3: 8파이터즈촬영일(실제 경기일): 2026년 5월 24일 14:00, 고척 스카이돔선수변동 및 부상영입: 오승환(前 삼성 라이온즈 투수)임대: 정훈(前 롯데 자이언츠 내야수), 박지규(일일코치)불참 및 결장: 니퍼트(허리 디스크 수술로 불참)[A], 김문호(햄스트링 부상), 현빈(근육파열)경기 내용이닝경기내용1회초1.신경헌(2-유간 안타), 2.이기욱(희생번), 3.박성배(포파), 4.성지백(투땅)말1.정근우(2-유간 안타), 2.최수현(1땅 → 주자 진루), 3.박용택(삼진), 4.이대호(삼진)2회초<방송편집>[63]5.곽성준(), 6.장현영(땅볼), 7.정제은()말5.정성훈(2-유간 안타), 6.정의윤(우중간 안타), 7.이택근(1-2간 안타 → 3루 주자 홈인1:0),8.박재욱(우익수 희생플라이 → 3루 주자 태그업2:0), 9.김재호(3-유간 안타), 1.정근우(중비), 2.최수현(사구),투수교체 박상연 → 조범규3.박용택(2땅)3회초8.이지원(유땅), 9.최재영(1비), 1.신경헌(우중간 3루타), 2.이기욱(스트라이크 낫아웃)말<방송편집>4회초<방송편집>3.박성배(땅볼), 4.성지백(안타), 5.곽성준()말7.이택근(4구), 8.박재욱(우전 안타), 9.김재호(3루수 포구 실책 → 2루 주자 홈인3:0),대수비 정제은 → 윤채원1.정근우(좌비), 2.최수현(4구), 3.박용택(2-유간 안타 → 3루 주자 홈인4:0),4.이대호(우익수 희생플라이 → 3루 주자 태그업5:0), 5.정성훈(삼진)5회초6.장현명(우비), 7.윤채원(중비), 8.이지원(삼진)말<방송편집>6.정의윤(), 7.이택근(), 8.박재욱(뜬공)6회초투수교체 이대은 → 신재영9.최재영(우비), 1.신경헌(3땅), 2.이기욱(유땅)말1.김재호(4구), 1.정근우(DP-463), 2.최수현(4구), 3.박용택(우전 안타),투수교체 조범규 → 김훈기4.이대호(우월 2루타 → 1, 2루 주자 홈인7:0)대수비 장현명 → 진태현수비조정 성지백(1루수 → 우익수), 진태현(우익수 → 1루수)5.정성훈(2비)7회초<방송편집>대수비 정성훈 → 임태윤3.박성배(안타), 4.성지백(뜬공), 5.곽성준(), 6.진태현(삼진)말대타 정의윤 → 문교원6.문교원(3-유간 안타), 7.이태근(사구),대타 박재욱 → 박지민8.박지민(4구)대타 김재호 → 정훈9.정훈(DP-463 → 3루 주자 홈인8:0), 1.정근우(1직)8회초투수교체 신재영 → 김기민대수비 문교원 → 강동우수비조정 임태윤(3루수 → 유격수), 정훈(3루수)7.윤채원(우전 안타), 8.이지원(포땅 → 주자 진루), 9.최재영(낫아웃 → 포수 포구 실패 → 출루), 1.신경헌(사구)투수교체 김기민 → 오승환2.이기욱(사구 → 3루 주자 홈인1:8),대주자 이기욱 → 김시우3.박성배(투땅 → 3루 주자 태그아웃), 4.성지백(좌전 안타 → 2, 3루 주자 홈인3:8), 5.곽성준(삼진)말<방송편집>투수교체 김훈기 → 김진서대수비 김시우 → 심한승2.최수현(), 3.박용택(), 4.이대호(안타), 5.임태윤()9회초6.진태현(중비),대타 윤채원 → 강찬수7.강찬수(중비), 8.이지원(삼진)말-경기 총평경기 MVP는 이대은이 차지했다.신입생 듀오 오승환-정훈 모두 꽤 혹독한 신고식을 치렀다. 오승환은 8회 1사 만루 상황에서 등판했으나 밀어내기 사구 및 적시타를 허용하며 3점을 내줬고[64]정훈은 대타로 투입된 7회 파이터즈에서의 첫 타석을 병살로 날려먹었으며 3루 수비는 딱히 타구를 처리할 상황이 나오지 않아 사실상 이번 경기에서 아무것도 보여주지 못했다.2.5.5R VS인하대[편집]5월 18일 공지가 올라왔다.상대인 인하대는 25시즌 상대 팀으로, 현 소속선수문교원과 파이터즈 코치이광길KNN 해설위원의 모교이다.현 소속 선수 중에는 문교원 외에도 25시즌 강릉고 편에 나왔던 투수 이의천이 있다.[65][66]5월 30일 토요일 오후 5시인천 SSG 랜더스필드에서 치러지며, 5월 26일 화요일 오후 2시부터 yes24를 통해 예매가 가능하다.직관 예고 영상 등을 통해 문교원은 인하대 소속으로 출전하는 것이 유력했고 단국대전 시상식에서 사실로 밝혀졌다. 이로써 문교원은 2시즌 연속으로 원 소속팀에서 파이터즈를 상대하는 최초의 선수가 되었다.[67]6월 25일 올라온 예고편의 의하면 이 경기의 부제는The Captain으로 정해졌다. 문교원 캡틴이 이끄는 인하대와 박용택 캡틴이 이끄는 파이터즈의 지휘력 싸움에서 이길 팀은 누구일지를 가를 경기가 될 것으로 보인다.트라이아웃 당시 일일 코치로 참여했던김지수가 이번에도 일일 코치로 합류해 간만에 출연했으며, 시즌 첫 출근만에 김성근 감독의 지시로 라인업을 작성하는 중책을 맡았다.[68]타선은 늘 보던 것과 거의 비슷했지만 선발투수로 신재영을 내세우며 나름의 파격을 선보였다.한편 김지수 코치가 라인업 작성을 마치고 컨펌을 받는 과정에서김광현이 김성근 감독에게 지도를 받는 모습이 짧게 지나갔다.[69]애국가 제창은 러블리즈의Kei가 맡았으며, 유명인 관중으로는 배우경수진[70]이 직관을 갔다.한편 해당 경기가 방송에 나간 다음날 임태윤이 육성선수로SSG 랜더스에 입단한다는 사실이 알려졌다.2.5.1.스코어보드[편집]2026년 불꽃야구2 5경기6월 29일(본방송)인천 SSG 랜더스필드|관중: 명팀선발123456789RHEB인하대학교김강01000200141300불꽃 파이터즈신재영50001000-61108승리:유희관· 세이브:이대은· 패배:김강캐스터:정용검| 해설:김선우양팀 선발 라인업[ 펼치기 · 접기 ]인하대학교타순불꽃 파이터즈포지션선수명선수명포지션지명타자문교원C1정근우2루좌익수강성현2최수현우익수중견수이민준3박용택C지명타자포수박정훈4이대호1루1루김현수5정의윤죄익수2루이유성6정성훈3루우익수박시현7이택근중견수유격수김정환8박재욱포수3루이찬서9김재호유격수투수김강SP신재영투수주요 기록[ 펼치기 · 접기 ]MVP김재호(3타수 2안타 2타점 1볼넷)결승타정의윤(1회말 무사 만루에서 좌안)3루타김정환(9회)2루타강성현(1회),이택근(3회), 문교원(5회), 이민준(6회), 박정훈(6회)도루이찬서(2회, 7회)주루사박재욱(1회), 강성현(3회), 이민준(6회)견제사이유성(6회)병살타전민준(8회)심판김봉희, 박원기, 최형준, 오병민비디오 판독6회초 (파이터즈 요청)김현수 2루에서 태그아웃 관련 세이프·아웃 여부 | 세이프 → 세이프9회초 (파이터즈 요청)이찬서 베터박스 안에서 타구맞음 파울·아웃 여부 | 파울 → 파울슬레이트정근우애국가Kei투수 기록[ 펼치기 · 접기 ]인하대학교투수결과이닝타자투구타수안타홈런사사구삼진실점자책점당일 ERA당일 WHIP김강패1/364302055135.0012.00이의천4 1/32087155043112.082.08고도영김도현불꽃 파이터즈 투수 기록투수결과이닝타자투구타수안타홈런사사구삼진실점자책점당일 ERA당일 WHIP신재영416165002112.251.25유희관승1 2/3826800002210.802.40이대은세3 1/31355130006112.701.20타자 기록[ 펼치기 · 접기 ]인하대학교 타자 기록타순선수포지션1회2회3회4회5회6회7회8회9회1문교원지명타자중비중비좌2삼진2땅결과5타석 5타수 1안타 1 2루타 1삼진2강성현좌익수좌2중전안3땅삼진결과4타석 4타수 2안타 1 2루타 1삼진3이민준중견수삼진삼진우2결과4타석 4타수 1안타 1 2루타 2삼진4박정훈포수유땅유직우2우전안결과4타석 4타수 2안타 1 2루타 1득점5김현수1루수2안유땅3땅결과3타석 3타수 1안타 2득점전민준우익수유병결과1타석 1타수 무안타 1병살6이유성3루수2비2땅1안삼진결과4타석 4타수 1안타 1타점 1삼진7박시현우익수유땅유땅결과2타석 2타수 무안타송지훈대타1루수좌안스낫결과2타석 2타수 1안타 1타점 1삼진8김정환유격수우중안1땅중비좌중3결과4타석 4타수 2안타 1 3루타 1타점 1득점9이찬서3루수우안투땅중안스낫결과4타석 4타수 2안타불꽃 파이터즈 타자 기록타순선수포지션1회2회3회4회5회6회7회8회9회1정근우2루수사구좌안좌비중비안결과5타석 4타수 1안타 1타점 1득점2최수현우익수4구비삼진사구?결과5타석 2타수 1안타 1득점 1볼넷 1삼진3박용택지명타자중안4구???결과5타석 4타수 1안타 1득점 1볼넷4이대호1루수1비??4구?결과5타석 4타수 무안타 1볼넷5정의윤좌익수좌안유땅4구?결과4타석 3타수 1안타 1타점 2득점 1볼넷현빈좌익수결과0타석 0타수 무안타6정성훈3루수중안4구투희번유안결과4타석 2타수 2안타 1타점 1득점 1볼넷임태윤대주자3루수결과0타석 0타수 무안타7이택근중견수2직좌2유땅투희번결과4타석 3타수 1안타 1 2루타8박재욱포수중전안삼진중전안삼진결과4타석 4타수 2안타 1타점 2삼진9김재호유격수좌안4구우중23직결과4타석 3타수 2안타 1 2루타 2타점 1볼넷득점 루트[ 펼치기 · 접기 ]이닝득점 구단득점 루트스코어1회말파이터즈정의윤의 3-유간 안타로 1득점인하대0 :1 파이터즈정성훈의 2-유간 안타로 1득점인하대0 :2 파이터즈박재욱의 중전 안타로 1득점인하대0 :3 파이터즈김재호의 3-유간 안타로 1득점인하대0 :4 파이터즈정근우의 3-유간 안타로 1득점인하대0 :5 파이터즈2회초인하대김정환의 우중간 안타로 1득점인하대 1: 5파이터즈5회말파이터즈김재호의 우중간 안타로 1득점인하대1 :6 파이터즈6회초인하대이유성의 내야 안타로 1득점인하대 2: 6파이터즈송지훈의 3-유간 안타로 1득점인하대 3: 6파이터즈9회초이찬서의 낫아웃 및 폭투로 1득점인하대 4: 6파이터즈촬영일(실제 경기일): 2026년 5월 30일 17:00, 인천 SSG 랜더스필드선수변동 및 부상불참 및 결장: 니퍼트(허리 디스크 수술로 불참)[A], 김문호(햄스트링 부상), 문교원(원소속팀 차출)임대: 김지수(일일 코치), 정훈경기 내용이닝경기내용1회초1.문교원(중비), 2.강성현(3-유간 2루타), 3.이민준(삼진), 4.박정훈(유땅)말1.정근우(사구), 2.최수현(4구), 3.박용택(2-유간 안타), 4.이대호(1비),5.정의윤(3-유간 안타 → 3루 주자 홈인0:1), 6.정성훈(2-유간 안타 → 3루 주자 홈인0:2),투수교체 김강 → 이의천7.이택근(2직), 8.박재욱(중전 안타 → 3루 주자 홈인0:3), 9.김재호(3-유간 안타 → 3루 주자 홈인0:4),1.정근우(3-유간 안타 → 3루 주자 홈인0:5→ 2루 주자 홈에서 태그아웃)2회초5.김현수(내야 안타), 6.이유성(2비), 7.박시현(유땅 → 주자 진루), 8.김정환(우중간 안타 → 2루 주자 홈인1:5),9.이찬서(1-2간 안타), 1.문교원(1루 주자 도루 → 중비)말<방송 편집>[72]2.최수현(뜬공), 3.박용택(), 4.이대호()3회초2.강성현(중전 안타), 3.이민준(삼진), 4.박정훈(유직 → 1루 주자 아웃)말5.정의윤(유땅), 6.정성훈(4구), 7.이택근(좌월 2루타), 8.박재욱(삼진), 9.김재호(4구), 1.정근우(좌비)4회초5.김현수(유땅), 6.이유성(2땅), 7.박시현(유땅)말<방송 편집>2.최수현(삼진), 3.박용택(), 4.이대호()5회초투수교체 신재영 → 유희관8.김정환(1땅, 31), 9.이찬서(투땅), 1.문교원(좌선상 2루타), 2.강성현(3떵)말5.정의윤(4구), 6.정성훈(투희번), 7.이택근(유땅), 8.박재욱(중전 안타),투수교체 이의천 → 고도영9.김재호(우중간 2루타 → 3루 주자 홈인6:1), 1.정근우(중비)6회초3.이민준(우선상 2루타), 4.박정환(우월 2루타), 5.김현수(3땅 → 3루 주자 태그 아웃),6.이유성(2루 주자 견제 → 태그 아웃 관련 비디오 판독: 세이프 원심 유지 → 내야 안타 → 3루 주자 홈인2:6),대타 박시현 → 송지훈7.송지훈(1루 주자 견제사)투수교체 유희관 → 이대은7.송지훈(3-유간 안타 → 3루 주자 홈인3:6) 8.김정환(중비)말<방송 편집>대수비 김현수 → 전민준수비조정 전민준(1루수 → 우익수), 송지훈(우익수 → 1루수)7회초9.이찬서(2-유간 안타), 1.문교원(1루 주자 도루 → 삼진), 2.강성현(삼진), 3.이민준(삼진)말6.정성훈(내야 안타),대주자 정성훈 → 임태윤7.이택근(투희번), 8.박재욱(삼진), 9.김재호(3직)8회초4.박정환(우전 안타), 5.전민준(DP-643), 6.이유성(삼진)말<방송 편집>[73]투수교체 고도영 → 김도형[74]1.정근우(안타), 2.최수현(희생번트)[75], 3.박용택(), 4.이대호()9회초대수비 정의윤 → 현빈7.송지훈(스낫), 8.김정환(좌중간 3루타),9.이찬서(타구 맞음 아웃 관련 비디오 판독:파울 원심유지 → 스낫 → 3루 주 홈인4:6), 1.문교원(2땅)말-경기 총평낡은이들의 주력 저하로 이른바윷놀이야구가 펼쳐지는 가운데, 정성훈과 하위 타선의 박재욱, 김재호가 활약하며 꾸준히 점수를 본택 덕에 일찍부터 승기를 잡았다.이날 안타 수는 오히려 인하대가 앞섰지만, 인하대 투수진이 사사구를 8개나 내준 것이 결정적인 패인이었다. 한편, 인하대 문교원C는 이번 경기 전반적으로 타석에서 아쉬운 모습을 보였으나, 천적 유희관을 상대로 2루타를 뽑아내며 '유희관 킬러'로서의 존재감만큼은 확실하게 각인시켰다.2.6.6R VS배재고(미방영)[편집]인하대 직관이 치러진 5월 30일 공개되었다.상대인 배재고의 출신 인물로이영민[76],김태원현전주기전대학야구부 감독,노찬엽현연천 미라클코치 등이 있고, 현역선수로는김민혁,김한별등이 있으며, 파이터즈 선수였던박찬형도 이 학교 출신이다.6월 7일 고척 스카이돔에서 직관이 치러지며, 6월 2일 예스24를 통해 예매가 가능하다.시즌 2 최초이자 지난 11월 대학리그 올스타전 이후 7개월 만에 SBS Plus를 통해 특집 불꽃야구[77]로 생중계 될 예정으로, 단일 고교팀을 상대하는 경기가 SBS 생중계에 편성된 건 이번이 처음이다.[78]중계진의 경우 기존의 생중계 담당인 한장희-손건영이 아닌 같은 SBS 계열의SBS Sports소속의정우영캐스터와이순철해설위원이 나선다.[79]이 경기에서정훈의 출전이 처음으로 공개되었다. 추가로 주루코치는김지수가 담당했고, 배번은 현역 시절과 동일하게 5번을 부여받았다.[80]같은 SBS Plus의 대표 프로그램나는 솔로의 30기 영수·옥순[81]커플이 직관을 왔다.그런데 6월 29일, 배재고가광주일고와의청룡기 경기 도중 지역비하 및 민주화운동 조롱으로 엄청난 논란을 일으키면서해당 경기가 방송될 수 있을지 불명확해졌다. 하필 배재고 편 본방이 당장 1주일 뒤인 7월 6일 공개 예정인데, 방영을 강행해도 문제겠지만 배재고 편을폐기할 경우 현재까지 촬영한 에피소드가 성남고 편과 휘문고 편 밖에 없어 에피소드 수를 억지로 늘리더라도 4회차 정도밖에 여유분이 없을 것으로 보여 제작진 입장에서는 여러모로 진퇴양난에 빠진 상황일 듯하다. 부싯돌즈 사이에서는 괘씸하다며 공개하지 말라는 여론이 있는가하면, 반대로 대놓고 공개해서 지역비하를 곁들인 조롱 응원에 동조했을 선수들을 박제하라는 여론도 있을 만큼 어떤 의미에서든 부정적인 반응이 앞서고 있다.[82]사태가 불거진 다음날인 6월 30일, 스튜디오 C1 측에서는 사안의 심각성을 충분히 인지하고 있으며 신중한 검토 후 방영 여부를 결정할 것이라는 입장을 전했다.관련기사결국 7월 1일, 스튜디오C1 측이 유튜브 채널 공지를 통해 7월 6일 방송 예정이었던 배재고 편은 방송하지 않기로 했으며 이에 따라 당일은 결방하고, 7월 13일 성남고 편부터 방송을 재개한다고 밝혔다.[83]이로써배재고 편은 끝내 폐기 수순을 밟게 되었다.#같은 날 진행 예정이었던 일 해라 장단장 역시 취소되었다.2.6.1.스코어보드[편집]2026년 불꽃야구2 6경기6월 7일(생방송)미방영 (본방송)[84]고척 스카이돔|관중: 명팀선발123456789RHEB배재고등학교김시후00000301041012불꽃 파이터즈이대은042003010108013승리:이대은· 홀드:신재영· 패배:김시후캐스터:정우영| 해설 :이순철[생중계]양팀 선발 라인업[ 펼치기 · 접기 ]배재고등학교타순불꽃 파이터즈포지션선수명선수명포지션유격수박준혁1정근우2루수중견수전흥민2김재호유격수3루수김유찬3정의윤좌익수우익수고현석4이대호1루수포수임태강5정성훈3루수2루수임종호6박용택C지명타자지명타자신준혁7이택근중견수1루수김보국8박재욱포수좌익수김하랑9최수현우익수투수김시후SP이대은투수주요 기록[ 펼치기 · 접기 ]MVP이택근(4타수 2안타 1볼넷 3타점)[86]결승타박재욱(2회말 1사 만루에서 밀어내기 사구)2루타박재욱(3회), 박준혁(6회),이택근(6회)실책김유찬(3회)도루전흥민 2(4회)병살타박용택(4회), 임태강(8회), 김하랑(9회)폭투송승준(6회)심판김민균, 김봉희, 오병민, 이민관비디오 판독4회초 (파이터즈 요청)전흥민2루에서 태그아웃 관련 세이프·아웃 여부 | 세이프 → 세이프8회초 (파이터즈 요청)임태강타구 페어·파울 관련 여부 | 파울 → 파울슬레이트정근우애국가김태우투수 기록[ 펼치기 · 접기 ]배재고등학교투수결과이닝타자투구타수안타홈런사사구삼진실점자책점당일 ERA당일 WHIP김시후패21354720514418.002.00임서후183442030219.004.00정유찬2 1/31137820303311.571.71고도현1 2/362951001000.000.60김지호2/3310300101113.501.50김태전029110100099.99-이준재1/31811001000.000.00불꽃 파이터즈 투수 기록투수결과이닝타자투구타수안타홈런사사구삼진실점자책점당일 ERA당일 WHIP이대은승51764162013000.000.60송승준0311220103399.99-신재영31239114004113.001.33유희관141642000000.002.00타자 기록[ 펼치기 · 접기 ]배재고등학교 타자 기록타순선수포지션1회2회3회4회5회6회7회8회9회1박준혁유격수삼진삼진좌2중안결과4타석 4타수 2안타 1 2루타 2득점 2삼진2전흥민중견수2땅좌안우안삼진결과4타석 4타수 2안타 1타점 1득점3김유찬3루수2안중비투희번좌중안결과4타석 3타수 2안타4고현석우익수포파중비삼진좌안결과4타석 4타수 안타 1타점 1삼진이재우대주자??결과0타석 0타수 무안타5임태강포수유땅3직우안투병결과4타석 4타수 1안타 1타점 1병살6임종호2루수4구3직중비우비결과4타석 3타수 무안타 1볼넷7신준혁지명타자투병2땅삼진결과3타석 3타수 무안타 1삼진 1병살오준혁대타좌안결과1타석 1타수 1안타이태석대주자결과0타석 0타수 무안타8김보국1루수3땅스낫결과2타석 2타수 무안타 1삼진이주빈대타삼진결과1타석 1타수 무안타 1삼진최윤재대타중전안결과1타석 1타수 1안타오해성대주자결과0타석 0타수 무안타9김하랑좌익수유땅4구2땅2병결과4타석 3타수 무안타 1득점 1볼넷 1병살불꽃 파이터즈 타자 기록타순선수포지션1회2회3회4회5회6회7회8회9회1정근우2루수유땅사구4구결과3타석 1타수 무안타 1타점 1볼넷정훈2루수3루수좌비삼진결과2타석 2타수 무안타 1삼진2김재호유격수3파삼진사구4구중비결과5타석 3타수 1득점 1볼넷 1삼진3정의윤좌익수좌비사구1비우비유땅결과5타석 4타수 무안타 1타점4이대호1루수좌전안유땅4구우안4구결과5타석 3타수 2안타 2득점 2볼넷문교원대주자1루수결과0타석 0타수 무안타5정성훈3루수투희번4구좌비결과3타석 1타수 무안타 1볼넷임태윤3루수좌안투땅결과2타석 2타수 1안타 2득점6박용택지명타자4구좌안1병중희비4구결과5타석 2타수 1안타 1타점 2득점 2볼넷 1병살7이택근중견수4구3땅좌비좌2좌안결과5타석 4타수 2안타 1 2루타 3타점 2득점 1볼넷8박재욱포수사구좌2파3땅결과4타석 3타수 1안타 1 2루타 2타점 1득점박지민대타포수삼진결과1타석 1타수 무안타 1삼진9최수현우익수우안우희비사구땅결과4타석 2타수 1안타 2타점득점 루트[ 펼치기 · 접기 ]이닝득점 구단득점 루트스코어2회말파이터즈박재욱의 밀어내기 사구로 1득점배재고0 :1 파이터즈최수현의 1-2간 안타로 1득점배재고0 :2 파이터즈정근우의 밀어내기 사구로 1득점배재고0 :3 파이터즈정의윤의 밀어내기 사구로 1득점배재고0 :4 파이터즈3회말박재욱의 3-유간 안타로 1득점배재고0 :5 파이터즈최수현의 우익수 희생플라이로 1득점배재고0 :6 파이터즈6회초배재고상대 투수의 폭투로 1득점배재고 1: 6파이터즈전흥민의 1-2간 안타로 1득점배재고 2: 6파이터즈임태강의 1-2간 안타로 1득점배재고 3: 6파이터즈6회말파이터즈박용택의 중견수 희생플라이로 1득점배재고3 :7 파이터즈이택근의 좌월 2루타로 2득점배재고3 :9 파이터즈8회초배재고고현석의 3-유간 안타로 1득점배재고 4: 9파이터즈8회말파이터즈이택근의 3-유간 안타로 1득점배재고4 :10 파이터즈촬영일(실제 경기일): 2026년 6월 7일 14:00, 고척 스카이돔선수변동 및 부상불참 및 결장: 니퍼트(허리 디스크 수술로 불참)[A], 김문호(햄스트링 부상)임대: 김지수(일일 코치), 정훈경기 내용이닝경기내용1회초1.박준혁(삼진), 2.전흥민(2땅), 3.김유찬(내야안타), 4.고현석(포파)말1.정근우(유땅), 2.김재호(3파), 3.정의윤(좌비)2회초5.임태강(유땅), 6.임종호(4구), 7.신준혁(DP-163)말4.이대호(좌전 안타), 5.정성훈(투희번), 6.박용택(4구), 7.이택근(4구), 8.박재욱(사구 → 3루 주자 홈인0:1),9.최수현(1-2간 안타 → 3루 주자 홈인0:2), 1.정근우(사구 → 3루 주자 홈인0:3),2.김재호(삼진), 3.정의윤(사구 → 3루 주자 홈인0:4), 4.이대호(유땅)3회초8.김보국(3땅), 9.김하랑(유땅), 1.박준혁(삼진)말투수교체 김시후 → 임서후5.정성훈(4구), 6.박용택(3-유간 안타), 7.이택근(3루수 송구 실책 → 2루 주자 태그아웃),8.박재욱(2루타 → 3루 주자 홈인0:5),9.최수현(우익수 희생플라이 → 2, 3루 주자 태그업0:6), 1.정근우(4구), 2.김재호(사구), 3.정의윤(1비)4회초대수비 정성훈 → 정훈2.전흥민(3-유간 안타), 3.김유찬(중비),4.고현석( 1루 주자 도루 → 2루 태그아웃 관련 비디오 판독: 세이프 원심유지 → 중비),5.임태강(2루 주자 도루 → 3직)말투수교체 임서후 → 정유찬4.이대호(4구), 5.정성훈(좌비), 6.박용택(DP-33)5회초6.임종호(3직), 7.신준혁(2땅), 8.김보국(스낫)말7.이택근(좌비), 8.박재욱(뜬공), 9.최수현(사구), 1.정훈(좌비)6회초투수교체 이대은 → 송승준대수비 정근우 → 임태윤수비조정 정훈(2루수 →3루수), 임태윤(2루수)9.김하랑(4구), 1.박준혁(좌선상 2루타), 2.전흥민(폭투 → 3루 주자 홈인1:6→ 1-2간 안타 → 3루 주자 홈인2:6),투수교체 송승준 → 신재영3.김유찬(투희번), 4.고현석(삼진), 5.임태강(1-2간 안타 → 2루 주자 홈인3:6), 6.임종호(중비)말2.김재호(4구), 3.정의윤(우비), 4.이대호(1-2간 안타), 5.임태윤(3-유간 안타),투수교체 정유찬 → 고도현6.박용택(중견수 희생플라이 → 3루 주자 태그업3:7),7.이택근(좌월 2루타 → 1, 2루 주자 홈인3:9), 8.박재욱(3땅)7회초7.신준혁(삼진),대타 김보국 → 이주빈8.이주빈(삼진), 9.김하랑(2땅)말9.최수현(땅볼), 1.정훈(삼진), 2.김재호(중비)8회초1.박준혁(2-유간 안타), 2.전흥민(삼진), 3.김유찬(좌중간 안타), 4.고현석(3-유간 안타 → 3루 주자 홈인4:9)대주자 고현석 → 이재우5.임태강(타구 관련 비디오 판독: 파울 원심유지 → DP-156)말투수교체 고도현 → 김지호3.정의윤(유땅), 4.이대호(4구),대주자 이대호 → 문교원5.임태윤(투땅 → 1루 주자 아웃)투수교체 김지호 → 김태전6.박용택(4구), 7.이택근(3-유간 안타 → 2루 주자 홈인4:10)투수교체 김태전 → 이준재대타 박재욱 → 박지민8.박지민(삼진)9회초투수교체 신재영 → 유희관6.임종호(우비),대타 신준혁 → 오준혁7.오준혁(3-유간 안타),대주자 오준혁 → 이태석대타 이주빈 → 최윤재8.최윤재(중전 안타)대주자 최윤재 → 오해성9.김하랑(DP-463)말-경기 총평이 경기에서 4 : 10으로 파이터즈가 승리를 거두며 시즌 전적 5승 1패가 되었다.[88]이날 송승준의 첫 등판이 있었지만 0이닝 3실점을 기록하며속꽉남이 되었고, 그 와중에 배재고편이 결방되면서 투구 내용조차 볼 수 없게 되었다.7월 22일에 MVP 시상식 부분만 별도로 올라왔다. 경기 MVP는 이택근이 선정되었다.2.7.7R VS성남고[편집]배재고 직관이 치러진 6월 7일에 공개되었다.상대인 성남고는 25시즌 상대 팀으로 2025황금사자기 전국고교야구대회우승팀이기도 하다.출신 인물로는차명석현 LG 트윈스 단장, 배우정보석[89],최태원현경희대학교 야구부감독,고영민현 기아 타이거즈 1군 작전·주루코치,박경수현 kt wiz 1군 주루코치,박병호현 키움 히어로즈 잔류군 선임코치 등이 있고, 현역 선수로는노경은,오선진,배정대,배제성,이정용,손동현등이 있다.[90]현 소속선수 중에는이호준현 NC 다이노스 감독의 둘째 아들 이동욱이 3학년에 재학 중이다.[91]6월 9일 화요일 오후 2시에 예스24를 통해 예매가 가능하고, 경기는 6월 13일 오후 5시에인천 SSG 랜더스필드에서 치러진다.7월 9일 올라온 예고에 의하면 이 경기의 부제는ACE match라고 한다. 성남고와 파이터즈의 명품 투수전이 예고되는 가운데[92]과연 두 팀 중 누가 투수진의 자물쇠를 열어젖히느냐에 따라 승부가 갈릴 것으로 보인다.라인업의 경우 정근우가 제외되고 그 자리에 임태윤이 리드오프 2루수로 나서는 큰 변화가 있었고, 신재영이 시즌 2번째 선발 등판을 하게 되었다. 캐스터는 지난 롯데전에 이어 이번에도 한장희 캐스터가 담당했다.애국가는SG워너비의김용준이 불렀다.2.7.1.스코어보드[편집]2026년 불꽃야구2 7경기7월 13일(본방송)인천 SSG 랜더스필드|관중: 명팀선발123456789RHEB성남고등학교김진호0000000000310불꽃 파이터즈신재영00010230-6807승리:신재영· 홀드:이대은· 세이브:오승환· 패배:김진호캐스터: 한장희 | 해설:김선우양팀 선발 라인업[ 펼치기 · 접기 ]성남고등학교타순불꽃 파이터즈포지션선수명선수명포지션2루수정의택1임태윤2루수유격수김건우2최수현우익수좌익수최세환3박용택C지명타자3루수이동욱C4이대호1루수포수김태욱5이택근중견수우익수이승환6정성훈3루수중견수김현우7박재욱포수1루수임지우8정의윤좌익수지명타자김재호9김재호유격수투수김진호SP신재영투수주요 기록[ 펼치기 · 접기 ]MVP신재영(5.2이닝 8K 무실점 ERA 0.79)결승타김재호(5회말 2사 1루에서 2루타)2루타김재호(5회),박재욱(7회)실책이동욱(7회)병살타선수명()심판박원기, 김봉희, 최형준, 김민재비디오 판독8회초 (성남고 요청)서찬빈 1루에서 포스아웃 관련 세이프·아웃 여부 | 아웃 → 아웃슬레이트정근우애국가김용준투수 기록[ 펼치기 · 접기 ]성남고등학교투수결과이닝타자투구타수안타홈런사사구삼진실점자책점당일 ERA당일 WHIP김진호패4 2/31881173017111.930.86봉승현1 2/3741020215.401.20유예준1/3321010000.003.00부건우1/3110000000.000.00강준우02110102299.99-김지민1/34320101127.009.00강우진2/3320012000.001.50불꽃 파이터즈 투수 기록투수결과이닝타자투구타수안타홈런사사구삼진실점자책점당일 ERA당일 WHIP신재영승5 2/320203008000.000.53이대은홀2660001000.000.00오승환세1 1/341540000000.000.00타자 기록[ 펼치기 · 접기 ]성남고등학교 타자 기록타순선수포지션1회2회3회4회5회6회7회8회9회1정의택2루수유땅땅유안1파결과4타석 4타수 1안타2김건우유격수2땅유땅2안1비결과4타석 4타수 1안타3최세환좌익수삼진삼진유땅우비결과3타석 3타수 무안타 2삼진4이동욱3루수삼진삼진2땅결과3타석 3타수 무안타 2삼진5김태욱포수?삼진유땅결과3타석 3타수 무안타 1삼진6이승환우익수?2땅삼진결과3타석 3타수 무안타 1삼진7김현우중견수땅유직2땅결과3타석 3타수 무안타8임지우1루수안삼진결과2타석 2타수 1안타 1삼진최서준1루수2땅결과1타석 1타수 무안타방민석1루수결과0타석 0타수 무안타9김재호지명타자?삼진결과2타석 2타수 무안타 1삼진서찬빈대타2땅결과1타석 1타수 무안타불꽃 파이터즈 타자 기록타순선수포지션1회2회3회4회5회6회7회8회9회1임태윤2루수삼진삼진결과2타석 2타수 무안타 2삼진문교원대타2땅결과1타석 1타수 무안타정훈2루수3땅4구결과2타석 1타수 무안타 1타점 1볼넷2최수현우익수1루수좌비삼진?3파삼진결과5타석 5타수 무안타 2삼진3박용택지명타자우안삼진4구4구결과4타석 2타수 1안타 1득점 2볼넷 1삼진4이대호1루수1파좌전안?중안결과4타석 4타수 2안타 1득점강동우우익수결과0타석 0타수 무안타5이택근중견수삼진3땅사구1비결과4타석 3타수 무안타 1득점6정성훈3루수삼진중비투희번중전안결과4타석 3타수 1안타 1득점 1삼진7박재욱포수삼진4구우중2우전안결과4타석 3타수 2안타 1 2루타 2타점 1득점 1볼넷 1삼진8정의윤좌익수땅유땅사구결과3타석 2타수 무안타 1득점현빈대주자좌익수4구결과1타석 0타수 무안타 1타점 1볼넷9김재호유격수비중2우안삼진결과4타석 4타수 2안타 1 2루타 1타점 1삼진득점 루트[ 펼치기 · 접기 ]이닝득점 구단득점 루트스코어5회말파이터즈김재호의 중전 2루타로 1득점성남고0 :1 파이터즈7회말박재욱의 좌중간 2루타로 1득점성남고0 :2 파이터즈정훈의 3루 땅볼 후 상대 3루수 송구 실책로 1득점성남고0 :3 파이터즈8회말박재욱의 1-2간 안타로 1득점성남고0 :4 파이터즈현빈의 밀어내기 4구로 1득점성남고0 :5 파이터즈정훈의 밀어내기 4구로 1득점성남고0 :6 파이터즈촬영일(실제 경기일): 2026년 6월 13일 17:00, 인천 SSG 랜더스필드선수변동 및 부상불참 및 결장: 니퍼트(허리 디스크 수술로 불참)[A], 김문호(햄스트링 부상)임대: 김지수(일일 코치), 정훈경기 내용이닝경기내용1회초1.정의택(유땅), 2.김건우(2땅), 3.최세환(삼진)말1.임태윤(삼진), 2.최수현(좌비), 3.박용택(1-2간 안타), 4.이대호(1파)2회초<방송편집>4.이동욱(삼진), 5.김태욱(), 6.이승환()말5.이택근(삼진), 6.정성훈(삼진), 7.박재욱(삼진)3회초<방송편집>7.김현우(땅볼), 8.임지우(안타), 9.김재호(), 1.전의택(땅볼)말<방송편집>8.정의윤(땅볼), 9.김재호(뜬공), 1.임태윤(삼진)4회초2.김건우(유땅), 3.최세환(삼진), 4.이동욱(삼진)말2.최수현(삼진), 3.박용택(삼진), 4.이대호(좌전 안타), 4.이택근(3땅)5회초5.김태욱(삼진), 6.이승환(2땅), 8.김현우(유직)말6.정성훈(중비), 7.박재욱(4구), 8.정의윤(유땅 → 1루 주자 아웃), 9.김재호(중전 2루타 → 1루 주자 홈인0:1)투수교체 김지호 → 봉승현대타 임태윤 → 문교원1.문교원(2땅)6회초대수비 문교원 → 정훈8.임지우(삼진), 9.김재호(삼진), 1.정의택(내야안타), 2.김건우(내야안타),투수교체 신재영 → 이대은3.최세환(유땅, 64)말<방송편집>대수비 임지우 → 최서준[94]2.최수현(), 3.박용택(4구), 4.이대호()7회초4.이동욱(2땅), 5.김태욱(유땅), 6.이승환(삼진)말5.이택근(사구), 6.정성훈(투희번), 7.박재욱(우중간 2루타 → 2루 주자 홈인0:2),투수교체 봉승현 → 유예준8.정의윤(사구), 9.김재호(1-2간 안타),대주자 정의윤 → 현빈1.정훈(3땅-2루 주자 포스아웃 → 3루수 송구 실책 → 2루 주자, 타자 추가진루 및 3루 주자 홈인0:3),투수교체 유예준 → 부건우2.최수현(3파)8회초7.김현우(2땅), 8.최서준(2땅),투수교체 이대은 → 오승환대타 김재호 → 서찬빈9.서찬빈(2땅 → 1루 포스아웃 관련 비디오 판독: 아웃 원심유지)말투수교체 부건우 → 강준우대수비 최서준 → 방민석3.박용택(4구), 4.이대호(2-유간 안타),투수교체 강준우 → 김지민5.이택근(1비), 6.정성훈(중전 안타), 7.박재욱(우전 안타 → 3루 주자 홈인0:4), 8.현빈(4구 → 3루 주자 홈인0:5),투수교체 김지민 → 강우진9.김재호(삼진), 1.정훈(4구 → 3루 주자 홈인0:6), 2.최수현(삼진)9회초대수비 이대호 → 강동우수비조정 최수현(우익수 → 1루수), 강동우(우익수)1.정의택(1파), 2.김건우(1비), 3.최세환(우비)말-경기 총평2.8.8R VS휘문고[편집]유신고 직관과 같이 공지되었다.상대인 휘문고는 23시즌 상대팀이자 2025대통령배 전국고교야구대회준우승 팀으로, 캡틴박용택과 해설위원김선우[95], 몬스터즈 시절 소속선수인지석훈현NC 다이노스2군 수비코치의 모교이자[96], MLB에서 활약 중인이정후를 비롯해안우진,박민우,임찬규등 여러 걸출한 선수들을 배출해낸 학교이다.[97]6월 24일 오후 2시 예스24를 통해 예매가 가능하고, 경기는 6월 28일 오후 2시 고척 스카이돔에서 치러진다.또한 이 경기도 특집 불꽃야구로 SBS Plus를 통해 편성이 되는데, 배재고 편과 마찬가지로 정우영X이순철 콤비가 중계에 나선다.흥미롭게도 같은 영상임에도 SBS Plus 공식채널에 올라온 영상 제목에는 '휘문고가 낳은 최고의 스타'라며 박용택을 언급했고[98], SBS Sports 공식채널에는 '이정후의 모교'라며 휘문고와의 경기를 홍보했는데, 아무래도 박용택은 경쟁사인KBS와KBS N SPORTS, 다른 휘문고 출신인 김선우 역시도MBC SPORTS+해설위원으로 활동하고 있다 보니 이정후의 이름을 쓴 것으로 보인다.한편 이번 직관에서 처음으로 '다크불꽃'이란 이름의 새 중계 콘텐츠를 선보일 예정이다. 1시 45분부터 시작되며, 중계진에는 캐스터에 최태규 PD, 해설에 한장희 캐스터가 함께한다. 고척돔 외야석 한 켠에서 중계가 진행될 예정으로, 경기 장면은 따로 제공하지 않으며 풀버전은 휘문고 본방이 나간 후에 공개 예정이다.지난 배재고전과 마찬가지로 같은 방송사 프로그램인 나는 솔로 28기 상철·정숙 부부가 직관을 왔으며, 전 야구선수황재균도 자신의 인스타 스토리에직관 인증샷을 남겼다.11부의 부제는Silence. 이날 박용택의 요청으로 전광판에 ""박용택 씨의 타석입니다. 다들 조용히 해 주세요.""라는 문구가 띄워졌고[99], 맞이한 타석에서 공을 몸에 맞으며 선수단과 관중들의 비웃음거리로 전락하며 망신(?)을 당했다.[100]그러다가 결국 경기 후반부[101]두들겨 맞고 거기에 이후 타석도 연속되는 볼넷 파티에 견디다 못한 박용택이 GG를 치며 제작진에게 다시 응원을 틀어달라고 부탁했다고 한다.2.8.1.스코어보드[편집]2026년 불꽃야구2 8경기6월 28일(생방송)7월 27일, 8월 3일(본방송)고척 스카이돔|관중: 명팀선발123456789RHEB휘문고등학교임호윤00013000041211불꽃 파이터즈유희관01340122-1316010승리:신재영· 홀드:이대은· 패배:임호윤캐스터:정우영| 해설 :이순철[생중계]캐스터:정용검| 해설:김선우[녹화중계]양팀 선발 라인업[ 펼치기 · 접기 ]휘문고등학교타순불꽃 파이터즈포지션선수명선수명포지션2루수김용휘1정근우2루수우익수허진호2최수현우익수포수유제민C3박용택C지명타자지명타자김도훈4이대호1루수유격수김윤규5정성훈3루수1루수서찬빈6정의윤좌익수좌익수서현우7이택근중견수3루수주윤성8박재욱포수중견수이웅찬9김재호유격수투수임호윤SP유희관투수주요 기록[ 펼치기 · 접기 ]MVP신재영(4이닝 9탈삼진 무실점 ERA 0.68, 승리투수)결승타이택근(2회말 2사에서 좌월 홈런)홈런이택근(2회)2루타정근우(3회, 5회), 김도훈(4회),박재욱(4회), 이용찬(5회),정훈(7회),최수현(8회)실책서찬빈(3회)견제사주윤성(3회)주루사최수현(8회)병살타유제민(1회),박용택(5회),정의윤(6회),폭투김정현(6회)심판최형준, 박원기, 오병민, 김봉희비디오 판독4회초 (휘문고 요청)박재욱 2루에서 태그아웃 관련 세이프·아웃 여부 | 세이프 → 세이프슬레이트정근우시구 및 시타자시구-소유[104]/ 시타-문교원애국가황치열투수 기록[ 펼치기 · 접기 ]휘문고등학교투수결과이닝타자투구타수안타홈런사사구삼진실점자책점당일 ERA당일 WHIP임호윤패2 1/31236102120427.711.29이준범2/3726640123340.506.00김민율1/3311050211127.0021.00김정현2 2/31456110030113.380.75변지석1619630002218.003.00김단1622420202218.002.00불꽃 파이터즈 투수 기록투수결과이닝타자투구타수안타홈런사사구삼진실점자책점당일 ERA당일 WHIP유희관3 1/31549146013112.702.10이대은홀2/3617640013340.506.00신재영승41351131009000.000.25오승환141741002000.001.00타자 기록[ 펼치기 · 접기 ]휘문고등학교 타자 기록타순선수포지션1회2회3회4회5회6회7회8회9회1김용휘2루수좌안중비우중안유땅중비결과5타석 5타수 2안타 1타점 1득점2허진호우익수좌익수2안좌안좌안삼진결과4타석 4타수 3안타 2득점 1삼진고우상대타삼진결과1타석 1타수 무안타 1삼진3유제민포수투병삼진좌안삼진결과4타석 4타수 1안타 1타점 2삼진4김도훈지명타자유비좌중2삼진우비결과4타석 4타수 1안타 1 2루타 1타점 1삼진5김윤규유격수삼진4구삼진삼진결과4타석 3타수 무안타 1볼넷 3삼진6서찬빈1루수우비좌중안우중안삼진결과4타석 4타수 2안타 1타점7서현우좌익수삼진삼진삼진결과3타석 3타수 무안타 3삼진홍찬의우익수삼진결과1타석 1타수 무안타 1삼진8주윤성3루수유안3땅3땅결과3타석 3타수 1안타변규헌대타삼진결과1타석 1타수 무안타 1삼진9이웅찬중견수좌비우중2삼진결과3타석 3타수 1안타 1 2루타 1득점 1삼진백영율대타중안결과1타석 1타수 1안타불꽃 파이터즈 타자 기록타순선수포지션1회2회3회4회5회6회7회8회9회1정근우2루수2땅좌2좌안좌2결과4타석 4타수 3안타 2 2루타 1타점 2득점임태윤대주자3루수좌안사구결과2타석 1타수 1안타 1득점강동우대주자우익수결과0타석 0타수 무안타 1득점2최수현우익수2루수좌비1실투희번사구3비우2결과6타석 4타수 1안타 1 2루타 1타점 1득점3박용택지명타자사구4구4구유병결과4타석 1타수 무안타 2득점 2볼넷 1병살문교원대타우안우안결과2타석 2타수 2안타 1타점 1득점4이대호1루수우비삼진4구좌전안1파결과5타석 4타수 1안타 1타점 1볼넷 1삼진5정성훈3루수우비사구우전안결과3타석 2타수 1안타 1타점정훈2루수3루수4구좌2결과2타석 1타수 1안타 1 2루타 2타점 1득점 1볼넷6정의윤좌익수중비좌전안좌안3병유땅결과5타석 5타수 2안타 3타점 1병살7이택근중견수좌홈삼진포파결과3타석 3타수 1안타 1홈런 1타점 1득점 1삼진현빈대타중견수4구사구결과2타석 0타수 무안타 1득점 1볼넷8박재욱포수1비좌2삼진좌안유비결과5타석 5타수 2안타 1 2루타 1타점 1득점 1삼진9김재호유격수3땅투번안유비1직좌비결과5타석 5타수 1안타 1득점득점 루트[ 펼치기 · 접기 ]이닝득점 구단득점 루트스코어2회말파이터즈이택근의 좌월 홈런으로 1득점휘문고0 :1 파이터즈3회말최수현 타석, 상대팀 1루수 포구실책으로 1득점휘문고0 :2 파이터즈정의윤의 좌전 안타로 2득점휘문고0 :4 파이터즈4회초휘문고김도훈의 좌중월 2루타로 1득점휘문고 1: 4파이터즈4회말파이터즈정근우의 3-유간 안타로 1득점휘문고1 :5 파이터즈이대호의 밀어내기 볼넷으로 1득점휘문고1 :6 파이터즈정성훈의 우전 안타로 1득점휘문고1 :7 파이터즈정의윤의 3-유간 안타로 1득점휘문고1 :8 파이터즈5회초휘문고김용휘의 우중간 안타로 1득점휘문고 2: 8파이터즈유제민의 3-유간 안타로 1득점휘문고 3: 8파이터즈서찬빈의 우중간 안타로 1득점휘문고 4: 8파이터즈6회말파이터즈박재욱의 3-유간 안타로 1득점휘문고4 :9 파이터즈정훈의 좌월 2루타로 2득점휘문고4 :11 파이터즈8회말최수현 우선상 2루타으로 1득점휘문고4 :12 파이터즈문교원의 1-2간 안타로 1득점휘문고4 :13 파이터즈촬영일(실제 경기일): 2026년 6월 28일 14:00, 고척 스카이돔선수변동 및 부상불참 및 결장: 니퍼트(허리 디스크 수술로 불참)[A], 김문호(햄스트링 부상)임대: 김지수(일일 코치), 정훈경기 내용이닝경기내용1회초1.김용휘(3-유간 안타), 2.허진호(내야안타), 3.유제민(DP-156), 4.김도훈(유비)말1.정근우(2땅), 2.최수현(좌비), 3.박용택(사구), 4.이대호(우비)2회초5.김윤규(삼진), 7.서찬비(우비), 8.서현우(삼진)말5.정성훈(우비), 6.정의윤(중비), 7.이택근(좌월 홈런0:1), 8.박재욱(1비)3회초8.주윤성(내야안타), 9.이웅탄(좌비), 1.김용휘(중비), 2.허진호(1루 주자 견제사)말9.김재호(3땅), 1.정근우(좌선상 2루타), 2.최수현(1루수 포구실책 → 2루 주자 홈인0:2), 3.박용택(4구)투수교체 임호윤 → 이준범4.이대호(삼진), 5.정성훈(사구), 6.정성훈(좌전 안타 → 2, 3루 주자 홈인0:4), 7.이택근(삼진)4회초2.허진호(3-유간 안타), 3.유제민(삼진), 4.김도훈(좌월 2루타 → 1루 주자 홈인1:4),5.김윤규(4구), 6.서찬빈(좌중간 안타),투수교체 유희관 → 이대은7.서현우(삼진), 8.주윤성(3땅)말8.박재욱(좌선상 2루타), 9.김재호(투번안), 1.정근우(3-유간 안타 → 3루 주자 홈인1:5)투수교체 이준범 → 김민율2.최수현(투희번), 3.박용택(4구), 4.이대호(4구 → 3루 주자 홈인1:6)투수교체 김민율 → 김정현5.정성훈(우전 안타 → 3루 주자 홈인1:7), 6.정의윤(3-유간 안타 → 3루 주자 홈인1:8), 7.이택근(포파)[휘문고전 1부]5회초9.이웅찬(우중월 2루타), 1.김용휘(우중간 안타 → 2루 주자 홈인2:8),2.허진호(3-유간 안타), 3.유제민(3-유간 안타 → 2루 주자 홈인3:8)투수교체 이대은 → 신재영4.김도훈(삼진), 5.김윤규(삼진), 6.서찬빈(우중간 안타 → 2루 주자 홈인4:8), 7.서현우(삼진)말대수비 서현우 → 홍찬의수비조정 허진호(우익수 → 좌익수), 홍찬의(좌익수 → 우익수)9.김재호(유비), 1.정근우(좌월 2루타),대주자 정근우 → 임태윤2.최수현(사구), 3.박용택(DP-63)6회초대수비 정성훈 → 정훈수비조정 임태윤(2루수 → 3루수), 정훈(3루수 → 2루수)8.주윤성(3땅), 9.이웅찬(삼진), 1.김용휘(유땅)말4.이대호(좌전 안타), 5.정훈(4구), 6.정의윤(DP-53),대타 이택근 → 현빈7.현빈(폭투 → 4구), 8.박재욱(3-유간 안타 → 3루 주자 홈인4:9), 9.김재호(1직)7회초2.허진호(삼진), 3.유제민(삼진), 4.김도훈(우비)말투수교체 김정현 → 변지석1.임태윤(3-유간 안타), 2.최수현(3비),대타 박용택 → 문교원3.문교원(1-2간 안타), 4.이대호(1파), 5.정훈(좌월 2루타 → 1, 3루 주자 홈인4:11), 6.정의윤(유땅)8회초5.김윤규(삼진), 6.서찬빈(삼진), 8.주윤성(삼진)말투수교체 변지석 → 김단7.현빈(사구), 8.박재욱(유비), 9.김재호(좌비), 1.임태윤(사구),대주자 임태윤 → 강동우2.최수현(우선상 2루타 → 2루 주자 홈인4:12).3.문교원(1-2간 안타 → 3루 주자 홈인4:13→ 2루 주자 홈에서 태그아웃)9회초투수교체 신재영 → 오승환수비조정 강동우(3루수 → 우익수), 정훈(2루수 → 3루수), 최수현(우익수 → 2루수)대타 주윤성 → 변규현8.변규현(삼진)대타 이용찬 → 백영율9.백영율(2-유간 안타), 1.김용휘(중비)대타 허진호 → 고우상2.고우상(삼진)말-경기 총평2.9.9R VS울산 웨일즈[편집]인하대전 방영 이후 공지되었다.상대인 울산 웨일즈는울산광역시를 기반으로 한 신생 프로 야구단이자 KBO 최초의시민 구단[106]으로, 공지일인 6월 29일 기준 퓨처스 남부리그 1위를 달리고 있다. MLB에서 오랜 기간 활약했으며2027 KBO 신인 드래프트참여가 유력한최지만을 비롯해김동엽,심재민등 KBO 리그 1군에서 한때 이름을 알리던 선수들의 소속팀이기도 하다. 울산의 감독장원진은 최강야구 시절 일일코치로 출연한 경력이 있으며,강동우의 원 소속팀화성 코리요의 초대 감독 출신이기도 하다.7월 12일 고척 스카이돔에서 치러지며, 7월 8일 예스24를 통해 예매가 가능하다.7월 7일 울산 웨일즈의 인스타그램을 통해 울산의출전 엔트리가 공개되었다. 올스타 브레이크 기간인 만큼 거의 전원이 출전하며[107]MLB 출신으로 유명한최지만역시 출전이 확정되었다. 울산 웨일즈는 파이터즈의 역대 상대 팀 중 최초로 외국인 타자를 출전시킨 동시에 최초로 외국인 선수를 2명 이상 출전시킨 팀이 되었다.해당 경기 역시 SBS Plus를 통해 '특집 불꽃야구'로 편성되었는데, 특집(불꽃)야구 사상 최초로 프로팀과의 경기를 생중계로 내보내는 사례가 되었다. 해당 경기의 해설로손건영해설위원이 복귀했으며, 올스타 브레이크 기간에 열린 경기라 그런지 그동안 kt wiz 경기 스케줄과 겹쳐서 출연을 못 했던김주일응원단장도 잠시나마 복귀했다.[108]또한 휘문고전과 마찬가지로 '다크불꽃' 중계를 유튜브 라이브로 진행한다. 중계진은 마찬가지로 캐스터에 최태규 PD, 해설에 한장희 캐스터가 함께하며, 경기 전인 1시 45분부터 시작한다.7월 11일김지수코치의 최종 면접 영상이 공개되었다. 이번 울산 웨일즈 경기에서 승리하면 정식 입단이 확정되며, 장시원 단장이 직접 나와 3루 측으로 가서 포옹을 하고 김지수는 장시원 단장을 들어 올리겠다는 공약을 걸었다.#라인업 작성 과정이 좀 독특했는데, 김성근 감독이쓰다 만 라인업을 김지수 코치에게 전달해 주며 완성하도록 시켰다.[109]그렇게 완성된 라인업 역시 정훈의 첫 선발 출전과 신경헌의 합류 첫 경기만의 선발 출전,우익수 박용택[110]등 여러모로 파격의 연속이었지만 우익수 자리는 박용택이 김성근 감독을 직접 찾아가 설득한 끝에 정훈이 출전하는 것으로 수정되었다.[111]애국가 가창은 유신고전에서 할 예정이었다가 경기 취소로 나오지 못했던하성운이 대신 이날 경기에서 진행했다.2.9.1.스코어보드[편집]2026년 불꽃야구2 9경기7월 12일(생방송)8월 10일, 8월 17일(본방송)고척 스카이돔|관중: 명팀선발123456789RHEB울산 웨일즈고바야시1000010002600불꽃 파이터즈이대은01001130-6904승리:신재영· 패배:이상연캐스터:정우영| 해설 :이순철,손건영[생중계]캐스터:정용검| 해설:김선우[녹화중계]양팀 선발 라인업[ 펼치기 · 접기 ]울산 웨일즈타순불꽃 파이터즈포지션선수명선수명포지션좌익수변상권1정근우2루수1루수이민석2정훈우익수중견수김서원3박용택C지명타자포수홀4이대호1루수지명타자김동엽5정의윤좌익수우익수예진원6박재욱포수3루수노강민7이택근중견수2루수김수인C8신경헌3루수유격수박민석9김재호유격수투수고바야시SP이대은투수주요 기록[ 펼치기 · 접기 ]MVP이대호(4타수 2안타 1홈런 2타점)결승타박재욱(6회 2사 2,3루에서 내야안타)홈런이대호(2회),최지만(6회)2루타박재욱(2회),이택근(5회),박용택(6회)주루사이택근(5회),이대호(7회)병살타정근우(5회)폭투이대은(1회),박성웅(2회),오카다(5회)심판오병민, 박원기, 김봉희, 김현삼비디오 판독7회말 (울산 요청)이대호 3루 태그아웃 관련 세이프·아웃 여부 | 세이프 → 아웃슬레이트정근우애국가하성운[114]투수 기록[ 펼치기 · 접기 ]울산 웨일즈 투수 기록투수결과이닝타자투구타수안타홈런사사구삼진실점자책점당일 ERA당일 WHIP고바야시131330002000.000.00박성웅151152100119.002.00최시혁131630000000.000.00조준혁131230000000.000.00오카다151931020119.001.00이상연패2/3513420101113.504.50김준우2/3415310102227.003.00심재민1/339320001127..006.00서영준1/31211000000.003.00김도규131630001000.000.00불꽃 파이터즈 투수 기록투수결과이닝타자투구타수안타홈런사사구삼진실점자책점당일 ERA당일 WHIP이대은52073205005111.801.00신재영승31038101105113.000.33유희관131030001000.000.00타자 기록[ 펼치기 · 접기 ]울산 웨일즈 타자 기록타순선수포지션1회2회3회4회5회6회7회8회9회1변상권좌익수1땅2땅결과2타석 2타수 무안타민성우포수좌전안결과1타석 1타수 1안타송현준포수삼진결과1타석 1타수 무안타 1삼진박제범포수결과0타석 0타수 무안타2이민석1루수유안중비중비결과3타석 3타수 1안타 1득점김성균대타1루수스낫결과1타석 1타수 무안타 1삼진3김서원중견수투안1안2땅삼진결과4타석 4타수 2안타 1삼진4홀포수좌익수유땅1땅좌비결과3타석 3타수 1타점 무안타배영빈대타삼진결과1타석 1타수 무안타 1삼진5김동엽지명타자삼진삼진결과2타석 2타수 무안타 2삼진최지만대타우홈결과1타석 1타수 1안타 1홈런 1타점 1득점신준우대타투땅결과1타석 1타수 무안타6예진원우익수좌안삼진삼진결과3타석 3타수 2안타 1삼진김시완대타중비결과1타석 1타수 무안타7노강민3루수우비중비결과2타석 2타수 무안타박문순대타2루수3파결과1타석 1타수 무안타8김수인2루수3루수3땅3땅삼진결과3타석 3타수 무안타 1삼진9박민석유격수삼진삼진2땅결과3타석 3타수 무안타 2삼진불꽃 파이터즈 타자 기록타순선수포지션1회2회3회4회5회6회7회8회9회1정근우2루수유땅좌비3병4구결과4타석 3타수 무안타 1득점 1볼넷 1병살2정훈우익수3루수삼진우비결과2타석 2타수 무안타 1삼진임영기3루수4구2땅결과2타석 무안타 1볼넷 1득점3박용택지명타자삼진1직우2결과3타석 3타수 1안타 1 2루타 1삼진정성훈대타2안결과1타석 1타수 1안타 1타점 1득점4이대호1루수좌홈3땅3땅중안결과4타석 4타수 2안타 1홈런 2타점 1득점5정의윤좌익수2비유땅1파중안결과4타석 4타수 1안타 1타점6박재욱포수좌2사구3안3땅결과4타석 3타수 2안타 1 2루타 1타점 1득점7이택근중견수우비좌중2삼진유땅결과4타석 4타수 1안타 1 2루타 1타점 1삼진8신경헌3루수3땅결과1타석 1타수 무안타최수현우익수투땅1땅삼진결과3타석 3타수 무안타 1삼진9김재호유격수3땅4구중안결과3타석 2타수 1안타 1득점 1볼넷득점 루트[ 펼치기 · 접기 ]이닝득점 구단득점 루트스코어1회초울산 웨일즈홀의 유격수 땅볼로 1득점울산 웨일즈 1: 0파이터즈2회말불꽃 파이터즈이대호의 좌월 홈런으로 1득점울산 웨일즈1 :1 파이터즈5회말이택근의 좌중월 2루타로 1득점울산 웨일즈1 :2 파이터즈6회초울산 웨일즈최지만의 우월 홈런으로 1득점울산 웨일즈 2: 2파이터즈6회말불꽃 파이터즈박재욱의 내야안타로 1득점울산 웨일즈2 :3 파이터즈7회말정성훈의 내야안타로 1득점울산 웨일즈2 :4 파이터즈이대호의 2-유간 안타로 1득점울산 웨일즈2 :5 파이터즈정의윤의 2-유간 안타로 1득점울산 웨일즈2 :6 파이터즈촬영일(실제 경기일): 2026년 7월 12일 14:00, 고척 스카이돔선수변동 및 부상불참 및 결장: 니퍼트(허리 디스크 수술)[A], 오승환(개인사정)[116], 김기민(대학리그), 현빈(세계대학야구대회 대표팀 차출)임대: 신경헌(단국대학교 내야수), 임영기(한양대학교 내야수), 정훈, 김지수(일일 코치)경기 내용이닝경기내용1회초1.변상권(1땅, 31), 2.이민석(내야안타), 3.김서원(내야안타), 4.홀(폭투 → 유땅 → 3루 주자 홈인1:0), 5.김동엽(삼진)말1.정근우(유땅), 2.정훈(삼진), 3.박용택(삼진)2회초6.예진원(3-유간 안타), 7.노강민(우비), 8.김수인(3땅 → 주자 진루).9.박민석(삼진)말투수교체 고바야시 → 박성웅1.이대호(좌월 홈런1:1), 5.정의윤(2비), 6.박재욱(좌월 2루타), 7.이택근(우비), 8.신경헌(폭투 → 3땅)3회초1.변상권(2땅), 2.이민석(중비), 3.김서원(내야안타), 4.홀(1땅)말<방송 편집>[117]투수교체 박성웅 → 최시혁9.김재호(3땅), 1.정근우(좌비), 2.정훈(우비)4회초대수비 신경헌 → 최수현수비조정 정훈(우익수 → 3루수), 최수현(3루수 → 우익수)5.김동엽(삼진), 6.예진원(삼진), 8.노강민(중비)말투수교체 최시혁 → 조준혁대수비 변상권 → 민성우수비조정 민성우(좌익수 → 포수), 홀(포수 → 좌익수)3.박용택(1직), 4.이대호(3땅), 5.정의윤(유땅)5회초8. 김수인(3땅), 9.박민석(삼진), 1.민성우(좌전안), 2.이민석(중비)말투수교체 조준혁 → 오카다6.박재욱(사구), 7.이택근(좌중월 2루타 → 1루 주자 홈인1:2),8.최수현(투땅 → 2루 주자 3루에서 태그아웃, 타자는 2루까지 진루). 9.김재호(폭투 → 4구), 1.정근우(DP-543)6회초투수교체 이대은 → 신재영대수비 정훈 → 임영기3.김서원(2땅), 4.홀(좌비),대타 김동엽 → 최지만5.최지만(우월 홈런2:2). 6.예진원(삼진)말투수교체 오카다 → 이상연대수비 민성우 → 송현준2.임영기(4구), 3.박용택(우선상 2루타), 4.이대호(3땅), 5.정의윤(1파), 6.박재욱(내야안타 → 3루 주자 홈인2:3)투수교체 이상연 → 김준우7.이택근(삼진)[울산 웨일즈전 1부]7회초대타 노강민 → 박문순7.박문순(3파), 8.김수인(삼진), 9.박민석(2땅)말수비조정 박문순(3루수 → 2루수), 김수인(2루수 → 3루수)8.최수현(1땅), 9.김재호(좌중간 안타), 1.정근우(4구)투수교체 김준우 → 심재민2.임영기(2땅 → 주자 진루),대타 박용택 → 정성훈3.정성훈(내야안타 → 3루 주자 홈인2:4), 4.이대호(2-유간 안타 → 3루 주자 홈인2:5),투수교체 심재민 → 서영준5.정의윤(2-유간 안타 → 2루 주자 홈인2:6→ 1루 주자 3루에서 태그 아웃)8회초1.송형준(삼진),대타 이민석 → 김성균2.김성균(스낫), 3.김서원(삼진)말<방송편집>투수교체 서영준 → 김도규대수비 송현준 → 박제범6.박재욱(3땅), 7.이택근(유땅), 8.최수현(삼진)9회초투수교체 신재영 → 유희관대타 홀 → 배영빈4.배영빈(삼진)대타 최지만 → 신준우5.신준우(투땅)대타 예진원 → 김시완6.김시완(중비)말-경기 총평울산 웨일즈와의 직관이 결정되면서 일각에서는 각 팀 내에서 유일하게 메이저리그 경험이 있는 타자인 최지만과 이대호의 맞대결을 기대했는데, 두 사람 다 홈런을 하나씩 기록했다.상술했듯이 해당 경기의 결과에 따라 김지수의 정규직 전환 여부가 걸려있었는데, 경기를 승리하면서 정규직 전환이 확정되었다. 경기 종료 후 장 단장이 먼저 그라운드로 들어와 김지수를 안아주고, 김지수도 그 상태에서 장 단장을 들어올리며 공약을 지켰다.2.10.10R VS화성 코리요[편집]성남고전 방영을 앞두고 공지되었다.상대인 화성 코리요는 25 시즌 상대팀이자 화성시를 연고로 하는 독립 야구팀으로, 2026 시즌 독립리그 1위를 기록하고 있다. 전 소속선수김경묵(KIA),박찬형(롯데)의 전 소속팀이자선성권의 현 소속팀, 현 소속선수인강동우와 25시즌 임대선수로 뛰었던 전 한양대 내야수 조우진의 현 소속팀이기도 하다. 강동우의 경우 원 소속팀 차출을 선택했으며 2번 타자로 나서고, 선발투수로는 선성권이 출전한다.7월 19일 고척 스카이돔에서 경기가 진행되었다.울산 웨일즈와의 직관 당시 자체 라이브 방송인 '다크불꽃'에서 다음 직관 때 김지수 코치의 정식 코치 취임식 및SSG 랜더스에 육성선수로 입단하는임태윤의 마지막 인사가 있을 것이라 언급했고, 실제로 14일 공지를 통해 임태윤의 고별전이 이 경기로 확정되었다. 경기 당일 임태윤을 위한 롤링페이퍼를 작성하는 이벤트를 진행했다.김지수 코치는 울산 웨일즈전 승리 공약에 따라 이번 경기부터 정식 수석코치로 활동하게 되며, 7월 17일 쇼츠를 통해 정식 취임이 공개되었다. 경기 전 라커룸에서 사령장을 수여하며 간단한 취임식을 진행했다.7월 14일에는 전 소속선수인선성권의 근황이 오랜만에 전해졌다. 그동안 선성권의 미합류가 단순히 트라이아웃 불합격으로 인한 방출로 알려져 있었으나, 트라이아웃 결과가 나오기 이전이었던 4월 14일에 선성권이 장 단장과의 미팅에서 파이터즈와 화성 코리요에서의 활동을 병행하기 힘들다고 판단해 직접 자진 하차를 요청한 것이 밝혀졌다. 동시에 현 소속팀인 화성 코리요에서 7~8월까지 야구를 해보며 앞으로의 거취를 생각해 보겠다고 했는데, 3달 뒤인 7월 14일 다시 진행된 미팅에서 본인이 생각하기에 이제는 프로에 갈 가능성이 많이 줄어들었다 판단해[118]야구를 그만두고 새로운 도전을 하기로 결정했음을 밝혔다.[119]때마침 이번 경기의 상대가 화성 코리요로 정해지면서 이 경기가 사실상 선성권의 은퇴 경기가 되었다.[120]8월 14일 올라온 예고 영상의 부제는Last Game이다. 선성권의 은퇴 경기와 임태윤의 파이터즈에서의 마지막 경기임을 감안해 지어진 것으로 보인다.#10경기를 맞이해 장 단장이 계약 때 히든 옵션을 걸었던 4명의 선수를 공개했다. 신재영은 한 경기에서 7이닝 1실점을 기록하면 즉시 연봉이 인상되고, 정성훈·문교원은 10경기 타율 3할 달성에 성공하면 연봉이 인상되며 최수현은 10경기 타율 3할에 실패할 경우연봉이 삭감된다. 정성훈의 경우 직전 경기까지 3할 5푼을 기록하고 있어 4타수 1안타만 기록해도 되지만, 최수현은 무려 5타수 5안타 이상을 쳐야 감봉에서 탈출하며[121]문교원은 규정타석조차 채우지 못해 옵션이 무산되었다.한편 이택근의 제안으로 일명 '인게임 인터뷰(In-game Interview)'[122]가 처음으로 도입되었다.???: 택근이 형 MLB 못 가봤잖아요해당 경기에서만 할지 앞으로 계속 이어질지는 불명.애국가는 서은광이 불렀고, 시구와 시타는 각자의 현 소속팀에서 마지막 경기를 치르는 선성권과 임태윤이 했다. 선성권은 과거 몬스터즈 시절 첫 등판 경기였던2023 시즌 독립리그 올스타전 때 관중들을 향해 모자를 벗고 여러 방향으로 첫 인사를 올렸는데, 시간이 흘러 은퇴를 앞둔 경기에서도 관중들에게 같은 방식으로 마지막 인사를 했으며김성근 감독을 향해 큰절을 올린 뒤 시구를 했다.[123]2.10.1.스코어보드[편집]2026년 불꽃야구2 10경기8월 17일, 8월 24일(본방송)고척 스카이돔|관중: 명팀선발123456789RHEB화성 코리요선성권00000000-0803불꽃 파이터즈신재영20006002-1010015승리:신재영· 패배:선성권캐스터:정용검| 해설:김선우양팀 선발 라인업[ 펼치기 · 접기 ]화성 코리요타순불꽃 파이터즈포지션선수명선수명포지션2루수조우진1정근우2루수중견수강동우2최수현우익수유격수목진혁3박용택C지명타자우익수김규대C4이대호1루수지명타자강민5정성훈3루수3루수임동혁6정의윤좌익수1루수최지민7박재욱포수포수강승화8이택근중견수좌익수임상현9김재호유격수투수선성권SP신재영투수주요 기록[ 펼치기 · 접기 ]MVP박재욱(3타수 1안타 1홈런 2타점 AVG 0.412)결승타정의윤(1회말 2사 2,3루에서 2-유간 안타)홈런박재욱(5회)견제사김규대(1회)주루사김규대(4회), 임동혁(4회)병살타정의윤(5회), 목진혁(6회),정근우(7회)폭투선성권(2회),이지훈(5회)심판박원기, 오병민, 최병준, 김봉희슬레이트정근우시구 및 시타자시구-선성권/시타-임태윤애국가서은광[124]투수 기록[ 펼치기 · 접기 ]화성 코리요 투수 기록투수결과이닝타자투구타수안타홈런사사구삼진실점자책점당일 ERA당일 WHIP선성권패2115493021229.002.50김형욱1541010000.002.00박석호1330001000.000.00임정형02000202299.99-이지훈02000201199.99-한석훈17321403327.004.00마찬욱2 2/316114054226.753.38불꽃 파이터즈 투수 기록투수결과이닝타자투구타수안타홈런사사구삼진실점자책점당일 ERA당일 WHIP신재영승519186016000.001.40유희관1331000000.001.00이대은142141002000.001.00최현우1530022000.002.00타자 기록[ 펼치기 · 접기 ]화성 코리요 타자 기록타순선수포지션1회2회3회4회5회6회7회8회9회1조우진2루수2땅좌비2땅결과3타석 3타수 무안타추현빈2루수삼진결과1타석 1타수 무안타 1삼진2강동우중견수좌비삼진좌중안4구결과4타석 3타수 1안타 1볼넷1삼진3목진혁유격수4구삼진유병결과3타석 2타수 무안타 1볼넷 1삼진 1병살히데나리4구결과1타석 0타수 무안타 1볼넷4김규대우익수좌전안3안3땅결과3타석 3타수 2안타정성모우익수삼진결과1타석 1타수 무안타 1삼진5강민지명타자좌비좌안결과2타석 2타수 1안타노승환대타삼진결과1타석 1타수 무안타 1삼진6임동혁3루수유격수좌안우안삼진결과3타석 3타수 2안타 1삼진7최지민1루수삼진좌안결과2타석 2타수 1안타 1삼진박정현대타1루수유안결과1타석 1타수 1안타8강승화포수삼진1파결과2타석 2타수 무안타 1삼진구영준대타포수3땅결과1타석 1타수 무안타9임상현삼진삼진결과2타석 2타수 무안타 2삼진이시맥좌익수3비결과1타석 1타수 무안타불꽃 파이터즈 타자 기록타순선수포지션1회2회3회4회5회6회7회8회9회1정근우2루수중안중안비4구4구2병좌전안결과7타석 5타수 3안타 1타점 1득점 2볼넷 1병살2최수현우익수중비투땅4구우전안4구결과5타석 3타수 1안타 2타점 1득점 2볼넷3박용택지명타자4구중안4구중비결과4타석 2타수 1안타 2득점문교원대타삼진결과1타석 1타수 무안타 1삼진4이대호1루수4구우비4구결과3타석 1타수 무안타 1득점 2볼넷정훈1루수좌안4구결과2타석 1타수 1안타 1볼넷5정성훈3루수3땅중비4구결과3타석 2타수 무안타 1볼넷임영기3루수삼진좌안결과2타석 2타수 1안타 1득점 1볼넷6정의윤좌익수중안4구유병결과3타석 2타수 1안타 1타점 1볼넷 1병살김문호대타좌익수4구4구결과2타석 0타수 무안타 1득점 2볼넷7박재욱포수우비좌비좌홈결과3타석 3타수 1안타 1홈런 2타점 1득점박지민대타포수삼진3땅결과2타석 2타수 무안타 1삼진8이택근중견수삼진중비사구결과3타석 2타수 무안타 1득점 1삼진현빈중견수중비우안결과2타석 2타수 1안타 1타점9김재호유격수중비삼진결과2타석 2타수 무안타 1삼진신경헌대타유격수사구4구삼진결과3타석 1타수 1득점 1볼넷 1삼진득점 루트[ 펼치기 · 접기 ]이닝득점 구단득점 루트스코어1회말파이터즈정성훈 타석, 상대 포수 포일로 1득점화성 코리요0 :1 파이터즈정의윤의 2-유간 안타로 1득점화성 코리요0 :2 파이터즈5회말정성훈 타석, 상대 포수 폭투로 1득점화성 코리요0 :3 파이터즈정의윤의 병살로 1득점화성 코리요0 :4 파이터즈박재욱의 좌월 홈런으로 2득점화성 코리요0 :6 파이터즈최수현의 우전 안타로 2득점화성 코리요0 :8 파이터즈8회말현빈의 1-2간 안타로 1득점화성 코리요0 :9 파이터즈정근우 좌전 안타로 1득점화성 코리요0 :10 파이터즈촬영일(실제 경기일): 2026년 7월 19일 14:00, 고척 스카이돔선수변동 및 부상합류:김지수(정식 코치 부임)불참 및 결장: 니퍼트(허리 디스크 수술로 불참)[A], 김기민(대학야구 일정으로 불참), 강동우(원소속팀 차출)임대: 정훈, 신경헌, 임영기경기 내용이닝경기내용1회초1.조우진(2땅), 2.강동우(좌비), 3.목진혁(4구), 4.김규대(좌전 안타), 5.강민(1루 주자 견제사)말1.정근우(2-유간 안타), 2.최수현(중비), 3.박용택(4구), 4.이대호(4구), 5.정성훈(포일 → 3루 주자 홈인0:1→ 3땅),6.정의윤(2-유간 안타 → 3루 주자 홈인0:2), 7.박재욱(우비)2회초5.강민(좌비), 6.임동혁(3-유간 안타), 7.최지민(삼진), 8.강승화(삼진)말8.이택근(삼진), 9.김재호(중비), 1.정근우(2-유간 안타), 2.최수현(폭투 → 투땅)[화성 코리요전 1부]3회초9.임상현(삼진), 1.조우진(좌비), 2.강동우(삼진)말투수교체 선성권 → 김형욱3.박용택(2-유간 안타), 4.이대호(우비), 5.정상훈(중비), 6.정의윤(4구), 7.박재욱(좌비)4회초3.목진혁(삼진), 4.김규대(내야안타), 5.강민(3-유간 안타),6.임동혁(우선상 안타 → 홈에서 2루 주자 태그아웃 → 타자 2루에서 태그아웃)말<방송편집>투수교체 김형욱 → 박석호8.이택근(중비), 9.김재호(삼진), 1.정근우(뜬공)5회초7.최지민(3-유간 안타), 8.강승화(1파), 9.임상현(삼진), 1.조우진(2땅)말투수교체 박석호 → 임정형대수비 조우진 → 추현빈대수비 임상현 → 이시맥2.최수현(4구), 3.박용택(4구),투수교체 임정현 → 이지훈4.이대호(4구), 5.정상훈(폭투 → 3루 주자 홈인0:3→ 4구),투수교체 이지훈 → 한석훈6.정의윤(DP-643 → 3루 주자 홈인0:4), 8.박재욱(좌월 홈런0:6)대타 김재호 → 신경헌9.신경헌(사구), 1.정근우(4구), 2.최수현(우전 안타 → 2, 3루 주자 홈인0:8), 3.박용택(중비)6회초투수교체 신재영 → 유희관대수비 이대호 → 정훈대수비 이택근 → 현빈대수비 정성훈 → 임영기2.강동우(좌중간 안타), 3.목진혁(DP-643), 4.김규대(3땅)말투수교체 한석훈 → 마찬욱대수비 목진혁 → 히데나리대수비 김규대 → 정성모수비조정 히데나리(유격수 → 3루수), 임동혁(3루수 → 유격수)4.정훈(3-유간 안타), 5.임영기(삼진),대타 정의윤 → 김문호6.김문호(4구)대타 박재욱 → 박지민7.박지민(삼진), 8.현빈(중비)7회초투수교체 유희관 → 이대은대타 강민 → 노승환5.노승환(삼진), 6.임동혁(삼진)대타 최지민 → 박정현7.박정현(내야안타)대타 강승화 → 구영준8.구영준(3땅)말9.신경헌(4구), 1.정근우(DP-463), 2.최수현(4구)대타 박용택 → 문교원3.문교원(삼진)8회초투수교체 이대은 → 최현우9.이시맥(3비), 1.추현빈(삼진), 2.강동우(4구), 3.히데나리(4구), 4.정성모(삼진)말4.정훈(4구), 5.임영기(3-유간 안타), 6.김문호(4구), 7.박지민(3땅 → 3루 주자 홈에서 태그아웃),8.현빈(1-2간 안타 → 3루 주자 홈인0:9), 9.신경헌(삼진),1.정근우(좌전 안타 → 3루 주자 홈인0:10)[콜드게임 종료]9회초-말-경기 총평경기 MVP는 홈런을 친 박재욱이 선정되었다.경기 전 언급된 3할 옵션의 경우 정성훈은 타율 .318로 성공한 반면 최수현은 이날 3타수 1안타에 그쳐 타율 .194로 실패했다. 따라서 최수현은 연봉이 삭감될 예정이었으나, 다음 경기인 동국대전 직관에서 본인의 별명을 딴 수달존이 매진될 경우 장 단장이 마이너스 옵션을 삭제한다는 조건을 걸었고 기존 좌석에서 구역 하나를 더 늘렸음에도 매진에 성공해 마이너스 옵션이 삭제되어 최종적으로 연봉이 동결되었다.화성 코리요의 입장에서는 코칭스태프와 선수가 유독 안 맞는 경기였다. 특히 우익수 김규대의 타구판단과 주루플레이에 대해 실시간 채팅창에서도 말이 나왔을 정도.심지어 투수들의 제구 난조로 인해 사사구도 남발했었는데, 이를 두고 오히려 선발투수로 나왔던 선성권이 제일 잘 던졌다는 말이 나오기도 했다.3.STAGE 2[편집]3.1.11R VS동국대[편집]7월 15일 공지되었다. 상대인 동국대 야구부는 몬스터즈 시절인 23·24시즌 상대팀이자 불꽃야구 체제에서의 첫 직관 경기 상대로, 이번 시즌에도 매치업이 잡히면서 4시즌 연속으로 맞대결을 펼치게 되었다. 상대전적은 2승 3패로, 몬스터즈-파이터즈가 열세를 기록 중인 몇 없는 팀 중 하나다.출신 인물로는 파이터즈에 새롭게 합류한김지수코치와 현 동국대 감독인이건열을 비롯해김성한현 광주CMB야구 해설위원,한대화전한화 이글스감독,김민호현 한화 이글스 1군 타격코치,박철우[126]전두산 베어스타격코치,송진우현 KBO 재능기부위원,이강철현kt wiz감독,가득염현 두산 베어스 1군 불펜코치,박한이현 삼성 라이온즈 1군 타격 보조코치,박정권현SSG 랜더스2군 감독,유한준현 kt wiz 타격코치,송광민현 TJB 야구 해설위원,배영섭현 삼성 라이온즈 잔류군 타격코치 등 한국 야구계에서 활약한 인물들이 다수 포함되어 있다. 현역 선수 중에도고영표(kt),양석환(두산),김호령(KIA),최원준(두산)[127],구본혁(LG),최지훈,정준재[128](이상 SSG) 등 마찬가지로 KBO에서 맹활약 중인 선수들이 다수 포함되어 있다.7월 26일 고척 스카이돔에서 개최되며, 이 경기도 '특집 불꽃야구'로 SBS Plus를 통해 방영되었다. 본진 중계의 경우 김선우 해설이 개인사정으로 불참해 손건영 해설이 대타로 합류했다.동국대의 선발투수 이예학은 2022 시즌에는 덕수고 소속으로, 2023 시즌과 2025 시즌에는 동국대 소속으로 몬스터즈 및 파이터즈를 상대한 적이 있다.8월 27일 올라온 예고편에 따르면 신재영이 무릎 부상으로 인해 김성근 감독으로부터 등판 금지령을 받았다.국민의례에서 전 소속선수였던 이용헌이 군인 신분으로 직관을 나와 경례를 하는 장면이 잡혔다.3.1.1.스코어보드[편집]2026년 불꽃야구2 11경기7월 26일(생방송)8월 31일, 9월 7일(본방송)고척 스카이돔|관중: 명팀선발123456789RHEB동국대학교이예학00000010011210불꽃 파이터즈이대은0012000003518승리:이대은· 홀드:유희관· 세이브:오승환· 패배:예건우캐스터:정우영| 해설 :이순철[생중계]캐스터:정용검| 해설:손건영[130][녹화중계]양팀 선발 라인업[ 펼치기 · 접기 ]동국대학교타순불꽃 파이터즈포지션선수명선수명포지션2루수이정호1정근우2루수우익수이시언2정성훈3루수유격수윤승민3박용택C지명타자중견수김경환C4이대호1루수포수천승민5박재욱포수1루수나해성6정의윤좌익수지명타자김종범7이택근중견수좌익수이재훈8최수현우익수3루수김현수9김재호유격수투수이예학SP이대은투수주요 기록[ 펼치기 · 접기 ]MVP이대은(7이닝 5탈삼진 1실점 ERA 2.59)결승타정성훈(3회말 1사 1, 3루에서 우익수 희생플라이)2루타김종범(9회)실책이대은(3회), 윤승민(4회)도루사이정호(7회)주루사연제휘(9회)병살타정성훈(1회),이택근(2회), 천승민(4회), 김경환(6회),최수현(8회)폭투최태성(3회), 곽민승(5회)심판김봉희, 오병민, 이민관, 김현삼비디오 판독9회초 (동국대 요청)연제휘 홈에서 태그아웃 관련 세이프·아웃 여부 | 아웃 → 아웃슬레이트정근우시구 및 시타자시구-경수진[132]/시타-오승환애국가인순이[133]투수 기록[ 펼치기 · 접기 ]동국대학교투수결과이닝타자투구타수안타홈런사사구삼진실점자책점당일 ERA당일 WHIP이예학1 1/3652010000.002.25예건우패1 1/352520020116.751.50최태성1/3321010000.003.00조승모1651011200.002.00곽한승1 1/3551000000.000.75김범준1/321610010000.003.00김강현1 1/352240010000.000.75서정민1320011000.001.00불꽃 파이터즈 투수 기록투수결과이닝타자투구타수안타홈런사사구삼진실점자책점당일 ERA당일 WHIP이대은승72896289005111.291.29유희관홀141741002000.001.00오승환세141642001000.002.00타자 기록[ 펼치기 · 접기 ]동국대학교 타자 기록타순선수포지션1회2회3회4회5회6회7회8회9회1이정호2루수유땅투실3땅유땅결과4타석 4타수 무안타2이시언우익수삼진유땅중안삼진결과4타석 4타수 1안타 2삼진3윤승민유격수우비중안좌전안삼진결과4타석 4타수 2안타 1삼진4김경환중견수투땅좌안3병중안결과4타석 4타수 2안타 1병살5천승민포수3땅유땅삼진우비결과4타석 4타수 무안타 1삼진6나해성1루수유땅삼진좌안삼진결과4타석 4타수 1안타 1득점 2삼진7김종범지명타자우전안3비좌안우중2결과4타석 4타수 3안타 1 2루타연제휘대주자결과0타석 0타수 무안타8이재훈좌익수삼진3땅삼진결과3타석 3타수 무안타 2삼진김용현대타우비결과1타석 1타수 무안타9김현수3루수2땅중전안우안유안결과4타석 4타수 3안타 1타점불꽃 파이터즈 타자 기록타순선수포지션1회2회3회4회5회6회7회8회9회1정근우2루수4구2땅삼진포파결과4타석 3타수 무안타 1볼넷 1삼진2정성훈3루수3병우희비4구4구결과4타석 1타수 무안타 1타점 2볼넷 1병살3박용택지명타자중안사구결과2타석 1타수 1안타현빈대주자좌익수2땅포땅결과2타석 2타수 무안타4이대호1루수좌비유땅좌안중비결과4타석 4타수 1안타5박재욱포수중비중전안3땅3땅결과4타석 4타수 1안타 1득점6정의윤좌익수좌안유실2땅4구결과4타석 3타수 1안타 1득점 1볼넷신경헌대주자결과0타석 0타수 무안타7이택근중견수유병투땅유땅삼진결과4타석 4타수 무안타 1삼진 1병살8최수현우익수4구2땅3비2병결과4타석 3타수 무안타 1타점 1득점 1볼넷 1병살9김재호유격수4구중안4구결과3타석 1타수 1안타 1타점 2볼넷득점 루트[ 펼치기 · 접기 ]이닝득점 구단득점 루트스코어3회말파이터즈정성훈의 우익수 희생플라이로 1득점동국대0 :1 파이터즈4회말최수현의 2루수 땅볼로 1득점동국대0 :2 파이터즈김재호의 2-유간 안타로 1득점동국대0 :3 파이터즈7회초동국대김현수의 1-2간 안타로 1득점동국대 1: 3파이터즈촬영일(실제 경기일): 2026년 7월 26일 14:00, 고척 스카이돔선수변동 및 부상불참 및 결장: 니퍼트(허리 디스크 수술로 불참),[A]신재영(무릎 부상), 김선우(개인사정)방출: 임태윤(취업[135])경기 내용이닝경기내용1회초1.이정호(유땅), 2.이시언(삼진), 3.윤승민(우비)말1.정근우(4구), 2.정성훈(DP-543), 3.박용택(2-유간 안타), 4.이대호(좌비)2회초4.김경환(투땅.13), 5.천승민(3땅), 4.나해성(유땅)말5.박재욱(중비), 6.정의윤(3-유간 안타),투수교체 이예학 → 예건우7.이택근(DP-643)3회초7.김종범(우전 안타), 8.이재훈(삼진), 9.김현수(2땅 → 주자 진루), 1.이정호(투수 포구 실책), 2.이시언(유땅)말8.최수현(4구), 9.김재호(4구), 1.정근우(2땅 → 1루 주자 아웃, 주자 진루),2.정성훈(우익수 희생플라이 → 1, 3루 주자 태그업0:1),투수교체 예건우 → 최태성3.박용택(폭투 → 사구),대주자 박용택 → 현빈1.이대호(유땅)4회초3. 윤승민(2-유간 안타), 4.김경환(3-유간 안타), 5.천승민(DP-643), 6.나해성(삼진)[동국대전 1부]말5.박재욱(중전 안타),투수교체 최태성 → 조승모6.정의윤(유격수 포구 실책), 7.이택근(투땅 → 주자 진루), 8.최수현(2땅 → 3루 주자 홈인0:2),9.김재호(2-유간 안타 → 3루 주자 홈인0:3), 1.정근우(삼진)5회초7.김종범(3비), 8.이재훈(3땅), 9.김현수(중전 안타), 1.이정호(3땅)말2.정성훈(4구),투수교체 조승모 → 곽민승3.현빈(2땅, 46), 4.이대호(3-유간 안타), 5.박재욱(폭투 → 3땅), 6.정의윤(2땅)6회초2.이시언(2-유간 안타), 3.윤승민(좌전 안타), 3.김경환(DP-53), 5.천승민(삼진)말7.이택근(유땅),투수교체 곽민승 → 김범준8.최수현(3비), 9.김재호(4구),투수교체 김범준 → 김강현1.정근우(포파)7회초6.나해성(3-유간 안타), 7.김종범(3-유간 안타), 8.이재훈(삼진), 9.(1-2간 안타 → 2루 주자 홈인1:3),1.이정호(유땅, 64), 2.이시언(1루 주자 도루사)말2.정성훈(4구), 3.현빈(포땅, 26), 4.이대호(중비), 5.박재욱(3땅, 54)8회초투수교체 이대은 → 유희관2.이시언(삼진), 3.윤승민(삼진), 4.김경환(2-유간 안타), 5.천승민(우비)말투수교체 김강현 → 서정민6.정의윤(4구),대주자 정의윤 → 신경헌7.이택근(삼진), 8.최수현(DP-463)9회초투수교체 유희관 → 오승환수비조정 현빈(지명타자 → 좌익수)6.나해성(삼진), 7.김종범(우중월 2루타),대주자 김종범 → 연제휘대타 이재훈 → 김용현8.김용현(우비), 9.김현수(내야안타 → 2루 주자 홈에서 태그 아웃 → 비디오 판독: 원심 유지)말-경기 총평투수전으로 흘러간 경기는 마치 팽팽한 줄다리기를 하듯 끝까지 긴장감을 놓을 수 없는 흐름이었다. 아쉬운 타선에도 그래도 승리를 지켜낼 수 있었던 건, 견고한 그물망 수비가 든든하게 받쳐준 덕분이었다.다만 아쉬운 점은, 지난 시즌에 비해 주축 선수들의 컨티션이 저조하고 결정적인 순간에 흐름을 바꿔줄 해결사가 눈에 띄지 않는다는 점이었다. 아무래도 프로그램 특성상 선수층의 연령대가 높아 주루 플레이에서 한계(일명 윷놀이야구)가 있을 수밖에 없는데 여기에, 타선까지 침묵하면서 팀의 약점이 더욱 부각되었다.시즌 초반에는 관중들의 열기 속에서 상대 선수들의 실수로 벌어진 작은 틈을 파고들어 승리를 챙기곤 했다. 프로 무대에서 적어도 수년에서 길게는 십수 년을 버텨온 베테랑들이기에 그간은 '경험치'로 커버할 수 있었다. 하지만 이제는 '과연, 이러한 방식으로 시즌 끝까지 계속 통할 수 있는지'에 대해 생각해 봐야 하는 시점에 이르렀다.3.2.12R VS안산 웨이브스[편집]8월 직관의 1번째 경기로, SBS Plus가 특집 불꽃야구 편성을 공지하며 선공개했다.상대인 안산 웨이브스는 안산을 연고로 한 독립구단으로, 2025년 창단해 26시즌부터 독립리그에 참가 중인 신생구단이다. 불꽃야구와 인연이 있는 선수 중에는 시즌 2 트라이아웃에 참여했던 포수 최율기와 내야수 김태윤·김태민이 있다.8월 16일고척 스카이돔에서 직관이 치러졌으며, 해당 경기도 SBS Plus를 통해 '특집 불꽃야구'로 생중계되었다.이번 경기는 협찬사 바스(BAS)에서 상금을 스폰하여 MVP 상금이 200만 원으로 증가했다.라인업의 경우 이택근이 작성했는데[136], 정훈이유격수로 선발 출전했다. 기존 유격수 자원인 김재호와 신경헌이 각자 부상과 대학리그 일정으로 출전이 불가능해지면서 그나마 유틸리티 역할이 되는 정훈이 나서게 된 것.3.2.1.스코어보드[편집]2026년 불꽃야구2 12경기8월 16일(생방송)9월 14일, 9월 21일(본방송)고척 스카이돔|관중: 명팀선발123456789RHEB안산 웨이브스인형진1000100103605불꽃 파이터즈신재영02102200-710214승리:신재영· 패배:인형진캐스터:정우영| 해설:이순철[생중계]캐스터:정용검| 해설:김선우[녹화중계]양팀 선발 라인업[ 펼치기 · 접기 ]안산 웨이브스타순불꽃 파이터즈포지션선수명선수명포지션포수최율기C1정근우2루수유격수진다운2정훈유격수지명타자이정현3박용택C지명타자좌익수위재현4이대호1루수1루수김민호5정성훈3루수3루수장재혁6박재욱포수2루수윤은빈7이택근중견수중견수최현민8정의윤좌익수우익수장현빈9최수현유격수투수인형진SP신재영투수주요 기록[ 펼치기 · 접기 ]MVP박재욱(4타수 4안타 1홈런 2타점 3득점 1볼넷 5출루 AVG 0.452)결승타정근우(1회말 2사 2, 3루에서 3-유간 안타)홈런최현민(5회),박재욱(6회)2루타김민호(4회), 위재현(8회)실책정성훈(1회),정훈(2회)도루이정현(1회), 진다운(3회),견제사진다운(3회)병살타정성훈(1회),이택근(8회) 최율기(9회)심판박원기, 최형준, 김현삼, 김봉희비디오 판독3회초 (안산 웨이브스 요청)진다운 2루에서 태그아웃 관련 세이프·아웃 여부 | 아웃 → 아웃슬레이트정근우애국가유연정[139]투수 기록[ 펼치기 · 접기 ]안산 웨이브스 투수 기록투수결과이닝타자투구타수안타홈런사사구삼진실점자책점당일 ERA당일 WHIP인형진패1731310402218.005.00최민수1 2/3104683023115.402.40황태인21144115002229.002.50장서익0212000200099.99-박희수284271112229.001.00이재성1/331110020000.006.00노태훈1/32610010000.001.50전주원1/331110020000.006.00불꽃 파이터즈 투수 기록투수결과이닝타자투구타수안타홈런사사구삼진실점자책점당일 ERA당일 WHIP신재영승52075173124211.800.80이대은294371025000.001.00유희관151752000119.002.00오승환131220011000.001.00타자 기록[ 펼치기 · 접기 ]안산 웨이브스 타자 기록타순선수포지션1회2회3회4회5회6회7회8회9회1최율기포수우비유땅2비삼진유병결과5타석 5타수 무안타 1삼진 1병살2진다운유격수사구4구투땅삼진결과4타석 2타수 무안타 1득점 1볼넷 1삼진3이정현지명타자3실삼진삼진결과3타석 3타수 무안타 2삼진진다운대타우중안결과1타석 1타수 1안타 1득점4위재현좌익수우희비삼진삼진중2결과4타석 3타수 1안타 1 2루타 2타점 2삼진5김민호1루수삼진우2[인정]좌전안유직결과4타석 4타수  2안타 1 2루타 1삼진6장재혁3루수유땅투땅사구2비결과4타석 3타수 무안타7윤은빈2루수유안2땅투땅2땅결과4타석 4타수 1안타8최현민중견수투땅우홈삼진결과3타석 3타수 1안타 1홈런 1타점 1득점 1삼진김민석대타삼진결과1타석 1타수 무안타 1삼진9장현빈우익수스낫유비결과2타석 2타수 무안타 1삼진최율한대타우익수4구4구결과2타석 0타수 무안타 2볼넷불꽃 파이터즈 타자 기록타순선수포지션1회2회3회4회5회6회7회8회9회1정근우2루수2비좌안투안중안삼진투땅결과6타석 6타수 3안타 3타점 1삼진2정훈유격수4구삼진삼진4구유땅결과5타석 3타수 무안타 2볼넷 1삼진3박용택지명타자4구삼진우안4구4구결과5타석 2타수 1안타 1타점 3볼넷 1삼진4이대호1루수4구3파우비3땅유땅결과5타석 4타수 무안타 1볼넷5정성훈3루수유병좌안삼진4구결과4타석 3타수 1안타 2득점 1볼넷 1삼진 1병살임영기3루수4구결과1타석 0타수 무안타 1볼넷6박재욱포수좌안우안우전안좌홈4구결과5타석 4타수 4안타 1홈런 2타점 3득점 1볼넷7이택근중견수4구사구유비중비유병결과5타석 3타수 무안타 1득점 1볼넷 1병살8정의윤좌익수3땅4구좌안삼진결과4타석 3타수 1안타 1타점 1볼넷 1삼진강동우대타좌익수4구결과1타석 0타수 무안타 1볼넷9최수현우익수삼진1땅2땅1땅결과4타석 4타수 무안타 1득점 1삼진김문호대타우익수4구결과1타석 0타수 무안타 1볼넷득점 루트[ 펼치기 · 접기 ]이닝득점 구단득점 루트스코어1회초안산 웨이브스위재현의 우익수 희생플라이로 1득점안산 웨이브스 1: 0파이터즈2회말파이터즈정근우의 3-유간 안타로 2득점안산 웨이브스1 :2 파이터즈3회말정의윤의 밀어내기 볼넷으로 1득점안산 웨이브스0 :3 파이터즈5회초안산 웨이브스최현민의 우월 홈런으로 1득점안산 웨이브스 2: 3파이터즈5회말파이터즈정근우의 2-유간 안타로 1득점안산 웨이브스2 :4 파이터즈박용택의 밀어내기 볼넷으로 1득점안산 웨이브스2 :5 파이터즈6회말박재욱의 좌월 홈런으로 2득점안산 웨이브스2 :7 파이터즈8회초안산 웨이브스위재현의 중월 2루타로 1득점안산 웨이브스 3: 7파이터즈촬영일(실제 경기일): 2026년 8월 16일 14:00, 고척 스카이돔선수변동 및 부상불참 및 결장: 니퍼트(허리 디스크 수술로 불참)[A], 김재호(부상), 문교원, 현빈, 신경헌(이상 대학리그로 불참)임대: 정훈, 임영기경기 내용이닝경기내용1회초1.최율기(우비), 2.진다운(사구), 3.이정현(3루수 송구 실책),4.위재현(우익수 희생 플라이 → 3루 주자 태그업1:0), 5.김민호(1루 주자 도루 → 삼진)말1.정근우(2비), 2.정훈(4구), 3.박용택(4구), 4.이대호(4구), 5.정성훈(DP-643)2회초6,장재혁(유땅), 7.윤은빈(내야안타 및 유격수 송구 실책), 8.최현민(투땅 → 주자 진루), 9.장현빈(스낫)말6.박재욱(3-유간 안타), 7.이택근(4구),투수교체 인형진 → 최민수8.정의윤(3땅 → 주자 진루), 9.김재호(삼진), 1.정근우(3-유간 안타 → 2, 3루 주자 홈인1:2), 2.정훈(삼진)3회초1.최율기(유땅), 2.진다운(4구), 3.이정현(도루 → 견제사 → 삼진)말3.박용택(삼진), 4.이대호(3파), 5.정성훈(3-유간 안타), 6.박재욱(1-2간 안타),7.이택근(사구), 8.정의윤(4구 → 3루 주자 홈인1:3),투수교체 최민수 → 황태인9.최수현(1땅)4회초<방송 편집>4.위재현(삼진), 5.김민호(인정 2루타), 6.장재혁(투땅 → 주자 진루), 7.윤은빈(2땅)말1.정근우(내야안타), 2.정훈(삼진), 3.박용택(1-2간 안타), 4.이대호(우비), 5.정성훈(삼진)5회초8.최현민(우월 홈런2:3), 9.장현빈(유비), 1.최율기(2비), 2.진다운(투땅)말6.박재욱(우전 안타), 7.이택근(유비), 8.정의윤(3-유간 안타),9.최수현(2땅, 46), 1.정근우(2-유간 안타 → 3루 주자 홈인2:4),투수교체 황태인 → 장서익2.정훈(4구), 3.박용택(4구),투수교체 장서익 → 박희수4.이대호(3땅)6회초투수교체 신재영 → 이대은3.이정현(삼진), 4.위재현(삼진), 5.김민호(좌전 안타), 6.장재혁(사구), 7.최현민(투땅)말5.정성훈(4구), 6.박재욱(좌월 홈런2:7), 7.이택근(중비), 8.정의윤(삼진), 9.최수현(1땅)[안산 웨이브전 1부]7회초8.최현민(삼진),대타 장현빈 → 최율한9.최율한(4구), 1.최율기(삼진), 2.진다운(삼진)말1.정근우(삼진), 2.정훈(유땅),투수교체 박희수 → 이재성3.박용택(4구), 4.이대호(유땅)8회초투수교체 이대은 → 유희관대수비 정성훈 → 임영기대타 이정현 → 전현준3.전현준(우중간 안타), 4.위재현(중월 2루타 → 1루 주자 홈인3:7), 5.김민호(유직), 6.장재혂(3비), 7.윤은빈(2땅)말5.임영기(4구),투수교체 이재성 → 노태훈6.박재욱(4구), 7.이택근(DP-63 → 주자 진루),대타 정의윤 → 강동우투수교체 노태훈 → 전주원8.강동우(4구),대타 최수현 → 김문호9.김문호(4구), 1.정근우(투땅)9회초투수교체 유희관 → 오승환대타 최현민 → 김민석8.김민석(삼진), 9.최율한(4구), 1.최율기(DP-643)말-경기 총평늘어난 포상금 덕에 선수들 의욕이 불타올랐다. 선취점을 내주긴 했지만 정근우와 박재욱이 적시타와 홈런을 치며 점수를 쌓아 승리를 이어갔다.하지만 잔루가 15개로 사이다 같이 시원한 경기는 아니었다. 안타와 사사구를 합치면 25개지만 득점은 7점에 그쳤다. 안타와 타점이 두 선수에게 집중되어 있어 사사구 마저 없었다면 경기의 흐름은 어떻게 흘러갔을지 모른다. 경기가 1-2주에 한 번씩 열려 가격감을 유지하는 데 애를 먹고 있지만 이 문제를 해결하지 못한다면 연승을 이어가기 버거울 것 같다.3.3.13R VS부산과기대[편집]8월 직관의 2번째 경기. 8월 22일사직 야구장에서 펼쳐질 예정이다.상대인 부산과기대는 25시즌 상대팀이자, 몬스터즈 시절까지 통틀어서 사상 최초로 한 시즌에 직관 경기로 두 번 맞붙은 전적이 있는 팀이기도 하다. 또한 올해 전국대학야구선수권대회 우승팀으로,신인 드래프트에서 2라운드 2명을 비롯해 총 4명이 지명받았을 정도로[142]대학야구 내에서 전력이 강한 팀이라는 평을 받는다.대표적인 출신선수로김백산이 있다.9월 21일 방송분은 아시안게임으로 인해 90분 연기된 밤 9시 30분에 공개된다.한편 이날 오명섭 단장의 스케줄 문제인지 울산 웨일즈의김제현응원단장이 대신 나섰다.3.3.1.스코어보드[편집]2026년 불꽃야구2 13경기9월 21일, 9월 28일(본방송)사직 야구장|관중: 명팀선발123456789RHEB부산과학기술대김지훈00020004061401불꽃 파이터즈신재영0200000204827승리:곽병진· 세이브:김서현· 패배:이대은캐스터:정용검| 해설:김선우양팀 선발 라인업[ 펼치기 · 접기 ]부산과학기술대타순불꽃 파이터즈포지션선수명선수명포지션좌익수양우석C1정근우2루수우익수이재용2최수현우익수중견수이지후3박용택C지명타자지명타자박성우4이대호1루수포수황의광5박재욱포수3루수오지성6이택근중견수1루수우지원7정성훈3루수2루수이승준8정의윤좌익수유격수유은종9김재호유격수투수김지훈SP신재영투수주요 기록[ 펼치기 · 접기 ]MVP없음결승타권희재(8회초 무사 2루에서 3-유간 안타)3루타이승준(2회, 4회)2루타이지후(1회),이택근(2회),정성훈(7회), 최성민(8회),이택근(8회), 이지후(9회)실책김재호(4회, 4회)도루양우석(3회), 윤지환(9회)도루사이재용(1회),유은종(8회)주루사권희재(8회)병살타박재욱(3회),폭투곽병진(7회)심판김낙원, 남기헌, 김기완, 황광호비디오 판독3회초 (부산과학기술대학 요청)양우석 2루에서 태그아웃 관련 세이프·아웃 여부 | 아웃 →︎ 세이프5회초 (부산과학기술대학 요청)이재용 1루에서 포스아웃관련 세이프·아웃 여부 | 아웃 →︎ 세이프슬레이트정근우애국가영준[143]투수 기록[ 펼치기 · 접기 ]부산과학기술대 투수 기록투수결과이닝타자투구타수안타홈런사사구삼진실점자책점당일 ERA당일 WHIP김지훈1 1/38620212213.503.00임영주4 1/315132016000.000.69최승혁1/31510001000.000.00곽병진승2134194032229.003.50김서현세1320011000.001.00불꽃 파이터즈 투수 기록투수결과이닝타자투구타수안타홈런사사구삼진실점자책점당일 ERA당일 WHIP신재영41957186016200.001.50이대은패3 1/317541760064410.801.80유희관2/31510001000.000.00송승준151952002000.002.00타자 기록[ 펼치기 · 접기 ]부산과학기술대 타자 기록타순선수포지션1회2회3회4회5회6회7회8회9회1양우석좌익수좌비1안1땅스낫결과4타석 4타수 1안타 1삼진이상묵대타좌익수삼진결과1타석 1타수 무안타 1삼진2이재용우익수중전안삼진우전안좌비결과4타석 4타수 2안타 1삼진이재호대타삼진결과1타석 1타수 무안타 1삼진3이지후중견수중2중비2땅유땅좌2결과5타석 5타수 2안타 2 2루타4박성우지명타자사구삼진삼진결과3타석 2타수 무안타 2삼진최성민대타좌2결과1타석 1타수 1안타 1 2루타윤지환대주자2안결과1타석 1타수 1안타 1득점5황의광포수포파유실3안결과3타석 3타수 1안타권희재포수좌안삼진결과2타석 2타수 1안타 1타점 1삼진6오지성3루수삼진3땅삼진결과3타석 무안타 1득점 2삼진하해성대타투땅결과1타석 1타수 무안타 1득점공지윤3루수중비결과1타석 1타수 무안타7우지원1루수삼진삼진결과2타석 2타수 무안타 2삼진최은학1루수삼진스낫결과2타석 2타수 무안타 1득점8이승준2루수우3좌3중비우안결과4타석 4타수 3안타 2 3루타 2타점 2득점9유은종유격수삼진좌안삼진우중안결과4타석 4타수 2안타 1타점 2삼진불꽃 파이터즈 타자 기록타순선수포지션1회2회3회4회5회6회7회8회9회1정근우2루수좌비좌희비중비고44구결과5타석 2타수 무안타 1타점 2볼넷2최수현우익수4구삼진우비결과3타석 2타수 무안타 1볼넷 1삼진현빈대타우익수삼진결과1타석 1타수 무안타 1삼진강동우우익수삼진결과1타석 1타수 무안타 1삼진3박용택지명타자삼진스낫삼진2안4구결과5타석 4타수 1안타 1득점 1볼넷 3삼진4이대호1루수우비중안2땅좌비3병결과5타석 5타수 1안타 1병살5박재욱포수좌비3병스낫결과3타석 3타수 무안타 1삼진 1병살박지민대타포수삼진결과1타석 1타수 무안타 1삼진6이택근중견수좌중2삼진삼진좌중2결과4타석 4타수 2안타 2 2루타 2득점 2삼진7정성훈3루수4구삼진좌중2결과3타석 2타수 1안타 1 2루타 1득점 1볼넷 1삼진문교원대주자결과0타석 0타수 무안타임영기3루수4구결과1타석 0타수 무안타 1볼넷8정의윤좌익수우안4구포희번중전안결과4타석 2타수 2안타 2타점9김재호유격수좌안3파결과2타석 2타수 1안타 1타점신경헌유격수3땅결과1타석 1타수 무안타정훈유격수1땅결과1타석 1타수 무안타득점 루트[ 펼치기 · 접기 ]이닝득점 구단득점 루트스코어2회말파이터즈김재호의 3-유간 안타로 1득점부산과기대0 :1 파이터즈정근우의 좌익수 희생플라이로 1득점부산과기대0 :2 파이터즈4회초부산과기대이승준의 좌월 3루타 및 유격수 포구 실책으로 2득점부산과기대 2: 2파이터즈8회초권희재의 3-유간 안타로 1득점부산과기대 3: 2파이터즈상대 투수의 폭투로 1득점부산과기대 4: 2파이터즈이승준의 1-2간 안타로 1득점부산과기대 5: 2파이터즈유은종의 우중간 안타로 1득점부산과기대 6: 2파이터즈8회말파이터즈정의윤의 중전 안타로 2득점부산과기대6 :4 파이터즈촬영일(실제 경기일): 2026년 8월 22일 18:30, 사직 야구장선수변동 및 부상불참 및 결장: 니퍼트(허리 디스크 수술로 불참),[A]임대: 정훈, 신경헌, 임영기경기 내용이닝경기내용1회초1.양우석(좌비), 2.이재용(중전 안타), 3.이지후(1루 주자 도루사 → 중월 2루타), 4.박성우(사구), 5.황의광(포파)말1.정근우(좌비), 2.최수현(4구), 3.박용택(삼진), 4.이대호(우비)2회초6.오지성(삼진), 7.우지원(삼진), 8.이승준(우월 3루타), 9.유은종(삼진)말5.박재욱(좌비), 6.이택근(좌중간 2루타), 7.정성훈(4구), 8.정의윤(1-2간 안타),투수교체 김지훈 → 임영주9.김재호(3-유간 안타 → 3루 주자 홈인0:1),1.정근우(좌익수 희생플라이 → 1, 2, 3루 주자 태그업0:2), 2.최수현(삼진)[부산과학기술대전 1부]3회초1.양우석(번트 안타), 2.이재용(1루 주자 도루사 → 비디오 판독: 원심 번복 → 삼진),3.이지후(중비 → 2루 주자 태그업), 4.박성우(삼진)말3.박용택(스낫), 4.이대호(2-유간 안타), 5.박재욱(DP-543)4회초5.황의광(유격수 포구 실책), 6.오지성(3땅, 54), 7.우지원(삼진),8.이승준(좌월 3루타 → 1루 주자 홈인1:2→ 유격수 포구 실책 → 타자 주자 홈인2:2),9.유은종(3-유간 안타), 1.양우석(1땅)말대수비 우지원 → 최은학7.이택근(삼진), 8.정성훈(삼진), 8.정의윤(4구), 9.김재호(3파)5회초투수교체 신재영 → 이대은2.이재용(우전안), 2.이지후(DP-463 → 비디오 판독: 원심 번복),4.박성우(삼진), 5.황의광(내야 안타), 6.오지성(삼진)말1.정근우(중비), 2.최수현(우비), 3.박용택(삼진)6회초대수비 김재호 → 신경헌7.최은학(삼진), 8.이승준(중비), 9.유은종(삼진)말4.이대호(2땅), 5.박재욱(스낫),투수교체 임영주 → 최승혁7.이택근(삼진)7회초1.양우석(스낫), 2.이재용(좌비), 3.이지후(유땅)말투수교체 최승혁 → 곽병진대수비 황의광 → 권희재7.정성훈(좌중월 2루타),대주자 정성훈 → 문교원8.정의윤(포희번), 9.신경헌(3땅), 1.정근우(고의 4구),대타 최수현 → 현빈2.현빈(폭투 → 삼진)8회초대수비 문교원 → 임영기대타 박성우 → 최성민4.최성민(좌월 2루타),대주자 최성민 → 윤지환5.권희재(3-유간 안타 → 2루 주자 홈인3:2),대타 오지성 → 하해성6.하해성(투땅 → 2루 주자 태그아웃 → 타자는 2루까지 진루),대수비 신경헌 → 정훈7.최은학(스낫 및 폭투 → 2루 주자 홈인4:2→ 타자 추가 진루), 8.이승준(1-2간 안타 → 2루 주자 홈인5:2),9.유은종(우중간 안타 → 2루 주자 홈인6:2),투수교체 이대은 → 유희관대타 양우석 → 이상묵1.이상묵(삼진), 2.이재용(1루 주자 도루사)말대수비 하해성 → 공지윤3.박용택(내야 안타), 4.이대호(좌비),대타 박재욱 → 박지민5.박지민(삼진), 6.이택근(좌중월 2루타), 7.임영기(4구), 8.정의윤(중전 안타 → 2, 3루 주자 홈인6:4), 9.정훈(1땅)9회초투수교체 유희관 → 송승준대수비 현빈 → 강동우대타 이재용 → 이재호2.이재호(삼진), 3.이지후(3-유간 2루타), 4.윤지환(내야안타), 5.권희재(삼진), 6.공지윤(1루 주자 도루 → 중비)말1.정근우(4구),투수교체 곽병진 → 김서현2.강동우(삼진), 2.박용택(4구), 4.이대호(DP-543)경기 총평파이터즈가 무너집니다! 이곳 사직에서 파이터즈가 무너집니다!오늘 밤은 파이터즈에게 너무 어둡습니다..시즌 2패째를 당했다.[145]경기 중반까지 2:2로 팽팽하게 가다가 8회에 4실점 빅이닝을 허용했으며, 실점이 발생한 4회와 8회 모두 실책성 플레이로 인해 주지 않아도 될 점수를 내줬기에 더욱 아쉬운 결과가 되었다. 그래도 8회말에 2점을 따라붙었고 9회에는 2볼넷을 얻어내면서 따라갈 발판을 만들었지만 마지막 순간에 이대호의 병살타가 나오면서 다소 허무하게 경기를 내주고 말았다.부산과기대는 선제 실점을 내주고도 끝까지 집중력 있는 모습을 보이며 8회 역전에 성공했다.3.4.14R VS 대학야구 국가대표팀[편집]8월 직관의 3번째 경기.8월 30일고척 스카이돔에서 직관이 치러질 예정이다.상대인 대학야구 국가대표팀의 경우 올해 7월에 열린 세계대학야구 챔피언십에 출전한 국가대표팀으로, 올해 프로에 진출한 선수만 무려 13명이 있는 막강한 전력의 팀이다.[146]파이터즈 선수 중에는 현빈이 해당 대표팀에 선발되어 대회에 나섰으며 8월 26일숏츠 영상에서 본인의 언급을 통해 현빈은 대학 국대팀 소속으로 뛰는 것으로 확인되었다.이 경기도 SBS Plus를 통해 생중계된다.[147]여느 때와 마찬가지로 SBS Plus의 대표 프로그램 나는 솔로 32기 영식·영숙 커플이 직관을 왔다.라인업의 경우 최근 타격감이 가장 좋던 박재욱이 무려 3번 타자까지 올라왔고, 문교원이 시즌 첫 선발 출전을 하게 되었다.여담으로 이날 백만불꽃 이벤트의 일환으로 2명의 부싯돌즈를 초대해 라커룸 투어를 진행했다.3.4.1.스코어보드[편집]2026년 불꽃야구2 14경기8월 30일(생방송)10월 5일, 10월 12일(본방송)고척 스카이돔|관중: 명팀선발123456789RHEB대학야구 국가대표김도윤100360000101427불꽃 파이터즈이대은00011030168115승리:???· 패배:???캐스터:정우영| 해설:이순철·손건영[148][생중계]캐스터:정용검| 해설:김선우[녹화중계]양팀 선발 라인업[ 펼치기 · 접기 ]대학야구 대표팀타순불꽃 파이터즈포지션선수명선수명포지션유격수원상윤1정근우2루수지명타자이민준2박용택지명타자3루수강민우3박재욱포수우익수김종우4이대호1루수중견수김경환5정의윤좌익수1루수유비6정성훈3루수포수김우성7이택근중견수2루수수윤승민8문교원우익수좌익수지승기9김재호유격수투수김도윤SP이대은투수주요 기록[ 펼치기 · 접기 ]MVP없음결승타선수명(내용)홈런문교원(7회)3루타선수명()2루타유비(4회),이택근(4회), 이헌영(5회)실책박재욱(4회),원상윤(5회), 윤승민(5회)도루원상윤(1회),이민준도루사선수명()주루사유비(4회)병살타박용택(1회),박재욱(6회),이택근(7회)폭투이대은(1회, 3회),박세준(5회), 박범구(6회)심판오병민, 박원기, 김봉희, 이민관비디오 판독?회초 (팀명 요청)선수명 내용 여부 | 전판정 →︎ 후판정시구 및 시타자애국가효린투수 기록[ 펼치기 · 접기 ]대학야구 대표팀 투수 기록투수결과이닝타자투구타수안타홈런사사구삼진실점자책점당일 ERA당일 WHIP김도윤2 1/372460012000.000.43정원진1/342110031000.009.00정현우151952000119.002.00정재현1/32610010000.003.00박세준172662010100.003.00박범구1/341810030000.006.00조영우2/321110010000.001.50김다운31666114151불꽃 파이터즈 투수 기록투수결과이닝타자투구타수안타홈런사사구삼진실점자책점당일 ERA당일 WHIP이대은3 1/317154023338.101.50신재영2/3416420001113.503.00송승준04220204499.99-유희관17740012218.004.00김기민161841020000.003.00최현우311101012타자 기록[ 펼치기 · 접기 ]대학야구 대표팀 타자 기록타순선수포지션1회2회3회4회5회6회7회8회9회1원상윤유격수3루수중전안좌비중전안우전안투땅결과2이민준삼진좌비중전안2안좌비결과3강민우3루수삼진우안결과2타석 2타수 1안타 1삼진전수완대타유격수유비중안삼진결과4김종우우익수1안중전안4구우안우비결과5김경환중견수우비중비결과2타석 2타수 무안타현빈대타중견수투안투땅삼진결과6유비1루수2땅좌2결과2타석 2타수 1안타 1 2루타강동혁대타1루수4구4구결과7김우성포수삼진포땅결과2타석 2타수 무안타 1삼진이헌영대타포수좌중2땅결과8윤승민2루수4구사구결과2타석 0타수 무안타 1볼넷김범준대타2루수중비좌안결과9지승기좌익수유땅투땅삼진4구결과불꽃 파이터즈 타자 기록타순선수포지션1회2회3회4회5회6회7회8회9회1정근우2루수4구4구중비우비유땅3땅결과6타석 4타수 무안타 2볼넷2박용택지명타자2병4구우안4구4구유땅결과6타석 3타수 1안타 1득점 3볼넷 1병살3박재욱포수우비좌비3땅투병결과4타석 4타수 무안타 1병살박지민대수비포수좌전안결과1타석 1타수 1안타4이대호1루수중비중안3실결과3타석 3타수 1안타 1득점임영기대수비3루수4구2병결과2타석 1타수 무안타 1득점 1볼넷 1병살5정의윤좌익수유땅1땅결과2타석 2타수 무안타최수현대타좌익수우중안우안4구결과3타석 2타수 2안타 1볼넷6정성훈3루수1루수삼진우비4구4구결과4타석 2타수 무안타 2볼넷 1삼진강동우대타우익수좌비결과1타석 1타수 무안타7이택근중견수삼진좌2유땅유병4구결과5타석 4타수 1안타 1 2루타 1타점 2득점 1볼넷 1삼진 1병살8문교원우익수1루수4구4구사구우홈삼진결과5타석 2타수 1안타 1홈런 2타점 1득점 1볼넷9김재호유격수삼진유땅4구4구결과4타석 2타수 무안타 2볼넷 1삼진신경헌대주자유격수좌중2결과1타석 1타수 1안타 1 2루타 1타점득점 루트[ 펼치기 · 접기 ]이닝득점 구단득점 루트스코어1회초대학야구 국가대표김종우의 내야 안타로 1득점대학야구 국가대표 1: 0파이터즈4회초원상윤의 중전 안타로 2득점대학야구 국가대표 3: 0파이터즈이민준의 중전 안타로 1득점대학야구 국가대표 4: 0파이터즈4회말파이터즈이택근의 좌월 2루타로 1득점대학야구 국가대표4 :1 파이터즈5회초대학야구 국가대표이헌영의 좌중간 안타로 3득점대학야구 국가대표 7: 1파이터즈원상윤의 우전 안타로 1득점대학야구 국가대표 8: 1파이터즈전수완의 2-유간 안타로 1득점대학야구 국가대표 9: 1파이터즈김종우의 1-2간 안타로 1득점대학야구 국가대표 10: 1파이터즈5회말파이터즈이대호 타석, 상대팀 3루수 및 2루수 송구 실책으로 1득점대학야구 국가대표10 :2 파이터즈7회말이택근의 병살타로 1득점대학야구 국가대표10 :3 파이터즈문교원의 우월 홈런으로 2득점대학야구 국가대표10 :5 파이터즈촬영일(실제 경기일): 2026년 8월 30일 14:00, 고척 스카이돔선수변동 및 부상불참 및 결장: 니퍼트(허리 디스크 수술로 불참),[A]현빈(대학야구 대표팀 차출)임대: 정훈, 신경헌, 임영기경기 내용이닝경기내용1회초말2회초말3회초말4회초말5회초말6회초말7회초말8회초말9회초말경기 총평3.5.15R VS부산고[편집]9월 직관의 첫 번째 경기로 휘문고 1부가 방영된 직후 공지되었다.경기일은 9월 12일로, 사직 야구장에서 경기가 치러진다.[152]이 경기가 이번 시즌 마지막으로 치러지는 사직 직관 경기라고 한다.상대인 부산고는 22·23·25시즌 상대 팀으로 소속선수정근우·정의윤의 모교이자2027 KBO 신인 드래프트의 최대어로 꼽히는하현승의 소속팀이기도 하다. 예고편에서의 언급을 보아 하현승의 출전이 유력해 보였으나[153]경기가 한 차례 연기되었고, 하필 재조정된 일정이 하현승의 청소년 국가대표팀 차출 시기과 겹치게 되면서 결국 출전이 불발되었다.또한 이 경기도 SBS Plus를 통해 생중계가 예정되어 있는데, 정상적으로 진행된다면 사직구장은 고척돔과 파이터즈 파크에 이어 역대 3번째로 특집 불꽃야구 경기를 치르는 구장이 된다.[154]생중계의 경우 정우영 캐스터가2026 아이치·나고야 아시안 게임중계 일정으로 불참하면서 대타로윤성호캐스터가 합류해 이순철·손건영 해설위원과 호흡을 맞추게 되었다.시구자로NCT의텐, 애국가 제창에라포엠이 예정되어 있다.#3.5.1.스코어보드[편집]2026년 불꽃야구2 15경기9월 12일(생방송)10월 12일, 10월 19일(본방송)사직 야구장|관중: 명팀선발123456789RHEB부산고선수명0000000000000불꽃 파이터즈선수명0000000000000승리:???· 패배:???캐스터:윤성호| 해설:이순철·손건영[생중계]캐스터:정용검| 해설:김선우[녹화중계]양팀 선발 라인업[ 펼치기 · 접기 ]부산고타순불꽃 파이터즈포지션선수명선수명포지션수1선수명수2선수명수3선수명수4선수명수5선수명수6선수명수7선수명수8선수명수9선수명투수SP선수명투수주요 기록[ 펼치기 · 접기 ]MVP없음결승타선수명(내용)홈런선수명(내용)3루타선수명(내용)2루타선수명(내용)실책선수명(내용)도루선수명(내용)도루사선수명(내용)주루사선수명(내용)병살타선수명(내용)폭투선수명(내용)심판심판명, 심판명, 심판명, 심판명비디오 판독?회초 (팀명 요청)선수명 내용 여부 | 전판정 →︎ 후판정시구 및 시타자애국가투수 기록[ 펼치기 · 접기 ]부산고 투수 기록투수결과이닝타자투구타수안타홈런사사구삼진실점자책점당일 ERA당일 WHIP선수명불꽃 파이터즈 투수 기록투수결과이닝타자투구타수안타홈런사사구삼진실점자책점당일 ERA당일 WHIP이대은타자 기록[ 펼치기 · 접기 ]부산고 타자 기록타순선수포지션1회2회3회4회5회6회7회8회9회1결과2결과3결과4결과5결과6결과7결과8결과9결과불꽃 파이터즈 타자 기록타순선수포지션1회2회3회4회5회6회7회8회9회1결과2결과3결과4결과5결과6결과7결과8결과9결과득점 루트[ 펼치기 · 접기 ]이닝득점 구단득점 루트스코어?회초부산고선수명의 으로 득점부산고 1: 0파이터즈?회말파이터즈선수명의 으로 득점부산고0 :1 파이터즈촬영일(실제 경기일): 2026년 9월 12일 17:00, 사직 야구장선수변동 및 부상불참 및 결장: 니퍼트(허리 디스크 수술로 불참),[A]임대: 정훈, 신경헌, 임영기경기 내용이닝경기내용1회초말2회초말3회초말4회초말5회초말6회초말7회초말8회초말9회초말경기 총평3.6.16R마산용마고[편집]8월 13일 일 해라 장 단장을 통해 깜짝 공지되었다.경기는 10월 4일 고척 스카이돔에서 치러질 예정이다. 원래는 9월 5일창원NC파크에서 경기가 예정되어 있었으나[158][159]9월 1일 경기가 갑작스럽게 취소되었고, 이후 일정이 재조정되었다.[160][161]상대 팀은 마산용마고 야구부로, 2026봉황대기 전국고교야구대회준우승팀이자 23·25시즌 상대 팀[162]이다. 파이터즈 소속선수정훈과 몬스터즈 시절 선수장원삼의 모교로, 정훈이 과연 모교와의 경기에 나설 수 있을지가 관건이 될 전망이다.한편 임영기가 LG 트윈스에 육성선수로 입단하게 되면서 이번 경기가 마지막이 될 것으로 보인다.현빈이 키움 히어로즈에 육성선수로 입단하면서 마지막 경기가 되었다.링크시구에 배우박성웅, 애국가에 가수김종서로 사전 예고되었다.#3.6.1.스코어보드[편집]2026년 불꽃야구2 15경기10월 26일(본방송)고척 스카이돔|관중: 명팀선발123456789RHEB마산용마고선수명0000000000000불꽃 파이터즈선수명0000000000000승리:???· 패배:???캐스터:정용검| 해설:김선우양팀 선발 라인업[ 펼치기 · 접기 ]마산용마고타순불꽃 파이터즈포지션선수명선수명포지션수1선수명수2선수명수3선수명수4선수명수5선수명수6선수명수7선수명수8선수명수9선수명투수SP선수명투수주요 기록[ 펼치기 · 접기 ]MVP없음결승타선수명(내용)홈런선수명(내용)3루타선수명(내용)2루타선수명(내용)실책선수명(내용)도루선수명(내용)도루사선수명(내용)주루사선수명(내용)병살타선수명(내용)폭투선수명(내용)심판심판명, 심판명, 심판명, 심판명비디오 판독?회초 (팀명 요청)선수명 내용 여부 | 전판정 →︎ 후판정시구 및 시타자시구-박성웅애국가김종서투수 기록[ 펼치기 · 접기 ]마산용마고 투수 기록투수결과이닝타자투구타수안타홈런사사구삼진실점자책점당일 ERA당일 WHIP선수명불꽃 파이터즈 투수 기록투수결과이닝타자투구타수안타홈런사사구삼진실점자책점당일 ERA당일 WHIP이대은타자 기록[ 펼치기 · 접기 ]마산용마고 타자 기록타순선수포지션1회2회3회4회5회6회7회8회9회1결과2결과3결과4결과5결과6결과7결과8결과9결과불꽃 파이터즈 타자 기록타순선수포지션1회2회3회4회5회6회7회8회9회1결과2결과3결과4결과5결과6결과7결과8결과9결과득점 루트[ 펼치기 · 접기 ]이닝득점 구단득점 루트스코어?회초마산용마고선수명의 으로 득점마산용마고 1: 0파이터즈?회말파이터즈선수명의 으로 득점마산용마고0 :1 파이터즈촬영일(실제 경기일): 2026년 10월 4일 14:00, 고척 스카이돔선수변동 및 부상불참 및 결장: 니퍼트(허리 디스크 수술로 불참),[A]임대: 정훈, 신경헌, 임영기경기 내용이닝경기내용1회초말2회초말3회초말4회초말5회초말6회초말7회초말8회초말9회초말경기 총평3.7.17R군산상일고[편집]10월 11일 고척에서 진행될 예정이고 SBS PLUS 생중계도 있을 예정이다.상대인 군산상일고는 23시즌 상대팀으로, 출신 선수로는 본교 감독인석수철감독을 비롯해김성한현 광주 CMB 야구 해설위원,이건열현 동국대 감독,신경현현 경남대 감독,정대현전 삼성 라이온즈 2군 감독,이진영현 두산 베어스 1·2군 총괄 타격코치,문규현현 롯데 자이언츠 1군 수비코치 등 전 현직 KBO 지도자들을 비롯해원종현(키움),박종훈(SSG),이준영·김호령(KIA) 등 KBO에서 활약중인 선수들이 다수 포함되어 있으며, 몬스터즈 시절 선수강민구와 파이터즈의 전 소속선수김민범(SSG)의 모교이기도 하다.3.7.1.스코어보드[편집]2026년 불꽃야구2 16경기10월 11일(생방송)??월 ??일(본방송)고척 스카이돔|관중: 명팀선발123456789RHEB군산상일고선수명0000000000000불꽃 파이터즈선수명0000000000000승리:???· 패배:???캐스터:정우영| 해설:이순철·손건영[생중계]캐스터:정용검| 해설:김선우[녹화중계]양팀 선발 라인업[ 펼치기 · 접기 ]군산상일고타순불꽃 파이터즈포지션선수명선수명포지션수1선수명수2선수명수3선수명수4선수명수5선수명수6선수명수7선수명수8선수명수9선수명투수SP선수명투수주요 기록[ 펼치기 · 접기 ]MVP없음결승타선수명(내용)홈런선수명(내용)3루타선수명(내용)2루타선수명(내용)실책선수명(내용)도루선수명(내용)도루사선수명(내용)주루사선수명(내용)병살타선수명(내용)폭투선수명(내용)심판심판명, 심판명, 심판명, 심판명비디오 판독?회초 (팀명 요청)선수명 내용 여부 | 전판정 →︎ 후판정시구 및 시타자애국가투수 기록[ 펼치기 · 접기 ]군산상일고 투수 기록투수결과이닝타자투구타수안타홈런사사구삼진실점자책점당일 ERA당일 WHIP선수명불꽃 파이터즈 투수 기록투수결과이닝타자투구타수안타홈런사사구삼진실점자책점당일 ERA당일 WHIP이대은타자 기록[ 펼치기 · 접기 ]군산상일고 타자 기록타순선수포지션1회2회3회4회5회6회7회8회9회1결과2결과3결과4결과5결과6결과7결과8결과9결과불꽃 파이터즈 타자 기록타순선수포지션1회2회3회4회5회6회7회8회9회1결과2결과3결과4결과5결과6결과7결과8결과9결과득점 루트[ 펼치기 · 접기 ]이닝득점 구단득점 루트스코어?회초군산상일고선수명의 으로 득점군산상일고 1: 0파이터즈?회말파이터즈선수명의 으로 득점군산상일고0 :1 파이터즈촬영일(실제 경기일): 2026년 10월 11일 14:00, 고척 스카이돔선수변동 및 부상불참 및 결장: 현빈(취업[166])임대: 정훈, 신경헌, 임영기경기 내용이닝경기내용1회초말2회초말3회초말4회초말5회초말6회초말7회초말8회초말9회초말경기 총평3.8.18번째 경기[편집]11일 경기 이후로 경기가 있다고 한다.3.9.19번째 경기[편집]10월 1일 일해라 장 단장에서 올해 경기가 20경기라고 나왔다.3.10.20번째 경기 (최종전)[편집]4.취소 경기[편집]4.1.VS유신고[편집]성남고 직관이 치러진 6월 13일 공개되었다.상대인 유신고는 25시즌 상대 팀으로, 2025황금사자기준우승팀이자, 2025봉황대기 전국고교야구대회우승팀이다.출신 선수로는박정현(전 태평양),유한준(kt wiz 1군 타격코치) 등이 있고, 현역 중에는최정(SSG)·최항(롯데) 형제,정수빈(두산),김민(SSG),소형준(KT),조대현(KT),김주원(NC),박정현(한화)·박영현(KT) 형제,박준우(롯데),오재원(한화),이강민(KT),신재인(NC) 등이 있으며[167], 현 소속 선수 중에는 박정현·박영현 형제의 막내동생 박지현과 파이터즈의김주일응원단장[168]의 아들 김하진이 2학년에[169],이숭용현 SSG 랜더스 감독의 둘째 아들 이서빈이 1학년에 재학 중이다.6월 16일 오후 2시 예스24를 통해 예매가 가능하고 경기는 6월 20일 오후 5시 인천 SSG 랜더스필드에서 치러진다.그러나 6월 18일 C1 측에서 경기 당일 우천 예보로 인한 경기 취소를 공지했다. 추후 재편성될 지는 미정. 이날하성운의 애국가 제창이 예고되어 있었으나 마찬가지로 취소되었다.녹화가 정상적으로 진행됐다면 7월 20일 방영 예정이었으나, 잔여 녹화분이 부족했는지 휘문고전을 앞당겨 방영하지 않고 또다시 결방을 공지했다. 올해만 벌써 3번째 결방이다.[1]이전 시즌들의 목표 승수를 계산해 보면 31경기를 치른 2023 시즌은 22승, 그 외 시즌은 21승을 올려야 했다. 승수 자체가 줄어서인지 선수단은 이전에 비해 한결 편해졌다는 반응을 보였으나 실제로는 경기를 얼마나 치르냐에 따라 목표 달성 난이도가 달라지는데, 극단적으로 최소 경기인 20경기만 치를 경우 목표 승률이0.750으로 오히려 이전보다 더 높아진다. 다만 최다 경기인 25전까지 치른다면 목표 승률은 오히려0.600으로 낮아지기 때문에 최다 경기까지 치른다면 더 편한 건 맞다.[2]삭감액과 베네핏은 현재 박용택과 장시원 두 사람만 알고 있으며, 시즌 후 공개하기로 했다.[3]직관 당일 올라온 이대호의 인스타그램 게시물에 이번 직관으로 불꽃 파이터즈 시즌이 시작된다고 언급했다.[4]25시즌 종료 후화성 코리요로 이적했으며, 이후중국야구 도시리그소속상하이 드래곤스로 프로에 진출했다.[5]제작진도 숨길 생각이 없는지 투표용지를 죄다 일부만 가려놨는데, 한 표도 빠짐없이 맨 앞글자에 '박'이 써있다. 그 와중에 박용택도 본인에게 투표한 건 덤. 애초에 파이터즈 선수들 중 박씨가 박용택과 박재욱, 박지민 밖에 없고, 이 중 주장을 노려볼 만한 선수는 박용택뿐이다. 미라클전 임시 주장을 최고령자인 박용택이 맡게 되었는데 이대로 정식 주장까지 하게 될 것으로 보인다. 결과 공개 전에 업로드된인하대전 직관경기 쇼츠에서도 대놓고 캡틴이라고 언급하기도 했다.[6]한편 선거와 동시에 프로필 촬영을 진행했다.[7]본래 가족들과 함께태안군으로 휴가 계획을 잡아놨으나, 김성근 감독의 지속적인 부탁으로 휴가를 취소하고 경기에 오게 되었다고 하소연했다. 승낙 소식을 들은 김성근 감독의 대답도 일품인데,""상큐 상큐 상큐""세 마디만 남겼다고.[8]정확히는 펑고의 공이 깎아친 것은 맞으나 의도적으로 빗겨친 건지는 방송상으로는 확인이 안 된다. 다만 일반적인 루트와 비교할 때 빗겨맞은 것은 확실하다.[9]유희관과송승준의 표현으로는 '시네루(당구에서 공이 회전하기 전 틀어치는 기술) 타법'이라고 한다. 이에 맛세이 가능이라는 자막이 올라오는 것은 덤. 실제로 외야 펑고를 받던 이택근과 박용택이 연신 ""코치님 진짜!""를 외쳐댔을 정도.[10]정성훈의 말에 따르면 최근 김성근 감독이오타니 쇼헤이의 야구에 빠져서 상위 타선에 힘을 싣는 것 같다고 분석했다.[11]정성훈을 정수현으로, 이택근을 이택훈으로 불렀다. 김성근 감독이 잘못 쓴 것을 박정환 코치가 쓰여있던 그대로 읽은 것이라 박정환이 실수한 건 아니다.[12]편집 일정으로 한 주 미뤄졌다. 장 단장과 최PD가 5월 25일 '일해라 장 단장'에서 직접 밝힌 바에 의하면 삽입된 음원의 저작권 문제가 생겨서 저작권자의 승인을 기다리고 있다고 한다.[13]훗날 상대팀 중 하나였던배재고등학교 야구부의 지역 비하 논란이 터지면서, 부싯돌즈 사이에서는 이 결방이 뜻하지 않게 신의 한 수가 되었다는 의견이 있는데, 만약 연천 미라클전 후반부가 결방 없이 정상 공개가 되었다면 사태가 터진 6월 29일이 배재고전 공개일이었기 때문. 해당 결방으로 모든 회차 공개가 한 주씩 미뤄지면서 영상 공개 날짜도 한 주 미뤄짐에 따라 제작진 측에서 본의 아니게 대책마련을 할 수 있는 시간이 주어진 셈이다. 결국 사태 이틀 후인 7월 1일 스튜디오 C1 측에서 결방을 공지하면서 배재고 편은로스트 미디어화 되었다.[14]전포지션을 트라이아웃을 진행하여 선수단을 꾸렸기에 방출과 영입을 따로 표시하진 않는다. 작년(2025)시즌과 선수단이 달리진 점은 임대선수였던 독립리그 연천 미라클 임태윤 선수가 정식 선수로 합류했다. 선성권 선수는 아쉽게도 이번 시즌에 함께하지 못하게 됐다. 새로 들어온 선수는 김기민(청운대 투수), 최현우(동의과학대 투수), 박지민(사이버한국외대 포수), 현빈(대덕대 외야수)가 들어와 젊은 피를 수혈해 줬다.[A]15.115.215.315.415.515.615.715.815.915.1015.1115.1215.1315.1415.1515.16허리 디스크 수술로 인한 재활로 인해 장기적으로 불참.[16]1K 포함 삼자범퇴[17]4화 앞부분 지난 줄거리 영사에서 3K 장면을 보면 알 수 있다.[18]정확한 교체시기는 언급이 되지 않았으나, 이대호의 타석에서는 이미 교체되었다.[19]자막과 점수 스코어를 보면 B1, K2로 이닝이 마무리되었다.[20]연천 미라클전 MVP영상을 보면, 박용택이 5타수 2안타인 걸로 삼자범퇴 이닝이 아님을 알 수 있다. 또한, 9회초 유희관 구속을 보여주는 장면을 보면 안타 수가 7개로 하나 늘은 것과 투수과 교체된 것을 확인할 수 있다.[21]4화 롯데전에서 해설진 말에 따르면 안타를 기록했다고 언급이 나온다.[22]포수가 공을 잡자마자 2루로 송구했으나, 공이 빠지며 도루를 허용했다.[23]만장일치를 깨뜨린 주인공은 유희관으로, 재산상으로 부담이 없는 점을 이유로 이대호에게 투표했다.[24]몬스터즈 시절 선수정현수의 현 소속팀이다.[25]다만 박찬형은 현재 오른손 골절로 수술을 받아 전반기 내내 재활에 집중해야 하는 상황이라 출전이 불가능하고, 정현수는 4월 15일 엔트리 정리 차원에서 2군에 내려왔다가 4월 29일 1군에 복귀하면서 2번째 맞대결은 성사되지 않았다.[26]삼성 라이온즈의 창단 멤버로, 김성근 감독이 1991년부터 1992년까지 삼성 감독으로 부임하게 되면서 인연을 맺었으며, 김성근 감독이 2000년 삼성에 2군 감독으로 복귀했을 때에도 2군 배터리코치로 함께했다.[27]박용택을 제외한 선수단은 구체적인 삭감 금액과 15승 이후 베네핏의 내용을 모르며, 이는 시즌이 끝나고 공개된다. 장 단장의 언급에 의하면 삭감액이 의외로 적지 않다고 한다.[28]합류 시점은 아직 불명확하나, 일단 배재고전에서 출전이 확인되었다.[29]이택근 선수 인스타 게시글 참고.[31]런앤히트 작전으로 주자가 3루까지 안착했다.[32]몬스터즈 시절까지 포함하면 22 시즌 NC 2차전, 23 시즌 KT전에 이어 3번째 프로팀 상대 승리이자 24 시즌 롯데전 패배의 복수가 되었다.[33]정혁 PD가 녹음했다.[34]규정상 주자가 타구에 맞는 상황이 발생할 경우 고의성에 관계없이 해당 주자는 아웃되고, 타자의 기록은 내야안타가 된다. 공에 맞지 않은 다른 주자의 경우 의무적으로 진루해야 하는 상황이었다면 다음 베이스로 이동하고, 그렇지 않다면 원래 점유 중이던 베이스로 돌아와야 한다. 예를 들어 같은 상황에서 주자가 2루가 아닌 만루였다면 1루 주자는 2루로 이동하지만 3루 주자는 이동할 수 없다.[35]2026 KBO 신인 드래프트에 지원했으나 미지명되었고 졸업 이후화성 코리요에 입단했다. 불꽃야구2 트라이아웃에도 지원했지만 서류에서 탈락했다.[36]여담으로 김기덕 감독과 김성근 감독은 90년대 후반쌍방울시절 선수와 감독으로서 같은 팀에서 활약했던 인연이 있다.[37]메이저리그 진출로 중퇴했으나, 2000년 명예 학위를 받았다.[38]최채흥에서 개명.[39]선수는 아니지만 대학 시절까지 야구를 했던 강의권KBS N SPORTSPD 또한 한양대 출신이다.[40]참고로 이석훈은 불꽃야구와도 나름 인연이 있는데, 24시즌에 있었던 롯데 자이언츠 퓨처스와의 경기를 직관했었다.[41]한양대학교의 상징 동물이사자로, 상징색인 파란색이 가미된 청사자 캐릭터 마크가 유명하다.[42]특히 손지창은최강야구 경영권 분쟁과 관련해 방영 가처분 신청건에 대해 법원이 JTBC의 손을 들어준 것과 관련해스튜디오 C1과불꽃야구에 대한 공개적인 지지의 글을 자신의 SNS에 게재했을 정도로 불꽃야구의 찐팬으로 유명하다.[43]보통 직관경기는 최소 1.5회분이나 2회분으로 편성되는 일이 많았으나 직관경기 최초로 1회분으로 편성됐다.[45]유일한 삼자범퇴 이닝(K2)[46]주자가 도루했을 때 아웃 타이밍이었으나, 비디오 판독을 진행하지 않고 넘어갔는데 이 부분이 뼈 아팠다.[47]정확한 투수교체 시기는 모르나, 6회 말 이닝 시작에 5회에 등판되었다고 언급되었다.[48]본인 언급으로는 일주일 정도 식사를 거르면 때워지는 수준이라며 반진반농의 드립을 얘기했다. 완전 농담은 아닌 게 경기를 져서든 감봉액이 양이 많아서든 표정이 좋지는 않았다는 점이다.[49]기록 자체는 무안타였지만, 잘 맞은 타구가 야수 정면으로 가거나 좋은 수비에 막히는 등 불운의 영향이 컸다.[50]다만 실제로 이루어지지는 않았다. 대주자 논의가 끝나기도 전에 박재욱이 초구에 병살을 치며 주자를 삭제시켰기 때문.[51]몬스터즈 시절을 포함하면 2023 시즌 2차전 종료 후 1승 1패로 0.500를 기록한 게 최저 중간 승률이다.[52]방송·촬영은 23시즌에 했으나, 보너스 게임 형식으로 24시즌 첫 게임으로 방영되었다.[53]몬스터즈 시절 선수인류현인과이홍구의 모교이기도 하다.[54]단국대의 유격수로 선발 출전한 신경헌은 이번 불꽃야구2 트라이아웃에 지원했으나 서류에서 탈락했다.[55]파이터즈 선수단의 최초이자 유일한 삼성 라이온즈 출신 선수로, 몬스터즈 시절까지 봐도 삼성 출신은 장원삼과 이승엽이 전부였다.[56]게다가 직관이 치러지는 5월 24일은부처님 오신 날인데, 오승환의 대표 별명 중 하나가 '돌부처'다 보니 일각에서는 노린 것이 아니냐는 반응이 있다. 5월 28일 공개된 최종계약 영상에 따르면 장 단장은 원래 5월 17일 한양대전부터 등판을 원했고, 오승환은 3주 만에 준비하기에는 기간이 짧다며 난색을 표하던 중 5월 24일 단국대전 일정을 듣고는 의욕이 강해지는 모습을 보였다. 이러한 상황이 맞물리게 되면서 '부처님 오신 날'에 '돌부처'가 모교 단국대를 상대로 불꽃야구 데뷔전을 치르는 절묘한 그림이 그려진 것.[57]이후 장 단장이 밝힌 비하인드에 따르면 등장씬 제작에만 4000만 원 정도 들었으며, 그중Lazenca, Save Us저작권 구매에만 3000만 원 넘게 썼다고 한다. 처음엔 저작권이 워낙 비싸서 아예 자체 제직곡으로 대체하려 했으나, 워낙 라젠카가 주는 임팩트가 크다 보니 어떤 곡을 써도 맛이 안 살아 그냥 저작권을 구매해 쓰기로 결정했다고 한다.#[58]6월 16일 공개된 미팅 영상에 따르면 장 단장이 한양대전 패배 후 정성훈의 백업 역할이 가능한 내야 즉전감을 급하게 찾기 시작했고, 여러 후보들 중 정훈에게 가장 먼저 연락했다고 한다. 다음 경기를 단 이틀 앞두고 미팅이 잡힐 만큼 상황이 급했기에 별도의 테스트 없이 팀에 합류하는 대신 팀에게 자신의 필요성을 증명해야 하는 알바생 신분으로 시작하게 되었다. 정식 선수 전환 조건은 여태 알바생들이 그랬듯 경기 MVP 1회 수상이다.[59]여담으로 그럼 오승환은 어떻게 트라이아웃 없이 곧바로 정식 선수가 되었냐는 의문이 들 수 있는데, 최강야구 시절부터 있던 'KBO 영구결번으로 선정된 이력이 있는 지원자는 트라이아웃 면제'라는 특별 룰에 의한 것으로 추정된다.[60]오승환과 정훈의 합류 소식은 시청자들은 물론 출연진들에게도 극비였던 것으로 보인다. 오승환의 경우 장시원 PD가 자신의 인스타 스토리에 공개한정용검과의 카톡에서 정용검이 '저만 몰랐나요?'라고 묻자 장시원 PD가 '다 몰랐어'라고 대답했고, 정훈의 경우 경기 당일까지도 합류 소식을 숨기고 있다가 등장해 선수단 모두를 깜짝 놀라게 만들었다.[61]다만 실제 후기에 의하면 우익수 쪽만 설치한 것으로 보인다. 그리고 본래 음향 시설은 모든 층, 모든 구역에 들리도록 구성은 되어 있지만 응원석 외의 구역은 거의 앰프가 사용되지 않았다.[63]K1을 포함한 삼자범퇴 이닝[64]다만 본인의 실점은 없었고, 만루 상황을 만들었던 선행 투수 김기민이 3실점을 모두 떠안게 되었다.이를 덕아웃에서 지켜본 김기민의 울상인 표정은 덤.그나마 9회는 삼자범퇴로 막았으며 경기 후 인터뷰에서 준비 기간이 짧았던 만큼 몸을 더 만들면 공이 더 좋아질 것이라고 자평했다.[65]인하대 비룡 인스타그램에 올라온 직관 홍보 영상에 등장했다.#[66]제작진도 이를 알고 정용검이 이의천을 소개하며 강릉고 출신임과김성근의 겨울방학에도 출연했다는 사실을 언급했으며 같은 사이드암 투수인 신재영의 센터에 다니고 았다는 사실도 밝혀졌다.[67]문교원은 2025년부터 인하대의 주장을 맡고 있기도 하다.[68]부담감을 크게 느꼈는지 뜬금없이 장 단장을 붙잡아놓고 걱정을 늘어놓으며 라인업을 작성했다.[69]김광현은 몬스터즈 시절인 2024 시즌 때도 랜더스필드에서 김성근 감독에게 상담을 받았던 적이 있다.[70]방송에는 나오지 않았으나 자신의 유튜브에 직관브이로그를 남겼다.[72]사사구가 1개 카운트되었지만, 3타자 만에 이닝 종료되었다.[73]안타가 11개로 1개 늘었지만 득점은 없었다.[74]정확한 교체시기는 역시 알 수 없다.[75]편집되어서 정확하지 않으나, 10게임 화성코리요전을 마치고 옵션에 대해 얘기하면서 31타수 6안타, AVG 0.194로 언급했다. 이때 계산한 바로는 타수가 남아서 아마 이때 희생번트를 하지 않았을까? 하는 생각이 든다.[76]이 인물의 이름을 딴이영민 타격상이 있다.[77]이번 시즌은 편성표상으로 기존의 '특집야구'가 아닌 '특집 불꽃야구'로 기재되었다.[78]이전까지는 대학, 독립, 연합(올스타)팀만이 특집야구로 편성됐다.[79]이에 대해손건영해설위원이 원소속인SPOTV에서 26시즌부터 KBO 해설도 맡게 됨에 따라 계약 문제로 해설을 맡을 수 없어서 중계진을 교체한 것으로 추정되기도 했으나(애초에 생중계 중계진을 따로 둔 것도 기존 해설위원인김선우해설이MBC SPORTS+소속이라 SBS 계열의 SBS Plus에서 해설을 맡는 것이 불가능하기 때문이다.), 6월 4일 일해라 장단장에서 최태규 PD가 원래처럼 한장희-손건영 콤비로 하고 싶었다고 언급한 것으로 보아 SBS 측의 요구가 있었던 것으로 보인다.[80]다만 상기했듯 이미 녹화를 먼저 마쳤던 경기에서 각각 공개됐는데, 정훈은 단국대전, 김지수는 인하대전에서 처음으로 모습을 보였다.[81]나는 솔로 프로그램 특성상 가명으로 썼다.[82]후자는 이제 방영 취소 확정 후 결정에 존중하는파가 있는가 하면, 불꽃야구 안티인 분탕파들은 쫄았느냐고 불꽃야구 측을 조롱을 하는 등 또 의견이 갈렸다. 결국 취소 안내문은 댓글창을 막아버렸다.[83]성남고 편이 10화에 배정되면서 시즌2는 9화가 빠지게 되었다.[84]원래대로라면 7월 6일 방영이 예정이였으나 상술했듯 배재고 야구부의 지역비하 논란으로 인해 방영이 취소됐다.[생중계]85.185.285.385.485.585.685.785.8[86]배재고전 미공개 이후 바로 다음 회차인 성남고전을 앞두고 라커룸 토크에서 이택근의 MVP 수상 언급과 추후 시상 장면만 공개되어 이택근은 불꽃야구가 들어서면서 본인이 MVP를 수상한 두 번의 경기 모두 공개가 되지 못하는 억울한 상황에 놓였다. (부산과기대 2차전은 방영금지 가처분 판정을 받아 공개가 불가능했고, 추후 미공개 사진전으로 시상 장면이 공개되었다.).[88]미공개 방영분이지만 경기 자체는 이미 직관 및 생중계 하에 이상없이 치렀기에 전적에 그대로 반영되었다. 다음 회차인 성남고전 경기 이후 전적을 발표할 때도 배재고전 승리를 포함한 기록으로 나왔다.[89]원래 야구선수 출신이다. 원래 재학중이던 여수상업고등학교(현여수정보과학고등학교)의 야구부가 해체되어 성남고로 전학을 갔고, 훈련을 받던 중 부상을 당해 선수 생활 불가 판정을 받아 야구를 그만두었다고 한다.[90]몬스터즈 시절 선수인유태웅의 모교이기도 하다.[91]25시즌 성남고전에도 1·2차전 모두 1루수로 선발 출장했으며, 26시즌에는 팀의 주장을 맡고 있다. 이 인연으로 특집(?) 인터뷰 '성난 사람들'에서 인터뷰를 했다.[92]예고편 영상 기준 성남고 투수 김진호의 7K, 파이터즈 투수 신재영의 8K로 극강의 짠물대전이 예상되는 경기다.[94]정확한 교체시기는 알 수 없으나 7회말에 수비하는 모습을 볼 수 있고, 중계진이 딱히 언급이 없어서 편집된 6회말에 교체된 것으로 추측한다.[95]실제 경기 전 인터뷰에서 박용택은 파이터즈와 휘문고의 반반 유니폼을 입고(이후 불꽃야구를 통해 공개된 비하인드에 따르면, 유니폼을 반씩 합친 것이 아닌 파이터즈와 휘문 유니폼 두 벌을 한 벌처럼 입은 것으로 밝혀졌다.), 김선우의 경우에는 경쟁사인 MBC SPORTS+ 소속이라 생중계 방송에는 출연이 불가능함에도 모교와의 경기라 그런지 휘문고의 유니폼을 입고 이례적으로 인터뷰를 진행했다. 한편 박용택은 대휘문이라며 모교를 아주 비행기 태우는 행보를 보이는 반면, 김선우는 겸손하려는 의미로 '대'까지는 붙이지 않았다.[96]실제로 방송에서 휘문고 출신 선수들을 나열하는 과정에서 박용택·김선우와 함께 지석훈의 이름에도 색칠이 되어 있다. 다만 금색인 두 사람과 달리 지석훈의 이름은 빨간색인데 지금은 소속선수가 아니여서거나, 지금도 JTBC와 법적 분쟁이 한창이기에 이를 의식한 것으로 보인다.[97]실제로 박용택이 임찬규와 또 다른 휘문고 출신인김민석을 찾아가 휘문고 응원 영상을 부탁하기도 했다.김민석임찬규와중에 지면 본인 연봉이 삭감됨에도 후배들에게 모교 응원을 부탁하는 휘문택[98]실제로 이후에 또 다른예고영상에서 박용택이 휘문고 유니폼을 입고 모교부심을 뽐내는 영상이 올라왔다. 한편 이를 본 사람들 사이에서 박용택이 입고 있는 유니폼이 최근 유니폼인 것을 두고, 트라이아웃 당시에 박용택이 LG구단에 직접 연락해 최신 유니폼을 부탁해 입고 나온 것처럼 휘문고에 부탁해 직접 유니폼을 맞춘 게 아니냐는 의심을 하고 있다.[99]여담으로 해당 문구에서 보듯 '박용택 선수'가 아닌 '박용택씨'호칭을 붙였는데, 이는 최강야구 시절부터 봐온 시청자들은 알다시피 주로 영건들의 원 소속팀과 경기할 때 해당 선수들이 몬스터즈·파이터즈가 아닌 원 소속팀을 선택했을 때 제작진이 하는 일종의 소심한 복수로, 이날의 경우에도 전 경기인 성남고전부터 자신의 타석에서 응원을 자제해달라는 박용택의 요구에 제작진이 응원을 자제하는 대신 '박용택 씨'라고 호칭을 붙여 소심하게 복수한 것으로 보인다.[100]심지어 경기 중에 웃는 일이 거의 없는 김성근 감독까지도 이 모습을 보고 폭소했다.[101]화수로는 12화[녹화중계]103.1103.2103.3103.4103.5103.6103.7[104]본인 생일인 9월 12일을 뜻하는 '912' 마킹 유니폼을 입고 시구를 했다. 여담으로 불꽃야구의 헤드 PD(특정 프로그램이나 제작 부서의 총괄 책임자이자 수장 역할을 맡는 메인 연출자)를 맡고 있는 김은지 PD와 중학교 때부터 친구임이 밝혀지기도 했다.[106]특정 기업이 소유하는 구단이 아닌 지자체 예산이나 시민의 모금을 통해 운영되는 구단.[107]경기 이틀 전인 7월 10일 퓨처스 올스타전에 출전하는 선수들의 경우 투수인나가 타이세이를 제외한알렉스 홀,노강민,김서원3인이 엔트리에 포함되었다. 마침 이번 KBO 1군 및 퓨처스 올스타전이 고척 스카이돔과 같은 서울 소재의잠실 야구장에서 개최되어 이동에 별다른 차질이 없는 점도 한몫한 것으로 보인다.[108]이로 인해 부응원단장이었던오명섭단장은 원래는 휴식일이었으나 그냥 놀러 와 파이터즈 유니폼을 입고 파이터즈가 아닌 울산 웨일즈 응원단상에서 응원을 해 관중들을 물론 김주일 단장을 비롯한 응원단, 중계진, 선수들 모두가 어이없어 하는 상황이 펼쳐졌다. 자막에도 '오명섭 씨'라고 한 부분은 덤.[109]1,2번과 4,5,6번 타자, 그리고 선발 투수까지만 김성근 감독이 작성했고, 비어있는 나머지 타순은 김지수 코치가 채워넣었다.[110]우익수 박용택이 발표되자 신재영, 유희관 등 투수진은 통상적인 보이콧을 넘어 사실상 시위를 하려는 자세로 결사반대하는 모습이 잡혔다.[111]라인업을 작성할 당시 김지수 코치는 이미 작성된 선수들의 포지션은 수정하지 않는 게 옳다고 여겼고 장 단장 역시 이에 동의했었다. 그리하여 이미 정훈이 배정된 지명타자 자리에 박용택을 넣지 못하고 그나마 비어있던 우익수로 보낸 것. 박용택이 포지션 변경을 요청하려 할 때는 김성근 감독이 화를 내지 않을까 우려하기도 했지만, 다행히 김성근 감독이 요청을 곧바로 받아들이면서 해프닝으로 끝났다.[114]지난 유신고전 당시 사전공지 되었으나, 경기 자체가 우천 취소되어 애국가도 취소되었었다.[116]디에포와 NPB 시절 소속팀한신 타이거스의 협업 프로젝트의 모델로 발탁되어 경기 전날 열리는 팬사인회 참석차 일본으로 출국했다.[117]다크불꽃 중계 영상을 참고하여 작성함.[118]예정보다 앞당겨2026 KBO 신인 드래프트에 참가했으나 어느 팀의 선택도 받지 못했고 육성선수 입단 제의조차 없었다. 동일한 자격으로 다시 드래프트에 나올 수 없다는 규정에 따라2027 KBO 신인 드래프트는 참여가 불가능하다.[119]미팅 전에 화성 코리요 구단 측과 김성근 감독, 장시원 PD 모두에게 메세지를 통해 이미 은퇴의 뜻을 밝혔다고 한다.[120]여담으로 장 단장은 경기를 잡은 시점에 선성권의 은퇴 의사를 전혀 몰랐다고 한다. 그야말로 엄청난 우연. 참고로 선성권의 마지막 공식 등판 경기는 7월 1일 안산 웨이브스전이었다.[121]이후 16화에서 연봉 계약 당시 최수현이 직접 마이너스 옵션을 신청했으며 옵션 금액도 장 단장이 처음 제시한 금액의 2배로 역제시까지 한 것이 밝혀졌다.도박 중독 상담은 1336[122]선수와 중계진이 실시간으로 소통을 하는 MLB 특유의 인터뷰 방식이다.[123]여담으로 마지막 호투에 흐뭇한 표정으로 미소짓는 김성근 감독의 모습이 잡혔는데, 몬스터즈-파이터즈 통틀어서 김성근 감독이 경기 중 이런 미소를 짓는 경우는 정말 손에 꼽을 정도다. 정근우가 이대호에게 도루하는 척이라도 하라고 했을 때 이대호가 그것도 싫다며 징징댈 때나, 박용택이 관중들의 침묵을 요청했는데 초구부터 데드볼을 맞은 상황에서 웃은 적은 있지만 이건 단순히 웃긴 상황에서 웃은 것이다.[124]원래는 멘트를 하고 애국가 제창을 해야 했으나, 까먹었는지 스킵하고 애국가 제창을 한 뒤 멘트를 하려 했으나 당당이가 마이크를 가져가는 바람에 멘트를 못 할 뻔한 상황이 생기면서 깨알 웃음을 주었다.[126]현삼성 라이온즈포수박세혁의 아버지이다.[127]재학 당시에는 개명 전으로, 최동현이라는 이름을 썼다.[128]몬스터즈 시절인 2023 시즌 동국대 소속으로 출전했었다.[130]김선우 해설위원의 원소속인 MBC 스포츠 플러스에서 LG·한화의 3연전 중계로 손건영 해설위원이 대신 합류했다. 중계방송 전 정용검의 인스타에도 생중계 중계진인 정우영·이순철 콤비와 손건영 위원, 다크불꽃을 진행하는 한장희 캐스터와 동국대 이건열 감독과 찍은사진이 올라왔다.[132]자신의 반려묘 영심이의 생일인 1월 1일을 의미하는 11번 유니폼을 입고 시구에 나섰다. 공교롭게도 이날 선발투수인 이대은의 등번호도 11번이다.[133]7회 말 클리닝 타임에밤이면 밤마다가 나오기도 했다.[135]SSG 랜더스 육성선수 입단[136]이택근 주관이 들어간 것이 아닌 김성근 감독 라인업을 대필한 것이다.[139]원래 불꽃야구 직관에는 제창자들의 멘트 후 무반주로 애국가를 제창한다. 하지만 유연정이 이를 모르고 반주가 나올 때까지 대기해 1분 정도 경기장에 정적이 흐르고 말았고, 결국 관중들이 원래 반주가 없다고 알려주자, 유연정이 그제야 사태파악을 해 애국가를 부르는 해프닝이 있었다.[인정][142]곽병진, 임영주, 유은종, 권희재. 육성선수까지 포함시 올해 총 6명이 프로에 진출했다.[143]아들이 중학야구 선수라 아들의 이름과 배번을 마킹한 유니폼을 입고  애국가를 제창했다.[145]사실 이 부분은 바로 다음 경기인 대학 국가대표와의 생중계를 본 시청자들이라면 짐작을 했을 텐데, 경기 시작 전 정우영 캐스터가 슬레이트 담당이 바뀌었다고 언급했기 때문. 최강야구 시절부터 유독 미신·징크스에 예민했었던 만큼 이를 아는 시청자들이라면 부산과기대 직관을 다녀오지 않았어도 해당 멘트만으로 파이터즈가 부산과기대전에서 패배를 했구나라는 걸 예상할 수 있었던 것이다.[146]원 소속팀에서 이미 파이터즈와 맞붙어본 선수도 다수 있다. 여담으로 주전 포수 김우성의 경우 작년 최강야구(브레이커스)에서 임대선수로 뛰었던 경험이 있다.[147]16일 경기에서 박재욱과의 MVP 인터뷰 마지막에정우영캐스터가 박재욱에게 '2주 뒤에 뵙겠습니다.'라고 끝인사를 했다.[148]SBS Plus 공식계정에 올라온게시물해시태그에 정우영·이순철 콤비의 이름과 함께 손건영 위원의 이름이 언급 되어있다.[152]원래는 8월 8일에 직관이 치러질 예정이었으나, KBO 리그의 폭염 브레이크 발표에 따라 해당 경기 역시 취소되었다가 9월 4일에 재조정된 경기 일정을 다시 공지했다.[153]여담으로 하현승은 이대호의 유튜브에 출연했을 당시 정훈과의 간단한 투타승부에서 장타를 맞으며 패배했고 그로부터 얼마 뒤 국내 잔류를 결정하며 화제가 되었던 바 있다. 직관 공지 영상에서도 해당 맞대결 장면을 활용했으며 하현승이 직접 정훈과의 재대결을 원한다고 밝히기도 했다.[154]명목상의 홈구장인 파이터즈 파크는 말할 것도 없고, 고척돔 역시 창단 이래 가장 많은 경기를 치른 실질적인 홈구장인 걸 감안하면 이번 경기가 최초의 원정 경기 생중계라고 볼 수도 있다. 이후 일해라 장 단장에서의 장 단장의 말에 따르면, 이전에 잡았던 용마고전도 그렇고 해당 경기도 KBO 잔여경기 일정을 피해서 잡았으며, 이 경기의 경우 남은 장소가 사직 야구장 딱 한 곳 밖에 안 남았었다고 밝혔다.[158]경기가 정상적으로 진행되었다면 몬스터즈 시절NC 다이노스 2군과의 경기 이후 4년 만의 창원 경기이자, 고척스카이돔, 사직 야구장, 인천 랜더스필드, 잠실야구장에 이어 역대 5번째로 프로팀 1군 경기장에서 치러지는 직관 경기가 될 예정이었다.[159]몬스터즈 시절 치러진kt wiz2군과의 경기는고척 스카이돔에서 치러져 프로팀과의 경기 중 유일하게 상대 팀 홈구장에서 경기를 치르지 않은 케이스가 되었으며, 바로 다음 경기인SSG 랜더스2군과의 경기는 2군 팀의 홈구장인강화 SSG 퓨처스필드에서 치러졌다.[160]스튜디오C1 측에서 올린 공지에 따르면#보름 전에 대관 약속을 받고 사전 답사, 협력사 소통(메인 스폰서인 카카오페이증권의 백만불꽃 프로젝트의 8월 캠페인인 '신혼부부 주식 선물 캠페인'의 혜택 중 하나가 '창원 직관경기 초청'이었다.) 등 직관 행사를 준비하던 중 갑작스럽게 구장 측으로부터 대관이 어렵다는 통보를 받았다고 한다. 스튜디오 C1 측에서 이미 대관 재협의를 요청했으며 재검토를 하겠다는 답변을 받고 우선 화요일이던 예매일을 수요일로 연기했으나, 결국 지속적인 설득과 협조 요청에도 대관 불가라는 최종 통보를 받음에 따라 경기를 취소하기로 최종 결정했다고 한다.[161]직관 예정일 다음날인 9월 6일 NC파크에서 드라마를 촬영한다는 목격담이 떴는데, NC파크를 배경으로 한 드라마너의 그라운드촬영 일정이 경기 취소의 원인인 것으로 확인되었다. 이에 따라 용마고는 2시즌 연속으로 예정된 직관 경기가 취소당하는 웃픈 기록을 남기게 됐다. 그나마 이번 시즌 재편성으로 한을 깰수 있었다.[162]다만 25시즌 방송은 방영금지 가처분 결정이 떨어짐에 따라 미공개 상태이다.[166]키움 히어로즈 육성선수 입단[167]이 중 박준우는 24시즌과 26시즌 롯데 퓨처스 소속으로, 오재원·이강민·신재인은 25시즌 유신고 소속으로 출전했다.[168]다만 2026 시즌은 현재까지 모든 경기가 직관으로 진행되면서 계속 주말에만 열리고 있는데, 월요일을 제외한 모든 요일에 경기가 있는 KBO 리그 정규시즌의 특성상 병행이 매우 어려운 환경이라 한동안 김주일을 불꽃야구에서는 보기 어려울 듯하다. 김주일의 빈자리에는오명섭이 출연하고 있다.[169]박지현은 25시즌 경기 당시 6회말 2아웃 상황에 구원 투수로 교체 출전했으며, 김하진은 출전은 못했지만 덕아웃 응원단장을 맡아 아버지와 응원대결을 펼치기도 했다."
23,흑색왜성,왜성(천체)가설상의 천체,"편집 보호된 문서입니다. 문서의ACL 탭을 확인하세요.항성의진화[ 펼치기 · 접기 ]╲초기태양 질량에 따른 구분*≤0.25≤0.5≤2.25≤7.5≤9.25≤20≤45≤130≤250≤103103≤형성단계원시별하야시경로황소자리 T형 별↓헤니에이경로↓전주계열성허빅 Ae/Be 별↓주계열단계주계열성초대질량 항성(쿼시 별)후주계열단계청색왜성준거성볼프-레이에별WLLBV적색거성가지별色*(LBV)초거성·극대거성色*↓헬륨 섬광↓*수평가지별초기 점근거성가지별(OH/IR 별)볼프-레이에별WL열맥동 점근거성가지별(OH/IR 별)탄소 섬광초점근거성가지별(OH/IR 별)행성상성운·후점근거성가지별초신성·극초신성밀집성단계와그 후백색왜성중성자별(킬로노바·마그네타)블랙홀↓*블랙홀흑색왜성*·Ia형 초신성·헬륨 별*철 별*블랙홀초대질량 블랙홀로의 흡수호킹 복사로 인한 소멸[ 각주 ]기울임: 현재 우주에서 관측 및 발견이 불가능한 이론상의 천체WL: 볼프-레이에별과 LBV의 경우, 아직 두 항성의 형성과 진화단계를 정확하게 설명하는 이론이 존재하지 않는다. 따라서 틀에 서술된 진화 과정은 여러 이론들을 총합하여 서술한 것이며, 실제 진화과정은 틀의 서술과 다를 수 있다.色: 주계열을 떠난 일반·초·극대거성들은 특이사항이 없는 이상 크기가 커짐과 동시에 온도가 낮아지는 방향으로 진화하며 결과적으로 적색이 된다.( ): 괄호 안의 항성진화 과정은 거칠 수도 있거나 또 다른 형태로 존재하는 경우를 의미한다.↓: 아래쪽을 향하는 화살표가 쳐져 있을 경우, 그 칸에 해당되는 초기 질량을 가진 항성은 그 단계를 거치지 않거나 별 일 없이 다음 단계까지 진행한다.*: 참고1. 항성의 초기 질량 외에도 중원소 함량, 회전속도 등에 따라서도 진화 과정이 달라질 수 있으나 이 틀에서는 고려되지 않았다.2. 거성, 초거성, 극대거성 등의 분류는여키스 분류법을 따른 것으로 엄밀하게 구분되지 않으며, 항성의 진화 단계를 정확하게 표기하기 위한 기준으로 사용되기는 어려울 수 있다.3. 태양 질량의 2.25~8배의 질량을 갖는 별은 핵이 축퇴 상태에 이르기 전에 헬륨 연소가 시작되므로 헬륨 섬광을 겪지 않고 헬륨 핵융합을 시작한다.4.쌍불안정형 초신성은 잔해를 남기지 않음에 따라 아래쪽을 향하는 화살표로 표기하였음을 유의하도록 하여라.5. 1.2~1.4배의 태양 질량을 가진 흑색왜성은 이후찬드라세카르 한계에 의해 폭발하게 된다.6. 헬륨 별은 이후 행성상성운을 남기고 폭발하여 탄소-산소 백색왜성이 된다.7. 철 별은양성자 붕괴가 발생되지 않을 경우에만 형성되며, 양성자 붕괴가 발생될 경우 흑색왜성은 구성물질이 미립자 단위로 붕괴되면서 소멸할 것으로 예상되고 있다. 이후 철 별은 양자 터널링을 거쳐 중성자별 또는 블랙홀로 진화한다.※ 다른 틀 둘러보기:주계열성의 종류·갈색왜성의 종류·갈색왜성의 진화천문학 관련 정보갈색왜성의진화[ 펼치기 · 접기 ]╲초기목성 질량에 따른 구분≤13≤65≤80형성단계원시 행성계 원반분열원시별*하야시경로핵융합 불가중수소 융합중수소 융합&리튬 연소전자 축퇴압으로 인한 수축 강제 정지로양성자-양성자 연쇄 반응점화 온도 도달 실패왜성단계준갈색왜성갈색왜성식은 갈색왜성밀집성단계와그 후흑색왜성철 별블랙홀초대질량 블랙홀로의 흡수호킹 복사로 인한 소멸[ 각주 ]*: 참고1. 목성 질량(MJ)은 갈색왜성의 체급을 나누는 절대적인 기준이다. 80 MJ는 태양 질량 기준으로 약 0.075 M☉에 해당한다.2. 13 MJ미만의 천체는 질량이 너무 가벼워 중수소 핵융합조차 일으키지 못하며, 갈색왜성이 아닌 '준갈색왜성(Sub-brown dwarf)' 또는 떠돌이 행성으로 분류된다.3. 65 MJ이상의 무거운 갈색왜성은 형성 초기 수천만 년 동안 리튬을 태울 수 있으나, 결국 수축이 멈추면서 온전한 항성이 되지는 못한다.4. 난류 분열 및 원시성 방출 모델은 갈색왜성이 왜 항성만큼 가스를 모으기 전에 성장을 멈추었는지 설명하는 현대 천문학의 핵심 가설이다.5. 핵융합을 중단한 갈색왜성은 이후 분광형이 낮아지며 식은 갈색왜성을 거쳐 흑색왜성이 된다.따라서, 현재 존재하는 갈색왜성은 과거에 더 높은 분광형이었을 수 있다.6. 갈색왜성은 핵융합 중단 이후 온도가 서서히 내려가며, 결국 스펙트럼이T형에 수렴한다. 여담으로, 갈색왜성·핵융합을 중단한 갈색왜성·식은 갈색왜성이 서로 합쳐져적색왜성을 이룰 수 있다.7. 철 별은양성자 붕괴가 발생되지 않을 경우에만 형성되며, 양성자 붕괴가 발생될 경우 흑색왜성은 구성물질이 미립자 단위로 붕괴되면서 소멸할 것으로 예상되고 있다. 이후 철 별은 양자 터널링을 거쳐 중성자별 또는 블랙홀로 진화한다.※ 다른 틀 둘러보기:주계열성의 종류·항성의 진화·갈색왜성의 종류천문학 관련 정보1. 개요2. 상세3. 이후4. 관련 문서흑색왜성의 상상도[1]1.개요[편집]영원한 어둠 전의 마지막 한 줄기 빛 – 백색왜성과 흑색왜성黑色矮星/ Black Dwarf흑색왜성은 중소형 항성최후의 단계라 생각되는천체이다. 더 이상 빛을 내지 않고 그저 우주를 떠돌아다니기만 하므로, 이 단계까지 오면 더 이상 항성이 아닌 왜성이라는 이름을 붙이게 된다. 전자축퇴압을 넘어 중력 붕괴를 일으킬 만큼의 질량을 갖추지 못한 축퇴물질의 덩어리로, 핵융합은 더 이상 일어나지 않지만 기존 항성의 질량이 대부분 유지되기에 항성일 때와 중력은 별 차이가 없다. 흑색왜성은 백색왜성과 다른 천체는 아니고, 백색왜성이 기존에 만들어 두었던 에너지를 잃어가다가 방출하는 빛이 관측이 불가능한 상태가 된 것을 말하는 것이다. 흑색왜성은 계속해서 식어가다가 끝내는절대 영도직전[2]까지 온도가 떨어질 것으로 생각된다.2.상세[편집]흑색왜성의 '흑색의 기준'이 명확하지 않다. 다만, 절대영도 직전이 Y형이기 때문에 온도 기준으로 Y형에 진입하면 사실상 흑색왜성으로 취급된다.다 식어버린 왜성이다 보니Y형 갈색왜성이 연료를 다 써버리면 흑색왜성으로 진화한다는 얘기가 가끔씩 나온다. 그러나, 갈색왜성은 왜성은 맞지만밀집성이 아니므로 흑색왜성은 아니다.중성자별도밀집성의 일종이고 마찬가지로 Y형까지 식어버리는 것이 가능하지만, 종류가 달라 흑색왜성으로 분류되지는 않는다. 중성자별이 백색왜성보다 초기 온도가 훨씬 높고 크기가 훨씬 작기 때문에 흑색왜성이 생길 시점에도 여전히 빛을 발할 것이다.현재까지는 이론상으로만 존재하는 별이다.백색왜성이 오랜 시간에 걸쳐 서서히 식어 주변 온도와 비슷하게 되면서 더 이상 빛이나 열을 내보낼 수 없는 상태가 된 것을 의미하는데, 이 상태가 되는 데 적어도 수백조 년[3]이 걸리기 때문에 138억 살 정도 먹은 현우주에서는 흑색왜성이 존재하지 않을 것으로 추정된다.설령 있더라도 우주의 온도와 비슷하고 당연히 빛을 내지도 않고 크기마저 작아 존재 확인조차 어려울 것으로 생각된다. 그래도 발견 가능성이 있다면 크기는 행성급(질량에 반비례하여지구~해왕성정도)이지만 질량은 항성급이기에 중력으로 존재를 확인할 수 있을 것으로 추측해 볼 수 있지만, 적어도 인류가 가까운 시일 내에 진출 가능한 우주 공간에는 없다.G형, K형[4], M형 항성[5]들의 종말 단계이지만 당장 G형 항성의 흑색왜성도 보기 힘들다.3.이후[편집]흑색왜성의 이후는양성자 붕괴가 실존하는지 여부에 따라 달라진다. 양성자 붕괴가 존재하지 않는다면 흑색왜성은 긴 시간에 걸쳐 양자 터널링 현상을 통해 순수한 철-56 동위원소로 이루어진철 별이 된다. 양성자 붕괴가 존재한다면 철 별이 되기 전에 서서히 질량을 잃고 가스 행성과 비슷한 모습으로 변한 뒤[6]마지막에는 수소 구름 형태가 되어 소멸한다.흑색왜성에 천체가 충돌하거나, 주변 물질을 빨아들인다면 질량 흡수 과정에서 열이 발생하고, 그렇게 발생한 열이 표면을 충분히 달군다면백색왜성으로 돌아간다.양성자 붕괴가 없다면, 흑색왜성은 가장 질량이 높은 순서부터 차례대로초신성폭발하여 약103200010^{32000}1032000년 후면 태양 질량 1.2배가 넘는 모든 흑색왜성이폭발할 것이다. 이는 양자 터널링으로 인한 핵융합으로 밀도가 증가하여찬드라세카르 한계질량이 태양 질량의 약 1.44배에서 1.2배로 낮아지기 때문에 발생하는 현상이다.[7]이보다 가벼운 흑색왜성들은 초신성을 일으키지 못하지만10102610^{10^{26}}101026년 이상 지나면 양자 터널링으로 인해블랙홀로 붕괴하기 시작하여10107610^{10^{76}}101076년이 지나면 완전한 블랙홀이 된다. 그리고 그 블랙홀 또한 아주 천천히호킹 복사를 거쳐 붕괴되다가101012010^{10^{120}}1010120년이 지나면 완전히 소멸하고, 이 시점에 우주의 수명도 영원히 끝나게 된다. 만약 이 이론이 맞고 (가능성은 0에 가깝지만) 흑색왜성의 초신성 폭발을 목격 가능한 지적 생명체가 있다면 우주에서 발생한 마지막 빛을 목격하는 것과 다름이 없을 것이다.추가적으로 관심이 있다면 M.E.Caplan의 Black Dwarf Supernova in the Far Future를 참고. 더 자세한 내용이 나와 있다.4.관련 문서[편집]백색왜성철 별[1]이미지에 고증오류가 있다. 흑색왜성의 첫 탄생 시기는 약 1000조 년 후로 추정되는데, 지금으로부터 약 10조 년 후부터 새로운 항성의 생성이 중단되고, 약 100조 년 후에는 모든 항성이 소멸할 것으로 예상되기 때문에 배경에 밝게 빛나는 별들이 없어야 한다.[2]측정 당시의 우주배경복사 온도에 근접하겠지만, 양성자 붕괴가 실존할 경우 그것보다 약간 높을 수 있다. 양성자가 붕괴할 경우 흑색왜성 전체에서 약 400W의 열이 발생할 것이라 예상되는데, 상상하기 어려울 만큼 극미량의 열이지만 흑색왜성이 출현할 시점에는 이것만으로도 주변 우주 공간보다는 훨씬 뜨거운 수치다.[3]추정치에 따르면 약 900조 년.[4]최대 수명 300억 년,태양의 경우보다 작은적색거성으로 변한 후 작은 축퇴 왜성으로 변화.[5]최대 수명 10조 년 이상,청색왜성-덜 축퇴된 헬륨백색왜성으로 변화할 것이라 추정.[6]양성자가 붕괴함에 따라탄소,산소가 점차수소,헬륨으로 변하기 때문에 결국 주 구성 성분이 고체에서 기체로 변하게 된다.[7]모든 항성들은 그 크기에 걸맞은 중력에 맞서 내핵의 전자들이 서로 바깥으로 밀어내는 힘인 전자 축퇴압과 평형을 이뤄 형태를 유지하는데, 양자 터널링으로 핵 내부의 물질들이 계속 핵융합을 하다 불안정한니켈-56이 형성되면 가장 안정한 원소인철로 붕괴되며반물질인양전자를 방출한다. 이 양전자들이 전자와 반응하여 쌍소멸을 반복하는 것을 무한에 가까운 시간 동안 겪으면 질량을 잃고 축퇴압이 감소하여 줄어들다 초신성 폭발을 하게 된다는 이론이다."
24,,,
25,김환희/골 때리는 그녀들/클럽 경력,FC 액셔니스타/현역,상위 문서:김환희/골 때리는 그녀들1. 개요2. 클럽2.1.FC 액셔니스타1.개요[편집]김환희의골 때리는 그녀들클럽 경력을 정리한 문서이다.2.클럽[편집]2.1.FC 액셔니스타[편집]1경기 0득점 0도움[1]자세한 내용은김환희/골 때리는 그녀들/클럽 경력/FC 액셔니스타문서를 참고하십시오.[1]제2회 GIFA컵 종료 기준
26,,,
27,사용자:Hexy_Joe/빠른 이동 및 연습장,,
28,난칸마치,구마모토현의 정1957년 설치된 행정구역,"구마모토현시정촌[ 펼치기 · 접기 ]정령지정도시현청정령구마모토시(▶ 하위 행정구역)시아소시아마쿠사시아라오시우키시우토시카미아마쿠사시키쿠치시코시시타마나시히토요시시미나마타시야츠시로시야마가시정타마나군교쿠토마치나가스마치나고미마치난칸마치시모마시키군키쿠치군야츠시로군미사토마치오즈마치키쿠요마치히카와초카미마시키군카시마마치코사마치마시키마치미후네마치야마토초아소군아마쿠사군오구니마치타카모리마치미나미오구니마치레이호쿠마치쿠마군아사기리초타라기마치니시키마치유노마에마치아시키타군아시키타마치츠나기마치촌아소군우부야마무라니시하라무라미나미아소무라쿠마군쿠마무라사가라무라미즈카미무라야마에무라이츠키무라南関町난칸마치 / Nankan Town정기(町旗)문장(紋章)기본 정보국가일본지방규슈도도부현구마모토현면적69.18km²인구7,983명[1]정장(町長)사토 야스히코(佐藤安彦)상징정화진달래(ツツジ)정목떡갈나무(カシ)난칸 정청1. 개요2. 지리3. 역사4. 교통4.1. 도로 교통1.개요[편집]일본구마모토현북서부에 위치한정(町)으로,타마나군에 속한다.2.지리[편집]내륙지방이기 때문에 관내는 대부분 산지이다. 시가지는 세키강, 우치다강을 끼고 이루어져 있다.북쪽에는후쿠오카현미야마시에 접하며, 서쪽은큐슈 신칸센을 사이에 두고후쿠오카현오무타시및아라오시와 접하고 있다. 또한 남쪽으로는타마나시와 접하며, 동쪽으로는 나고미마치와 접한다.3.역사[편집]과거에는 히고국 타마나군에 속하던 지역으로 치쿠고국과 히고국의 경계 지역이기 때문에, 과거의 지역 간 검문소 같은 시설이었던 관소(関所) 중 하나인 남관(南関, 난칸)이 위치하였다. 남관을 지나는 길은 구마모토와 오이타, 키타큐슈 지역을 연결하는 '부젠 가도'로 난칸은 교통의 요지일 뿐만 아니라 역참 마을로 발전했다.폐번치현 이후로 구마모토현 타마나군에 속하였으며,1957년에 난칸마치와 4개의 정촌을 합병하여 현재의 모습이 되었다.4.교통[편집]난칸마치 관내에 있는 철도역은 없으며, 가장 가까운 역은큐슈 신칸센의신오무타역이나가고시마 본선/니시테츠 텐진오무타선의오무타역이다.4.1.도로 교통[편집]관내에는큐슈자동차도가 지나며,난칸IC가 관내에 위치한다. 또한 인근의오무타시나아라오시,나가스마치에 고속도로가 없기 때문에, 대다수가 난칸IC를 이용하고 있다.난칸마치를 지나는 국도로는443번 국도가 있으며, 인근의 오무타나 아라오, 타마나, 야메, 우에키 방면으로 가는 지방도 또한 놓여져 있다.시내버스는큐슈산코그룹산하 버스회사인 '큐슈산코버스'의 야먀가 영업소와서일본 철도자회사인니시테츠 버스 오무타에서 운행하고 있다. 산코버스는 나고미, 야마가, 타마나를 경유해 구마모토 시내로 가는 노선을 운행하고 있고 니시테츠는신오무타역과오무타역, 오무타 시내로 가는 노선을 운행하고 있다.산코와 니시테츠 모두 히고은행 난칸지점 근처에 작게 '난칸 터미널'을 만들어서 운영하고 있다. 큰 버스터미널은 아니고, 그냥 시골 버스터미널에서 시내버스를 타는 느낌. 두 터미널은 200m 정도 떨어져 있다.고속버스는 큐슈자동차도에 있는 코바루 정류장에서 이용할 수 있으며, 후쿠오카와 구마모토를 잇는 히노쿠니호가 정차하고 있다. 그 외로는니시테츠 버스 오무타에서 운행하는 후쿠오카행 고속버스가 관내의 키타비라키 정류장에 정차하고 있다.[1]추계인구 2025년 10월 1일 기준."
29,,,
30,손무,몰년 미상춘추전국시대 및 진나라(영성)의 철학자둥잉시 출신 인물군사학자,"손자(인물)은(는) 여기로 연결됩니다. 제(齊)나라의 손자(孫子)에 대한 내용은손빈문서를 참고하십시오.사기 | 史記【본기(本紀)】【세가(世家)】【열전(列傳)】1권｢오제본기(五帝本紀)｣2권｢하본기(夏本紀)｣3권｢은본기(殷本紀)｣공손헌원·전욱·제곡·방훈·중화[펼치기 접기][펼치기 접기]하나라우왕·익왕·계왕·태강중강·상왕·후예·한착소강·저왕·괴왕·망왕설왕·불강·경왕·근왕공갑·고왕·발왕·걸왕[펼치기 접기][펼치기 접기]선은 先殷설·소명·상토·창약·조어명·왕해·왕항·상갑미·보을보병·보정·주임·시계조은 早殷성탕·외병·중임·태갑·이윤옥정·태경·소갑·옹기·태무중정·외임·하단갑·조을·조신옥갑·조정·남경·양갑만은 晩殷반경·소신·소을·무정·조경조갑·늠신·경정·무을·태정제을·제신4권｢주본기(周本紀)｣5권｢진본기(秦本紀)｣6권｢진시황본기(秦始皇本紀)｣[펼치기 접기][펼치기 접기]서백 西白후직·부줄·국·공류·경절황복·차불·훼유·공비·고어아어·주공·태왕·왕계·문왕서주 西周무왕·성왕·강왕·소왕·목왕공왕·의왕·효왕·이왕·여왕주정공 · 소목공·공백화선왕·유왕·휴왕동주 東周평왕·환왕·장왕·희왕·혜왕폐왕·양왕·후폐왕·경왕(頃王)·광왕정왕·간왕·영왕·경왕(景王)·도왕서왕·경왕(敬王)·원왕·정정왕·애왕사왕·고왕·위열왕·안왕·열왕현왕·신정왕·난왕[펼치기 접기][펼치기 접기]진(秦)나라비자·진후·공백·진중장공·양공·문공·헌공(憲公)출자·무공·덕공·선공성공·목공·강공·공공환공·경공·애공·혜공도공·여공공·조공·회공영공·간공·후혜공·출공헌공(獻公)·효공·혜문왕·무왕소양왕·효문왕·장양왕시황제·이세황제·자영7권｢항우본기(項羽本紀)｣8권｢고조본기(高祖本紀)｣9권｢여태후본기(呂太后本紀)｣항우유방여치10권｢효문본기(孝文本紀)｣11권｢효경본기(孝景本紀)｣12권｢효무본기(孝武本紀))｣유항유계유철보사기(補史記)｢삼황본기(三皇本紀)｣복희·여와·신농※ 13권 ~ 22권은 표에 해당, 23권 ~ 30권은 서에 해당.사기문서 참고31권｢오태백세가(吳太伯世家)｣32권｢제태공세가(齊太公世家)｣33권｢노주공세가(魯周公世家)｣[펼치기 접기][펼치기 접기]오나라태백·중옹·계간·숙달주장·웅수·가상·강구이여교의오·가로·주요·굴우이오·금처·전·파고구비·거제·수몽왕·제번왕여제왕·여매왕·오왕 료·합려왕부차왕[펼치기 접기][펼치기 접기]강제(姜濟)태공·정공·을공·계공·애공호공·헌공·무공·여공·문공성공·장공·희공·양공·공손무지환공·공자무휴·효공·소공·제군 사의공·혜공·경공(頃公)·영공·후장공경공(景公)·안유자·도공·간공·평공선공·강공[펼치기 접기][펼치기 접기]노나라주공 단·태공·고공·양공(煬公)·유공위공·여공·헌공·진공·무공의공·폐공·효공·혜공·은공환공·장공·노군 반·민공·희공문공·선공·성공·양공(襄公)·희야소공·정공·애공·도공·원공목공·공공·강공·경공(景公)·평공후문공·경공(頃公)34권｢연소공세가(燕召公世家)｣35권｢관채세가(管蔡世家)｣36권｢진기세가(陳杞世家)｣[펼치기 접기][펼치기 접기]연나라소공 석·연후 극·연후 지·연후 무·연후 헌연후 화·연후 성·혜후·희후·경후애후·정후·목후·선후·환후장공·양공·환공·선공·소공무공·문공·탁자·혜공·도공공공·평공·간공·헌공·효공성공·민공·희공·후환공·후문공역왕·연왕 쾌·연왕 자지·소양왕·혜왕무성왕·효왕·연왕 희[펼치기 접기][펼치기 접기]관숙 선채나라채숙 도·채중·채백·궁후여후·무후·이후·희후공후·대후·선후·환후애후·목후·장후·문후경후·영후·평후·도후소후·성후(成侯)·성후(聲侯)·원후채후 제조(曹)나라조숙 진탁·태백·중군·궁백효백·이백·유백·대백혜백·조백·목공·환공장공·희공·소공·공공문공·선공·성공(成公)·무공평공·도공·성공(聲公)·은공정공·조백 양[펼치기 접기][펼치기 접기]진(陳)나라호공·신공(申公)·상공·효공신공(愼公)·유공·희공·무공이공·평공·문공·환공폐공·여공·장공·선공목공·공공·영공·하징서성공·애공·진군 유·혜공회공·민공기나라동루공·서루공37권｢위강숙세가(衛康叔世家)｣38권｢송미자세가(宋微子世家)｣39권｢진세가(晉世家)｣[펼치기 접기][펼치기 접기]희성 위씨(姬姓 衛氏)강숙 봉·강백·고백·사백·첩백·정백기백·경후·희후·공백·무공장공·환공·주우·선공·혜공검모·의공·대공·문공·성공(成公)위군 하·목공·정공·헌공·상공양공·영공·출공·후장공·반사기·도공·경공·소공·회공신공·성공(聲公)·위왕희성 자남씨(姬姓 子南氏)평후·사군·회군·원군·각[펼치기 접기][펼치기 접기]자성 송씨(子姓 宋氏)미자 계·미중 연·송공 계·정공민공·양공(煬公)·여공·희공혜공·애공·대공·무공선공·목공·상공·장공민공(閔公)·송공 유·환공·양공(襄公)성공·송공 어·소공·문공공공·평공·원공·경공송공 계·후소공·도공·휴공·후환공자성 대씨(子姓 戴氏)척성군·강왕[펼치기 접기][펼치기 접기]익 翊당숙 우·진후 섭·무후·성후여후·정후·희후·헌후목후·상숙·문후·소후효후·악후·애후·소자진후 민곡옥 曲沃환숙·장백·무공·헌공·혜제탁자·혜공·회공·문공·양공영공·성공·경공(景公)·여공·도공장평공·소공·경공(頃公)·정공(定公)·출공애공·유공·열공·환공·정공(靜公)40권｢초세가(楚世家)｣41권｢월왕구천세가(越王勾踐世家)｣42권｢정세가(鄭世家)｣[펼치기 접기][펼치기 접기]초나라육웅·웅려·웅광·웅역·웅애·웅달웅승·웅양·웅거·웅지홍·웅연웅용·웅엄·웅상·웅순·웅악약오·소오·여왕·무왕·문왕장오·성왕(成王)·목왕·장왕·공왕강왕·겹오·영왕·자오·평왕소왕·혜왕·간왕·성왕(聲王)·도왕숙왕·선왕·위왕·회왕·양왕고열왕·유왕·애왕·웅부추[펼치기 접기][펼치기 접기]월나라무여·무임·무심·부담윤상·구천·녹영·불수주구·예·제구·착지무여·무전·무강[펼치기 접기][펼치기 접기]정나라환공·무공·장공·소공여공·미·영·문공목공·영공·양공·도공성공(成公)·수·희공·간공정공·헌공·성공(聲公)·애공공공·유공·수공·강공43권｢조세가(趙世家)｣44권｢위세가(魏世家)｣45권｢한세가(韓世家)｣[펼치기 접기][펼치기 접기]삼진 분립 전조숙·성자·선자·장자·문자경자·간자·양자·환자·헌자삼진 분립 후열후·무후·경후·성후·숙후무령왕·혜문왕·효성왕·도양왕·유목왕대나라(代)대왕 가[펼치기 접기][펼치기 접기]삼진 분립 전필만·망계·무자·도자장자·헌자·간자·양자·환자삼진 분립 후문후·무후·혜왕·양왕소왕·안희왕·경민왕·위왕 가[펼치기 접기][펼치기 접기]삼진 분립 전무자·구백·정백·자여헌자·선자·정자·간자장자·강자·무자삼진 분립 후경후·열후·문후·애후의후·소후·선혜왕·양왕희왕·환혜왕·한왕 안46권｢전경중완세가(田敬仲完世家)｣47권｢공자세가(孔子世家)｣48권｢진섭세가(陳涉世家)｣[펼치기 접기][펼치기 접기]규성 전씨(嬀姓 田氏)진완·전맹이·전맹장·전문자전환자·전희자·전성자·전양자전장자·전도자·태공·제후섬환공·위왕·선왕·민왕양왕·제왕 건공자진승·오광46권｢외척세가(外戚世家)｣50권｢초원왕세가(楚元王世家)｣51권｢형연세가(荊燕世家)｣박태후·두태후·왕태후·위황후·구익부인유교·유수유고·유택52권｢제도혜왕세가(齊悼惠王世家)｣53권｢소상국세가(蕭相國世家)｣54권｢조상국세가(曹相國世家)｣유비(劉肥)소하조참55권｢유후세가(留侯世家)｣56권｢진승상세가(陳丞相世家)｣57권｢강후주발세가(絳侯周勃世家)｣장량진평·왕릉·심이기주발·주아부58권｢양효왕세가(梁孝王世家)｣유무59권｢오종세가(五宗世家)｣유덕·유알우·유영·유여·유비(劉非)·유단(劉端)·유팽조·유승(劉勝)·유발·유기·유월·유승(劉乘)·유순60권｢삼왕세가(三王世家)｣유굉·유단(劉旦)·유서61권｢백이열전(伯夷列傳)｣62권｢관안열전(管晏列傳)｣63권｢노자한비열전(老子韓非列傳)｣백이 · 숙제관중·안영노자·장주·신불해·한비64권｢사마양저열전(司馬穰苴列傳)｣65권｢손자오기열전(孫子吳起列傳)｣66권｢오자서열전(伍子胥列傳)｣사마양저손무·손빈·오기오자서67권｢중니제자열전(仲尼弟子列傳)｣중니(공자)·안회·민손·염경·염옹·염구·중유·언언·복상·전손사·증삼·담대멸명·복부제·원헌·공야장·남궁괄·공석애·증점·안무요·상구·고시·칠조개·공백료·사마경·번수·자유·칠조개·공서적·양전·안행·염유·조휼·백건·공손룡68권｢상군열전(商君列傳)｣69권｢소진열전(蘇秦列傳)｣70권｢장의열전(張儀列傳)｣상앙소진·소대·소려장의·진진71권｢저리자감무열전(樗里子甘茂列傳)｣72권｢양후열전(穰侯列傳)｣73권｢백기왕전열전(白起王翦列傳)｣저리질·감무·감라위염백기·왕전74권｢맹자순경열전(孟子荀卿列傳)｣75권｢맹상군열전(孟嘗君列傳)｣76권｢평원군우경열전(平原君虞卿列傳)｣맹자·추기·추연·순우곤·순경·공손룡·묵적전문조승·우경77권｢위공자열전(魏公子列傳)｣78권｢춘신군열전(春申君列傳)｣79권｢범수채택열전(范睢蔡澤列傳)｣위무기황헐범수·채택80권｢악의열전(樂毅列傳)｣81권｢염파인상여열전(廉頗藺相如列傳)｣82권｢전단열전(田單列傳)｣악의염파·인상여·조사·조괄·이목전단83권｢노중련추양열전(魯仲連鄒陽列傳)｣84권｢굴원가생열전(屈原賈生列傳)｣85권｢여불위열전(呂不韋列傳)｣노중련·추양굴원·가의여불위86권｢자객열전(刺客列傳)｣87권｢이사열전(李斯列傳)｣88권｢몽염열전(蒙恬列傳)｣조말·전저·예양·섭정·형가이사몽염89권｢장이진여열전(張耳陳餘列傳)｣90권｢위표팽월열전(魏豹彭越列傳)｣91권｢경포열전(鯨布列傳)｣장이·진여·장오위표·팽월영포92권｢회음후열전(淮陰侯列傳)｣93권｢한신노관열전(韓信盧綰列傳)｣94권｢전담열전(田儋列傳)｣한신한신·노관·진희전담전영전횡95권｢번역등관열전(樊酈滕灌列傳)｣번쾌·역상·하후영·관영96권｢장승상열전(張丞相列傳)｣장창·주창·임오·왕릉·신도가·위현·병길·전문·황패·위현성·광형97권｢역생육가열전(酈生陸賈列傳)｣98권｢부근괴성열전(傅靳蒯成列傳)｣99권｢유경숙손통열전(劉敬叔孫通列傳)｣역이기·육가·심이기·주건부관·근흡·주설유경·숙손통100권｢계포난포열전(季布欒布列傳)｣101권｢원앙조조열전(袁盎鼂錯列傳)｣102권｢장석지풍당열전(張釋之馮唐列傳)｣계포·난포원앙·조조장석지·풍당103권｢만석장숙열전(萬石張叔列傳)｣104권｢전숙열전(田叔列傳)｣105권｢편작창공열전(扁鵲倉公列傳)｣석분·장숙전숙진월인·순우의106권｢오왕비열전(吳王濞列傳)｣107권｢위기무안후열전(魏其武安侯列傳)｣108권｢한장유열전(韓長孺列傳)｣유비(劉濞)두영·전분한안국109권｢이장군열전(李將軍列傳)｣이광110권｢흉노열전(匈奴列傳)｣흉노111권｢위장군표기열전(衛將軍驃騎列傳)｣112권｢평진후주보열전(平津侯主父列傳)｣위청·곽거병공손홍·주보언113권｢남월열전(南越列傳)｣114권｢동월열전(東越列傳)｣115권｢조선열전(朝鮮列傳)｣조타추무제·추요위만ㆍ우거왕116권｢서남이열전(西南夷列傳)｣야랑·전국·공도·백마국117권｢사마상여열전(司馬相如列傳)｣사마상여118권｢회남형산열전(淮南衡山列傳)｣119권｢순리열전(循吏列傳)｣120권｢급정열전(汲鄭列傳)｣유장·유안·유사손숙오·자산·공의휴·석사·이리급암·정당시121권｢유림열전(儒林列傳)｣신공·원고생·한생·복생·동중서·호무생122권｢혹리열전(酷吏列傳)｣질도·후봉·영성·주양유·조우·장탕·의종·왕온서·윤제·양복·감선·두주123권｢대완열전(大宛列傳)｣대완·강거·오손·엄채·대월씨·대하·조지·안식국124권｢유협열전(遊俠列傳)｣125권｢영행열전(佞幸列傳)｣곽해·주가·극맹·전중등통·한언·이연년126권｢골계열전(滑稽列傳)｣순우곤·우맹·우전·동방삭·서문표·동곽선생·왕선생·곽사인127권｢일자열전(日者列傳)｣128권｢귀책열전(龜策列傳)｣129권｢화식열전(貨殖列傳)｣사마계주점복범려·자공·백규·의돈·정정·도한130권｢태사공자서(太史公自序)｣사마천※ 흠정 24사 관련 틀 둘러보기손무孫武손자(孫子)성규(嬀)씨손(孫)명무(武)자장경(長卿)출생지산둥성(山東省) 낙안(樂安)[1]생몰 기간음력기원전 544년?~기원전 496년?1. 개요2. 생애3. 업적과 평가4. 대중매체에서4.1. 드라마4.1.1. 병성(兵聖)4.1.2. 손자대전4.2. 게임4.2.1.인피니티4.2.2.도미네이션즈4.2.3.팀 포트리스 24.2.4.문명 64.3. 만화 및 애니메이션4.3.1. 사기4.3.2.삼국전투기4.4. 기타5. 둘러보기1.개요[편집]춘추시대오나라의 인물. 고대 동양 군사전략의 최고봉이자 당대 최고의 책략가이다.제나라(齊) 낙안 출신이며,[2]그 유명한손자병법13편의 저자이다. 생몰연대에 대해서는 추측이 있는데, 대략적으로 기원전 544년~기원전 496년이라는 설이 있다.사기에 저술된 바로는합려한테 그를 추천한 인물이오자서인데, 이 시기를 기준으로 가늠한다면 후왕 부차가 공자의 부탁을 받은 제자 자공과 교류하였기에 나이가 많은 쪽으로 가정하더라도 공자와 비슷한 시대를 함께하였을 것으로 추측할 수 있다.진나라왕족의 후손으로 본래 성은 규성(媯姓). 기원전 627년, 공자 완(公子完)이 제나라로 망명해 정착했을 때 전(田)으로 씨를 바꾸고 100여 년 동안 전씨 일족이 번성했는데, 손무의 조부인 전서(田書)가 거 땅을 정벌하는 데 공을 세움으로써 손(孫)이라는 씨를 받았다고 한다. 이후 손무도 조상이 그러했듯 제나라에서 살았으나 손무가 장성했을 때 제나라에서 내란이 일어나자, 아버지 손빙(孫憑)과 함께 전국을 정처 없이 떠돌아다닌 것으로 추정된다.참고로삼국지에선손견의 선조로 언급되는데 사실이 아닐 가능성이 농후하다.[3]2.생애[편집]손무가 오자서의 추천을 받아 오왕 합려에게 13편의 병법서를 보인 것은 이 무렵의 일로 사기에 자세히 기록되어 있다.일화에 따르면 손무의 병법 13편을 읽은 합려는 손무를 오나라에 초대하여 그의 역량을 시험해보기 위해 부녀자로 조직한 군대를 지휘해볼 것을 제안하고, 손무는 이 제안을 받아들여 180명의 궁녀를 조련하도록 명을 받든다. 손무는 이를 두 편으로 나누어 합려가 가장 총애하는 궁녀 2명을 각각 부대장에 세운 뒤에 미리 간단한 훈련의 방식[4]과 규정을 공지한 직후, 부월을 걸고 북을 쳐서 각 제대가 오른쪽으로 행진하도록 명을 내렸으나 궁녀들은 이를 장난으로 받아들이고 큰 소리로 웃기만 하며 시행하지 않았다고 한다.이에 손무는 군령이 분명하지 않고 명령에 숙달되지 않은 것은 장수인 자신에게 책임이 있다고 하며 다시금 명령체계와 신호를 여러 차례 확실히 한 뒤, 또 한 번 북을 쳐서 왼쪽으로 행진하도록 했으나 궁녀들은 여전히 제자리에서 웃기만 하고 명령을 따르지 않았다. 이에 손무는""군령이 분명하지 않고 명령에 숙달되지 않은 것은 장수인 자신의 책임이다. 하지만군령이 이미 정확해짐에도 군법에 따르지 않는 것은 사졸들의 죄이다.""라고 공표하며 부대장 둘을 처형할 것을 명령한다. 누대에서 이를 지켜보던 합려가 몹시 놀라서 사람을 보내 ""과인은 이미 그대가 용병술이 뛰어난 것을 알았소, 과인은 저 두 궁녀가 없으면 밥을 먹어도 단 맛을 느끼지 못하니 부디 명을 거두시오""라고 전하였다 이때 손무는""저는 이미 왕명을 받들어 장수가 되어 있습니다.장수가 군에 있을 때는 왕명이라도 받들지 않는 경우가 있습니다.""라고 회신한 뒤, 끝내 두 궁녀의 목을 베어 군문에 두루 돌려보였다.[5]그리고 그들 다음으로 합려의 총애를 받는 두 궁녀를 새로운 대장으로 삼고 다시 명을 내리자, 궁녀들은 모두 자로 잰 듯이 정확하게 시키는 영을 수행하며 아무런 불평도 내색하지 않았다. 이에 손무는 군대가 준비되었다며 합려에 보고하지만 합려는 손무를 보고 싶지 않다면서 그를 피한다. 이에 손무는""아 이제야 알겠소.왕께서는 병서의 글자 같은 겉치레만 좋아하지 그 속에 담긴 내용은 보지 않으려 하는 걸 말입니다.""라며 합려를 꼬집었고, 이에 합려는 손무의 뛰어남을 깨달아 손무를 등용하였다고 한다.다소 뜬금없어 보이는 이 이야기에 대해, 국방TV에서 역사학자임용한이 군사적 관점에서 설명한 바 있다. 당시 춘추전국시대의 군대는 서양의 봉건제도처럼 사병형태에 가까웠고, 손무의 일화는 국가가 이에 의존하는 대신에 직접 백성들을 모집해 병력을 꾸릴 수 있다는 점을 보여준 것이라고 한다. 하지만 손무가 합려의 단점을 꼬집은 부분에서, 합려가 손무의 제안을 완전히 받아들이지는 못했을 것이라는 추측을 할 수 있다고 임용한은 이야기하였다.하지만 이 일화 후 손무의 행적에 대해서는 알려진 바가 매우 적은데 사기의 손자열전에서는 이 일화와 함께 오나라가 당대의 최강국 초나라를 쳐부수고 제후들을 아우르는 데 손무의 공이 컸다고만 간단히 표현되며, 오자서의 열전에는 오자서와 함께 초나라 때문에 원한을 품고 있는 당과 채 두 나라를 끌여들여 초를 공격하자는 계책을 간언하는 모습으로 등장하지만 그 이외의 행적은 전혀 묘사되지 않는다. 다만 후한 시대의 사료인 오월춘추에는 이보다 이전의 사건인 합려 6년에 초나라가 침공해 왔을 때 오자서와 함께 이를 물리쳤다는 기록이 있다.참고로 초나라의 수도 영을 공격할 당시 손무가 영을 무너뜨리기 위해 수공을 가한다는 계책을 내고 작전을 지휘했다는 설이 있는데 이는 명나라 때의 소설열국지에서 나온 내용이다. 초나라 수도 영은 한수와 장강이 근접하는 요충지로 장강은 막기에 너무 큰 강이고 한수 또한 장강만큼은 아니어도 큰 강이기에 수공을 가하기엔 난이도가 크고 시간도 많이 걸렸을 것이다.이후 손무의 말년에 대해서는 설이 분분해 이에 대해서 손무의 이름이 초나라 전투 이후에 언급되지 않는 것을 근거로, 오왕 합려의 동생 부개가 오왕을 자처하여 오나라 내에서 내분이 일어났을 때 오군이 초에서 철수하던 도중 초군의 정규군의 반격을 받는 과정에서 손무가 전사, 혹은 내분 과정에서 전사하거나 은거했을 것이라 추정된다.또 한편으로는 오왕 합려의 뒤를 이은 부차가 월을 이기고 자만에 빠져 향락을 일삼자,[6]이에 실망한 손무는 오를 떠나 은거하였으리라 추정하는 사람도 있다. 상당히 많은 중국 드라마에서 바로 이 설을 따르고 있다. 대표적인 예가 케이블 채널 CHING에서 방송하는 손자병법(원래 명칭은 병성(兵聖)). 고우영 열국지에서는 초나라 전투 직후 손무가 전란으로 가득한 세상에 회의를 느끼고 은거한 것으로 설정하였다. 손무가 손자병법에서 민심의 중요성을 그렇게 설파했는데 정작 오초전쟁에서는 복수귀 오자서가 미쳐날뛰는 걸 도저히 막을 수 없었다 보니 회의감을 느꼈다고 본다면 충분히 말이 된다.[7]이와 같이 손무의 행적에 밝혀진 부분이 너무나 적어 과거 손무와손빈, 그리고 두 개의손자병법의 존재가 명확해지기 전에는 일부에게 실존하지 않는 환상의 인물이라 평가받은 적이 있었으나,손빈병법이 확인됨으로써 현재 이 논란은 종식되었다.3.업적과 평가[편집]내가 병서와 전략 전술을 많이 보았지만 손무가 저술한 것이 매우 깊이가 있다.조조[8]오늘날 전략의 상호관계, 고려해야 할 문제 그리고 받을 수밖에 없는 제한 등에 대해 손자보다 더 심각하게 인식한 사람은 없다.미국의 군사 이론가 존 M. 콜린스손무는 춘추시대, 나아가 동아시아 전체의 전술과 전략, 처세술, 국가 및 기업 경영의 방침의 많은 부분을 정립한 인물로, 그가 남긴 대표적인 저술인 손자병법은 동아시아의 군인 및 장군, 정치인, 기업인 뿐 아니라 많은 사람들의 행동 지침이 되어왔다. 뿐만 아니라 그것을 연구한 서양의 군사교리 및 대전략, 그리고 그것에 기반을 둔 현대 군사학에도 많은 영향을 주었다.[9]이런 점에서 서양 인물들이 주로 차지하는 인류 역사상의 군사 전략가(때로는 명장)의 반열에서도 항상 최상위에 위치하는 인물이다.보다 국지적으로 손무는 춘추시대의 전쟁의패러다임을 바꾸었다고 평가되는 인물로서, 전차가 위주였던 당시의 전투체계가 보병 위주로 전환되던 시대상황을 가속화하는 데 큰 역할을 한 것으로 추정된다. 이는 중원에 전차를 운행하기 편리한 평원이 많았던 반면, 오나라는 습지가 많아 전차를 운용하기에 좋은 지형이 아니었고 문화권이 중원과 달랐다는 것에 영향을 받은 것이기도 하였다.[10]지형에 알맞은 전술을 사용함에 따라 오나라의 정복을 가속화한 명장이라 해도 과언은 아닐 듯하다.특히 비록 보병의 역할이 점점 강화되고 있었으나, 그럼에도 보병이 전력의 보조역할에 머물렀던 중원과는 달리 보병이 독립부대로서 주력이 된 오나라는 전차로는 넘을 수 없던 산악과 숲 등을 통과하는 등 폭넓은 진군이 가능해졌고 전차에 비해 군의 은폐성도 상대적으로 높아졌다. 이로써 효율적인 양동작전과 분진합격, 기습, 매복이 가능해졌고 장거리 원정 및 빠른 기동전이 가능해지게 되어 전쟁의 패러다임을 한 차례 바꾸어낸 것이다.4.대중매체에서[편집]손무에 대한 기록이 부실하다 보니 주역으로 세운 작품은 그렇게까지 많지 않다. 한국에서는 손무가 나오는 작품을 수입해올 때손자병법으로 제목을 바꿔 가져오는 경우가 있다.4.1.드라마[편집]4.1.1.병성(兵聖)[편집]2008년 중국CCTV에서 방영된 41부작 드라마로 한국에서는손자병법이라는 제목으로 수입되어 채널 칭에서 방영하였다. 제나라에 내란이 일어나 아버지와 함께 전국을 정처 없이 떠돌게 되었다는 서론의 설명과는 달리, 아버지 손빙이 예전부터 사이가 좋지 않았던 국, 고씨 세력으로부터 끊임없는 위협을 받게 되자 이에 대한 반격으로 두 집안 사람들을 몰살시켜 버렸고, 손무가 이에 대한 반감과 더불어 자신의 포부를 이루고자 제나라를 떠났다는 설정으로 되어 있다.[11]그래도 중국 역사서에 나오는 내용들과 기본적인 틀은 거의 같으므로 손무의 전반적인 인생과정과 그를 둘러싼 여러 인물들과 사건들을 조감해 보는 데 도움이 된다. 다만 손무를 중심으로 스토리가 전개되다 보니 사료의 기록들이 손무에 비해선 풍부한오자서나합려,부차의 비중이 상대적으로 낮은 편이다. 현재 네이버 시리즈온이나 왓차 등에서 제공하고 있다.4.1.2.손자대전[편집]2011년 중국 드라마시리즈로 이 작품 역시 국내엔 '손자병법'이란 제목으로 방영되었다. 손무의 배우는 오우삼 감독의적벽대전(영화)시리즈에서 조조역을 맡은 장풍의. 재밋게도 이 손무를 등용한 오왕 합려는 마찬가지로 적벽대전에서 유비역을 맡은 우용이 연기했다. 우용은첸바오궈주연의 월왕구천에서 합려의 아들인 부차역을 맡기도 했다.4.2.게임[편집]4.2.1.인피니티[편집]인류가 우주로 진출한 먼 미래를 다룬 게임 인피니티에서는 중국과 아시아의 국가들이 뭉쳐서 만들어진 유징제국에 캐릭터로 등장한다.[12]통칭 ""조언자"" 계획은유징 제국이판오세아니아의 ""오를레앙의 처녀"" 계획에 맞서서 선보인 건데, 하고많은 중국, 동아시아 인물들 중 손자가 선정된 이유는 똑똑한데 반란 안일으킬것 같은 인물을 고르던 중 만들어졌다.4.2.2.도미네이션즈[편집]영웅과 유니버시티의 지도자 중 하나로 등장한다.자세한 내용은손자(도미네이션즈)문서를 참고하십시오.자세한 내용은도미네이션즈/유니버시티/손자문서를 참고하십시오.4.2.3.팀 포트리스 2[편집]솔저의 말에 따르자면은세상의 모든 동물을 1쌍식 사들인 뒤 배에 태워서전부 묵사발을 내버렸다고 한다. 그 이후로 손자(Sun Tzu)의 이름을 따 동물원을 의미하는 Zoo라는 영단어가 탄생했다고 한다.[13]4.2.4.문명 6[편집]고전 시대의 위인으로 등장. 은퇴 효과로 손자병법 저술이 있다.4.3.만화 및 애니메이션[편집]고우영 십팔사략에서는 딱 한 장면 등장한다. 그것도 본인이 뭘 했다거나 발언한 것도 없고 오왕 합려가 불러들여 드림팀을 꾸렸다는 내용 한 컷으로 끝. 반면 손무의 손자이자 손빈병법의 저자인손빈은 거의 한 챕터를 다 쓸 정도로 중요 인물로 등장한다.4.3.1.사기[편집]글 쿠보타 센타로(久保田千太郞), 그림 히사마츠 후미오(久松文雄)가역사책 사기의 흐름대로 만든 작품에서 손무가 등장하는 부분만 '만화 손자병법'이라는 형태로 가져오는 경우가 있었다. 애초에 손무에 집중한 작품이 아니었다 보니오자서의 일생와 오나라의 멸망까지 다루는 내용까지 나온다. 손무는 부차 시기에 귀향했다가 오나라와 월나라의 마지막 전투에서 오나라를 돕는 척 오자서의 복수를 하는 계책을 세우는 정도로 등장했다. 결말에는범려의 말년에 대한 이야기까지 나오다 보니 이런 내막을 모른다면 혼란스러울 수도 있다.4.3.2.삼국전투기[편집]만화누라리횬의 손자의누라 리쿠오로 패러디되어 등장한다. 병법에 관련된 내용을 언급할 때 가끔씩 등장해서 한마디하는 것으로 등장한다.4.4.기타[편집]서양 인터넷에서 밈이 되었는데 별 이상한 말을 적어놓고 손자왈, 이렇게 적어놓는 식이다. 이는 전 유튜버Technoblade의 커뮤니티에서 파생된 밈인데, 그가 마인크래프트 PVP에서 상대들을 농락할 때 하는 뻘짓들을 정당화하기 위해 쓰다가, 그의 감자 전쟁 시리즈에서 포텐이 제대로 터져 인터넷에 퍼져나갔다.5.둘러보기[편집]중문학사中國文學史 | 中国文学史[ 펼치기 · 접기 ]선진·진한남북조·수당송원·명청민국·현대선진·진한시대(BC 11C~AD 3C)시·서사시춘추(春秋)시집:시경(저자미상)전국(戰國/战国)초사:굴원(초사)후한(後漢/后汉)서사시:공작동남비(저자미상)삼국(三國/三国)한시:조조(단가행)·조비(전론 ·연가행)·조식(칠보시·낙신부)극·소설춘추(春秋)신화집:산해경(저자미상)산문주(周)점복학:문공(주역)춘추(春秋)철학:노자(이이)(도덕경)·공구(논어·춘추)병법:손무(손자병법)전국(戰國/战国)철학:자사(중용)·장주(장자)·맹가(맹자)·묵적(묵자)·순황(순자)·한비(한비자)·상앙(상군서)병법:오기(오자병법)진(秦)병법: 황석공 등(육도·삼략)전한(前漢/前汉)역사학:사마천(사기)·상서(저자미상)·유향(전국책)유교:예기(저자미상)·대학(저자미상)후한(後漢/后汉)자전:허신(설문해자)역사학:반고(한서)삼국(三國/三国)표문:유비(한중왕표)·제갈량(출사표)·이밀(진정표)위진남북조·수당시대(3~10세기)시·서사시동진(東晉/东晋)한시:도연명(귀거래사)남북조(南北朝)서사시:목란사(저자미상)교육서: 주흥사(천자문)당(唐)한시: 왕발(송두소부지임촉주)· 왕지환(양주사 · 등관작루)·왕유(녹시 · 송원이사안서 · 구월구일억산동형제)·이백(정야사·장진주)· 고적(연가행)·두보(춘야희우)· 맹교(유자음)·한유(조춘정수부장십팔원외)·백거이(비파행·매탄옹· 부득고원초송별)·유종원(강설)·이하(상심 · 금동선인사한가)·이상은(무제 · 춘우)·두목(청명)·가도(제이응유거 · 장강집)극·소설동진(東晉/东晋)지괴소설:간보(수신기)남북조(南北朝)지인소설:유의경(세설신어)환상적 소설:왕가(습유기)당(唐)연애소설: 원진(앵앵전)· 백행간(이와전)신이소설: 이조위(유의전)산문남북조(南北朝)시문집:소통(소명문선)당(唐)여행기:현장(대당서역기)·유종원(영주팔기)역사학: 오긍(정관정요)·한유(소선등전·마설·사설)시문집:두목(번천문집)송원·명청시대(10세기~1912년)시·서사시북송(北宋)부(賦):구양수(추성부)·소식(적벽부)한시:소철(난성집 · 난성응조집· 전송시)남송(南宋)한시:이청조(취화음 · 하일절구)· 육유(시아)금(金)한시:원호문(안구사)극·소설원(元)장편극: 왕실보(서상기)잡극: 기군상(원보원조씨고아)명(明)연의소설:나관중(삼국지연의·수호전)· 견위(초한지)· 풍몽룡(열국지)·시내암·봉신연의(저자미상)·양가장연의(저자미상)풍속소설: 소소생(금병매)소설집:퐁몽룡(유세명언 · 경세통언 · 성세항언)신민소설:나관중(평요전)·백사전(저자미상)모험소설:오승은(서유기)화본소설:탕현조(모란정환혼기)청(淸/清)희곡: 공상임(도화선)인정소설:조설근(홍루몽)풍자소설: 오경재(유림외사)무협: 석옥곤(칠협오의)연의소설: 저인획(수당연의)기담집: 포송령(요재지이)산문북송(北宋)역사학:사마광(자치통감)설화집: 이방 등(태평광기)산문직:증공정치학:소순(권서 · 태상인혁례 · 소로천전집)·왕안석남송(南宋)유교:주희(소학)원(元)역사학: 증선지(십팔사략)명(明)양명학:왕수인(전습록)수신서: 범립본(명심보감)· 홍응명(채근담)청(淸/清)정치학:황종희(명이대방록)에세이: 고염무(일지록)유교:쿵링이(만공가 · 지족가 · 언성가)자전: 장옥서 등(강희자전)민국시대·현대(1912년~21세기)시·서사시중화민국(中華民國/中华民国)낭만주의:궈모뤄(여신)· 쉬즈모(재별강교)중화인민공화국(中國/中国)몽롱시: 베이다오(북도)캐나다(加拿大)서정시:예자잉(연꽃)극·소설중화민국(中華民國/中华民国)사실주의:루쉰(아Q정전·광인일기)향토주의: 선충원(변성)홍콩(香港)무협:김용(사조삼부곡·설산비호외전·천룡팔부·소오강호·녹정기)추리소설:찬호께이(13.67)대만(臺灣/台湾)무협:와룡생(비연경룡 · 옥차맹)·고룡(절대쌍교·초류향)모더니즘: 바이셴융(타이베이 사람)탈식민주의:양솽쯔아동문학: 탕무니우(린 할머니의 복숭아나무)· 종자오종(로빙화)중화인민공화국(中國/中国)사실주의: 마오둔(자야)· 바진(격류삼부곡)·라오서(낙타상자 · 찻집)사회주의 리얼리즘: 딩링(소피의 일기 · 태양은 쌍간강에서 빛난다)사회파: 빙신(두 가정 · 어린 독자에게)· 첸종수(위성)·차오위(뇌우)혁명문학: 왕멍(청춘만세)상흔문학: 루신화(상흔)모더니즘:모옌(개구리)반사문학: 구화(푸룽진)· 장현량(남자의 반은 여자)심근문학: 루야오(평범한 세계)·모옌(붉은 수수밭)선봉문학: 쑤퉁(나, 제왕의 생애)신사실주의: 류전윈(닭털 같은 나날)· 츠리(번뇌하는 인생)자전적 소설: 장룽(늑대 토템)아방가르드:위화(인생·허삼관 매혈기)·옌롄커(인민을 위해 복무하라)·찬쉐(마지막 연인)SF:류츠신(삼체)미합중국(美國/美国)리얼리즘:장아이링(경성지련 · 금쇄기 ·색, 계)프랑스(法國/法国)아방가르드:가오싱젠(영혼의 산 · 도망)싱가포르(新加坡)모더니즘: 옝 페이 응온(英培安)말레이시아(馬來西亞/马来西亚)모더니즘: 리쯔수(黎紫書)실존주의: 허수팡(許素芳)포스트모더니즘: 응킴추(黃錦樹)산문중화민국(中華民國/中华民国)모더니즘: 주쯔칭(아버지의 뒷모습)대만(臺灣/台湾)일기:장제스(장제스 일기)·장징궈(장징궈 일기)유교:쿵더청(공자의 정치주장과 윤리학설/孔子的政治主張與倫理學說 · 론유가지례/論儒家之禮))중화인민공화국(中國/中国)혁명문학:마오쩌둥(사령부를 포격하라· 모순론 · 실천론)실존주의: 스톄성(나와 디탄공원)민주화 운동:류사오보(중국당대 정치와 중국 지식인 · 류샤오보 중국을 말하다 ·미래의 자유 중국은 민간에)홍콩(香港)에세이:린위탕(생활의 발견)싱가포르(新加坡)리얼리즘: 팡슈(方修)세계의 문학사 둘러보기관련 문서:중문학|고전주의|신고전주의|계몽주의|낭만주의|초월주의|리얼리즘|역사 소설|자연주의|탐미주의|장르문학|모더니즘|허무주의|상징주의|표현주의|디스토피아|판타지|SF문학|무협[1]현 둥잉 시 광라오 현 러안[2]조엽의 〈오월춘추〉에 따르면 오나라 출신이라고도 한다.[3]진수가 《삼국지》에 '아마 손자의 후손일 것이다'라고 추측성 언급을 했는데, 웬만큼 선조가 불확실하지 않으면 이런 표현은 안 쓰기 때문. 조조는 조참의 후손이라는 기록도 비슷한 뉘앙스의 추측성 언급으로 되어 있다. 유비는 중산정왕 유승의 후손이라고 명확하게 적은 것과 비교된다. 그래서 손자의 후손은 자칭이고, 본디 손견의 가문은 후한 말 오군 부춘현에 근거를 둔 중소관리로 한미한 신흥 호족 가문으로 보는 견해가 유력하다. 다만 삼국지가 널리 퍼져있어 손견=손자병법 손무의 후손이라는 인식이 박혔고 일부 대중매체에서 손견이 대대로 손자병법의 원서를 가지고 있다는 식으로 나온다.(코에이 삼국지시리즈) 재밌는 점은 현대의 인식에서 손견 = '손무의 후예'로 인식되었으며 정작 유비는 현대에선 황실의 혈통이 아닐지도 모른다 하는 추측이 난무중이다. 당연히 어불성설인 주장이다.유비/혈통참고.[4]앞으로, 뒤로, 좌로, 우로와 같은 명령을 하면 시선을 각각 가슴, 등뒤, 왼손, 오른손으로 처리하라는 방식이다.[5]래리 고닉의 ""세상에서 가장 재미있는 세계사""에도 이 장면이 나온다. 합려가 ""제일 아끼는 애들이었는데…""라며 안타까워하는 장면이 백미.[6]이두호의 만화에서는 합려가 향락을 일삼는 것으로 그린다[7]손무는 전쟁은 속전속결로 끝내야 하고 민심을 살펴야 한다고 했지만, 주변 여건이 따라주지 않았다. 합려는 전쟁을 길게 끌었고, 오자서는 복수에 미친 나머지 초토화 명령과 더불어 죽은 왕의 시체를 박살내 민심이 나락 밑바닥을 넘었다. 그리고 손무는 전쟁 자체를 권장하지는 않았다. 그가 쓴 서적인 손자병법에서는 '싸우지 않고 이기는 것을 최고'로 친다.[8]실제로 손자병법에 주석을 달기도 했으며 오늘날 전해오는 손자병법은 조조가 주석을 단 '위무주손자'이다.[9]서양 군사학의 역사는 손무와 같이 체계화된 철학의 경지로 군사학, 전략 및 전술을 논한 것이 드물었으며, 손무의 논의에서는 근대에 들어서야 등장한 대전략의 개념이 이미 일부 발견될 정도의 우수성을 나타낸다.[10]물론 오나라에서 전차가 운용되지 않은 것은 아니다. 기원전 584년, 신공무신의 아들 호용이 오나라에 전차 운용술을 전수했고 오나라는 오나라 특유의 지형에서의 전차 운용법에 대한 연구 등을 거쳐 전차를 운용한 것으로 추정된다.춘추좌씨전에오자서가 오나라 군대를 이끌고 초나라를 침공했을 때, 초나라 중신 중 하나가 자신들의 전차는 오나라에 비해 약하니 속전속결로 가야 한다는 주장을 하는 대목이 나오기도 한다.[11]이로 인해 손무는 자신의 절친으로 등장하는 국무구와 의도치 않게 원수지간으로 남는다. 원래 국무구도 죽을 운명이었지만 당시 제나라의 상국인안영의 도움으로 간신히 살아남아 초나라로 망명하게 된다.[12]중국 전국시대 사람이 인류가 우주에 나갈 때까지 살아남은 건 아니고, 인피니티 세계관에서는 인공지능을 통해 생전 위인들을 복제해서 원본에 가깝게 만드는 게 가능하다. 즉인조인간이다.[13]팀 포트리스 2 세계관에서 동물원을 발명한 사람은 찰스 달링이기에 틀린 말이 되지만 포메라니안이 미합중국 대통령이 되고 링컨이 계단의 발명자로 나와서 팀포 세계관의 손자가 정말 이랬어도 딱히 이상할 건 없다..."
31,FSO 폴로네즈,FSO/생산차량1978년 출시된 자동차2002년 단종된 자동차중형 해치백중형 왜건그룹 4,"Polonez[1]1. 개요2. 배경 및 개발3. 출시 및 생산3.1. 폴로네즈(1978~1991)3.2. 폴로네즈 카로(1991~1997)3.3. 폴로네즈 카로 플러스(1997~2003)4. 파생모델5. 모터스포츠6. 여담7. 둘러보기1.개요[편집]폴란드의 자동차 제조사인FSO가1978년부터2002년까지 생산한중형차이다.2.배경 및 개발[편집]FSO에서는 피아트 125p를 기반으로 새 차체를 얹은 신차 프로젝트인 ""Type 137""을 구상하기 시작했는데, 1967년부터 라이선스 생산을 하고 있던 125p가 노후화되고 있었고, 그렇다고 FSO가 여러 가지 이유로 완전신차를 낼 수 있었던 사정이 아니었기 때문이다.그럼에도 FSO에서는 나름 야심찬 계획을 하고 있었는데, 예전처럼 기존 차를 그대로 가져다가 찍어내는 게 아니라 FSO만의 고유모델로 계획됨은 물론, 피아트에서 개발한 안전실험차(ESV) 3종 중 하나를 베이스로 개발하기로 하는 등 안전에도 크게 신경을 썼다. 때문에 동유럽에서 생산된 차들 중에서는 유일하게미국의 깐깐한 안전규정을 충족시킬 것을 염두에 두고 개발되어 안전실험차를 기반으로 한 꽤 견고한 차체를 가지고 있었다.[2]1974년에 FSO는 피아트의 안전실험차 중 하나를 베이스로 폴로네즈의 개발에 들어갔는데,조르제토 주지아로와 FSO 내부 디자이너인 Zbigniew Watson, 그리고발터 드 실바가 같이 디자인 작업에 참여했다. 1975년에는 Centro Stile Fiat(해석하면 ""피아트 스타일 센터"")에서 125PN이란 이름이 붙은 프로토타입 3대(5도어 해치백, 3도어 해치백과 3도어 쿠페 1대씩)가 만들어진 뒤 FSO로 전달되었다. 디자인이 어느 정도 확정이 되자 ​1977년 11월과 1978년 4월 사이에 소량을 사전생산했으며, 1978년 5월에 폴란드에서 처음으로 출시되었다.3.출시 및 생산[편집]3.1.폴로네즈(1978~1991)[편집][3]1978년 5월에 공개된 폴로네즈는 1300과 1500, 2000 랠리의 모습으로 공개되었다. 데뷔 당시에는 접히는 리어시트를 갖춘 5도어 해치백만 제공되었으며, 트림은 1300으로 BB와 BA가, 1500으로는 AC와 AA가 준비되었으며, 라인업 전반이 4단 수동변속기와의 조합만 가능했다. 엔진의 경우, 폴로네즈 1300과 1500에 얹힌 엔진이 기존의 피아트 125p에서 사용하던 엔진을 개량한 정도인 반면, 2000 랠리는 피아트에서 가져온 2리터 DOHC 엔진을 얹고 있었다.수출은 주로중국,영국,독일,인도네시아,러시아,터키,키프로스[4],이집트,프랑스,유고슬라비아,덴마크,네덜란드,핀란드,아르헨티나,볼리비아,이집트,스페인,포르투갈,뉴질랜드,칠레,콜롬비아등의 국가로 이루어졌으며 내수용에 비해 수출용의 장비가 잘 갖추어져 있었다. 예를 들어 프랑스 수출판은 내수시장용과 다른 휠캡이 장착되었고, 일부 모델은 헤드램프에 와이퍼가 장착되었으며, 핀란드 시장용으로 1995cc DOHC 피아트 엔진이 장착된 FSO 폴스키(Polski. 폴로네즈의 수출명 중 하나) 2000이 만들어지기도 했다. 또한 ​이집트에서는 조립생산이 이루어졌으며 최소 2008년까지 인기 차종으로 등극해 있었다. 칠레와 콜롬비아에서는 80년대 후반~90년대 초반에 수출되어 경찰차와 택시로도 쓰였으며, 뉴질랜드에서는 폴로네즈 해치백 150대가 1980년대 말에 수출되었다.​1979년에는 피아트로부터 가져온 1995cc DOHC 115마력 트윈캠 엔진과 5단 변속기를 얹은 폴로네즈 2000이 출시되었는데, 2리터 엔진 덕분에 정지-100km/h까지의 제로백은 12초, 최고시속은 175km/h까지 나왔으며 고위 간부들이 주 고객들이었다.1980년부터 1300과 1500 양쪽으로 3도어 모델이 300대가량 생산되었고, 1982년에 '폴로네즈 1500 쿠페'라는 이름으로 3도어 라인이 다시 나온 적이 있다. 이것 역시 단 50대만 생산된 희귀차종이였고, FSO 사상 치초로 전자 점화장치와, 예열한 공기를 흡기 매니폴드에 집어넣는 방식의 연료 절약장치가 설치되었다는 의의도 가지고 있다. 이 둘은 B필러(기둥)의 형상과 스포일러의 유무, 앞모습 정도로 차이가 꽤 미미한데, 깔끔한 앞모습에 스포일러가 달려 있고 두꺼운 B필러가 달려 있는 쪽이 폴로네즈 쿠페이다.1981년에는 도어가드와 크롬 몰딩, ​안개등, 리어 와이퍼, 화물칸 덮개, 안개등, 타코미터를 빼고 대신 비닐로 시트와 칸막이를 마감한 경제과 1.5리터 80마력 엔진에 5단 변속기, 리어 스포일러와 플라스틱으로 된 에어 인테이크(공기 흡입구), 라디오를 조합한 최상급 라인업인 폴로네즈 1500 X 트림이 추가되었다. 그중 1500 X는 폴란드 내수용으로서 주로 미국 달러로 거래되었다.​1983년에 피아트와 FSO 사이에 맺은 피아트 상표 사용권의 만료가 코앞에 다가왔으나, FSO는 제정상의 문제로 이를 연장할 수 있는 상황이 아니었기 때문에 결국 피아트와의 계약은 만료되었다. 때문에 기존에 생산하던 피아트 125p는 FSO 상표를 달고 폴로네즈와 10년 가까이를 더 뛰어야 했으며 기술적인 개선도 양쪽 모두에 적용되는 경우에만 이루어질 정도로 꽤 미미해졌다. 이때 FSO는 기존의 125p를 자사 엠블럼을 달고 생산하는 동시에 폴로네즈와 125p의 트림명을 싹 뜯어고쳤다.[5]​한편, 폴로네즈 2.0D 터보라는 터보 디젤 모델도 100대 정도 생산됐다. 이는VM 모토리에서 만든 HR 488 엔진을 얹고 최고출력 83마력, 정지~100km/h까지의 제로백은 20.0초, 최고시속 146km/h를 기록했다. 연비는 약 9.4~14.1km/l을 기록했다. 1983년식은 소소한 변화가 몇 가지 더 있었는데, 기존의 크롬도금된 휠캡을 검은색으로 바꾸고 스포일러와 에어 인테이크가 기본 장착되었으며, 크롬으로 된 외장 백미러가 플라스틱으로 대체되었다. 동독 수출용 폴로네즈는 기존의 4점식 원형 헤드렘프 대신에 사각형 헤드램프를 장착했는데 이는 1978~79년식 피아트 125p의 그것과 같은 해드램프로, 처음에 1.5 X 트림에만 장착했다가 나중에 C 트림에도 장착되었고, 1983년 이후에 나온 트럭 모델과 후기에 나온 수출형에도 이 헤드램프가 사용되었다. 여담으로 이때부터는 수출명이 폴로네즈, 프리마(Prima), 크루자도(Cruzado)의 3개 이름으로 구성되었다.1986년에 폴로네즈 1.5 터보의 대량생산이 이루어졌고, 'Iron Rain' 광고로 잘 알려진 랠리카 모델도 존재했다. 한편 1986년식 폴로네즈는 플라스틱 칸막이가 장착되었던 C필러에 창문이 뚫리면서 개방감이 더해졌으며, 수출명에 미스트랄(Mistral)이 추가되었다. 라인업으로 1598cc 86마력 직렬 4기통 엔진이 장착된 1.6 LE가 추가되었는데, 최고시속 155km/h를 기록했으며, 미스트랄 1600이란 이름으로 수출되기도 했다.1987년에 ​디자인 변화가 더 있었는데, 해치게이트에 붙어 있던 스포일러가 해치게이트의 일부로 통합되었으며 트림명의 변화도 있었다. 1988년에는 그룹 A 규정에 맞춰 폴로네즈 1500 터보 랠리카에 188마력짜리 1481cc 엔진을 얹었고, 제로백이 8,5 초에다가 최고시속이 220km/h에 달했다.수출 시장에서는 프리마 II, 알리제, 미스트랄, 크루자도, 폴로네즈라는 이름을 사용했으며, 그해 1월에는 암스테르담 오토쇼에서 촉매장치가 장착된 최초의 폴로네즈가 공개되어 1500대가 생산되었고, 이탈리아의 FNM(Fratelli Negri Motori)에서 만든 1366cc 60마력 터보디젤 엔진과 5단 변속기가 장착된 폴로네즈 Piedra 1.3 터보디젤이 벨기에 시장에 출시되었다.1990년에는 103마력 2.0i유럽 포드 엔진을 얹은 폴로네즈 2.0 SLE가 500대 생산되었고, 이는 최고시속 165km/h에다가 제로백 12.5초를 기록했다.3.2.폴로네즈 카로(1991~1997)[편집](사진은 1991~1993년식 FSO 폴로네즈 카로. 1993년 모델부터는 보닛의 흡기구가 사라졌다.)1991년에는 FSO에서 23년이나 생산해오던 피아트 125p가 단종되고, 125p의 단종과 함께 1295cc 엔진도 단종되었으며, 그해 6월부터 1994년까지 영국 수출이 잠시 중단되는 등, 나름 중요한 시기에 현대적인 앞모습을 이식하는 페이스리프트를 하면서 ""폴로네즈 카로(Caro)""라는 이름으로 바뀌었다.[6]배기가스 시스템, 분리형 뒷좌석, 범퍼 디자인, 스티어링 휠, 알루미늄제 휠 림, 정면충돌에 대응하는 설계 개선의 내적 변경사항들도 있었으며, 선택 사양으로 알로이 휠과 Inter-Groclin[7]사에서 만든 헤드레스트와 스포티한 시트, 도난 경보장치, 센트럴 도어 록, 앞좌석 전동 윈도우, 썬루프, 라디오, 스피커, 메탈릭 페인트를 선택할 수도 있었다. 또한 ""콤비(Combi)""라는 이름의 해치게이트 옵션도 존재했는데, 기존에 있던 1989~1991년식 폴로네즈나 폴로네즈 카로에 대응이 되어왜건처럼 사용할 수 있는 특수한 디자인의 해치게이트였다.​1992년에 ABIMEX제 SPI16를 설치한 1.5 GLI와 1.6 GLI가 출시되었다. 전자는 촉매 컨버터 장착 엔진이며, 후자에는 장착되지 않았다.1993년 8월에 부분 변경이 이루어졌는데, 기존의 에어 인테이크(흡기구)가 윈드실드 밑으로 옮겨지면서 후드가 깔끔해졌고, 팔이 더 긴 뒷창문 와이퍼, 새로운 앞유리가 장착되었으며, 인테리어상으로도 ​원형 속도계와 타코미터가 적용되었고, 기존에 2개였던 냉난방 통풍구가 4개로 늘어나는 등의 변화가 있었다. 또한 그해 12월에는 1,396cc 102마력 MPI 16밸브로버 14K4F 엔진을 가져다가 얹은 폴로네즈 1.4 GLI 16V MPI를 출시했으며, 최고 속도이 178km/h에다가 제로백도 11.9초를 기록했다. Orciari가 만든 전용 그릴과 스포일러, 페인트 도장이 된 전용 범퍼와 사이드 스커트 등으로 구성된 드레스업 세트도 이때부터 적용시킬 수 있게 되었다. 폴로네즈의 상용차 라인에는 폴로네즈 카고(Cargo)라는 상용차 라인이 하나 더 추가되는데, AutoForm Mysłowice이라는 회사에서 처음 생산했다가 FSO-ZTS Grójec에서도 이를 생산했다.[8]1994년에는네덜란드의 폴로네즈 수입상이 프리마(폴로네즈 수출명 중 하나) 1.4 GLI 16V MPI를 경주용 버전으로 개조해서 자동차 경기에 출전시키기로 하면서 'FSO 프리마 1.4 GLI 16V'를 만들었고, 최고출력 123마력에 최고시속은 205km/h였다. 1991년 6월에 중단했던 영국 수출도 이때 재개됐으나, 판매실적은 크게 거두지 못 했다.3.3.폴로네즈 카로 플러스(1997~2003)[편집](사진 속 차량은 폴로네즈 아투 사양이다.)한편, 1995년에 FSO를 인수한대우그룹에서는 그동안 소위 '약골차'로 통하던 폴로네즈를 개선하던 FSO에게 힘을 실어주면서 1997년 4월에 새로운 마이너체인지 모델을 출시했다. 대우가 손을 본 폴로네즈 카로/아투 플러스(Plus)는 기본적으론 그릴 디자인과 후미등, 휠, 도장된 문 손잡이와 범퍼, 대시보드 변경과 같은 변화가 주어졌는데, 마침 새로운 페인트 도장도 선택할 수가 있었다. 한편, 그해 여름은 승용판 폴로네즈의 마지막 수출[9]이 이루어졌는데 마지막 수출은 네덜란드가 종착이었으며[10]당시 라인업은 ​프리마(폴로네즈 카로) 1.6 GLI와 1.4 GLI 16V, 셀리나(아투) 1.6 GLI가 준비되었다.8월에는 FSO 공장에서대우 라노스를 처음 생산함과 동시에, 폴로네즈 시리즈에게 새 문손잡이와 Delphi(Multec XM) 1598cc 83마력 MPI 엔진을 장착했으며 최고시속은 155km/h를 기록했다. 폴로네즈 카고의 경우, 이전처럼 Daewoo-FSO-ZTS Grójec과 AutoForm Mysłowice의 2개 업체에서 만들었는데, 단일한 라인업에(1.6 GLi) 양쪽 업체 모두 폴로네즈 플러스에서의 변화를 거의 가져왔고, 기존에 각 업체가 가지고 있던 차이점도 그대로 가져왔다.[11]1999년에는 ​승용판 폴로네즈의 마지막 라인업 확장으로서 FSO가 3~4년간 벼르고 벼르던 '진짜' 폴로네즈 콤비(Kombi)[12]를 생산하기 시작했다. 아투 기반의 콤비 플러스가 공개된 것은 1998년 5월로, 1999년 1월에 시험생산을 한 후 그해 4월에 판매가 시작되어 6월에 열린 Poznan Motor Show에서 공개되었는데, 엔진 라인업은 1.6 MPI 하나로 단일했고,대우 누비라에서 가져온 스티어링 휠과 암레스트가 이식되었다.2000년이 되었을 때, 폴로네즈는 새로운 로고 적용과 200대 한정으로 에어컨 설치, 그리고 여름 중 한 달 동안 옵션으로 알로이 휠을 제공하는 정도로 마무리했으며, ​2001년에도 별다른 소식 없이, 여름 특전으로 에어컨을 옵션으로 제공하는 정도였다. 그러다가 2002년 1분기가 되자 FSO 폴로네즈의 마지막 승용 모델이 FSO 공장 라인을 떠나면서 폴로네즈의 역사도 막을 내렸다.지금도 폴로네즈는 중유럽과 동유럽에서 꽤 흔한(특히 고향 폴란드에서) 차지만, 2004년에 폴란드가 EU에 가입하면서 많은 수가 현대적+무관세+고품질의 서유럽차와 일본차, 한국차 외에 대체재가 된스코다와다치아에 밀려 사라지고 있다고 한다. 비슷한 차량인현대 포니가 1990년대 들어서 한국에서 크게 버림받은 것과 비슷한 경우라고 볼 수 있다.4.파생모델[편집]폴로네즈 쿠페폴로네즈 아투폴로네즈 세단 모델이며 1995년 12월부터 1996년 1월 사이에 소규모 사전생산을 거친 후 그해 6월에 출시되었다. 처음에는 그냥 ""FSO 아투""였으나 마침 동명의 보험회사가 '아투'라는 모델명에 클레임을 거는 바람에, FSO에서는 '아투'를 서브네임으로 격하시켜서 'FSO 폴로네즈 아투'로 개명하게 되었다. 엔진은 1.6리터(SLI 적용, 촉매장치는 옵션)과 1.4리터(로버 MPI 엔진)의 2개 라인업이 있었으며, 아주 극소수의 1.9 디젤 모델도 사전생산했다.[13]폴로네즈 트럭자세한 내용은FSO 폴로네즈 트럭문서를 참고하십시오.폴로네즈 카고폴로네즈 콤비폴로네즈 아나로그폴로네즈 세단폴로네즈 롱폴로네즈 픽업폴로네즈 캠핑폴로네즈 4x4구급차5.모터스포츠[편집]폴로네즈가 모터스포츠, 즉 자동차 경기에 참가하기 시작한 것은 폴로네즈 2000 랠리가 1980년에 몬테카를로 랠리(Monte Carlo Rally)에 데뷔하기전인 2년 전 1978년부터였는데, 1979년 1월 1일에 '딱 한번' 그룹 4 랠리 규정을 맞춘 모델이 만들어졌다. 1980년 당시에는 발터 울프 레이싱(Walter Wolf Racing)이 스폰서로 나섰을 때는 진청색 배경에 빨간 줄무늬를 입고 등장했으며, 복제품 1대가 캐나다로 수출되었다고 전해진다. 1980년 4월에는, 발터 울프 대신 FSO가 직접 그룹 II 랠리에 스폰서로 출전하기 시작했고, 이번에는 흰색 배경에 빨간 줄무늬를 곳곳에 두른 뒤 Maciej Stawowiak와 Ryszard Żyszkowski가 포르투갈에서 열린 WRC 랠리에 이 차를 타고 출전했다. 1984년 4월 1일에는그룹 B규정에 맞춘 모델도 등장했지만, 1990년에 FSO 스포츠가 자동차 경기에서 철수를 해버렸고 경주용 차들도 해체되어 레플리카만 현존하고 있다.1984년에는 3도어 기반의 폴로네즈 2000 터보 랠리가 등장했지만 경기 호몰로게이션을 받아내지는 못했다. 이 터보 랠리는 쿠페 모델을 기반으로 쿠페와는 다른 형상의 프론트 이미지를 달고 있었고, 1995cc 피아트 엔진과 터보를 장착했으며, 몇몇 차들에는 5도어 바디를 쓰거나 슈퍼차저를 장착하기도 했다. 1985년에는 폴로네즈 5도어 중에서 쿠페 모델의 프론트 이미지를 이식한 개체가 기존의 프론트 이미지(은색 페인트로 액센트가 주어짐)와 병행해서 제작되었다. 그 외에는 수출명에 알리제(Alize)가 추가되는 정도였다.6.여담[편집]제레미 클락슨이 “세계 최악의 차“ DVD에서 폴로네즈 초기형을 몰면서 말썽이 심하다는 등으로 비판한 바 있다.생산국인 폴란드에서 나름대로 국민차였던 데다 어린 시절 이 차를 타고 다니며 자란 이들이 성인이 되어 추억거리로 삼으며 컬트성 인기를 얻고 있다. Moje OHV chce miodu (내OHV가 꿀을 원한다)[14]라는 밈이 유명한데, 폴란드의 팝 음악 그룹 스카네르 (Skaner)가 제작한 곡인 ""휴일의 로맨스 (Wakacyjny Romans)""[15]를 배경으로 한 저퀄리티 편집으로 폴로네즈를 희대의 명차인 것마냥 자조하는 영상들이 주된 내용이다. 한국에서 티코 같은 과거의 국민차들이 오늘날 받는 애정과 비슷하다고 보면 좋다.#이와 별개로 이제는 도태되어 중고차로 팔아도 안 팔릴 시기라 너무나도 값싸게 나오기 때문에, 저렴하고 튼튼한 튜닝 베이스가 필요한 동유럽자동차 애호가들 사이에서는 인기가 꽤 좋다고 한다. 태생이 안전 실험차인 만큼 프레임이 단단해서 큰 힘도 잘 버티고, 후륜구동이며[16]어쩌다 고장 나도 동네 정비소에 차고 넘치는 게 피아트 파생 부품들이라 수리도 손쉽게 가능하다.단종된 지 시간이 많이 흐른지라 등록대수가 많이 감소했으며, 약 3만대 가량의 폴로네즈가 등록되어 있다고 한다.[17]폴란드의 인기 성인 애니메이션 블록에키파(Blok Ekipa)의 주인공 '보이타스(Wojtas)'의 애마인 '셰르셴(Szerszeń, 말벌)'이 바로 이 FSO 폴로네즈 1500 MR'85 모델이다.초기에는 순정 주황색이었으나 작중 온갖 험한 꼴을 당하며 앞은 초록색, 뒤는 보라색 짝짝이 도색이 되고 라이트까지 후기형 Caro 걸로 스왑되는 눈물겨운 변천사를 겪는다.폴란드 현지 팬덤 내에서의 인기가 매우 높아, 실제 폴로네즈 차량을 이용해 셰르셴과 똑같이 커스텀하는 현실 튜닝 문화가 있으며 창작마당 등에서 게임 내 3D 모드로도 활발히 구현되어 있다.7.둘러보기[편집]FSO차량 목록[ 펼치기 · 접기 ]차급단종 차량소형차시레나중형차PF 125pㆍ폴로네즈준대형차바르샤바베이퍼웨어오가르ㆍ워즈[1]사진은 1997~2002년형 FSO 폴로네즈 아투(Atu) 플러스. 폴로네즈의 세단 모델으로, 최후기형에 해당한다.[2]이 때문에 출시로부터 16년 지난 1994년에 실시된 충돌시험(50km/h로 40% 프론트 오프셋)를 별다른 무리 없이 통과해 서유럽 수출이 얼마 간 더 지속될 수 있었다.[3]위 사진에서 볼 수 있듯이 직선과 단순함의 미학, 그리고 실용주의를 기본으로 하는 주지아로의 대중차 디자인 철학은 폴로네즈의 디자인에서도 잘 드러난다. 1980년대를 풍미한 직선적 스타일링을 기본 기조로 삼아 장식과 치장을 목적으로 하는 화려한 기교를 최대한 배제하고, 균형 잡힌 비율을 완성해 기능에 충실하면서도 세련되고 견고한 이미지를 완성했다.[4]원조인 남키프로스가 아닌 북키프로스에 판매되었고, 인민경찰의 전용차로 수입해갔다.[5]-FSO 125p는 1.3 L, 1.3 ML, 1.3 ME, 1.5 C, 1.5 L, 1.5 ML, 1.5 MS, 1.5 ME, FSO 폴로네즈는1.3 C, 1.3 CE, 1.3 L, 1.3 LE, 1.5 C, 1.5 CE, 1.5 L, 1.5 LS, 1.5 LE, 1.5 X, 2000.[6]참고로 라인업은 다음과 같았다; 폴로네즈 카로 1.5 GLE -80마력, 폴로네즈 카로 1.6 GLE -86마력, 폴로네즈 카로 2.0 GLE -포드 103마력 엔진과 변속기 조합(총 1000대 생산), 폴로네즈 카로 1.9 GLD -시트로엥제 67마력 1905cc 디젤엔진.[7]폴란드의 시트 전문업체.[8]전자에서 만든 카고 모델은 더 작은 화물칸과 뒷창문이 적용되었으며, 후자에 있었던 주름이 없었다.[9]폴로네즈의 수출길이 막힌 것은 주로 가면 갈수록 배기가스 규정이 강해졌기 때문이었다.[10]당시 FSO의 모기업이었던 대우자동차에서는포니 픽업이후 끊긴 국산 승용픽업 라인을 부활시켜라보ᆞ다마스와 같이 자영업자를 타겟으로 판매할 계획을 세우고,스타렉스급의 RV차량인 루블린과 함께 실험차로 3대를 국내에 반입했다고 한다. 하지만 국내 실정에 맞지 않은 인테리어와 빈약한 파워트레인, 결정적으로1997년 외환 위기로 대우그룹의 입지가 불안정해 무산되었다. 만약 국내출시가 되었다면 승용 픽업 세그먼트가 7~8년 만에 부활할 수 있었을지도 모른다.[11]그 외에 다른 차이로는 전자에서 폴로네즈 아투 플러스의 후미등을 자겨다가 이식했고, 후자에서 폴로네즈 카로 플러스의 후미등을 가져다가 사용했다는 점을 들 수 있다.[12]이 차가 나오기 전까지는 위에서 말한 해치게이트 옵션이 왜건 모델을 대신했다.[13]이때 해치백 모델의 1.9리터 디젤엔진이 단종되었다.[14]OHV 엔진이 오일을 엄청나게 잡아먹다 보니 생겨난 밈인 듯하다. 폴란드의 정비사들은 엔진오일을 꿀(miód)이라는 은어로 부른다고 한다.[15]이상하게도 스카네르 그룹은Spotify에 등록되어 있는 아티스트임에도 불구하고 정작 이 곡만은 공식적으로 올라와 있지 않다. 따라서 정식 음원 플랫폼에서는 들을 수 없으며, 대신 개인 업로더가 폴로네즈 차량 사진을 앨범 커버로 삼아 반복 버전을 업로드해 둔 것을 감상하거나, 그 외에는SoundCloud와 유튜브를 통해서만 들어야 한다.[16]해치백에 후륜구동이라는 점에서 폴란드의AE86이라는 별명이 있다.[17]영혼을 갈아 관리하지 않는 이상 폴로네즈가 녹슬어 썩는 속도가 워낙 빨랐던 데다 폴란드 EU 가입으로 들어온 서유럽권 차량들에게 완전히 밀려버렸다. 심지어 최후기형인 플러스 모델조차 현지에서 찾기 힘들어졌다."
32,2002 쇼트트랙 스피드 스케이팅 유럽선수권 대회,쇼트트랙 스피드 스케이팅 유럽선수권 대회,"←2000-01ISU 쇼트트랙 스피드 스케이팅 2001-02 시즌2002-03→[ 펼치기 · 접기 ]2001-02 쇼트트랙 월드컵 1차2001-02 쇼트트랙 월드컵 2차2001-02 쇼트트랙 월드컵 3차2001-02 쇼트트랙  월드컵 4차2001-02 쇼트트랙  월드컵 5차2002 쇼트트랙 주니어 세계선수권2002 쇼트트랙 유럽선수권2002 솔트레이크시티 동계올림픽2002 쇼트트랙 세계선수권2002 쇼트트랙 스피드 스케이팅 유럽선수권 대회개최지프랑스그르노블일정2002년1월 11일~1월 13일종합 우승예브게니야 라다노바파비오 카르타←20012003→1. 개요2. 결과3. 종합 랭킹3.1. 여자3.2. 남자4. 메달 집계1.개요[편집]2002년 1월 1일부터 13일까지프랑스그르노블에서 개최된 쇼트트랙 유럽선수권 대회.2.결과[편집]여자금메달은메달동메달500m예브게니야 라다노바마라 지니마르타 카푸소1000m예브게니야 라다노바조안나 윌리엄스카티아 지니1500m예브게니야 라다노바조안나 윌리엄스마라 지니3000m S.F예브게니야 라다노바마라 지니조안나 윌리엄스3000m 계주이탈리아불가리아독일남자금메달은메달동메달500m니콜라 로디가리니콜라 프란체스키나파비오 카르타1000m파비오 카르타브루노 로스코스니콜라 로디가리1500m파비오 카르타니콜라 로디가리니콜라 프란체스키나3000m S.F파비오 카르타브루노 로스코스니콜라 로디가리5000m 계주이탈리아벨기에독일3.종합 랭킹[편집]3.1.여자[편집]2002 유럽선수권 여자부 종합 랭킹순위선수포인트금메달예브게니야 라다노바136은메달마라 지니60동메달조안나 윌리엄스564카티아 지니345마르타 카푸소246니나 예브티이바197사라 린지118마리아 게오르기에바 니콜로바59스테파니 부비에410율리야 파블로비치23.2.남자[편집]2002 유럽선수권 남자부 종합 랭킹순위선수포인트금메달파비오 카르타115은메달니콜라 로디가리81동메달브루노 로스코스474니콜라 프란체스키나415피터 지셀186마투스 우작167루도빅 마티유128안드레 하트윅89레온 플랙410기슬 트베르랜드24.메달 집계[편집]3000m 슈퍼파이널은 메달이 수여되지 않는다. 남녀 500m, 1000m, 1500m, 계주, 종합 메달 합산2002 유럽선수권 메달 순위순위국가금은동총합1이탈리아656172불가리아41053영국02134프랑스01125벨기에01016독일0022총합10101030"
33,PC정비사,컴퓨터정보통신자격면허,"(사)한국정보평가협회(KIE)가 운영하는 국가공인민간자격증에 대한 내용은PC Master(정비사)문서를 참고하십시오.컴퓨터 분야 자격증[ 펼치기 · 접기 ]국가기술자격기술사정보관리기술사·컴퓨터시스템응용기술사·정보통신기술사기사정보처리기사·정보보안기사·컴퓨터시스템기사·빅데이터분석기사·로봇소프트웨어개발기사·임베디드기사·정보통신기사산업기사3D프린터개발산업기사·정보처리산업기사·정보보안산업기사·사무자동화산업기사·컴퓨터응용가공산업기사·정보통신산업기사기능사3D프린터운용기능사·프로그래밍기능사·정보기기운용기능사·임베디드기능사·컴퓨터응용선반기능사·컴퓨터응용밀링기능사·전자캐드기능사·컴퓨터그래픽기능사·웹디자인개발기능사·전자출판기능사·정보통신기능사서비스분야전자상거래관리사/운용사·컴퓨터활용능력·멀티미디어콘텐츠제작전문가·게임국가기술자격(게임기획전문가 · 게임그래픽전문가 · 게임프로그래밍전문가) ·전산회계운용사·한글속기·워드프로세서·사회조사분석사·경영정보시각화능력민간자격국가공인전산세무회계·ERP정보관리사·AT 자격시험·네트워크관리사1)·PC정비사·리눅스마스터·SQL 전문가/개발자(SQLP/SQLD) ·RFID GL/SL·e-Test·ITQ·GTQ/GTQi·DIAT·PC활용능력평가·PC Master(정비사)·DEQ· 데이터아키텍처 ·데이터분석 전문가/준전문가(ADP/ADsP) ·CSTS3)·AICE민간등록CAD실무능력평가 ·SW코딩자격·문서실무사· COS · COS Pro · CAS활용능력 ·디지털영상편집· 수사속기 ·코딩활용능력국제ICDL·MOS·OCJP· OCP ·SCEA·Cisco Certifications· CISA · CISSP ·ACE Test·ACP·PMP·AWS Certification·ISTQB※ 부분공인민간자격은 공인민간자격에만 기재하고 따로 주석을 첨부함.1) 네트워크관리사는 2급만 국가공인자격임. (1급은 등록민간자격)2) GTQ 및 GTQi는 1급/2급만 국가공인자격임. (GTQ/GTQi 3급 및 GTQid는 등록민간자격)3) CSTS는 일반등급만 국가공인자격임. (고급은 등록민간자격)국가공인민간자격[ 펼치기 · 접기 ]식품의약품안전처의료기기 RA 전문가(2급)금융위원회신용관리사·신용위험분석사(CRA)·신용분석사· 여신심사역 ·자산관리사(FP)·재경관리사/회계관리 1,2급·AT·(개인/기업)보험심사역·신용상담사재정경제부국제금융역 · 외환전문역(I종/II종) ·TESAT/주니어TESAT(S,1~3급) ·매경TEST(최우수,우수) ·세무회계·틴매경TEST(A+,A,B) ·원가분석사과학기술정보통신부e-Test·PCT(A,B급) ·리눅스마스터·DIAT·네트워크관리사(2급) ·PC정비사·ITQ·PC Master(정비사)·SQL(전문가/개발자) · 데이터아키텍쳐(전문가) ·ERP정보관리사(물류/생산/인사/회계) · IT-PMP ·RFID GL/SL·DEQ(지도사) ·데이터분석(전문가/준전문가) ·CSTS(일반FL) · 지능형 홈 관리사 ·AICE(Associate)교육부한자능력검정시험(한국어문회,대한검정회(大韓檢定會), 한자교육진흥회, 한국평생교육평가원, 대한상공회의소, 한국정보관리협회)·TEPS·FLEX(중국어, 일본어, 독일어, 스페인어, 프랑스어, 영어, 러시아어)· 브레인트레이너법무부디지털포렌식전문가(2급)행정안전부옥외광고사 ·행정관리사· 정보시스템감리사문화체육관광부실천예절지도사 · 종이접기(마스터) ·한국실용글쓰기검정·KBS한국어능력시험(1,2±,3±,4+급) ·소프트웨어자산관리사(2급) · 미디어교육사(2급)농림축산식품부농어촌개발컨설턴트 · 반려견스타일리스트(1~3급)산업통상부무역영어· 샵마스터(3급) · 지역난방설비관리사 ·CS Leaders(관리사)·GTQ/GTQi(1,2급) ·시스템에어컨설계시공관리사· SMAT · 산업보안관리사 · 냉매취급관리사 · 가정용에어컨설치관리사보건복지부점역·교정사 · 병원행정사 · 보행지도사 ·  수화통역사고용노동부전산세무회계국토교통부자동차진단평가사· 주거복지사 · 실내디자이너 · 보상관리사관세청원산지관리사경찰청열쇠관리사 · 도로교통사고감정사 ·신변보호사산림청분재관리사지식재산처지식재산능력시험(1~4급)개인정보보호위원회영상정보관리사해양수산부스마트해상물류관리사방위사업청국방원가관리사(사)한국정보통신자격협회(ICQA)가 운영하는 국가공인민간자격증.홈페이지1. 개요2. 국가공인민간자격증 취득현황3. 과목3.1. 1급3.2. 2급4. 응시료5. 기타1.개요[편집]컴퓨터 전반에 관한 시스템과 하드웨어 지식을 겸비하여 자신의 컴퓨터는 물론 다른 사람의 컴퓨터의 문제점을 파악해 보수하거나 하드웨어 업그레이드, 수리 등을 할 수 있는 능력을 공식적으로 인정해 주는 자격이다. 흔히 기업용, 사무용, 가정용의 데스크탑, 데스크톱, 노트북, 스캐너, 프린터기 등의 고장이 났을 때 PC 제조업체의 서비스센터로 가서 수리 엔지니어에게 수리를 맡기는데 이 수리를 해주는 사람이 PC정비사이다.컴퓨터 고장 정보문서 참고.자격증 유효 기간은 1/2급 둘 다 5년이며, 유효 기간 만료 3개월 전부터 보수교육을 통해 5년 단위 갱신을 할 수 있다. 유효 기간이 만료돼도 보수교육으로 갱신할 수 있는데, 기간 만료시 갱신 전까지 효력이 정지될 뿐 재시험을 보는 것은 아니다.최초 시험(필기)는 1999년 2월 28일 시행되었다.네이버 카페PC정비사 연구소에서 시험 정보를 얻을 수 있다.2.국가공인민간자격증 취득현황[편집]2005. 01. 15 국가공인 민간자격 공인취득2007. 01. 15 국가공인 민간자격 재공인2011. 01. 15 국가공인 민간자격 재공인2015. 01. 15 국가공인 민간자격 재공인2019. 01. 15 국가공인 민간자격 재공인2022. 01. 15 국가공인 민간자격 재공인 (유효 기간: 4년)[1]3.과목[편집]3.1.1급[편집]2020년 12월까지 1,390명이 1급을 취득하였다.[2]1급 1차는 60문제를 60분 안에 푸는 사지선다 형이며, 2차는 20문제를 100분 안에 푼다. 1차는 36문제, 2차는 12문제 이상 맞히면 합격이다. 과목은 PC 운영체제, PC와 주변 기기, 디지털 논리회로, PC 유지 보수, PC 네트워크이다.1차 응시자격에 다음과 같은 제한이 있다.PC정비사 2급 자격 취득자전기, 전자, 통신, 정보처리 직무분야의 국가기술자격 중 산업기사 이상 등급에 해당하는 자격 취득자전기, 전자, 통신, 정보처리 직무분야의 국가기술자격 중 기능사 등급 자격 취득 후 2년 이상 동일직무분야 종사자IT 관련 사업장에서 5년 이상 종사한 자위 사항 중 하나라도 해당이 되면 응시할 수 있다.단체검정이 없고, 시험장은 서울, 대전에 있다.3.2.2급[편집]2020년 12월까지 20,131명[3]이 2급을 취득하였다.2020년도 기준: 응시자 3,166명 중 합격자 1,018명 (32.15%)2021년도 기준: 응시자 8,240명 중 합격자 2,928명 (35.53%) 합격률이 매우 낮은 편이다.1차는 50문제를 50분 안에 푸는 사지선다 형이며, 2차는 18문제를 80분 안에 푼다. 1차는 30문제, 2차는 11문제 이상 맞히면 합격이다. 과목은 PC 운영체제, PC와 주변 기기, PC 유지 보수, PC 네트워크이다.실기는 RJ45 케이블 만들기, 가상 윈도우 시뮬레이션, PC와 주변 기기의 지식을 묻는 단답형, 객관식 다택형, 드래그 앤 드롭형으로 구성된다.4.응시료[편집]1차는 모든 급수가 43,000원이며, 1급 2차는 10만 원, 2급 2차는 7만 8천 원이다.5.기타[편집]1, 2급 둘 다 국가공인이라 각각 5, 3학점을 인정해 준다. 실기 시험장 가서 진짜로 컴퓨터 고치고 할 것 같지만 현실은 프로그램으로 시뮬 돌린다[4](사)한국정보통신자격협회(ICQA)에서 실시하고 있는 자격증 중에서 1 ,2급 둘 다 국가공인민간자격증인 시험은 PC정비사가 유일하다.[5]국가공인민간자격증으로의 전환은 1 ,2급 둘 다 2005년 1월 15일날 전환되었다. 국가공인민간자격증으로서의 유효 기간은 2026년 1월 14일까지이나, 2026년 1월 15일에 재갱신해서 국기공인민간자격증 타이틀 유효 기간이 연장될 것으로 예상된다.[6]이론서는 없으나 문제은행 출제방식이라 최근 5개년 기출문제가 수록된 어플을 정독하면 거기서 최소 절반은 그대로 나오므로 무난하게 합격할 수 있다.강원도에는 시험장 자체가 없으므로 필기, 실기 둘 다 타 지역으로 가서 시험을 봐야 한다.2020년 7월 1일부터 Windows 7이 아닌 Windows 10 기준으로 필기와 실기시험이 변경되었다.2026년 기준 Windows 10 + Windows 11로 필기와 실기시험이 변경되며 문제 은행도 같이 대규모로 개편되었다.SDXL구동시 어느 스펙이 중요하고 어느 스펙이 무관한지, DDR4의 채널 및 클럭별 대역폭이 어떤지, POST 과정도 과거의 VGA 우선이 아닌 현대의 CPU와 DRAM 우선으로, 의외로 컴덕들이 동전전지(일명 수은전지)를 주로 뽑기만 했으나수전증만 없으면훨씬 더 쉽기도 하고 메인보드 제조사 메뉴얼에도 적혀있는 CMOS 클리어 점퍼 쇼트등도 나오기 시작했다.2011년 9월부터 홈페이지가 개편되면서 합격자 발표날에는 합격여부랑 점수만 알려주고 무슨 문제가 틀렸는지는 알려주지 않게 시스템이 변경되었다. 만일 무슨 문제가 틀렸는지 알고 싶으면 이의제기 하면 무슨 문제가 틀렸는지 알려준다고 한다.이의제기 기간은 합격자 발표일 기준 다음날 오전 9시부터 필기와 실기 둘 다 3일간 접수받으며, 마감 시간은 마지막 날 기준으로 23시 59분까지이다.[7]이의제기에 대한 답변은 이의제기 기간이 종료된 후에 순차적으로 답변이 달린다.이 자격증을 포함해서 ICQA 주관 자격증 1급 혹은 2급을 취득할 시에는 감독관 신청이 가능하다고 한다. 정확하게는 일반 공무원, 학교 교사 또는 대학교수, 관련 산업체 3년 이상 종사자, ICQA 협회 전 · 현 직원 및 임원, 유관 자격종목 1급 자격자, 유관 자격종목 2급 자격자로서 25세[8]이상인 사람, 교육기관 시스템관리요원, 기타 검정 관련 감독위원 유경험자 중 한 가지 이상만 충족하면 감독관 신청이 가능하다고 한다.[1]2026년 1월 14일까지[2]합격률은 32%다.[3]1급 취득자 제외[4]작업형 문제도 있기는 한데 그 문제가 랜선을 만드는 거다. 그 문제는 6.5점이며, 나머지는 5.5점씩 배정된다. 그나마도 1급은 랜선 만드는 것도 없다. 랜선은 인터넷에 만드는 방법이 널려있으니 그것만 잘 따라 하면 거저먹을 수 있는 문제이기 때문에 무조건 맞혀야 한다.[5]네트워크관리사는 2급만 국가공인민간자격증이다.[6]이미 2007년 1월 15일, 2011년 1월 15일, 2015년 1월 15일, 2019년 1월 15일, 2022년 1월 15일에 각각 재갱신해서 국가공인민간자격증 타이틀을 지금까지 유지해왔기 때문.[7]예: 실기시험이 10월 19일날 합격자 발표가 난 경우에 10월 20일 오전 9시부터 10월 24일 23시 59분까지 접수가 가능하다. 이의제기 기간이 지난 후에는 이의 신청이 불가능하다. 기한이 지난 후에 신청하려고 하면 신청할 수 있는 시험 항목이 없다고 뜬다.[8]만 나이 기준이다."
34,불꽃 파이터즈/역대 전적/2026 시즌/경기 목록,불꽃야구2026년 야구2026년 방송 프로그램,"상위 문서:불꽃 파이터즈/역대 전적/2026 시즌1. 개요1.1. 시즌 포맷 변경점1.2. 엔트리2. STAGE 12.1. 1R VS연천 미라클2.1.1. 스코어보드2.2. 2R VS롯데 자이언츠2.2.1. 스코어보드2.3. 3R VS한양대2.3.1. 스코어보드2.4. 4R VS단국대2.4.1. 스코어보드2.5. 5R VS인하대2.5.1. 스코어보드2.6. 6R VS배재고(미방영)2.6.1. 스코어보드2.7. 7R VS성남고2.7.1. 스코어보드2.8. 8R VS휘문고2.8.1. 스코어보드2.9. 9R VS울산 웨일즈2.9.1. 스코어보드2.10. 10R VS화성 코리요2.10.1. 스코어보드3. STAGE 23.1. 11R VS동국대3.1.1. 스코어보드3.2. 12R VS안산 웨이브스3.2.1. 스코어보드3.3. 13R VS부산과기대3.3.1. 스코어보드3.4. 14R VS 대학야구 국가대표팀3.4.1. 스코어보드3.5. 15R VS부산고3.5.1. 스코어보드3.6. 16R마산용마고3.6.1. 스코어보드3.7. 17R군산상일고3.7.1. 스코어보드3.8. 18번째 경기3.9. 19번째 경기3.10. 20번째 경기 (최종전)4. 취소 경기4.1. VS유신고1.개요[편집]불꽃 파이터즈의 2026 시즌 경기 일정 및 결과로날짜는 경기 일자가 아닌 프로그램 방영 날짜로 표기된다.1.1.시즌 포맷 변경점[편집]새로운 시즌을 맞아 시즌 포맷에 이런저런 변화가 생겼다.우선 총 경기 수가 줄었는데, 대관 및 날씨 변수 등을 고려해20~25경기를 진행하며 직관 비중을 더욱 늘려 거의 모든 경기를 직관으로 치를 예정이다. 시즌 목표는 승률이 아닌 승수로 변경되며15승[1]을 달성해야 하고, 1패를 기록할 때마다캡틴의 연봉이 삭감되는 페널티가 추가되며, 삭감액은 캡틴과 단장의 협상 하에 정해졌다. 대신 15승부터 추가 승리를 달성할 때마다 베네핏을 받게 된다.[2]마지막으로 경기 MVP에게는 메달 대신세후 100만 원의 상금이 부상으로 주어진다.10월 1일 일해라 장 단장을 통해 이번 시즌은 총20경기를 치르는 것이 밝혀졌다. 따라서 목표 승률은0.750이 되면서 이전 시즌들보다 목표 달성 난이도가 높아지는 것이 확정되었다.1.2.엔트리[편집]불꽃 파이터즈2026년 불꽃 파이터즈 엔트리감독1명38김성근★코치2명72오세훈· 5김지수투수8명1김기민· 11이대은· 19신재영· 21송승준· 26오승환· 40니퍼트· 47유희관· 56최현우포수2명12박재욱· 22박지민내야수7명8정근우· 9정훈· 10이대호· 13신경헌· 16정성훈· 17임영기· 52김재호외야수9명2최수현· 4문교원· 23강동우· 24김문호· 29이택근· 33박용택C· 37정의윤· 51현빈2.STAGE 1[편집]2.1.1R VS연천 미라클[편집]시즌 첫 경기[3]이자 시즌 첫 직관 경기로, 상대인 연천 미라클은 22시즌부터 4년 연속 독립리그 우승팀이자 현 소속선수최수현과 신입 선수 임태윤의 원 소속팀이자,선성권의 전 소속팀[4]이다.연천 미라클은 독립리그에서 상위권 팀으로 작년(2025년)에 파이터즈와 경기를 치렀다. 경기 초반에는 파이터즈가 앞서나갔지만 8회말 만루홈런을 허용하며 역전패를 당한 전적이 있다. 또한 몬스터즈 시절부터 매년 경기를 치른 만큼 김인식 감독이 김성근 감독의 스타일을 잘 알고 있는 만큼 결코 방심할 수 없는 상대다.경기는 4월 19일 오후 2시에 고척 스카이돔에서 진행하며, 예스24를 통해 4월 15일 수요일 오후 2시부터 예매가 가능하다.4월 14일 스튜디오 C1 인스타그램과 예매처인 예스24 예매 페이지에 선수 로스터가 공개되었는데, 예스24 예매 페이지에 인스타그램에 공개되지 않은 2인이 물음표 표시가 된 만큼 직관을 통해 공개될 이들 2인의 정체와 파이터즈 합류가 확정된 최수현의 차출 여부가 관건이 될 전망이다. 이후 선공개 영상에서 최수현과 임태윤이 파이터즈 소속으로 뛰는 게 확인됐다.이전 시즌들과 달리 별도의 출정식을 치르지 않으면서 선수단의 첫 만남은 개막전 락커룸에서 이루어졌다. 로스터 발표 및 시즌 계획 공유 이후 이번 시즌의 캡틴을 정하기 위한 투표를 진행했는데,한 명에게 사실상 몰표가 나왔다.[5][6]한편 이광길 코치가 개인 사정으로 하차하면서박정환코치가 임시로 합류했다.[7]선수 중에는 정근우가 개인 일정으로 불참했다.연습 당시 펑고를 하는데, 박정환 코치가 아무래도 대원중학교 운동장 사이즈에 익숙해진 탓인지 펑고를 해도 짧게 가서 결국 마운드쪽으로 가서 쳤는데 공이 빗맞아[8]타구가 여기저기로 튀어 선수들이 포구를 하는데 애를 먹었다.[9]정근우가 빠지면서 꽤 파격적인 라인업이 탄생했는데, 1번 박용택 - 3번 이대호 - 4번 정성훈 등 전체적으로 상위 타선에 힘이 강하게 실렸다.[10]그 와중에 박정환 코치는 선수 이름을 2번이나 틀린다거나[11]라인업지에 쓰지도 않은 3루 코치인 본인 이름을 셀프 호명하는 등 엉뚱한 모습으로 큰 웃음을 선사했다. 그리고 3루수를 호명할 때""더드베이스맨""이라고 부른 것이 압권이다.2.1.1.스코어보드[편집]2026년 불꽃야구2 1경기5월 18일, 6월 1일[12][13](본방송)고척 스카이돔|관중: 명팀선발123456789RHEB연천 미라클토카시 코우키0200000002502불꽃 파이터즈이대은0000201003706승리:신재영· 세이브:유희관· 패배:손호진캐스터:정용검| 해설:김선우양팀 선발 라인업[ 펼치기 · 접기 ]연천 미라클타순불꽃 파이터즈포지션선수명선수명포지션2루수황상준1박용택C지명타자중견수김민혁2최수현우익수좌익수유상빈3이대호1루수우익수장준영4정성훈3루수지명타자강현구5이택근중견수유격수권도휘C6김재호유격수1루수이성신7정의윤좌익수포수권경민8박재욱포수3루수김지호9임태윤유격수투수토카시 코우키SP이대은투수주요 기록[ 펼치기 · 접기 ]MVP이대호(3타수 1안타 2타점)결승타없음홈런권도휘(2회)2루타유상빈(4회),이대호(5회)도루최수현(1회)폭투토카시 코우키(2회), 차민혁(7회)슬레이트이택근애국가케이윌투수 기록[ 펼치기 · 접기 ]연천 미라클투수결과이닝타자투구타수안타홈런사사구삼진실점자책점당일 ERA당일 WHIP토카시 코우키312?112015000.001.00강병우1 2/3945940042210.802.40손호진패1 1/35?40012116.750.75조강희2/34?20021000.001.50차민혁??????????0.00?이기용??????????0.00?불꽃 파이터즈 투수 기록투수결과이닝타자투구타수안타홈런사사구삼진실점자책점당일 ERA당일 WHIP이대은51871183108223.600.60신재영승310?91005000.000.33유희관세16?41022000.003.00타자 기록[ 펼치기 · 접기 ]연천 미라클 타자 기록타순선수포지션1회2회3회4회5회6회7회8회9회1황상준2루수중비삼진중비삼진결과4타석 4타수 무안타 2삼진2김민혁중견수삼진?결과2타석 2타수 무안타 1삼진이예찬좌익수2땅결과1타석 1타수 무안타최주혁대타삼진결과1타석 1타수 무안타 삼진3유상빈좌익수중견수삼진좌2중비우안결과4타석 4타수 2인티 1 2루타 1삼진4장준영우익수우전안삼진삼진삼진결과4타석 4타수 1안타 1득점 2삼진5강현구지명타자1파중비삼진고4결과4타석 3타수 무안타 1볼넷 1삼진6권도휘유격수1루수좌홈삼진삼진4구결과4타석 3타수 1안타 1홈런 2타점 1득점 1볼넷 2삼진7이성신1루수3땅삼진중전안결과3타석 3타수 1안타 1삼진최유현대주자유격수결과0타석 0타수 무안타김호빈대타1파결과1타석 1타수 무안타8권경민포수스낫삼진3희번결과3타석 2타수 무안타 2삼진9김지호3루?3직삼진결과3타석 3타수 무안타 1삼진불꽃 파이터즈 타자 기록타순선수포지션1회2회3회4회5회6회7회8회9회1박용택지명타자2안삼진1안삼진?결과5타석 5타수 2안타 1득점 2삼진2최수현우익수2루수우안1땅삼진1땅결과4타석 4타수 1안타3이대호1루수삼진1파좌2고4결과4타석 3타수 1안타 1 2루타 2타점 1볼넷 1삼진4정성훈3루수삼진삼진3땅사구결과3타수 무안타현빈대주자우익수결과0타석 0타수 무안타5이택근중견수삼진우안?4구결과3타수 1안타 1볼넷 1삼진6김재호유격수2땅삼진?좌비결과4타석 4타수 무안타 1삼진7정의윤좌익수2땅2땅4구?결과4타석 3타수 무안타 1볼넷8박재욱포수삼진삼진?안결과4타석 4타수 1안타9임태윤2루수4구좌전안4구?결과4타석 2타수 1안타 2볼넷득점 루트[ 펼치기 · 접기 ]이닝득점 구단득점 루트스코어2회초연천 미라클권도휘의 좌월 홈런으로 2득점연천 미라클 2: 0파이터즈5회말파이터즈이대호의 좌월 2루타로 2득점연천 미라클2 :2 파이터즈7회말상대 투수의 폭투로 1득점연천 미라클2 :3 파이터즈촬영일(실제 경기일): 2026년 4월 19일 14:00, 고척 스카이돔선수변동 및 부상[14]불참 및 결장: 니퍼트(허리 수술로 불참)[A], 정근우(타방송촬영으로 불참)임대: 박정환(일일 코치)경기 내용이닝경기내용1회초1.황상준(중비), 2.김민혁(삼진), 3.유상빈(삼진)말1.박용택(내야 안타), 2.최수현(투수 폭투 → 1-2간 안타), 3.이대호(삼진),4.정성훈(1루 주자 도루 → 삼진), 5.이택근(삼진)2회초4.장준영(1-2간 안타), 5.강현구(1파), 6.권도휘(좌월 홈런2:0), 7.이성신(3땅), 8.권경민(스낫)말6.김재호(2땅), 7.정의윤(2땅), 8.박재욱(삼진)3회초<방송 편집>[16]9. 김지호(), 1.황상준(삼진)[17], 2.김민혁()말9.임태윤(볼넷), 1.박용택(삼진), 2.최수현(1땅 → 1루 주자 선택), 3.이대호(1파)4회초3.유상빈(좌선상 2루타), 4.장준영(삼진), 5.강현구(중비 → 2루 주자 태그업), 6.권도휘(삼진)말투수 교체 토카시 코우키 → 강병우4.정성훈(삼진), 5.이택근(1-2간 안타), 6.김재호(삼진), 7.정의윤(2땅)5회초7.이성신(삼진), 8.권경민(삼진), 9.김지호(3직)말대수비 김민혁(중견수) → 이예찬(좌익수)[18]수비 조정 유상빈(좌익수 → 중견수)8.박재욱(삼진), 9.임태윤(좌전 안타), 1.박용택(내야 안타),2.최수현(삼진), 3.이대호(좌월 2루타 → 1, 2루 주자 홈인2:2)투수 교체 강병우 → 손호진4.정성훈(3땅)[연천 미라클전 1부]6회초투수 교체 이대은 → 신재영1.황상준(중비), 2.이예찬(2땅), 3.유상빈(중비)말<방송 편집>[19]7회초4.장준영(삼진), 5.강현구(삼진), 6.권도휘(삼진)말9.임태윤(4구),투수교체 손호진 → 조강희1.박용택(삼진), 2.최수현(1땅 → 주자 2루 진루), 3.이대호(고의 4구), 4.정성훈(사구),대주자 정성훈 → 현빈투수교체 조강희 → 차민혁5.이택근(폭투 → 추가 진루 및 3루 주자 홈인3:2→ 4구), 6.김재호(좌비)8회초수비 조정 최수현(중견수 → 2루수), 현빈(우익수), 임태윤(2루수 →3루수)7.이성신(중전 안타),대주자 이성신 → 최유현8.권경민(3희생 번트), 9.김지호(삼진), 1.황상준(삼진)말<방송 편집>[20]투수교체 차민혁 → 이기용수비조정 권도휘(유격수 → 1루수), 최유현(1루수 → 유격수)7.정의윤(), 8.박재욱(안타)[21], 9.임태윤(), 1.박용택()9회초투수 교체 신재영 → 유희관대타 이예찬 → 최주혁2.최주혁(삼진), 3.유상빈(1-2간 안타), 4.장준영(삼진 → 1루 주자 도루[22]),5.강현구(고의 4구), 6.권도휘(4구),대타 최유현 → 김호빈7.김호빈(1파)말-경기 총평미라클의 선발 투수인 토가시 코우키는 역대 최초의 상대 팀 외국인 선수다.개막전 MVP는 2타점 동점 적시타를 쳐낸 이대호가 선정되었다.경기 후 주장 투표 결과가 공개되었는데, 모두의 예상대로 박용택이 총 22표 중 21표를 득표해 당선됐다.[23]2.2.2R VS롯데 자이언츠[편집]연천 미라클 직관이 치러진 4월 19일 공지가 올라왔다.상대인 롯데 자이언츠는 불꽃야구 체제[24]최초로 파이터즈와 맞붙는 프로팀으로, 소속선수송승준,이대호,김문호의 전 소속팀이자 파이터즈 시절 선수박찬형의 현 소속팀이다[25]. 시즌 중에 치르는 경기인 만큼 2군 선수들만 출전하고, 롯데 2군이 퓨처스 남부 리그에서 1위를 기록 중인 만큼 대단히 어려운 상대가 될 것으로 보인다.일요일에 경기를 치르던 여느 직관과 달리 5월 2일 토요일 오후 5시사직 야구장에서 경기가 치러지며, 4월 22일 오후 2시부터 예스24를 통해 예매가 가능하다.미라클전 예매 페이지에도 있었던 로스터 사진에 변화가 생겼다. 이광길 코치가 있던 자리에박정환코치[26]가 새로 이름을 올렸으며, 남은 물음표 2개가 모두 공개되었는데 하나는 지난 시즌 알바생이었던 내야수 임태윤, 나머지 하나는 선수가 아닌 부싯돌즈로 밝혀졌다.한편 4월 13일 스튜디오 C1 유튜브에 올라온벚꽃 유니폼 출시 홍보영상에 '5월 직관 때 선수들과 함께 입어요'라고 언급한 것으로 보아 5월에도 직관이 있을 것으로 추정되었는데, 직관 당일 장시원 PD와 스튜디오 C1 인스타에 벚꽃 유니폼을 입은 선수단의 모습이 공개되어 롯데와의 직관 때 입는 것이 확인되었다.라인업은 이택근이 작성했다. 김성근 감독이 이택근의 전력 분석 브리핑을 듣고는 이택근에게 라인업 작성을 맡긴 것.캡틴이 된 박용택은 장 단장과 1:1로 연봉 협상을 진행했다. 1패를 할 때마다 박용택이 제시한 금액만큼 연봉이 삭감되는 대신, 15승을 달성할 경우 해당 경기부터 1승을 할 때마다 장 단장이 제시한 금액만큼 연봉을 추가로 지급받는 조건이 새롭게 포함되었다.[27]캐스터는 다른 스케쥴이 있어 자리를 비운 정용검 대신 제2의 캐스터 한장희가 나섰다. 애국가 제창은강승윤이 했다.1부 방송 말미에정훈의 합류가 공개되었다.[28]2.2.1.스코어보드[편집]2026년 불꽃야구2 2경기6월 1일, 6월 8일사직 야구장|관중: 명팀선발123456789RHEB불꽃 파이터즈유희관00001200141122롯데 자이언츠박세진0001000023611승리:유희관· 홀드:이대은· 세이브:신재영· 패배:신동건캐스터: 한장희 | 해설:김선우양팀 선발 라인업[ 펼치기 · 접기 ]불꽃 파이터즈타순롯데 자이어츠포지션선수명선수명포지션2루수정근우1조민영우익수우익수최수현2이정민2루수지명타자박용택C3조세진지명타자1루수이대호4김동현C좌익수좌익수정의윤5하준서1루수중견수이택근6홍서연3루수3루수정성훈7김현도포수포수박재욱8김한홀중견수유격수김재호9이지훈유격수투수유희관SP박세진투수주요 기록[ 펼치기 · 접기 ]MVP임태윤(2타수 1안타 1홈런 2타점)결승타임태윤(6회초 2사 1루에서 좌월 홈런)홈런임태윤(6회),김동현(9회)2루타정의윤(4회), 조세진(9회)실책홍서연(2회), 임태윤(4회),김재호(4회)주루사정근우(9회),박지훈(9회)병살타박용택(3회),이택근(8회)폭투이대은(6회)심판김민규, 김낙원, 남기헌, 옥세민슬레이트이택근[29]애국가강승윤투수 기록[ 펼치기 · 접기 ]불꽃 파이터즈 투수 기록투수결과이닝타자투구타수안타홈런사사구삼진실점자책점당일 ERA당일 WHIP유희관승51867181002100.000.20이대은홀31338123112226.001.33신재영세14?32001000.002.00롯데 자이언츠 투수 기록투수결과이닝타자투구타수안타홈런사사구삼진실점자책점당일 ERA당일 WHIP박세진3 1/31336122013000.000.90박준우162263002119.003.00장세진2/32610001000.000.00신동건패1 1/37?621112213.501.50이진하1 2/362162001000.001.20이승헌141222000119.002.00타자 기록[ 펼치기 · 접기 ]불꽃 파이터즈 타자 기록타순선수포지션1회2회3회4회5회6회7회8회9회1정근우2루수3땅2비좌전안?우전안결과5타석 5타수 2안타2최수현우익수2땅우전안우희비삼진우희비결과5타석 3타수 1안타 2타점 1삼진3박용택지명타자삼진2병삼진2땅결과4타석 4타수 무안타 2삼진 1병살4이대호1루수삼진우비1파좌안결과4타석 4타수 1안타 1삼진5정의윤좌익수유땅우2사구결과3타석 2타수 1안타 1 2루타 1득점현빈좌익수좌안결과1타석 1타수 1안타6이택근중견수3실유땅삼진유병결과4타석 4타수 무안타 1삼진 1병살7정성훈3루수우전안삼진결과2타석 2타수 1안타 1삼진임태윤3루수좌홈유땅결과2타석 2타수 1안타 1홈런 2타점 1득점8박재욱포수삼진스낫중안좌안결과4타석 4타수 2안타 1득점 2삼진9김재호유격수4구중안우비투희번결과4타석 2타수 1안타 1득점 1볼넷롯데 자이언츠 타자 기록타순선수포지션1회2회3회4회5회6회7회8회9회1조민영우익수유땅우비3땅유땅결과4타석 4타수 무안타2이정민2루수삼진3실3안우비결과4타석 4타수 1안타 1득점 1삼진3조세진지명타자좌비유실1비우2결과4타석 4타수 1안타 1 2루타엄장윤대주자결과0타석 0타수 무안타 1득점4김동현좌익수삼진중안4구우홈결과4타석 3타수 2안타 1홈런 3타점 1득점 1볼넷 1삼진5하준서1루수좌비중비결과2타석 2타수 무안타박지훈1루수3루수중비중안결과2타석 2타수 1안타6홍서연3루수1루수우비중비삼진결과3타석 3타수 무안타 1삼진윤수녕대타투희번결과0타석 0타수 무안타7김현도포수3땅우비결과2타석 2타수 무안타이인한대타삼진결과1타석 1타수 무안타 1삼진김대현중견수유안결과1타석 1타수 1안타8김한홀중견수좌비좌비결과2타석 2타수 무안타박건우대타포수유땅삼진결과2타석 2타수 무안타 1삼진9이지훈유격수유땅중비우비결과3타석 3타수 무안타득점 루트[ 펼치기 · 접기 ]이닝득점 구단득점 루트스코어4회말롯데 자이언츠김동현의 2-유간 안타로 1득점파이터즈0 :1 롯데 자이언츠5회초파이터즈최수현의 우익수 희생플라이로 1득점파이터즈 1: 1롯데 자이언츠6회초임태윤의 좌월 홈런으로 2득점파이터즈 3: 1롯데 자이언츠9회초최수현의 우익수 희생플라이로 1득점파이터즈 4: 1롯데 자이언츠9회말롯데 자이언츠김동현의 우월 홈런으로 2득점파이터즈4 :3 롯데 자이언츠촬영일(실제 경기일): 2026년 5월 2일 17:00, 사직 야구장선수변동 및 부상:불참 및 결장: 니퍼트(허리 디스크 수술로 불참)[A]임대: 박정환(일일 코치)경기 내용이닝경기내용1회초1.정근우(3땅), 2. 최수현(2땅), 3. 박용택(삼진)말1. 조민영(유땅), 2. 이정민(삼진), 3. 조세진(좌비)2회초4. 이대호(삼진), 5 정의윤(유땅), 6 이택근(3실), 7.정성훈(우전 안타), 8.박재욱(삼진)말4.김동현(삼진), 5.하준서(좌비), 6.홍서연(우비)<롯데 자이언츠1부>3회초9. 김재호(4구), 1.정근우(2비), 2. 최수현(우전 안타), 3. 박용택(DP-53)말7. 김현도(3땅), 8. 김한홀(좌비), 9. 이지훈(유땅)4회초4. 이대호(우비,투수교체 박세진 → 박준우5.정의윤(우선상 2루타), 6.이택근(유땅), 7.정성훈(삼진)말대수비 정성훈 → 임태윤1.조민영(우비), 2.이정민(3루수 포구 실책), 3.조세진(유격수 포수 실책),4.김동현(2-유간 안타 → 3루 주자 홈인0:1), 5.하준서(중비), 6.홍서연(중비)5회초8.박재욱(스낫), 9.김재호(2-유간 안타), 1.정근우(좌전 안타[31]),투수교체 박준우 → 장세진대수비 하준서 → 박지훈2.최수현(우희비 → 3루 주자 태그업1:1), 3.박용택(삼진)말7.김현도(우비), 8.김한홀(좌비), 9.이지훈(중비)6회초투수교체 장세진 → 신동건수비조정 박지훈(1루수 → 3루수), 홍서연(3루수 → 1루수)4.이대호(1파), 5.정의윤(사구), 6.이택근(삼진), 7.임태윤(좌월 홈런1:3), 8.박재욱(2-유간 안타), 9.김재호(우비)말투수교체 유희관 → 이대은대수비 정의윤 → 현빈1.조민영(3땅), 2.이정민(번트 안타), 3.조세진(1비), 4.김동현(4구), 5.박지훈(폭투 → 주자 추가 진루 → 중비)7회초<방송 편집>1.정근우(?)투수교체 신동건 → 이진하2.최수현(삼진), 3.박용택(2땅)말6.홍서연(삼진),대타 김현도 → 이인한7.이인한(삼진),대타 김한홀 → 박건우8.박건우(유땅)8회초대수비 이인한 → 김대현수비조정 김대현(포수 → 중견수), 박건우(중견수 → 포수)4.이대호(좌선상 안타), 5.현빈(좌선상 안타), 6.이택근(DP-643), 7.임태윤(유땅)말9.이지훈(우비), 1.조민영(유땅), 2.이정민(우비)9회초투수교체 이진하 → 이승헌8.박재욱(3-유간 안타), 9.김재호(투수 앞 희생번트), 1.정근우(우전 안타),2.최수현(우희비 → 3루 주자 태그업4:1→ 1루 주자 태그 아웃)말3.조세진(우월 2루타),대주자 조세진 → 엄장윤4.김동현(우월 홈런4:3),투수교체 이대은 → 신재영5.박지훈(2-유간 안타),대타 홍서연 → 윤수녕6.윤수녕(투수앞 희생번트), 7.김대현(2루 주자 타구 맞음 아웃 → 내야안타 처리), 8.박건우(삼진)경기 총평파이터즈의 창단 첫 프로팀 상대 경기에서 승리를 기록했다.[32]그러나 4회 임태윤-김재호의 연속 실책을 비롯해 수비에서 불안한 모습이 적지 않게 보였고, 정성훈이 지난 경기의 부상 여파로 이번 경기에서도 일찍 교체되며 아직 온전히 경기를 뛰기 어려운 상태라는 게 드러난 만큼 내야진 보강의 필요성이 더욱 부각된 경기였다.롯데 측에서 투수와 포수가피치컴을 통해 사인을 주고 받는 모습이 나왔는데, 파이터즈 선수들이 이를 부러워하자 피디가 직접 구종과 코스를 읽어주는 일명 '피디컴'[33]이 탄생했다.한편 9회말 1사 2루 상황에서 타자 김대현이 친 타구를 3루로 뛰던 2루 주자 박지훈이 맞아서 아웃당하는 황당한 일이 벌어지기도 했다.[34]해당 장면을 접한 롯데팬들의 반응 역시 황당 그 자체였다.#2.3.3R VS한양대[편집]시즌2 1화 종료 직후 직관 공지가 올라왔다.상대인 한양대는 2025전국대학야구선수권대회우승팀이다. 2025 시즌 후반에 파이터즈에서 임대선수로 뛰었던 조우진[35], 박도현, 이준혁의 모교로, 박도현과 이준혁은 이번 경기에 선발 배터리로 출전한다. 또한 올해 파이터즈에 새롭게 합류한박정환코치, 그리고김기덕현 한양대 감독의 모교이기도 하다.[36]한양대 출신 인물로는천보성前 LG 감독,장효조前 삼성 라이온즈 2군 감독,이만수前 SK 와이번스 감독,김시진KBO 경기운영위원장,박흥식현동원과기대코치,류중일前 대표팀 감독,김동수현서울고감독,류지현현대한민국 야구 국가대표팀감독,박찬호[37],이병규현롯데 자이언츠2군 타격코치,구대성前SBS Sports해설위원,강인권현한화 이글스QC 코치,김용국TBC해설위원 등 프로 시절 이름을 날렸던 인물이 다수 있으며, 현역 선수 중에는고종욱,박해민,최지명[38]등이 있다.[39]5월 17일 고척 스카이돔에서 경기가 치러지며, 5월 13일 yes24를 통해 예매가 가능하다.시구는김요한, 애국가 가창은이석훈이 했다.[40]#6월 12일 올라온 예고편에 따르면 이 경기의 부제목은사자 사냥으로 정해졌다.[41]파이터즈가 사자를 사냥할지, 아니면 사자에게 사냥당할지를 담은 적절한 제목이라는 평이다.유명인 관중으로손지창-오연수부부가 관중석에 앉았으며 마이크를 차고 리액션도 했다.[42]2.3.1.스코어보드[편집]2026년 불꽃야구2 3경기6월 15일(본방송)[43]고척 스카이돔|관중: 명팀선발123456789RHEB한양대학교이준혁00103000041001불꽃 파이터즈이대은00000030034110승리:이정우· 세이브:김성민· 패배:이대은캐스터:정용검| 해설:김선우양팀 선발 라인업[ 펼치기 · 접기 ]한양대학교타순불꽃 파이터즈포지션선수명선수명포지션우익수이종환1정근우2루수2루수이동호2최수현우익수중견수김승주C3박용택C지명타자1루수김지욱4이대호1루수3루수임영기5정의윤좌익수포수박도현6이택근중견수좌익수임성규7정성훈3루수지명타자손석희8박재욱포수유격수박성빈9김재호유격수투수이준혁SP이대은투수주요 기록[ 펼치기 · 접기 ]MVP없음결승타김승주(3회초 2사 1, 2루에서 좌중간 안타)2루타이동호(1회, 5회), 임영기(5회),실책유희관(5회)도루이종환(5회), 김승주(5회)도루사박성빈(6회)병살타박재욱(8회)심판김민균, 오병민, 김봉희, 김현삼슬레이트이택근시구 및 시타자시구-김요한/ 시타-박용택애국가이석훈투수 기록[ 펼치기 · 접기 ]한양대학교투수결과이닝타자투구타수안타홈런사사구삼진실점자책점당일 ERA당일 WHIP이준혁31090012000.000.33이정우승1640200000.003.00김현준2882000000.001.00이강호2/36200403340.506.00김성민세2 1/31071031000.001.71불꽃 파이터즈 투수 기록투수결과이닝타자투구타수안타홈런사사구삼진실점자책점당일 ERA당일 WHIP이대은패4 2/320207005311.931.50유희관1/341442000100.006.00신재영413121006000.000.25타자 기록[ 펼치기 · 접기 ]한양대학교 타자 기록타순선수포지션1회2회3회4회5회6회7회8회9회1이종환우익수투땅삼진중전안유땅2땅결과5타석 5타수 1안타 1득점 1삼진2이동호2루수좌2중안우2삼진결과4타석 4타수 3안타 2 2루타 1타점 1득점 1삼진3김승주중견수중비좌중안투실삼진결과4타석 4타수 1안타 1타점 1득점 1삼진4김지욱1루수투땅삼진좌안삼진결과4타석 1안타 2타점 2삼진5임영기3루수??좌2좌안결과4타석 4타수 2안타 1 2루타6박도현포수?안2비우비결과4타석 4타수 1안타7임성규좌익수??삼진삼진결과4타석 4타수 무안타 2삼진8손석희지명타자우비3땅결과2타석 2타수 무안타이준우대타1비투땅결과2타석 2타수 무안타9박성빈유격수좌전안삼진사구삼진결과4타석 3타수 1안타 1득점 2삼진불꽃 파이터즈 타자 기록타순선수포지션1회2회3회4회5회6회7회8회9회1정근우2루수삼진삼진?4구중비결과5타석 4타수 무안타 1득점 1볼넷 2삼진2최수현우익수4구좌비중전안4구우비결과5타석 3타수 1안타 1득점 2볼넷3박용택지명타자2비4구우비4구삼진결과5타석 3타수 1타점4이대호1루수유땅4구우비좌안3땅결과5타석 4타수 1안타 2타점 1볼넷5정의윤좌익수?좌안중전안4구결과4타석 3타수 2안타 1볼넷6이택근중견수비3땅3땅결과3타석 3타수 무안타김문호대타1땅결과1타석 1타수 무안타강동우중견수결과0타석 0타수 무안타7정성훈3루수비2땅투땅4구결과4타석 3타수 무안타 1볼넷8박재욱포수중비?4구유병결과4타석 3타수 1득점 1볼넷 1병살박지민포수결과0타석 0타수 무안타9김재호유격수3비결과1타석 1타수 무안타임태윤대타유격수?우비4구결과3타석 2타수 무안타 1볼넷득점 루트[ 펼치기 · 접기 ]이닝득점 구단득점 루트스코어3회초한양대김승주의 좌중간 안타로 1득점한양대 1: 0파이터즈5회초이동호의 우선상 2루타로 1득점한양대 2: 0파이터즈임영기의 3-유간 안타로 2득점한양대 4: 0파이터즈7회말파이터즈박용택의 밀어내기 볼넷으로 1득점한양대4 :1 파이터즈이대호의 3-유간 안타로, 2득점한양대4 :3 파이터즈촬영일(실제 경기일): 2026년 5월 17일 14:00, 고척 스카이돔선수변동 및 부상:불참 및 결장: 니퍼트(허리 디스크 수술로 불참)[A], 현빈(종아리 파열)임대: 박정환(일일코치)경기 내용이닝경기내용1회초1.이종환(투땅), 2.이동호(좌선상 2루타), 3.김승주(중비), 4.김지욱(투땅, 13)말1.정근우(삼진), 2.최수현(4구), 3.박용택(2비), 4.이대호(유땅)2회초<방송편집>[45]말<방송편집>5.정의윤(), 6.이택근(뜬공), 7.정성훈(뜬공)3회초8.손석희(우비), 9.박성빈(좌전 안타), 1.이종환(삼진), 2.이동호(2-유간 안타),3.김승주(좌중간 안타 → 2루 주자 홈인1:0), 4.김지욱(삼진)말8.박재욱(중비), 9.김재호(3비), 1.정근우(삼진)4회초<방송편집>5.임영기(), 6.박도현(안타), 7.임성규()말투수교체 이준혁 → 이정우2.최수현(좌비), 3.박용택(4구), 4.이대호(4구), 5.정의윤(3-유간 안타),6.이택근(3땅 → 3루 주자 홈에서 아웃) 7.정성훈(2땅)5회초8.손석희(3땅), 9.박성빈(삼진), 1.이종환(중전 안타),2.이동호(1루 주자 도루 → 우선상 2루타 → 2루 주자 홈인[46]2:0)투수교체 이대은 → 유희관3.김승주(투수 포구 실책 → 2루 주자 진루), 4.김지욱(1루 주자 도루 → 3-유간 안타 → 2, 3루 주자 홈인4:0),5.임영기(3-유간 2루타), 6.박도현(2비)말<방송편집>투수교체 이정우 → 김현준[47]대타 김재호 → 임태윤6회초투수교체 유희관 → 신재영7.임성규(삼진),대타 손석희 → 이준우8.이준우(1비), 9.박성빈(사구) 1.이종환(1루 주자 도루사)말2.최수현(중전 안타), 3.박용택(우비), 4.이대호(우비), 5.정의윤(중전 안타), 6.이택근(3땅)7회초1.이종환(유땅), 3.이동호(삼진), 3.김승주(삼진)말투수교체 김현준 → 이강호7.정성훈(투땅, 13), 8.박재욱(4구), 9.임태윤(우비),1.정근우(4구), 2.최수현(4구), 3.박용택(4구 → 3루 주자 홈인4:1),투수교체 이강호 → 김성민4.이대호(3-유간 안타 → 2, 3루 주자 홈인4:3), 5.정의윤(4구),대타 이택근 → 김문호6.김문호(1땅, 31)8회초대수비 김문호 → 강동우4.김지욱(삼진), 5.임영기(3-유간 안타), 6.박도현(우비), 7.임성규(삼진)말7.정성훈(4구), 8.박재욱(DP-643), 9.임태윤(4구), 1.정근우(중비)9회초대수비 박재욱 → 박지민8.이준우(투땅, 13), 9.박성빈(삼진), 1.이종환(2땅)말2.최수현(우비), 3.박용택(삼진), 4.이대호(3땅)경기 총평파이터즈가 3경기만에 시즌 첫 패배를 기록하며 결국 사자에게 사냥당하는 결과를 맞이했고 캡틴택의 연봉에 처음으로 기스가 나게 되었다.[48]타선은 한양대의 촘촘한 수비에 잘 맞은 타구조차 막히며 4안타로 묶여버렸고, 10볼넷을 얻었음에도 득점권에서 안타가 터지지 않으니 점수를 내지 못해 잔루만 계속 쌓이며 답답한 경기를 이어갔다. 가장 아쉬운 건 7회말로, 상대 투수의 연이은 볼넷으로 첫 득점에 성공했고 이대호가 2타점 적시타를 쳐내며 1점차까지 따라붙었지만 2사 만루 상황에서 타격감이 괜찮았던 이택근[49]을 빼고 대타로 김문호를 내는 도박수가 실패하면서 유일한 역전의 기회를 놓치고 말았다. 한편 8회말에는 정성훈의 볼넷 출루 때 대주자로 나갈 내야수가 없어 1루수 문교원 &3루수 이대호라는 고육지책까지 언급되는 등 내야진의 부족함을 다시금 체감할 수 있었다.[50]투수진 역시 유희관-이대은이 시즌 초부터 흔들리는 모습이 보이고 있고, 그나마 신재영이 등판마다 호투를 해주고 있지만 개막 이후로 투수가 이 3명만 계속 등판하고 있어 신재영 역시 언제 분석당해도 이상하지 않은 상황이다.한편 이 경기를 패배해 2승 1패로 승률은 0.667이 되며 파이터즈 개편 후 역대 최저 중간 승률을 기록했다.[51]2.4.4R VS단국대[편집]2화 종료 직후 공지가 올라왔다.상대인 단국대는 24시즌 상대 팀으로[52]소속선수신재영의 모교이자, 전 소속선수임상우의 모교이다.[53][54]단국대 출신 인물로는나광남KBO 심판,이용철前KBS N SPORTS해설위원,김태형現 롯데 자이언츠 1군 감독,서용빈LG 트윈스 전력강화 코디네이터,최원호現SBS Sports해설위원 등이 있으며, 현역 선수 중에서는강재민,천성호등이 있다.5월 24일 일요일 오후 2시에 경기가 열리며, 5월 20일 수요일 오후 2시부터 예스24를 통해 예매가 가능하다.연천 미라클전 전반부가 방영된 5월 18일 방송 말미에오승환의 입단 소식이 공개되었으며 이번 경기부터 합류하게 된다.[55]예스24 예매 페이지 로스터에도 '부싯돌즈'가 있던 자리에 오승환의 이름이 들어갔다. 오승환 역시 단국대 출신이다 보니 파이터즈에서의 첫 경기가 자신의 모교를 상대하는 경기가 되었다.[56]경기 직전 단국대 선수들과 오승환의 간이 팬미팅(?)이 성사되기도 했으며신재영은 그저 키링이었다제작진 측에서 아예등장씬도 만들어 등판 때 전광판에서 활용했다.[57]6월 1일에는정훈역시 이 경기부터 합류한다는 소식이 전해졌다. 다만 오승환과 달리 정식 선수가 아닌 알바생 신분이다.[58][59][60]갑작스럽게 합류한 만큼 경기 당일 유니폼도 준비되어 있지 않았지만 마침 이름이 비슷한정성훈의 마킹 여분이 남아있었고, 등번호인 9번도 정성훈의 16번에서 6을 떼와 180도 돌려 9를 만들 수 있었던 덕에 즉석에서 새 유니폼을 제작할 수 있었다. 제작진 중 자신이 정훈의 팬임을 밝힌 한 작가가 직접 굿즈샵에서 유니폼에 마킹을 한 뒤 정훈에게 전달했다.그리고 이날 경기부터 외야 관중석에도 스피커를 설치했다고 한다.[61]6월 19일 업로드된 7화 예고편의 부제는Save Us로, 끝판대장 오승환의등장곡이자 위기에 처한 불꽃 파이터즈를 구해달라는 희망을 담아 부제로 정한 듯하다.박정환 코치가 개인 사정으로 불참하면서 대타로 현 성균관대 코치인박지규코치가 합류했다.애국가는양다일이 불렀는데,이정과 닮은꼴이라서 이대호와 정근우가 이정으로 잘못 알아봤고 정근우는 아예 활동명을 바꿨느냐며 묻는가 하면, 오승환은 누군지도 모른다는 반응을 보이며 굴욕을 겪었다.2.4.1.스코어보드[편집]2026년 불꽃야구2 4경기6월 22일(본방송)고척 스카이돔|관중: 명팀선발123456789RHEB단국대학교박상연0000000303612불꽃 파이터즈이대은02030210-81108승리:이대은· 패배:박상연캐스터:정용검| 해설:김선우양팀 선발 라인업[ 펼치기 · 접기 ]단국대학교타순불꽃 파이터즈포지션선수명선수명포지션유격수신경헌C1정근우2루수포수이기욱2최수현우익수2루박성배3박용택C지명타자1루수성지백4이대호1루수지명타자곽성준5정성훈3루수우익수장현명6정의윤좌익수3루수정제은7이택근중견수좌익수이지원8박재욱포수중견수최재영9김재호유격수투수박상연SP이대은투수주요 기록[ 펼치기 · 접기 ]MVP이대은(5이닝 3피안타 무실점)결승타이택근(2회말 무사 1, 3루에서 1-2간 안타)3루타신경헌(3회)2루타이대호(6회)실책정제은(4회)병살타정근우(6회),정훈(7회)심판오병민, 김민균, 박원기, 김현삼슬레이트정근우애국가양다일투수 기록[ 펼치기 · 접기 ]단국대학교투수결과이닝타자투구타수안타홈런사사구삼진실점자책점당일 ERA당일 WHIP박상연패1 2/311950122210.803.00조범규41975133051549.002.00김훈기1 1/375202116.752.25김진서144100000.001.00불꽃 파이터즈 투수 기록투수결과이닝타자투구타수안타홈런사사구삼진실점자책점당일 ERA당일 WHIP이대은승517163003000.000.60신재영2771001000.000.50김기민1/3419310113127.003.00오승환1 2/372861012000.000.60타자 기록[ 펼치기 · 접기 ]단국대학교 타자 기록타순선수포지션1회2회3회4회5회6회7회8회9회1신경헌유격수중안우중33땅사구결과4타석 3타수 2안타 1 3루타 1득점2이기욱포수투희번스낫유땅사구결과4타석 2타수 무안타 1타점김시우대주자결과0타석 0타수 무안타 1득점심한승포수결과0타석 0타수 무안타3박성배2루수포파땅안투땅결과4타석 4타수 1안타4성지백1루수우익수투땅안비좌전안결과4타석 4타수 2안타 2타점5곽성준지명타자???삼진결과4타석 4타수 무안타 1삼진6장현명우익수땅우비결과2타석 2타수 무안타진태현1루수삼진중비결과2타석 2타수 1삼진7정제은3루수?결과1타석 1타수 무안타윤채원3루수중비우전안결과2타석 2타수 1안타 1득점강찬수대타중비결과1타석 1타수 무안타8이지원좌익수유땅삼진포땅삼진결과4타석 4타수 무안타 2삼진9최재영중견수1비우비스낫결과3타석 3타수 무안타 1삼진불꽃 파이터즈 타자 기록타순선수포지션1회2회3회4회5회6회7회8회9회1정근우2루수중안중비좌비2병3직결과5타석 5타수 1안타 1병살2최수현우익수1땅사구4구4구?결과5타석 2타수 무안타 1득점 2볼넷3박용택지명타자삼진2땅중안우전안?결과5타석 5타수 2안타 1타점 1득점 1삼진4이대호1루수삼진비우희비우2안결과5타석 4타수 2안타 1 2루타 3타점 1삼진5정성훈3루수중안4구삼진2비결과5타석 4타수 1안타 1득점 1삼진임태윤3루수유격수?결과1타석 1타수 무안타6정의윤좌익수우중안??결과3타석 3타수 1안타 1득점문교원대타좌안결과1타석 1타수 1안타 1득점강동우좌익수결과0타석 0타수 무안타7이택근중견수우안4구?사구결과4타석 2타수 1안타 1타점 1득점 1볼넷8박재욱포수우희비우전안비결과3타석 2타수 1안타 1타점 1득점박지민대타포수4구결과1타석 0타수 무안타 1볼넷9김재호유격수좌안3실4구결과3타석 2타수 1안타 1득점 1볼넷정훈대타3루수2병결과1타석 1타수 무안타 1병살득점 루트[ 펼치기 · 접기 ]이닝득점 구단득점 루트스코어2회말파이터즈이택근의 1-2간 안타로 1득점단국대0 :1 파이터즈박재욱의 우익수 희생 플라이로 1득점단국대0 :2 파이터즈4회말상대 3루수 실책으로 1득점단국대0 :3 파이터즈박용택의 2-유간 안타로 1득점단국대0 :4 파이터즈이대호의 우익수 희생 플라이로 1득점단국대0 :5 파이터즈6회말이대호의 우월 2루타로 2득점단국대0 :7 파이터즈7회말정훈의 병살타로 1득점단국대0 :8 파이터즈8회초단국대이기욱의 밀어내기 사구로 1득점단국대 1: 8파이터즈성지백의 좌전 안타로 2득점단국대 3: 8파이터즈촬영일(실제 경기일): 2026년 5월 24일 14:00, 고척 스카이돔선수변동 및 부상영입: 오승환(前 삼성 라이온즈 투수)임대: 정훈(前 롯데 자이언츠 내야수), 박지규(일일코치)불참 및 결장: 니퍼트(허리 디스크 수술로 불참)[A], 김문호(햄스트링 부상), 현빈(근육파열)경기 내용이닝경기내용1회초1.신경헌(2-유간 안타), 2.이기욱(희생번), 3.박성배(포파), 4.성지백(투땅)말1.정근우(2-유간 안타), 2.최수현(1땅 → 주자 진루), 3.박용택(삼진), 4.이대호(삼진)2회초<방송편집>[63]5.곽성준(), 6.장현영(땅볼), 7.정제은()말5.정성훈(2-유간 안타), 6.정의윤(우중간 안타), 7.이택근(1-2간 안타 → 3루 주자 홈인1:0),8.박재욱(우익수 희생플라이 → 3루 주자 태그업2:0), 9.김재호(3-유간 안타), 1.정근우(중비), 2.최수현(사구),투수교체 박상연 → 조범규3.박용택(2땅)3회초8.이지원(유땅), 9.최재영(1비), 1.신경헌(우중간 3루타), 2.이기욱(스트라이크 낫아웃)말<방송편집>4회초<방송편집>3.박성배(땅볼), 4.성지백(안타), 5.곽성준()말7.이택근(4구), 8.박재욱(우전 안타), 9.김재호(3루수 포구 실책 → 2루 주자 홈인3:0),대수비 정제은 → 윤채원1.정근우(좌비), 2.최수현(4구), 3.박용택(2-유간 안타 → 3루 주자 홈인4:0),4.이대호(우익수 희생플라이 → 3루 주자 태그업5:0), 5.정성훈(삼진)5회초6.장현명(우비), 7.윤채원(중비), 8.이지원(삼진)말<방송편집>6.정의윤(), 7.이택근(), 8.박재욱(뜬공)6회초투수교체 이대은 → 신재영9.최재영(우비), 1.신경헌(3땅), 2.이기욱(유땅)말1.김재호(4구), 1.정근우(DP-463), 2.최수현(4구), 3.박용택(우전 안타),투수교체 조범규 → 김훈기4.이대호(우월 2루타 → 1, 2루 주자 홈인7:0)대수비 장현명 → 진태현수비조정 성지백(1루수 → 우익수), 진태현(우익수 → 1루수)5.정성훈(2비)7회초<방송편집>대수비 정성훈 → 임태윤3.박성배(안타), 4.성지백(뜬공), 5.곽성준(), 6.진태현(삼진)말대타 정의윤 → 문교원6.문교원(3-유간 안타), 7.이태근(사구),대타 박재욱 → 박지민8.박지민(4구)대타 김재호 → 정훈9.정훈(DP-463 → 3루 주자 홈인8:0), 1.정근우(1직)8회초투수교체 신재영 → 김기민대수비 문교원 → 강동우수비조정 임태윤(3루수 → 유격수), 정훈(3루수)7.윤채원(우전 안타), 8.이지원(포땅 → 주자 진루), 9.최재영(낫아웃 → 포수 포구 실패 → 출루), 1.신경헌(사구)투수교체 김기민 → 오승환2.이기욱(사구 → 3루 주자 홈인1:8),대주자 이기욱 → 김시우3.박성배(투땅 → 3루 주자 태그아웃), 4.성지백(좌전 안타 → 2, 3루 주자 홈인3:8), 5.곽성준(삼진)말<방송편집>투수교체 김훈기 → 김진서대수비 김시우 → 심한승2.최수현(), 3.박용택(), 4.이대호(안타), 5.임태윤()9회초6.진태현(중비),대타 윤채원 → 강찬수7.강찬수(중비), 8.이지원(삼진)말-경기 총평경기 MVP는 이대은이 차지했다.신입생 듀오 오승환-정훈 모두 꽤 혹독한 신고식을 치렀다. 오승환은 8회 1사 만루 상황에서 등판했으나 밀어내기 사구 및 적시타를 허용하며 3점을 내줬고[64]정훈은 대타로 투입된 7회 파이터즈에서의 첫 타석을 병살로 날려먹었으며 3루 수비는 딱히 타구를 처리할 상황이 나오지 않아 사실상 이번 경기에서 아무것도 보여주지 못했다.2.5.5R VS인하대[편집]5월 18일 공지가 올라왔다.상대인 인하대는 25시즌 상대 팀으로, 현 소속선수문교원과 파이터즈 코치이광길KNN 해설위원의 모교이다.현 소속 선수 중에는 문교원 외에도 25시즌 강릉고 편에 나왔던 투수 이의천이 있다.[65][66]5월 30일 토요일 오후 5시인천 SSG 랜더스필드에서 치러지며, 5월 26일 화요일 오후 2시부터 yes24를 통해 예매가 가능하다.직관 예고 영상 등을 통해 문교원은 인하대 소속으로 출전하는 것이 유력했고 단국대전 시상식에서 사실로 밝혀졌다. 이로써 문교원은 2시즌 연속으로 원 소속팀에서 파이터즈를 상대하는 최초의 선수가 되었다.[67]6월 25일 올라온 예고편의 의하면 이 경기의 부제는The Captain으로 정해졌다. 문교원 캡틴이 이끄는 인하대와 박용택 캡틴이 이끄는 파이터즈의 지휘력 싸움에서 이길 팀은 누구일지를 가를 경기가 될 것으로 보인다.트라이아웃 당시 일일 코치로 참여했던김지수가 이번에도 일일 코치로 합류해 간만에 출연했으며, 시즌 첫 출근만에 김성근 감독의 지시로 라인업을 작성하는 중책을 맡았다.[68]타선은 늘 보던 것과 거의 비슷했지만 선발투수로 신재영을 내세우며 나름의 파격을 선보였다.한편 김지수 코치가 라인업 작성을 마치고 컨펌을 받는 과정에서김광현이 김성근 감독에게 지도를 받는 모습이 짧게 지나갔다.[69]애국가 제창은 러블리즈의Kei가 맡았으며, 유명인 관중으로는 배우경수진[70]이 직관을 갔다.한편 해당 경기가 방송에 나간 다음날 임태윤이 육성선수로SSG 랜더스에 입단한다는 사실이 알려졌다.2.5.1.스코어보드[편집]2026년 불꽃야구2 5경기6월 29일(본방송)인천 SSG 랜더스필드|관중: 명팀선발123456789RHEB인하대학교김강01000200141300불꽃 파이터즈신재영50001000-61108승리:유희관· 세이브:이대은· 패배:김강캐스터:정용검| 해설:김선우양팀 선발 라인업[ 펼치기 · 접기 ]인하대학교타순불꽃 파이터즈포지션선수명선수명포지션지명타자문교원C1정근우2루좌익수강성현2최수현우익수중견수이민준3박용택C지명타자포수박정훈4이대호1루1루김현수5정의윤죄익수2루이유성6정성훈3루우익수박시현7이택근중견수유격수김정환8박재욱포수3루이찬서9김재호유격수투수김강SP신재영투수주요 기록[ 펼치기 · 접기 ]MVP김재호(3타수 2안타 2타점 1볼넷)결승타정의윤(1회말 무사 만루에서 좌안)3루타김정환(9회)2루타강성현(1회),이택근(3회), 문교원(5회), 이민준(6회), 박정훈(6회)도루이찬서(2회, 7회)주루사박재욱(1회), 강성현(3회), 이민준(6회)견제사이유성(6회)병살타전민준(8회)심판김봉희, 박원기, 최형준, 오병민비디오 판독6회초 (파이터즈 요청)김현수 2루에서 태그아웃 관련 세이프·아웃 여부 | 세이프 → 세이프9회초 (파이터즈 요청)이찬서 베터박스 안에서 타구맞음 파울·아웃 여부 | 파울 → 파울슬레이트정근우애국가Kei투수 기록[ 펼치기 · 접기 ]인하대학교투수결과이닝타자투구타수안타홈런사사구삼진실점자책점당일 ERA당일 WHIP김강패1/364302055135.0012.00이의천4 1/32087155043112.082.08고도영김도현불꽃 파이터즈 투수 기록투수결과이닝타자투구타수안타홈런사사구삼진실점자책점당일 ERA당일 WHIP신재영416165002112.251.25유희관승1 2/3826800002210.802.40이대은세3 1/31355130006112.701.20타자 기록[ 펼치기 · 접기 ]인하대학교 타자 기록타순선수포지션1회2회3회4회5회6회7회8회9회1문교원지명타자중비중비좌2삼진2땅결과5타석 5타수 1안타 1 2루타 1삼진2강성현좌익수좌2중전안3땅삼진결과4타석 4타수 2안타 1 2루타 1삼진3이민준중견수삼진삼진우2결과4타석 4타수 1안타 1 2루타 2삼진4박정훈포수유땅유직우2우전안결과4타석 4타수 2안타 1 2루타 1득점5김현수1루수2안유땅3땅결과3타석 3타수 1안타 2득점전민준우익수유병결과1타석 1타수 무안타 1병살6이유성3루수2비2땅1안삼진결과4타석 4타수 1안타 1타점 1삼진7박시현우익수유땅유땅결과2타석 2타수 무안타송지훈대타1루수좌안스낫결과2타석 2타수 1안타 1타점 1삼진8김정환유격수우중안1땅중비좌중3결과4타석 4타수 2안타 1 3루타 1타점 1득점9이찬서3루수우안투땅중안스낫결과4타석 4타수 2안타불꽃 파이터즈 타자 기록타순선수포지션1회2회3회4회5회6회7회8회9회1정근우2루수사구좌안좌비중비안결과5타석 4타수 1안타 1타점 1득점2최수현우익수4구비삼진사구?결과5타석 2타수 1안타 1득점 1볼넷 1삼진3박용택지명타자중안4구???결과5타석 4타수 1안타 1득점 1볼넷4이대호1루수1비??4구?결과5타석 4타수 무안타 1볼넷5정의윤좌익수좌안유땅4구?결과4타석 3타수 1안타 1타점 2득점 1볼넷현빈좌익수결과0타석 0타수 무안타6정성훈3루수중안4구투희번유안결과4타석 2타수 2안타 1타점 1득점 1볼넷임태윤대주자3루수결과0타석 0타수 무안타7이택근중견수2직좌2유땅투희번결과4타석 3타수 1안타 1 2루타8박재욱포수중전안삼진중전안삼진결과4타석 4타수 2안타 1타점 2삼진9김재호유격수좌안4구우중23직결과4타석 3타수 2안타 1 2루타 2타점 1볼넷득점 루트[ 펼치기 · 접기 ]이닝득점 구단득점 루트스코어1회말파이터즈정의윤의 3-유간 안타로 1득점인하대0 :1 파이터즈정성훈의 2-유간 안타로 1득점인하대0 :2 파이터즈박재욱의 중전 안타로 1득점인하대0 :3 파이터즈김재호의 3-유간 안타로 1득점인하대0 :4 파이터즈정근우의 3-유간 안타로 1득점인하대0 :5 파이터즈2회초인하대김정환의 우중간 안타로 1득점인하대 1: 5파이터즈5회말파이터즈김재호의 우중간 안타로 1득점인하대1 :6 파이터즈6회초인하대이유성의 내야 안타로 1득점인하대 2: 6파이터즈송지훈의 3-유간 안타로 1득점인하대 3: 6파이터즈9회초이찬서의 낫아웃 및 폭투로 1득점인하대 4: 6파이터즈촬영일(실제 경기일): 2026년 5월 30일 17:00, 인천 SSG 랜더스필드선수변동 및 부상불참 및 결장: 니퍼트(허리 디스크 수술로 불참)[A], 김문호(햄스트링 부상), 문교원(원소속팀 차출)임대: 김지수(일일 코치), 정훈경기 내용이닝경기내용1회초1.문교원(중비), 2.강성현(3-유간 2루타), 3.이민준(삼진), 4.박정훈(유땅)말1.정근우(사구), 2.최수현(4구), 3.박용택(2-유간 안타), 4.이대호(1비),5.정의윤(3-유간 안타 → 3루 주자 홈인0:1), 6.정성훈(2-유간 안타 → 3루 주자 홈인0:2),투수교체 김강 → 이의천7.이택근(2직), 8.박재욱(중전 안타 → 3루 주자 홈인0:3), 9.김재호(3-유간 안타 → 3루 주자 홈인0:4),1.정근우(3-유간 안타 → 3루 주자 홈인0:5→ 2루 주자 홈에서 태그아웃)2회초5.김현수(내야 안타), 6.이유성(2비), 7.박시현(유땅 → 주자 진루), 8.김정환(우중간 안타 → 2루 주자 홈인1:5),9.이찬서(1-2간 안타), 1.문교원(1루 주자 도루 → 중비)말<방송 편집>[72]2.최수현(뜬공), 3.박용택(), 4.이대호()3회초2.강성현(중전 안타), 3.이민준(삼진), 4.박정훈(유직 → 1루 주자 아웃)말5.정의윤(유땅), 6.정성훈(4구), 7.이택근(좌월 2루타), 8.박재욱(삼진), 9.김재호(4구), 1.정근우(좌비)4회초5.김현수(유땅), 6.이유성(2땅), 7.박시현(유땅)말<방송 편집>2.최수현(삼진), 3.박용택(), 4.이대호()5회초투수교체 신재영 → 유희관8.김정환(1땅, 31), 9.이찬서(투땅), 1.문교원(좌선상 2루타), 2.강성현(3떵)말5.정의윤(4구), 6.정성훈(투희번), 7.이택근(유땅), 8.박재욱(중전 안타),투수교체 이의천 → 고도영9.김재호(우중간 2루타 → 3루 주자 홈인6:1), 1.정근우(중비)6회초3.이민준(우선상 2루타), 4.박정환(우월 2루타), 5.김현수(3땅 → 3루 주자 태그 아웃),6.이유성(2루 주자 견제 → 태그 아웃 관련 비디오 판독: 세이프 원심 유지 → 내야 안타 → 3루 주자 홈인2:6),대타 박시현 → 송지훈7.송지훈(1루 주자 견제사)투수교체 유희관 → 이대은7.송지훈(3-유간 안타 → 3루 주자 홈인3:6) 8.김정환(중비)말<방송 편집>대수비 김현수 → 전민준수비조정 전민준(1루수 → 우익수), 송지훈(우익수 → 1루수)7회초9.이찬서(2-유간 안타), 1.문교원(1루 주자 도루 → 삼진), 2.강성현(삼진), 3.이민준(삼진)말6.정성훈(내야 안타),대주자 정성훈 → 임태윤7.이택근(투희번), 8.박재욱(삼진), 9.김재호(3직)8회초4.박정환(우전 안타), 5.전민준(DP-643), 6.이유성(삼진)말<방송 편집>[73]투수교체 고도영 → 김도형[74]1.정근우(안타), 2.최수현(희생번트)[75], 3.박용택(), 4.이대호()9회초대수비 정의윤 → 현빈7.송지훈(스낫), 8.김정환(좌중간 3루타),9.이찬서(타구 맞음 아웃 관련 비디오 판독:파울 원심유지 → 스낫 → 3루 주 홈인4:6), 1.문교원(2땅)말-경기 총평낡은이들의 주력 저하로 이른바윷놀이야구가 펼쳐지는 가운데, 정성훈과 하위 타선의 박재욱, 김재호가 활약하며 꾸준히 점수를 본택 덕에 일찍부터 승기를 잡았다.이날 안타 수는 오히려 인하대가 앞섰지만, 인하대 투수진이 사사구를 8개나 내준 것이 결정적인 패인이었다. 한편, 인하대 문교원C는 이번 경기 전반적으로 타석에서 아쉬운 모습을 보였으나, 천적 유희관을 상대로 2루타를 뽑아내며 '유희관 킬러'로서의 존재감만큼은 확실하게 각인시켰다.2.6.6R VS배재고(미방영)[편집]인하대 직관이 치러진 5월 30일 공개되었다.상대인 배재고의 출신 인물로이영민[76],김태원현전주기전대학야구부 감독,노찬엽현연천 미라클코치 등이 있고, 현역선수로는김민혁,김한별등이 있으며, 파이터즈 선수였던박찬형도 이 학교 출신이다.6월 7일 고척 스카이돔에서 직관이 치러지며, 6월 2일 예스24를 통해 예매가 가능하다.시즌 2 최초이자 지난 11월 대학리그 올스타전 이후 7개월 만에 SBS Plus를 통해 특집 불꽃야구[77]로 생중계 될 예정으로, 단일 고교팀을 상대하는 경기가 SBS 생중계에 편성된 건 이번이 처음이다.[78]중계진의 경우 기존의 생중계 담당인 한장희-손건영이 아닌 같은 SBS 계열의SBS Sports소속의정우영캐스터와이순철해설위원이 나선다.[79]이 경기에서정훈의 출전이 처음으로 공개되었다. 추가로 주루코치는김지수가 담당했고, 배번은 현역 시절과 동일하게 5번을 부여받았다.[80]같은 SBS Plus의 대표 프로그램나는 솔로의 30기 영수·옥순[81]커플이 직관을 왔다.그런데 6월 29일, 배재고가광주일고와의청룡기 경기 도중 지역비하 및 민주화운동 조롱으로 엄청난 논란을 일으키면서해당 경기가 방송될 수 있을지 불명확해졌다. 하필 배재고 편 본방이 당장 1주일 뒤인 7월 6일 공개 예정인데, 방영을 강행해도 문제겠지만 배재고 편을폐기할 경우 현재까지 촬영한 에피소드가 성남고 편과 휘문고 편 밖에 없어 에피소드 수를 억지로 늘리더라도 4회차 정도밖에 여유분이 없을 것으로 보여 제작진 입장에서는 여러모로 진퇴양난에 빠진 상황일 듯하다. 부싯돌즈 사이에서는 괘씸하다며 공개하지 말라는 여론이 있는가하면, 반대로 대놓고 공개해서 지역비하를 곁들인 조롱 응원에 동조했을 선수들을 박제하라는 여론도 있을 만큼 어떤 의미에서든 부정적인 반응이 앞서고 있다.[82]사태가 불거진 다음날인 6월 30일, 스튜디오 C1 측에서는 사안의 심각성을 충분히 인지하고 있으며 신중한 검토 후 방영 여부를 결정할 것이라는 입장을 전했다.관련기사결국 7월 1일, 스튜디오C1 측이 유튜브 채널 공지를 통해 7월 6일 방송 예정이었던 배재고 편은 방송하지 않기로 했으며 이에 따라 당일은 결방하고, 7월 13일 성남고 편부터 방송을 재개한다고 밝혔다.[83]이로써배재고 편은 끝내 폐기 수순을 밟게 되었다.#같은 날 진행 예정이었던 일 해라 장단장 역시 취소되었다.2.6.1.스코어보드[편집]2026년 불꽃야구2 6경기6월 7일(생방송)미방영 (본방송)[84]고척 스카이돔|관중: 명팀선발123456789RHEB배재고등학교김시후00000301041012불꽃 파이터즈이대은042003010108013승리:이대은· 홀드:신재영· 패배:김시후캐스터:정우영| 해설 :이순철[생중계]양팀 선발 라인업[ 펼치기 · 접기 ]배재고등학교타순불꽃 파이터즈포지션선수명선수명포지션유격수박준혁1정근우2루수중견수전흥민2김재호유격수3루수김유찬3정의윤좌익수우익수고현석4이대호1루수포수임태강5정성훈3루수2루수임종호6박용택C지명타자지명타자신준혁7이택근중견수1루수김보국8박재욱포수좌익수김하랑9최수현우익수투수김시후SP이대은투수주요 기록[ 펼치기 · 접기 ]MVP이택근(4타수 2안타 1볼넷 3타점)[86]결승타박재욱(2회말 1사 만루에서 밀어내기 사구)2루타박재욱(3회), 박준혁(6회),이택근(6회)실책김유찬(3회)도루전흥민 2(4회)병살타박용택(4회), 임태강(8회), 김하랑(9회)폭투송승준(6회)심판김민균, 김봉희, 오병민, 이민관비디오 판독4회초 (파이터즈 요청)전흥민2루에서 태그아웃 관련 세이프·아웃 여부 | 세이프 → 세이프8회초 (파이터즈 요청)임태강타구 페어·파울 관련 여부 | 파울 → 파울슬레이트정근우애국가김태우투수 기록[ 펼치기 · 접기 ]배재고등학교투수결과이닝타자투구타수안타홈런사사구삼진실점자책점당일 ERA당일 WHIP김시후패21354720514418.002.00임서후183442030219.004.00정유찬2 1/31137820303311.571.71고도현1 2/362951001000.000.60김지호2/3310300101113.501.50김태전029110100099.99-이준재1/31811001000.000.00불꽃 파이터즈 투수 기록투수결과이닝타자투구타수안타홈런사사구삼진실점자책점당일 ERA당일 WHIP이대은승51764162013000.000.60송승준0311220103399.99-신재영31239114004113.001.33유희관141642000000.002.00타자 기록[ 펼치기 · 접기 ]배재고등학교 타자 기록타순선수포지션1회2회3회4회5회6회7회8회9회1박준혁유격수삼진삼진좌2중안결과4타석 4타수 2안타 1 2루타 2득점 2삼진2전흥민중견수2땅좌안우안삼진결과4타석 4타수 2안타 1타점 1득점3김유찬3루수2안중비투희번좌중안결과4타석 3타수 2안타4고현석우익수포파중비삼진좌안결과4타석 4타수 안타 1타점 1삼진이재우대주자??결과0타석 0타수 무안타5임태강포수유땅3직우안투병결과4타석 4타수 1안타 1타점 1병살6임종호2루수4구3직중비우비결과4타석 3타수 무안타 1볼넷7신준혁지명타자투병2땅삼진결과3타석 3타수 무안타 1삼진 1병살오준혁대타좌안결과1타석 1타수 1안타이태석대주자결과0타석 0타수 무안타8김보국1루수3땅스낫결과2타석 2타수 무안타 1삼진이주빈대타삼진결과1타석 1타수 무안타 1삼진최윤재대타중전안결과1타석 1타수 1안타오해성대주자결과0타석 0타수 무안타9김하랑좌익수유땅4구2땅2병결과4타석 3타수 무안타 1득점 1볼넷 1병살불꽃 파이터즈 타자 기록타순선수포지션1회2회3회4회5회6회7회8회9회1정근우2루수유땅사구4구결과3타석 1타수 무안타 1타점 1볼넷정훈2루수3루수좌비삼진결과2타석 2타수 무안타 1삼진2김재호유격수3파삼진사구4구중비결과5타석 3타수 1득점 1볼넷 1삼진3정의윤좌익수좌비사구1비우비유땅결과5타석 4타수 무안타 1타점4이대호1루수좌전안유땅4구우안4구결과5타석 3타수 2안타 2득점 2볼넷문교원대주자1루수결과0타석 0타수 무안타5정성훈3루수투희번4구좌비결과3타석 1타수 무안타 1볼넷임태윤3루수좌안투땅결과2타석 2타수 1안타 2득점6박용택지명타자4구좌안1병중희비4구결과5타석 2타수 1안타 1타점 2득점 2볼넷 1병살7이택근중견수4구3땅좌비좌2좌안결과5타석 4타수 2안타 1 2루타 3타점 2득점 1볼넷8박재욱포수사구좌2파3땅결과4타석 3타수 1안타 1 2루타 2타점 1득점박지민대타포수삼진결과1타석 1타수 무안타 1삼진9최수현우익수우안우희비사구땅결과4타석 2타수 1안타 2타점득점 루트[ 펼치기 · 접기 ]이닝득점 구단득점 루트스코어2회말파이터즈박재욱의 밀어내기 사구로 1득점배재고0 :1 파이터즈최수현의 1-2간 안타로 1득점배재고0 :2 파이터즈정근우의 밀어내기 사구로 1득점배재고0 :3 파이터즈정의윤의 밀어내기 사구로 1득점배재고0 :4 파이터즈3회말박재욱의 3-유간 안타로 1득점배재고0 :5 파이터즈최수현의 우익수 희생플라이로 1득점배재고0 :6 파이터즈6회초배재고상대 투수의 폭투로 1득점배재고 1: 6파이터즈전흥민의 1-2간 안타로 1득점배재고 2: 6파이터즈임태강의 1-2간 안타로 1득점배재고 3: 6파이터즈6회말파이터즈박용택의 중견수 희생플라이로 1득점배재고3 :7 파이터즈이택근의 좌월 2루타로 2득점배재고3 :9 파이터즈8회초배재고고현석의 3-유간 안타로 1득점배재고 4: 9파이터즈8회말파이터즈이택근의 3-유간 안타로 1득점배재고4 :10 파이터즈촬영일(실제 경기일): 2026년 6월 7일 14:00, 고척 스카이돔선수변동 및 부상불참 및 결장: 니퍼트(허리 디스크 수술로 불참)[A], 김문호(햄스트링 부상)임대: 김지수(일일 코치), 정훈경기 내용이닝경기내용1회초1.박준혁(삼진), 2.전흥민(2땅), 3.김유찬(내야안타), 4.고현석(포파)말1.정근우(유땅), 2.김재호(3파), 3.정의윤(좌비)2회초5.임태강(유땅), 6.임종호(4구), 7.신준혁(DP-163)말4.이대호(좌전 안타), 5.정성훈(투희번), 6.박용택(4구), 7.이택근(4구), 8.박재욱(사구 → 3루 주자 홈인0:1),9.최수현(1-2간 안타 → 3루 주자 홈인0:2), 1.정근우(사구 → 3루 주자 홈인0:3),2.김재호(삼진), 3.정의윤(사구 → 3루 주자 홈인0:4), 4.이대호(유땅)3회초8.김보국(3땅), 9.김하랑(유땅), 1.박준혁(삼진)말투수교체 김시후 → 임서후5.정성훈(4구), 6.박용택(3-유간 안타), 7.이택근(3루수 송구 실책 → 2루 주자 태그아웃),8.박재욱(2루타 → 3루 주자 홈인0:5),9.최수현(우익수 희생플라이 → 2, 3루 주자 태그업0:6), 1.정근우(4구), 2.김재호(사구), 3.정의윤(1비)4회초대수비 정성훈 → 정훈2.전흥민(3-유간 안타), 3.김유찬(중비),4.고현석( 1루 주자 도루 → 2루 태그아웃 관련 비디오 판독: 세이프 원심유지 → 중비),5.임태강(2루 주자 도루 → 3직)말투수교체 임서후 → 정유찬4.이대호(4구), 5.정성훈(좌비), 6.박용택(DP-33)5회초6.임종호(3직), 7.신준혁(2땅), 8.김보국(스낫)말7.이택근(좌비), 8.박재욱(뜬공), 9.최수현(사구), 1.정훈(좌비)6회초투수교체 이대은 → 송승준대수비 정근우 → 임태윤수비조정 정훈(2루수 →3루수), 임태윤(2루수)9.김하랑(4구), 1.박준혁(좌선상 2루타), 2.전흥민(폭투 → 3루 주자 홈인1:6→ 1-2간 안타 → 3루 주자 홈인2:6),투수교체 송승준 → 신재영3.김유찬(투희번), 4.고현석(삼진), 5.임태강(1-2간 안타 → 2루 주자 홈인3:6), 6.임종호(중비)말2.김재호(4구), 3.정의윤(우비), 4.이대호(1-2간 안타), 5.임태윤(3-유간 안타),투수교체 정유찬 → 고도현6.박용택(중견수 희생플라이 → 3루 주자 태그업3:7),7.이택근(좌월 2루타 → 1, 2루 주자 홈인3:9), 8.박재욱(3땅)7회초7.신준혁(삼진),대타 김보국 → 이주빈8.이주빈(삼진), 9.김하랑(2땅)말9.최수현(땅볼), 1.정훈(삼진), 2.김재호(중비)8회초1.박준혁(2-유간 안타), 2.전흥민(삼진), 3.김유찬(좌중간 안타), 4.고현석(3-유간 안타 → 3루 주자 홈인4:9)대주자 고현석 → 이재우5.임태강(타구 관련 비디오 판독: 파울 원심유지 → DP-156)말투수교체 고도현 → 김지호3.정의윤(유땅), 4.이대호(4구),대주자 이대호 → 문교원5.임태윤(투땅 → 1루 주자 아웃)투수교체 김지호 → 김태전6.박용택(4구), 7.이택근(3-유간 안타 → 2루 주자 홈인4:10)투수교체 김태전 → 이준재대타 박재욱 → 박지민8.박지민(삼진)9회초투수교체 신재영 → 유희관6.임종호(우비),대타 신준혁 → 오준혁7.오준혁(3-유간 안타),대주자 오준혁 → 이태석대타 이주빈 → 최윤재8.최윤재(중전 안타)대주자 최윤재 → 오해성9.김하랑(DP-463)말-경기 총평이 경기에서 4 : 10으로 파이터즈가 승리를 거두며 시즌 전적 5승 1패가 되었다.[88]이날 송승준의 첫 등판이 있었지만 0이닝 3실점을 기록하며속꽉남이 되었고, 그 와중에 배재고편이 결방되면서 투구 내용조차 볼 수 없게 되었다.7월 22일에 MVP 시상식 부분만 별도로 올라왔다. 경기 MVP는 이택근이 선정되었다.2.7.7R VS성남고[편집]배재고 직관이 치러진 6월 7일에 공개되었다.상대인 성남고는 25시즌 상대 팀으로 2025황금사자기 전국고교야구대회우승팀이기도 하다.출신 인물로는차명석현 LG 트윈스 단장, 배우정보석[89],최태원현경희대학교 야구부감독,고영민현 기아 타이거즈 1군 작전·주루코치,박경수현 kt wiz 1군 주루코치,박병호현 키움 히어로즈 잔류군 선임코치 등이 있고, 현역 선수로는노경은,오선진,배정대,배제성,이정용,손동현등이 있다.[90]현 소속선수 중에는이호준현 NC 다이노스 감독의 둘째 아들 이동욱이 3학년에 재학 중이다.[91]6월 9일 화요일 오후 2시에 예스24를 통해 예매가 가능하고, 경기는 6월 13일 오후 5시에인천 SSG 랜더스필드에서 치러진다.7월 9일 올라온 예고에 의하면 이 경기의 부제는ACE match라고 한다. 성남고와 파이터즈의 명품 투수전이 예고되는 가운데[92]과연 두 팀 중 누가 투수진의 자물쇠를 열어젖히느냐에 따라 승부가 갈릴 것으로 보인다.라인업의 경우 정근우가 제외되고 그 자리에 임태윤이 리드오프 2루수로 나서는 큰 변화가 있었고, 신재영이 시즌 2번째 선발 등판을 하게 되었다. 캐스터는 지난 롯데전에 이어 이번에도 한장희 캐스터가 담당했다.애국가는SG워너비의김용준이 불렀다.2.7.1.스코어보드[편집]2026년 불꽃야구2 7경기7월 13일(본방송)인천 SSG 랜더스필드|관중: 명팀선발123456789RHEB성남고등학교김진호0000000000310불꽃 파이터즈신재영00010230-6807승리:신재영· 홀드:이대은· 세이브:오승환· 패배:김진호캐스터: 한장희 | 해설:김선우양팀 선발 라인업[ 펼치기 · 접기 ]성남고등학교타순불꽃 파이터즈포지션선수명선수명포지션2루수정의택1임태윤2루수유격수김건우2최수현우익수좌익수최세환3박용택C지명타자3루수이동욱C4이대호1루수포수김태욱5이택근중견수우익수이승환6정성훈3루수중견수김현우7박재욱포수1루수임지우8정의윤좌익수지명타자김재호9김재호유격수투수김진호SP신재영투수주요 기록[ 펼치기 · 접기 ]MVP신재영(5.2이닝 8K 무실점 ERA 0.79)결승타김재호(5회말 2사 1루에서 2루타)2루타김재호(5회),박재욱(7회)실책이동욱(7회)병살타선수명()심판박원기, 김봉희, 최형준, 김민재비디오 판독8회초 (성남고 요청)서찬빈 1루에서 포스아웃 관련 세이프·아웃 여부 | 아웃 → 아웃슬레이트정근우애국가김용준투수 기록[ 펼치기 · 접기 ]성남고등학교투수결과이닝타자투구타수안타홈런사사구삼진실점자책점당일 ERA당일 WHIP김진호패4 2/31881173017111.930.86봉승현1 2/3741020215.401.20유예준1/3321010000.003.00부건우1/3110000000.000.00강준우02110102299.99-김지민1/34320101127.009.00강우진2/3320012000.001.50불꽃 파이터즈 투수 기록투수결과이닝타자투구타수안타홈런사사구삼진실점자책점당일 ERA당일 WHIP신재영승5 2/320203008000.000.53이대은홀2660001000.000.00오승환세1 1/341540000000.000.00타자 기록[ 펼치기 · 접기 ]성남고등학교 타자 기록타순선수포지션1회2회3회4회5회6회7회8회9회1정의택2루수유땅땅유안1파결과4타석 4타수 1안타2김건우유격수2땅유땅2안1비결과4타석 4타수 1안타3최세환좌익수삼진삼진유땅우비결과3타석 3타수 무안타 2삼진4이동욱3루수삼진삼진2땅결과3타석 3타수 무안타 2삼진5김태욱포수?삼진유땅결과3타석 3타수 무안타 1삼진6이승환우익수?2땅삼진결과3타석 3타수 무안타 1삼진7김현우중견수땅유직2땅결과3타석 3타수 무안타8임지우1루수안삼진결과2타석 2타수 1안타 1삼진최서준1루수2땅결과1타석 1타수 무안타방민석1루수결과0타석 0타수 무안타9김재호지명타자?삼진결과2타석 2타수 무안타 1삼진서찬빈대타2땅결과1타석 1타수 무안타불꽃 파이터즈 타자 기록타순선수포지션1회2회3회4회5회6회7회8회9회1임태윤2루수삼진삼진결과2타석 2타수 무안타 2삼진문교원대타2땅결과1타석 1타수 무안타정훈2루수3땅4구결과2타석 1타수 무안타 1타점 1볼넷2최수현우익수1루수좌비삼진?3파삼진결과5타석 5타수 무안타 2삼진3박용택지명타자우안삼진4구4구결과4타석 2타수 1안타 1득점 2볼넷 1삼진4이대호1루수1파좌전안?중안결과4타석 4타수 2안타 1득점강동우우익수결과0타석 0타수 무안타5이택근중견수삼진3땅사구1비결과4타석 3타수 무안타 1득점6정성훈3루수삼진중비투희번중전안결과4타석 3타수 1안타 1득점 1삼진7박재욱포수삼진4구우중2우전안결과4타석 3타수 2안타 1 2루타 2타점 1득점 1볼넷 1삼진8정의윤좌익수땅유땅사구결과3타석 2타수 무안타 1득점현빈대주자좌익수4구결과1타석 0타수 무안타 1타점 1볼넷9김재호유격수비중2우안삼진결과4타석 4타수 2안타 1 2루타 1타점 1삼진득점 루트[ 펼치기 · 접기 ]이닝득점 구단득점 루트스코어5회말파이터즈김재호의 중전 2루타로 1득점성남고0 :1 파이터즈7회말박재욱의 좌중간 2루타로 1득점성남고0 :2 파이터즈정훈의 3루 땅볼 후 상대 3루수 송구 실책로 1득점성남고0 :3 파이터즈8회말박재욱의 1-2간 안타로 1득점성남고0 :4 파이터즈현빈의 밀어내기 4구로 1득점성남고0 :5 파이터즈정훈의 밀어내기 4구로 1득점성남고0 :6 파이터즈촬영일(실제 경기일): 2026년 6월 13일 17:00, 인천 SSG 랜더스필드선수변동 및 부상불참 및 결장: 니퍼트(허리 디스크 수술로 불참)[A], 김문호(햄스트링 부상)임대: 김지수(일일 코치), 정훈경기 내용이닝경기내용1회초1.정의택(유땅), 2.김건우(2땅), 3.최세환(삼진)말1.임태윤(삼진), 2.최수현(좌비), 3.박용택(1-2간 안타), 4.이대호(1파)2회초<방송편집>4.이동욱(삼진), 5.김태욱(), 6.이승환()말5.이택근(삼진), 6.정성훈(삼진), 7.박재욱(삼진)3회초<방송편집>7.김현우(땅볼), 8.임지우(안타), 9.김재호(), 1.전의택(땅볼)말<방송편집>8.정의윤(땅볼), 9.김재호(뜬공), 1.임태윤(삼진)4회초2.김건우(유땅), 3.최세환(삼진), 4.이동욱(삼진)말2.최수현(삼진), 3.박용택(삼진), 4.이대호(좌전 안타), 4.이택근(3땅)5회초5.김태욱(삼진), 6.이승환(2땅), 8.김현우(유직)말6.정성훈(중비), 7.박재욱(4구), 8.정의윤(유땅 → 1루 주자 아웃), 9.김재호(중전 2루타 → 1루 주자 홈인0:1)투수교체 김지호 → 봉승현대타 임태윤 → 문교원1.문교원(2땅)6회초대수비 문교원 → 정훈8.임지우(삼진), 9.김재호(삼진), 1.정의택(내야안타), 2.김건우(내야안타),투수교체 신재영 → 이대은3.최세환(유땅, 64)말<방송편집>대수비 임지우 → 최서준[94]2.최수현(), 3.박용택(4구), 4.이대호()7회초4.이동욱(2땅), 5.김태욱(유땅), 6.이승환(삼진)말5.이택근(사구), 6.정성훈(투희번), 7.박재욱(우중간 2루타 → 2루 주자 홈인0:2),투수교체 봉승현 → 유예준8.정의윤(사구), 9.김재호(1-2간 안타),대주자 정의윤 → 현빈1.정훈(3땅-2루 주자 포스아웃 → 3루수 송구 실책 → 2루 주자, 타자 추가진루 및 3루 주자 홈인0:3),투수교체 유예준 → 부건우2.최수현(3파)8회초7.김현우(2땅), 8.최서준(2땅),투수교체 이대은 → 오승환대타 김재호 → 서찬빈9.서찬빈(2땅 → 1루 포스아웃 관련 비디오 판독: 아웃 원심유지)말투수교체 부건우 → 강준우대수비 최서준 → 방민석3.박용택(4구), 4.이대호(2-유간 안타),투수교체 강준우 → 김지민5.이택근(1비), 6.정성훈(중전 안타), 7.박재욱(우전 안타 → 3루 주자 홈인0:4), 8.현빈(4구 → 3루 주자 홈인0:5),투수교체 김지민 → 강우진9.김재호(삼진), 1.정훈(4구 → 3루 주자 홈인0:6), 2.최수현(삼진)9회초대수비 이대호 → 강동우수비조정 최수현(우익수 → 1루수), 강동우(우익수)1.정의택(1파), 2.김건우(1비), 3.최세환(우비)말-경기 총평2.8.8R VS휘문고[편집]유신고 직관과 같이 공지되었다.상대인 휘문고는 23시즌 상대팀이자 2025대통령배 전국고교야구대회준우승 팀으로, 캡틴박용택과 해설위원김선우[95], 몬스터즈 시절 소속선수인지석훈현NC 다이노스2군 수비코치의 모교이자[96], MLB에서 활약 중인이정후를 비롯해안우진,박민우,임찬규등 여러 걸출한 선수들을 배출해낸 학교이다.[97]6월 24일 오후 2시 예스24를 통해 예매가 가능하고, 경기는 6월 28일 오후 2시 고척 스카이돔에서 치러진다.또한 이 경기도 특집 불꽃야구로 SBS Plus를 통해 편성이 되는데, 배재고 편과 마찬가지로 정우영X이순철 콤비가 중계에 나선다.흥미롭게도 같은 영상임에도 SBS Plus 공식채널에 올라온 영상 제목에는 '휘문고가 낳은 최고의 스타'라며 박용택을 언급했고[98], SBS Sports 공식채널에는 '이정후의 모교'라며 휘문고와의 경기를 홍보했는데, 아무래도 박용택은 경쟁사인KBS와KBS N SPORTS, 다른 휘문고 출신인 김선우 역시도MBC SPORTS+해설위원으로 활동하고 있다 보니 이정후의 이름을 쓴 것으로 보인다.한편 이번 직관에서 처음으로 '다크불꽃'이란 이름의 새 중계 콘텐츠를 선보일 예정이다. 1시 45분부터 시작되며, 중계진에는 캐스터에 최태규 PD, 해설에 한장희 캐스터가 함께한다. 고척돔 외야석 한 켠에서 중계가 진행될 예정으로, 경기 장면은 따로 제공하지 않으며 풀버전은 휘문고 본방이 나간 후에 공개 예정이다.지난 배재고전과 마찬가지로 같은 방송사 프로그램인 나는 솔로 28기 상철·정숙 부부가 직관을 왔으며, 전 야구선수황재균도 자신의 인스타 스토리에직관 인증샷을 남겼다.11부의 부제는Silence. 이날 박용택의 요청으로 전광판에 ""박용택 씨의 타석입니다. 다들 조용히 해 주세요.""라는 문구가 띄워졌고[99], 맞이한 타석에서 공을 몸에 맞으며 선수단과 관중들의 비웃음거리로 전락하며 망신(?)을 당했다.[100]그러다가 결국 경기 후반부[101]두들겨 맞고 거기에 이후 타석도 연속되는 볼넷 파티에 견디다 못한 박용택이 GG를 치며 제작진에게 다시 응원을 틀어달라고 부탁했다고 한다.2.8.1.스코어보드[편집]2026년 불꽃야구2 8경기6월 28일(생방송)7월 27일, 8월 3일(본방송)고척 스카이돔|관중: 명팀선발123456789RHEB휘문고등학교임호윤00013000041211불꽃 파이터즈유희관01340122-1316010승리:신재영· 홀드:이대은· 패배:임호윤캐스터:정우영| 해설 :이순철[생중계]캐스터:정용검| 해설:김선우[녹화중계]양팀 선발 라인업[ 펼치기 · 접기 ]휘문고등학교타순불꽃 파이터즈포지션선수명선수명포지션2루수김용휘1정근우2루수우익수허진호2최수현우익수포수유제민C3박용택C지명타자지명타자김도훈4이대호1루수유격수김윤규5정성훈3루수1루수서찬빈6정의윤좌익수좌익수서현우7이택근중견수3루수주윤성8박재욱포수중견수이웅찬9김재호유격수투수임호윤SP유희관투수주요 기록[ 펼치기 · 접기 ]MVP신재영(4이닝 9탈삼진 무실점 ERA 0.68, 승리투수)결승타이택근(2회말 2사에서 좌월 홈런)홈런이택근(2회)2루타정근우(3회, 5회), 김도훈(4회),박재욱(4회), 이용찬(5회),정훈(7회),최수현(8회)실책서찬빈(3회)견제사주윤성(3회)주루사최수현(8회)병살타유제민(1회),박용택(5회),정의윤(6회),폭투김정현(6회)심판최형준, 박원기, 오병민, 김봉희비디오 판독4회초 (휘문고 요청)박재욱 2루에서 태그아웃 관련 세이프·아웃 여부 | 세이프 → 세이프슬레이트정근우시구 및 시타자시구-소유[104]/ 시타-문교원애국가황치열투수 기록[ 펼치기 · 접기 ]휘문고등학교투수결과이닝타자투구타수안타홈런사사구삼진실점자책점당일 ERA당일 WHIP임호윤패2 1/31236102120427.711.29이준범2/3726640123340.506.00김민율1/3311050211127.0021.00김정현2 2/31456110030113.380.75변지석1619630002218.003.00김단1622420202218.002.00불꽃 파이터즈 투수 기록투수결과이닝타자투구타수안타홈런사사구삼진실점자책점당일 ERA당일 WHIP유희관3 1/31549146013112.702.10이대은홀2/3617640013340.506.00신재영승41351131009000.000.25오승환141741002000.001.00타자 기록[ 펼치기 · 접기 ]휘문고등학교 타자 기록타순선수포지션1회2회3회4회5회6회7회8회9회1김용휘2루수좌안중비우중안유땅중비결과5타석 5타수 2안타 1타점 1득점2허진호우익수좌익수2안좌안좌안삼진결과4타석 4타수 3안타 2득점 1삼진고우상대타삼진결과1타석 1타수 무안타 1삼진3유제민포수투병삼진좌안삼진결과4타석 4타수 1안타 1타점 2삼진4김도훈지명타자유비좌중2삼진우비결과4타석 4타수 1안타 1 2루타 1타점 1삼진5김윤규유격수삼진4구삼진삼진결과4타석 3타수 무안타 1볼넷 3삼진6서찬빈1루수우비좌중안우중안삼진결과4타석 4타수 2안타 1타점7서현우좌익수삼진삼진삼진결과3타석 3타수 무안타 3삼진홍찬의우익수삼진결과1타석 1타수 무안타 1삼진8주윤성3루수유안3땅3땅결과3타석 3타수 1안타변규헌대타삼진결과1타석 1타수 무안타 1삼진9이웅찬중견수좌비우중2삼진결과3타석 3타수 1안타 1 2루타 1득점 1삼진백영율대타중안결과1타석 1타수 1안타불꽃 파이터즈 타자 기록타순선수포지션1회2회3회4회5회6회7회8회9회1정근우2루수2땅좌2좌안좌2결과4타석 4타수 3안타 2 2루타 1타점 2득점임태윤대주자3루수좌안사구결과2타석 1타수 1안타 1득점강동우대주자우익수결과0타석 0타수 무안타 1득점2최수현우익수2루수좌비1실투희번사구3비우2결과6타석 4타수 1안타 1 2루타 1타점 1득점3박용택지명타자사구4구4구유병결과4타석 1타수 무안타 2득점 2볼넷 1병살문교원대타우안우안결과2타석 2타수 2안타 1타점 1득점4이대호1루수우비삼진4구좌전안1파결과5타석 4타수 1안타 1타점 1볼넷 1삼진5정성훈3루수우비사구우전안결과3타석 2타수 1안타 1타점정훈2루수3루수4구좌2결과2타석 1타수 1안타 1 2루타 2타점 1득점 1볼넷6정의윤좌익수중비좌전안좌안3병유땅결과5타석 5타수 2안타 3타점 1병살7이택근중견수좌홈삼진포파결과3타석 3타수 1안타 1홈런 1타점 1득점 1삼진현빈대타중견수4구사구결과2타석 0타수 무안타 1득점 1볼넷8박재욱포수1비좌2삼진좌안유비결과5타석 5타수 2안타 1 2루타 1타점 1득점 1삼진9김재호유격수3땅투번안유비1직좌비결과5타석 5타수 1안타 1득점득점 루트[ 펼치기 · 접기 ]이닝득점 구단득점 루트스코어2회말파이터즈이택근의 좌월 홈런으로 1득점휘문고0 :1 파이터즈3회말최수현 타석, 상대팀 1루수 포구실책으로 1득점휘문고0 :2 파이터즈정의윤의 좌전 안타로 2득점휘문고0 :4 파이터즈4회초휘문고김도훈의 좌중월 2루타로 1득점휘문고 1: 4파이터즈4회말파이터즈정근우의 3-유간 안타로 1득점휘문고1 :5 파이터즈이대호의 밀어내기 볼넷으로 1득점휘문고1 :6 파이터즈정성훈의 우전 안타로 1득점휘문고1 :7 파이터즈정의윤의 3-유간 안타로 1득점휘문고1 :8 파이터즈5회초휘문고김용휘의 우중간 안타로 1득점휘문고 2: 8파이터즈유제민의 3-유간 안타로 1득점휘문고 3: 8파이터즈서찬빈의 우중간 안타로 1득점휘문고 4: 8파이터즈6회말파이터즈박재욱의 3-유간 안타로 1득점휘문고4 :9 파이터즈정훈의 좌월 2루타로 2득점휘문고4 :11 파이터즈8회말최수현 우선상 2루타으로 1득점휘문고4 :12 파이터즈문교원의 1-2간 안타로 1득점휘문고4 :13 파이터즈촬영일(실제 경기일): 2026년 6월 28일 14:00, 고척 스카이돔선수변동 및 부상불참 및 결장: 니퍼트(허리 디스크 수술로 불참)[A], 김문호(햄스트링 부상)임대: 김지수(일일 코치), 정훈경기 내용이닝경기내용1회초1.김용휘(3-유간 안타), 2.허진호(내야안타), 3.유제민(DP-156), 4.김도훈(유비)말1.정근우(2땅), 2.최수현(좌비), 3.박용택(사구), 4.이대호(우비)2회초5.김윤규(삼진), 7.서찬비(우비), 8.서현우(삼진)말5.정성훈(우비), 6.정의윤(중비), 7.이택근(좌월 홈런0:1), 8.박재욱(1비)3회초8.주윤성(내야안타), 9.이웅탄(좌비), 1.김용휘(중비), 2.허진호(1루 주자 견제사)말9.김재호(3땅), 1.정근우(좌선상 2루타), 2.최수현(1루수 포구실책 → 2루 주자 홈인0:2), 3.박용택(4구)투수교체 임호윤 → 이준범4.이대호(삼진), 5.정성훈(사구), 6.정성훈(좌전 안타 → 2, 3루 주자 홈인0:4), 7.이택근(삼진)4회초2.허진호(3-유간 안타), 3.유제민(삼진), 4.김도훈(좌월 2루타 → 1루 주자 홈인1:4),5.김윤규(4구), 6.서찬빈(좌중간 안타),투수교체 유희관 → 이대은7.서현우(삼진), 8.주윤성(3땅)말8.박재욱(좌선상 2루타), 9.김재호(투번안), 1.정근우(3-유간 안타 → 3루 주자 홈인1:5)투수교체 이준범 → 김민율2.최수현(투희번), 3.박용택(4구), 4.이대호(4구 → 3루 주자 홈인1:6)투수교체 김민율 → 김정현5.정성훈(우전 안타 → 3루 주자 홈인1:7), 6.정의윤(3-유간 안타 → 3루 주자 홈인1:8), 7.이택근(포파)[휘문고전 1부]5회초9.이웅찬(우중월 2루타), 1.김용휘(우중간 안타 → 2루 주자 홈인2:8),2.허진호(3-유간 안타), 3.유제민(3-유간 안타 → 2루 주자 홈인3:8)투수교체 이대은 → 신재영4.김도훈(삼진), 5.김윤규(삼진), 6.서찬빈(우중간 안타 → 2루 주자 홈인4:8), 7.서현우(삼진)말대수비 서현우 → 홍찬의수비조정 허진호(우익수 → 좌익수), 홍찬의(좌익수 → 우익수)9.김재호(유비), 1.정근우(좌월 2루타),대주자 정근우 → 임태윤2.최수현(사구), 3.박용택(DP-63)6회초대수비 정성훈 → 정훈수비조정 임태윤(2루수 → 3루수), 정훈(3루수 → 2루수)8.주윤성(3땅), 9.이웅찬(삼진), 1.김용휘(유땅)말4.이대호(좌전 안타), 5.정훈(4구), 6.정의윤(DP-53),대타 이택근 → 현빈7.현빈(폭투 → 4구), 8.박재욱(3-유간 안타 → 3루 주자 홈인4:9), 9.김재호(1직)7회초2.허진호(삼진), 3.유제민(삼진), 4.김도훈(우비)말투수교체 김정현 → 변지석1.임태윤(3-유간 안타), 2.최수현(3비),대타 박용택 → 문교원3.문교원(1-2간 안타), 4.이대호(1파), 5.정훈(좌월 2루타 → 1, 3루 주자 홈인4:11), 6.정의윤(유땅)8회초5.김윤규(삼진), 6.서찬빈(삼진), 8.주윤성(삼진)말투수교체 변지석 → 김단7.현빈(사구), 8.박재욱(유비), 9.김재호(좌비), 1.임태윤(사구),대주자 임태윤 → 강동우2.최수현(우선상 2루타 → 2루 주자 홈인4:12).3.문교원(1-2간 안타 → 3루 주자 홈인4:13→ 2루 주자 홈에서 태그아웃)9회초투수교체 신재영 → 오승환수비조정 강동우(3루수 → 우익수), 정훈(2루수 → 3루수), 최수현(우익수 → 2루수)대타 주윤성 → 변규현8.변규현(삼진)대타 이용찬 → 백영율9.백영율(2-유간 안타), 1.김용휘(중비)대타 허진호 → 고우상2.고우상(삼진)말-경기 총평2.9.9R VS울산 웨일즈[편집]인하대전 방영 이후 공지되었다.상대인 울산 웨일즈는울산광역시를 기반으로 한 신생 프로 야구단이자 KBO 최초의시민 구단[106]으로, 공지일인 6월 29일 기준 퓨처스 남부리그 1위를 달리고 있다. MLB에서 오랜 기간 활약했으며2027 KBO 신인 드래프트참여가 유력한최지만을 비롯해김동엽,심재민등 KBO 리그 1군에서 한때 이름을 알리던 선수들의 소속팀이기도 하다. 울산의 감독장원진은 최강야구 시절 일일코치로 출연한 경력이 있으며,강동우의 원 소속팀화성 코리요의 초대 감독 출신이기도 하다.7월 12일 고척 스카이돔에서 치러지며, 7월 8일 예스24를 통해 예매가 가능하다.7월 7일 울산 웨일즈의 인스타그램을 통해 울산의출전 엔트리가 공개되었다. 올스타 브레이크 기간인 만큼 거의 전원이 출전하며[107]MLB 출신으로 유명한최지만역시 출전이 확정되었다. 울산 웨일즈는 파이터즈의 역대 상대 팀 중 최초로 외국인 타자를 출전시킨 동시에 최초로 외국인 선수를 2명 이상 출전시킨 팀이 되었다.해당 경기 역시 SBS Plus를 통해 '특집 불꽃야구'로 편성되었는데, 특집(불꽃)야구 사상 최초로 프로팀과의 경기를 생중계로 내보내는 사례가 되었다. 해당 경기의 해설로손건영해설위원이 복귀했으며, 올스타 브레이크 기간에 열린 경기라 그런지 그동안 kt wiz 경기 스케줄과 겹쳐서 출연을 못 했던김주일응원단장도 잠시나마 복귀했다.[108]또한 휘문고전과 마찬가지로 '다크불꽃' 중계를 유튜브 라이브로 진행한다. 중계진은 마찬가지로 캐스터에 최태규 PD, 해설에 한장희 캐스터가 함께하며, 경기 전인 1시 45분부터 시작한다.7월 11일김지수코치의 최종 면접 영상이 공개되었다. 이번 울산 웨일즈 경기에서 승리하면 정식 입단이 확정되며, 장시원 단장이 직접 나와 3루 측으로 가서 포옹을 하고 김지수는 장시원 단장을 들어 올리겠다는 공약을 걸었다.#라인업 작성 과정이 좀 독특했는데, 김성근 감독이쓰다 만 라인업을 김지수 코치에게 전달해 주며 완성하도록 시켰다.[109]그렇게 완성된 라인업 역시 정훈의 첫 선발 출전과 신경헌의 합류 첫 경기만의 선발 출전,우익수 박용택[110]등 여러모로 파격의 연속이었지만 우익수 자리는 박용택이 김성근 감독을 직접 찾아가 설득한 끝에 정훈이 출전하는 것으로 수정되었다.[111]애국가 가창은 유신고전에서 할 예정이었다가 경기 취소로 나오지 못했던하성운이 대신 이날 경기에서 진행했다.2.9.1.스코어보드[편집]2026년 불꽃야구2 9경기7월 12일(생방송)8월 10일, 8월 17일(본방송)고척 스카이돔|관중: 명팀선발123456789RHEB울산 웨일즈고바야시1000010002600불꽃 파이터즈이대은01001130-6904승리:신재영· 패배:이상연캐스터:정우영| 해설 :이순철,손건영[생중계]캐스터:정용검| 해설:김선우[녹화중계]양팀 선발 라인업[ 펼치기 · 접기 ]울산 웨일즈타순불꽃 파이터즈포지션선수명선수명포지션좌익수변상권1정근우2루수1루수이민석2정훈우익수중견수김서원3박용택C지명타자포수홀4이대호1루수지명타자김동엽5정의윤좌익수우익수예진원6박재욱포수3루수노강민7이택근중견수2루수김수인C8신경헌3루수유격수박민석9김재호유격수투수고바야시SP이대은투수주요 기록[ 펼치기 · 접기 ]MVP이대호(4타수 2안타 1홈런 2타점)결승타박재욱(6회 2사 2,3루에서 내야안타)홈런이대호(2회),최지만(6회)2루타박재욱(2회),이택근(5회),박용택(6회)주루사이택근(5회),이대호(7회)병살타정근우(5회)폭투이대은(1회),박성웅(2회),오카다(5회)심판오병민, 박원기, 김봉희, 김현삼비디오 판독7회말 (울산 요청)이대호 3루 태그아웃 관련 세이프·아웃 여부 | 세이프 → 아웃슬레이트정근우애국가하성운[114]투수 기록[ 펼치기 · 접기 ]울산 웨일즈 투수 기록투수결과이닝타자투구타수안타홈런사사구삼진실점자책점당일 ERA당일 WHIP고바야시131330002000.000.00박성웅151152100119.002.00최시혁131630000000.000.00조준혁131230000000.000.00오카다151931020119.001.00이상연패2/3513420101113.504.50김준우2/3415310102227.003.00심재민1/339320001127..006.00서영준1/31211000000.003.00김도규131630001000.000.00불꽃 파이터즈 투수 기록투수결과이닝타자투구타수안타홈런사사구삼진실점자책점당일 ERA당일 WHIP이대은52073205005111.801.00신재영승31038101105113.000.33유희관131030001000.000.00타자 기록[ 펼치기 · 접기 ]울산 웨일즈 타자 기록타순선수포지션1회2회3회4회5회6회7회8회9회1변상권좌익수1땅2땅결과2타석 2타수 무안타민성우포수좌전안결과1타석 1타수 1안타송현준포수삼진결과1타석 1타수 무안타 1삼진박제범포수결과0타석 0타수 무안타2이민석1루수유안중비중비결과3타석 3타수 1안타 1득점김성균대타1루수스낫결과1타석 1타수 무안타 1삼진3김서원중견수투안1안2땅삼진결과4타석 4타수 2안타 1삼진4홀포수좌익수유땅1땅좌비결과3타석 3타수 1타점 무안타배영빈대타삼진결과1타석 1타수 무안타 1삼진5김동엽지명타자삼진삼진결과2타석 2타수 무안타 2삼진최지만대타우홈결과1타석 1타수 1안타 1홈런 1타점 1득점신준우대타투땅결과1타석 1타수 무안타6예진원우익수좌안삼진삼진결과3타석 3타수 2안타 1삼진김시완대타중비결과1타석 1타수 무안타7노강민3루수우비중비결과2타석 2타수 무안타박문순대타2루수3파결과1타석 1타수 무안타8김수인2루수3루수3땅3땅삼진결과3타석 3타수 무안타 1삼진9박민석유격수삼진삼진2땅결과3타석 3타수 무안타 2삼진불꽃 파이터즈 타자 기록타순선수포지션1회2회3회4회5회6회7회8회9회1정근우2루수유땅좌비3병4구결과4타석 3타수 무안타 1득점 1볼넷 1병살2정훈우익수3루수삼진우비결과2타석 2타수 무안타 1삼진임영기3루수4구2땅결과2타석 무안타 1볼넷 1득점3박용택지명타자삼진1직우2결과3타석 3타수 1안타 1 2루타 1삼진정성훈대타2안결과1타석 1타수 1안타 1타점 1득점4이대호1루수좌홈3땅3땅중안결과4타석 4타수 2안타 1홈런 2타점 1득점5정의윤좌익수2비유땅1파중안결과4타석 4타수 1안타 1타점6박재욱포수좌2사구3안3땅결과4타석 3타수 2안타 1 2루타 1타점 1득점7이택근중견수우비좌중2삼진유땅결과4타석 4타수 1안타 1 2루타 1타점 1삼진8신경헌3루수3땅결과1타석 1타수 무안타최수현우익수투땅1땅삼진결과3타석 3타수 무안타 1삼진9김재호유격수3땅4구중안결과3타석 2타수 1안타 1득점 1볼넷득점 루트[ 펼치기 · 접기 ]이닝득점 구단득점 루트스코어1회초울산 웨일즈홀의 유격수 땅볼로 1득점울산 웨일즈 1: 0파이터즈2회말불꽃 파이터즈이대호의 좌월 홈런으로 1득점울산 웨일즈1 :1 파이터즈5회말이택근의 좌중월 2루타로 1득점울산 웨일즈1 :2 파이터즈6회초울산 웨일즈최지만의 우월 홈런으로 1득점울산 웨일즈 2: 2파이터즈6회말불꽃 파이터즈박재욱의 내야안타로 1득점울산 웨일즈2 :3 파이터즈7회말정성훈의 내야안타로 1득점울산 웨일즈2 :4 파이터즈이대호의 2-유간 안타로 1득점울산 웨일즈2 :5 파이터즈정의윤의 2-유간 안타로 1득점울산 웨일즈2 :6 파이터즈촬영일(실제 경기일): 2026년 7월 12일 14:00, 고척 스카이돔선수변동 및 부상불참 및 결장: 니퍼트(허리 디스크 수술)[A], 오승환(개인사정)[116], 김기민(대학리그), 현빈(세계대학야구대회 대표팀 차출)임대: 신경헌(단국대학교 내야수), 임영기(한양대학교 내야수), 정훈, 김지수(일일 코치)경기 내용이닝경기내용1회초1.변상권(1땅, 31), 2.이민석(내야안타), 3.김서원(내야안타), 4.홀(폭투 → 유땅 → 3루 주자 홈인1:0), 5.김동엽(삼진)말1.정근우(유땅), 2.정훈(삼진), 3.박용택(삼진)2회초6.예진원(3-유간 안타), 7.노강민(우비), 8.김수인(3땅 → 주자 진루).9.박민석(삼진)말투수교체 고바야시 → 박성웅1.이대호(좌월 홈런1:1), 5.정의윤(2비), 6.박재욱(좌월 2루타), 7.이택근(우비), 8.신경헌(폭투 → 3땅)3회초1.변상권(2땅), 2.이민석(중비), 3.김서원(내야안타), 4.홀(1땅)말<방송 편집>[117]투수교체 박성웅 → 최시혁9.김재호(3땅), 1.정근우(좌비), 2.정훈(우비)4회초대수비 신경헌 → 최수현수비조정 정훈(우익수 → 3루수), 최수현(3루수 → 우익수)5.김동엽(삼진), 6.예진원(삼진), 8.노강민(중비)말투수교체 최시혁 → 조준혁대수비 변상권 → 민성우수비조정 민성우(좌익수 → 포수), 홀(포수 → 좌익수)3.박용택(1직), 4.이대호(3땅), 5.정의윤(유땅)5회초8. 김수인(3땅), 9.박민석(삼진), 1.민성우(좌전안), 2.이민석(중비)말투수교체 조준혁 → 오카다6.박재욱(사구), 7.이택근(좌중월 2루타 → 1루 주자 홈인1:2),8.최수현(투땅 → 2루 주자 3루에서 태그아웃, 타자는 2루까지 진루). 9.김재호(폭투 → 4구), 1.정근우(DP-543)6회초투수교체 이대은 → 신재영대수비 정훈 → 임영기3.김서원(2땅), 4.홀(좌비),대타 김동엽 → 최지만5.최지만(우월 홈런2:2). 6.예진원(삼진)말투수교체 오카다 → 이상연대수비 민성우 → 송현준2.임영기(4구), 3.박용택(우선상 2루타), 4.이대호(3땅), 5.정의윤(1파), 6.박재욱(내야안타 → 3루 주자 홈인2:3)투수교체 이상연 → 김준우7.이택근(삼진)[울산 웨일즈전 1부]7회초대타 노강민 → 박문순7.박문순(3파), 8.김수인(삼진), 9.박민석(2땅)말수비조정 박문순(3루수 → 2루수), 김수인(2루수 → 3루수)8.최수현(1땅), 9.김재호(좌중간 안타), 1.정근우(4구)투수교체 김준우 → 심재민2.임영기(2땅 → 주자 진루),대타 박용택 → 정성훈3.정성훈(내야안타 → 3루 주자 홈인2:4), 4.이대호(2-유간 안타 → 3루 주자 홈인2:5),투수교체 심재민 → 서영준5.정의윤(2-유간 안타 → 2루 주자 홈인2:6→ 1루 주자 3루에서 태그 아웃)8회초1.송형준(삼진),대타 이민석 → 김성균2.김성균(스낫), 3.김서원(삼진)말<방송편집>투수교체 서영준 → 김도규대수비 송현준 → 박제범6.박재욱(3땅), 7.이택근(유땅), 8.최수현(삼진)9회초투수교체 신재영 → 유희관대타 홀 → 배영빈4.배영빈(삼진)대타 최지만 → 신준우5.신준우(투땅)대타 예진원 → 김시완6.김시완(중비)말-경기 총평울산 웨일즈와의 직관이 결정되면서 일각에서는 각 팀 내에서 유일하게 메이저리그 경험이 있는 타자인 최지만과 이대호의 맞대결을 기대했는데, 두 사람 다 홈런을 하나씩 기록했다.상술했듯이 해당 경기의 결과에 따라 김지수의 정규직 전환 여부가 걸려있었는데, 경기를 승리하면서 정규직 전환이 확정되었다. 경기 종료 후 장 단장이 먼저 그라운드로 들어와 김지수를 안아주고, 김지수도 그 상태에서 장 단장을 들어올리며 공약을 지켰다.2.10.10R VS화성 코리요[편집]성남고전 방영을 앞두고 공지되었다.상대인 화성 코리요는 25 시즌 상대팀이자 화성시를 연고로 하는 독립 야구팀으로, 2026 시즌 독립리그 1위를 기록하고 있다. 전 소속선수김경묵(KIA),박찬형(롯데)의 전 소속팀이자선성권의 현 소속팀, 현 소속선수인강동우와 25시즌 임대선수로 뛰었던 전 한양대 내야수 조우진의 현 소속팀이기도 하다. 강동우의 경우 원 소속팀 차출을 선택했으며 2번 타자로 나서고, 선발투수로는 선성권이 출전한다.7월 19일 고척 스카이돔에서 경기가 진행되었다.울산 웨일즈와의 직관 당시 자체 라이브 방송인 '다크불꽃'에서 다음 직관 때 김지수 코치의 정식 코치 취임식 및SSG 랜더스에 육성선수로 입단하는임태윤의 마지막 인사가 있을 것이라 언급했고, 실제로 14일 공지를 통해 임태윤의 고별전이 이 경기로 확정되었다. 경기 당일 임태윤을 위한 롤링페이퍼를 작성하는 이벤트를 진행했다.김지수 코치는 울산 웨일즈전 승리 공약에 따라 이번 경기부터 정식 수석코치로 활동하게 되며, 7월 17일 쇼츠를 통해 정식 취임이 공개되었다. 경기 전 라커룸에서 사령장을 수여하며 간단한 취임식을 진행했다.7월 14일에는 전 소속선수인선성권의 근황이 오랜만에 전해졌다. 그동안 선성권의 미합류가 단순히 트라이아웃 불합격으로 인한 방출로 알려져 있었으나, 트라이아웃 결과가 나오기 이전이었던 4월 14일에 선성권이 장 단장과의 미팅에서 파이터즈와 화성 코리요에서의 활동을 병행하기 힘들다고 판단해 직접 자진 하차를 요청한 것이 밝혀졌다. 동시에 현 소속팀인 화성 코리요에서 7~8월까지 야구를 해보며 앞으로의 거취를 생각해 보겠다고 했는데, 3달 뒤인 7월 14일 다시 진행된 미팅에서 본인이 생각하기에 이제는 프로에 갈 가능성이 많이 줄어들었다 판단해[118]야구를 그만두고 새로운 도전을 하기로 결정했음을 밝혔다.[119]때마침 이번 경기의 상대가 화성 코리요로 정해지면서 이 경기가 사실상 선성권의 은퇴 경기가 되었다.[120]8월 14일 올라온 예고 영상의 부제는Last Game이다. 선성권의 은퇴 경기와 임태윤의 파이터즈에서의 마지막 경기임을 감안해 지어진 것으로 보인다.#10경기를 맞이해 장 단장이 계약 때 히든 옵션을 걸었던 4명의 선수를 공개했다. 신재영은 한 경기에서 7이닝 1실점을 기록하면 즉시 연봉이 인상되고, 정성훈·문교원은 10경기 타율 3할 달성에 성공하면 연봉이 인상되며 최수현은 10경기 타율 3할에 실패할 경우연봉이 삭감된다. 정성훈의 경우 직전 경기까지 3할 5푼을 기록하고 있어 4타수 1안타만 기록해도 되지만, 최수현은 무려 5타수 5안타 이상을 쳐야 감봉에서 탈출하며[121]문교원은 규정타석조차 채우지 못해 옵션이 무산되었다.한편 이택근의 제안으로 일명 '인게임 인터뷰(In-game Interview)'[122]가 처음으로 도입되었다.???: 택근이 형 MLB 못 가봤잖아요해당 경기에서만 할지 앞으로 계속 이어질지는 불명.애국가는 서은광이 불렀고, 시구와 시타는 각자의 현 소속팀에서 마지막 경기를 치르는 선성권과 임태윤이 했다. 선성권은 과거 몬스터즈 시절 첫 등판 경기였던2023 시즌 독립리그 올스타전 때 관중들을 향해 모자를 벗고 여러 방향으로 첫 인사를 올렸는데, 시간이 흘러 은퇴를 앞둔 경기에서도 관중들에게 같은 방식으로 마지막 인사를 했으며김성근 감독을 향해 큰절을 올린 뒤 시구를 했다.[123]2.10.1.스코어보드[편집]2026년 불꽃야구2 10경기8월 17일, 8월 24일(본방송)고척 스카이돔|관중: 명팀선발123456789RHEB화성 코리요선성권00000000-0803불꽃 파이터즈신재영20006002-1010015승리:신재영· 패배:선성권캐스터:정용검| 해설:김선우양팀 선발 라인업[ 펼치기 · 접기 ]화성 코리요타순불꽃 파이터즈포지션선수명선수명포지션2루수조우진1정근우2루수중견수강동우2최수현우익수유격수목진혁3박용택C지명타자우익수김규대C4이대호1루수지명타자강민5정성훈3루수3루수임동혁6정의윤좌익수1루수최지민7박재욱포수포수강승화8이택근중견수좌익수임상현9김재호유격수투수선성권SP신재영투수주요 기록[ 펼치기 · 접기 ]MVP박재욱(3타수 1안타 1홈런 2타점 AVG 0.412)결승타정의윤(1회말 2사 2,3루에서 2-유간 안타)홈런박재욱(5회)견제사김규대(1회)주루사김규대(4회), 임동혁(4회)병살타정의윤(5회), 목진혁(6회),정근우(7회)폭투선성권(2회),이지훈(5회)심판박원기, 오병민, 최병준, 김봉희슬레이트정근우시구 및 시타자시구-선성권/시타-임태윤애국가서은광[124]투수 기록[ 펼치기 · 접기 ]화성 코리요 투수 기록투수결과이닝타자투구타수안타홈런사사구삼진실점자책점당일 ERA당일 WHIP선성권패2115493021229.002.50김형욱1541010000.002.00박석호1330001000.000.00임정형02000202299.99-이지훈02000201199.99-한석훈17321403327.004.00마찬욱2 2/316114054226.753.38불꽃 파이터즈 투수 기록투수결과이닝타자투구타수안타홈런사사구삼진실점자책점당일 ERA당일 WHIP신재영승519186016000.001.40유희관1331000000.001.00이대은142141002000.001.00최현우1530022000.002.00타자 기록[ 펼치기 · 접기 ]화성 코리요 타자 기록타순선수포지션1회2회3회4회5회6회7회8회9회1조우진2루수2땅좌비2땅결과3타석 3타수 무안타추현빈2루수삼진결과1타석 1타수 무안타 1삼진2강동우중견수좌비삼진좌중안4구결과4타석 3타수 1안타 1볼넷1삼진3목진혁유격수4구삼진유병결과3타석 2타수 무안타 1볼넷 1삼진 1병살히데나리4구결과1타석 0타수 무안타 1볼넷4김규대우익수좌전안3안3땅결과3타석 3타수 2안타정성모우익수삼진결과1타석 1타수 무안타 1삼진5강민지명타자좌비좌안결과2타석 2타수 1안타노승환대타삼진결과1타석 1타수 무안타 1삼진6임동혁3루수유격수좌안우안삼진결과3타석 3타수 2안타 1삼진7최지민1루수삼진좌안결과2타석 2타수 1안타 1삼진박정현대타1루수유안결과1타석 1타수 1안타8강승화포수삼진1파결과2타석 2타수 무안타 1삼진구영준대타포수3땅결과1타석 1타수 무안타9임상현삼진삼진결과2타석 2타수 무안타 2삼진이시맥좌익수3비결과1타석 1타수 무안타불꽃 파이터즈 타자 기록타순선수포지션1회2회3회4회5회6회7회8회9회1정근우2루수중안중안비4구4구2병좌전안결과7타석 5타수 3안타 1타점 1득점 2볼넷 1병살2최수현우익수중비투땅4구우전안4구결과5타석 3타수 1안타 2타점 1득점 2볼넷3박용택지명타자4구중안4구중비결과4타석 2타수 1안타 2득점문교원대타삼진결과1타석 1타수 무안타 1삼진4이대호1루수4구우비4구결과3타석 1타수 무안타 1득점 2볼넷정훈1루수좌안4구결과2타석 1타수 1안타 1볼넷5정성훈3루수3땅중비4구결과3타석 2타수 무안타 1볼넷임영기3루수삼진좌안결과2타석 2타수 1안타 1득점 1볼넷6정의윤좌익수중안4구유병결과3타석 2타수 1안타 1타점 1볼넷 1병살김문호대타좌익수4구4구결과2타석 0타수 무안타 1득점 2볼넷7박재욱포수우비좌비좌홈결과3타석 3타수 1안타 1홈런 2타점 1득점박지민대타포수삼진3땅결과2타석 2타수 무안타 1삼진8이택근중견수삼진중비사구결과3타석 2타수 무안타 1득점 1삼진현빈중견수중비우안결과2타석 2타수 1안타 1타점9김재호유격수중비삼진결과2타석 2타수 무안타 1삼진신경헌대타유격수사구4구삼진결과3타석 1타수 1득점 1볼넷 1삼진득점 루트[ 펼치기 · 접기 ]이닝득점 구단득점 루트스코어1회말파이터즈정성훈 타석, 상대 포수 포일로 1득점화성 코리요0 :1 파이터즈정의윤의 2-유간 안타로 1득점화성 코리요0 :2 파이터즈5회말정성훈 타석, 상대 포수 폭투로 1득점화성 코리요0 :3 파이터즈정의윤의 병살로 1득점화성 코리요0 :4 파이터즈박재욱의 좌월 홈런으로 2득점화성 코리요0 :6 파이터즈최수현의 우전 안타로 2득점화성 코리요0 :8 파이터즈8회말현빈의 1-2간 안타로 1득점화성 코리요0 :9 파이터즈정근우 좌전 안타로 1득점화성 코리요0 :10 파이터즈촬영일(실제 경기일): 2026년 7월 19일 14:00, 고척 스카이돔선수변동 및 부상합류:김지수(정식 코치 부임)불참 및 결장: 니퍼트(허리 디스크 수술로 불참)[A], 김기민(대학야구 일정으로 불참), 강동우(원소속팀 차출)임대: 정훈, 신경헌, 임영기경기 내용이닝경기내용1회초1.조우진(2땅), 2.강동우(좌비), 3.목진혁(4구), 4.김규대(좌전 안타), 5.강민(1루 주자 견제사)말1.정근우(2-유간 안타), 2.최수현(중비), 3.박용택(4구), 4.이대호(4구), 5.정성훈(포일 → 3루 주자 홈인0:1→ 3땅),6.정의윤(2-유간 안타 → 3루 주자 홈인0:2), 7.박재욱(우비)2회초5.강민(좌비), 6.임동혁(3-유간 안타), 7.최지민(삼진), 8.강승화(삼진)말8.이택근(삼진), 9.김재호(중비), 1.정근우(2-유간 안타), 2.최수현(폭투 → 투땅)[화성 코리요전 1부]3회초9.임상현(삼진), 1.조우진(좌비), 2.강동우(삼진)말투수교체 선성권 → 김형욱3.박용택(2-유간 안타), 4.이대호(우비), 5.정상훈(중비), 6.정의윤(4구), 7.박재욱(좌비)4회초3.목진혁(삼진), 4.김규대(내야안타), 5.강민(3-유간 안타),6.임동혁(우선상 안타 → 홈에서 2루 주자 태그아웃 → 타자 2루에서 태그아웃)말<방송편집>투수교체 김형욱 → 박석호8.이택근(중비), 9.김재호(삼진), 1.정근우(뜬공)5회초7.최지민(3-유간 안타), 8.강승화(1파), 9.임상현(삼진), 1.조우진(2땅)말투수교체 박석호 → 임정형대수비 조우진 → 추현빈대수비 임상현 → 이시맥2.최수현(4구), 3.박용택(4구),투수교체 임정현 → 이지훈4.이대호(4구), 5.정상훈(폭투 → 3루 주자 홈인0:3→ 4구),투수교체 이지훈 → 한석훈6.정의윤(DP-643 → 3루 주자 홈인0:4), 8.박재욱(좌월 홈런0:6)대타 김재호 → 신경헌9.신경헌(사구), 1.정근우(4구), 2.최수현(우전 안타 → 2, 3루 주자 홈인0:8), 3.박용택(중비)6회초투수교체 신재영 → 유희관대수비 이대호 → 정훈대수비 이택근 → 현빈대수비 정성훈 → 임영기2.강동우(좌중간 안타), 3.목진혁(DP-643), 4.김규대(3땅)말투수교체 한석훈 → 마찬욱대수비 목진혁 → 히데나리대수비 김규대 → 정성모수비조정 히데나리(유격수 → 3루수), 임동혁(3루수 → 유격수)4.정훈(3-유간 안타), 5.임영기(삼진),대타 정의윤 → 김문호6.김문호(4구)대타 박재욱 → 박지민7.박지민(삼진), 8.현빈(중비)7회초투수교체 유희관 → 이대은대타 강민 → 노승환5.노승환(삼진), 6.임동혁(삼진)대타 최지민 → 박정현7.박정현(내야안타)대타 강승화 → 구영준8.구영준(3땅)말9.신경헌(4구), 1.정근우(DP-463), 2.최수현(4구)대타 박용택 → 문교원3.문교원(삼진)8회초투수교체 이대은 → 최현우9.이시맥(3비), 1.추현빈(삼진), 2.강동우(4구), 3.히데나리(4구), 4.정성모(삼진)말4.정훈(4구), 5.임영기(3-유간 안타), 6.김문호(4구), 7.박지민(3땅 → 3루 주자 홈에서 태그아웃),8.현빈(1-2간 안타 → 3루 주자 홈인0:9), 9.신경헌(삼진),1.정근우(좌전 안타 → 3루 주자 홈인0:10)[콜드게임 종료]9회초-말-경기 총평경기 MVP는 홈런을 친 박재욱이 선정되었다.경기 전 언급된 3할 옵션의 경우 정성훈은 타율 .318로 성공한 반면 최수현은 이날 3타수 1안타에 그쳐 타율 .194로 실패했다. 따라서 최수현은 연봉이 삭감될 예정이었으나, 다음 경기인 동국대전 직관에서 본인의 별명을 딴 수달존이 매진될 경우 장 단장이 마이너스 옵션을 삭제한다는 조건을 걸었고 기존 좌석에서 구역 하나를 더 늘렸음에도 매진에 성공해 마이너스 옵션이 삭제되어 최종적으로 연봉이 동결되었다.화성 코리요의 입장에서는 코칭스태프와 선수가 유독 안 맞는 경기였다. 특히 우익수 김규대의 타구판단과 주루플레이에 대해 실시간 채팅창에서도 말이 나왔을 정도.심지어 투수들의 제구 난조로 인해 사사구도 남발했었는데, 이를 두고 오히려 선발투수로 나왔던 선성권이 제일 잘 던졌다는 말이 나오기도 했다.3.STAGE 2[편집]3.1.11R VS동국대[편집]7월 15일 공지되었다. 상대인 동국대 야구부는 몬스터즈 시절인 23·24시즌 상대팀이자 불꽃야구 체제에서의 첫 직관 경기 상대로, 이번 시즌에도 매치업이 잡히면서 4시즌 연속으로 맞대결을 펼치게 되었다. 상대전적은 2승 3패로, 몬스터즈-파이터즈가 열세를 기록 중인 몇 없는 팀 중 하나다.출신 인물로는 파이터즈에 새롭게 합류한김지수코치와 현 동국대 감독인이건열을 비롯해김성한현 광주CMB야구 해설위원,한대화전한화 이글스감독,김민호현 한화 이글스 1군 타격코치,박철우[126]전두산 베어스타격코치,송진우현 KBO 재능기부위원,이강철현kt wiz감독,가득염현 두산 베어스 1군 불펜코치,박한이현 삼성 라이온즈 1군 타격 보조코치,박정권현SSG 랜더스2군 감독,유한준현 kt wiz 타격코치,송광민현 TJB 야구 해설위원,배영섭현 삼성 라이온즈 잔류군 타격코치 등 한국 야구계에서 활약한 인물들이 다수 포함되어 있다. 현역 선수 중에도고영표(kt),양석환(두산),김호령(KIA),최원준(두산)[127],구본혁(LG),최지훈,정준재[128](이상 SSG) 등 마찬가지로 KBO에서 맹활약 중인 선수들이 다수 포함되어 있다.7월 26일 고척 스카이돔에서 개최되며, 이 경기도 '특집 불꽃야구'로 SBS Plus를 통해 방영되었다. 본진 중계의 경우 김선우 해설이 개인사정으로 불참해 손건영 해설이 대타로 합류했다.동국대의 선발투수 이예학은 2022 시즌에는 덕수고 소속으로, 2023 시즌과 2025 시즌에는 동국대 소속으로 몬스터즈 및 파이터즈를 상대한 적이 있다.8월 27일 올라온 예고편에 따르면 신재영이 무릎 부상으로 인해 김성근 감독으로부터 등판 금지령을 받았다.국민의례에서 전 소속선수였던 이용헌이 군인 신분으로 직관을 나와 경례를 하는 장면이 잡혔다.3.1.1.스코어보드[편집]2026년 불꽃야구2 11경기7월 26일(생방송)8월 31일, 9월 7일(본방송)고척 스카이돔|관중: 명팀선발123456789RHEB동국대학교이예학00000010011210불꽃 파이터즈이대은0012000003518승리:이대은· 홀드:유희관· 세이브:오승환· 패배:예건우캐스터:정우영| 해설 :이순철[생중계]캐스터:정용검| 해설:손건영[130][녹화중계]양팀 선발 라인업[ 펼치기 · 접기 ]동국대학교타순불꽃 파이터즈포지션선수명선수명포지션2루수이정호1정근우2루수우익수이시언2정성훈3루수유격수윤승민3박용택C지명타자중견수김경환C4이대호1루수포수천승민5박재욱포수1루수나해성6정의윤좌익수지명타자김종범7이택근중견수좌익수이재훈8최수현우익수3루수김현수9김재호유격수투수이예학SP이대은투수주요 기록[ 펼치기 · 접기 ]MVP이대은(7이닝 5탈삼진 1실점 ERA 2.59)결승타정성훈(3회말 1사 1, 3루에서 우익수 희생플라이)2루타김종범(9회)실책이대은(3회), 윤승민(4회)도루사이정호(7회)주루사연제휘(9회)병살타정성훈(1회),이택근(2회), 천승민(4회), 김경환(6회),최수현(8회)폭투최태성(3회), 곽민승(5회)심판김봉희, 오병민, 이민관, 김현삼비디오 판독9회초 (동국대 요청)연제휘 홈에서 태그아웃 관련 세이프·아웃 여부 | 아웃 → 아웃슬레이트정근우시구 및 시타자시구-경수진[132]/시타-오승환애국가인순이[133]투수 기록[ 펼치기 · 접기 ]동국대학교투수결과이닝타자투구타수안타홈런사사구삼진실점자책점당일 ERA당일 WHIP이예학1 1/3652010000.002.25예건우패1 1/352520020116.751.50최태성1/3321010000.003.00조승모1651011200.002.00곽한승1 1/3551000000.000.75김범준1/321610010000.003.00김강현1 1/352240010000.000.75서정민1320011000.001.00불꽃 파이터즈 투수 기록투수결과이닝타자투구타수안타홈런사사구삼진실점자책점당일 ERA당일 WHIP이대은승72896289005111.291.29유희관홀141741002000.001.00오승환세141642001000.002.00타자 기록[ 펼치기 · 접기 ]동국대학교 타자 기록타순선수포지션1회2회3회4회5회6회7회8회9회1이정호2루수유땅투실3땅유땅결과4타석 4타수 무안타2이시언우익수삼진유땅중안삼진결과4타석 4타수 1안타 2삼진3윤승민유격수우비중안좌전안삼진결과4타석 4타수 2안타 1삼진4김경환중견수투땅좌안3병중안결과4타석 4타수 2안타 1병살5천승민포수3땅유땅삼진우비결과4타석 4타수 무안타 1삼진6나해성1루수유땅삼진좌안삼진결과4타석 4타수 1안타 1득점 2삼진7김종범지명타자우전안3비좌안우중2결과4타석 4타수 3안타 1 2루타연제휘대주자결과0타석 0타수 무안타8이재훈좌익수삼진3땅삼진결과3타석 3타수 무안타 2삼진김용현대타우비결과1타석 1타수 무안타9김현수3루수2땅중전안우안유안결과4타석 4타수 3안타 1타점불꽃 파이터즈 타자 기록타순선수포지션1회2회3회4회5회6회7회8회9회1정근우2루수4구2땅삼진포파결과4타석 3타수 무안타 1볼넷 1삼진2정성훈3루수3병우희비4구4구결과4타석 1타수 무안타 1타점 2볼넷 1병살3박용택지명타자중안사구결과2타석 1타수 1안타현빈대주자좌익수2땅포땅결과2타석 2타수 무안타4이대호1루수좌비유땅좌안중비결과4타석 4타수 1안타5박재욱포수중비중전안3땅3땅결과4타석 4타수 1안타 1득점6정의윤좌익수좌안유실2땅4구결과4타석 3타수 1안타 1득점 1볼넷신경헌대주자결과0타석 0타수 무안타7이택근중견수유병투땅유땅삼진결과4타석 4타수 무안타 1삼진 1병살8최수현우익수4구2땅3비2병결과4타석 3타수 무안타 1타점 1득점 1볼넷 1병살9김재호유격수4구중안4구결과3타석 1타수 1안타 1타점 2볼넷득점 루트[ 펼치기 · 접기 ]이닝득점 구단득점 루트스코어3회말파이터즈정성훈의 우익수 희생플라이로 1득점동국대0 :1 파이터즈4회말최수현의 2루수 땅볼로 1득점동국대0 :2 파이터즈김재호의 2-유간 안타로 1득점동국대0 :3 파이터즈7회초동국대김현수의 1-2간 안타로 1득점동국대 1: 3파이터즈촬영일(실제 경기일): 2026년 7월 26일 14:00, 고척 스카이돔선수변동 및 부상불참 및 결장: 니퍼트(허리 디스크 수술로 불참),[A]신재영(무릎 부상), 김선우(개인사정)방출: 임태윤(취업[135])경기 내용이닝경기내용1회초1.이정호(유땅), 2.이시언(삼진), 3.윤승민(우비)말1.정근우(4구), 2.정성훈(DP-543), 3.박용택(2-유간 안타), 4.이대호(좌비)2회초4.김경환(투땅.13), 5.천승민(3땅), 4.나해성(유땅)말5.박재욱(중비), 6.정의윤(3-유간 안타),투수교체 이예학 → 예건우7.이택근(DP-643)3회초7.김종범(우전 안타), 8.이재훈(삼진), 9.김현수(2땅 → 주자 진루), 1.이정호(투수 포구 실책), 2.이시언(유땅)말8.최수현(4구), 9.김재호(4구), 1.정근우(2땅 → 1루 주자 아웃, 주자 진루),2.정성훈(우익수 희생플라이 → 1, 3루 주자 태그업0:1),투수교체 예건우 → 최태성3.박용택(폭투 → 사구),대주자 박용택 → 현빈1.이대호(유땅)4회초3. 윤승민(2-유간 안타), 4.김경환(3-유간 안타), 5.천승민(DP-643), 6.나해성(삼진)[동국대전 1부]말5.박재욱(중전 안타),투수교체 최태성 → 조승모6.정의윤(유격수 포구 실책), 7.이택근(투땅 → 주자 진루), 8.최수현(2땅 → 3루 주자 홈인0:2),9.김재호(2-유간 안타 → 3루 주자 홈인0:3), 1.정근우(삼진)5회초7.김종범(3비), 8.이재훈(3땅), 9.김현수(중전 안타), 1.이정호(3땅)말2.정성훈(4구),투수교체 조승모 → 곽민승3.현빈(2땅, 46), 4.이대호(3-유간 안타), 5.박재욱(폭투 → 3땅), 6.정의윤(2땅)6회초2.이시언(2-유간 안타), 3.윤승민(좌전 안타), 3.김경환(DP-53), 5.천승민(삼진)말7.이택근(유땅),투수교체 곽민승 → 김범준8.최수현(3비), 9.김재호(4구),투수교체 김범준 → 김강현1.정근우(포파)7회초6.나해성(3-유간 안타), 7.김종범(3-유간 안타), 8.이재훈(삼진), 9.(1-2간 안타 → 2루 주자 홈인1:3),1.이정호(유땅, 64), 2.이시언(1루 주자 도루사)말2.정성훈(4구), 3.현빈(포땅, 26), 4.이대호(중비), 5.박재욱(3땅, 54)8회초투수교체 이대은 → 유희관2.이시언(삼진), 3.윤승민(삼진), 4.김경환(2-유간 안타), 5.천승민(우비)말투수교체 김강현 → 서정민6.정의윤(4구),대주자 정의윤 → 신경헌7.이택근(삼진), 8.최수현(DP-463)9회초투수교체 유희관 → 오승환수비조정 현빈(지명타자 → 좌익수)6.나해성(삼진), 7.김종범(우중월 2루타),대주자 김종범 → 연제휘대타 이재훈 → 김용현8.김용현(우비), 9.김현수(내야안타 → 2루 주자 홈에서 태그 아웃 → 비디오 판독: 원심 유지)말-경기 총평투수전으로 흘러간 경기는 마치 팽팽한 줄다리기를 하듯 끝까지 긴장감을 놓을 수 없는 흐름이었다. 아쉬운 타선에도 그래도 승리를 지켜낼 수 있었던 건, 견고한 그물망 수비가 든든하게 받쳐준 덕분이었다.다만 아쉬운 점은, 지난 시즌에 비해 주축 선수들의 컨티션이 저조하고 결정적인 순간에 흐름을 바꿔줄 해결사가 눈에 띄지 않는다는 점이었다. 아무래도 프로그램 특성상 선수층의 연령대가 높아 주루 플레이에서 한계(일명 윷놀이야구)가 있을 수밖에 없는데 여기에, 타선까지 침묵하면서 팀의 약점이 더욱 부각되었다.시즌 초반에는 관중들의 열기 속에서 상대 선수들의 실수로 벌어진 작은 틈을 파고들어 승리를 챙기곤 했다. 프로 무대에서 적어도 수년에서 길게는 십수 년을 버텨온 베테랑들이기에 그간은 '경험치'로 커버할 수 있었다. 하지만 이제는 '과연, 이러한 방식으로 시즌 끝까지 계속 통할 수 있는지'에 대해 생각해 봐야 하는 시점에 이르렀다.3.2.12R VS안산 웨이브스[편집]8월 직관의 1번째 경기로, SBS Plus가 특집 불꽃야구 편성을 공지하며 선공개했다.상대인 안산 웨이브스는 안산을 연고로 한 독립구단으로, 2025년 창단해 26시즌부터 독립리그에 참가 중인 신생구단이다. 불꽃야구와 인연이 있는 선수 중에는 시즌 2 트라이아웃에 참여했던 포수 최율기와 내야수 김태윤·김태민이 있다.8월 16일고척 스카이돔에서 직관이 치러졌으며, 해당 경기도 SBS Plus를 통해 '특집 불꽃야구'로 생중계되었다.이번 경기는 협찬사 바스(BAS)에서 상금을 스폰하여 MVP 상금이 200만 원으로 증가했다.라인업의 경우 이택근이 작성했는데[136], 정훈이유격수로 선발 출전했다. 기존 유격수 자원인 김재호와 신경헌이 각자 부상과 대학리그 일정으로 출전이 불가능해지면서 그나마 유틸리티 역할이 되는 정훈이 나서게 된 것.3.2.1.스코어보드[편집]2026년 불꽃야구2 12경기8월 16일(생방송)9월 14일, 9월 21일(본방송)고척 스카이돔|관중: 명팀선발123456789RHEB안산 웨이브스인형진1000100103605불꽃 파이터즈신재영02102200-710214승리:신재영· 패배:인형진캐스터:정우영| 해설:이순철[생중계]캐스터:정용검| 해설:김선우[녹화중계]양팀 선발 라인업[ 펼치기 · 접기 ]안산 웨이브스타순불꽃 파이터즈포지션선수명선수명포지션포수최율기C1정근우2루수유격수진다운2정훈유격수지명타자이정현3박용택C지명타자좌익수위재현4이대호1루수1루수김민호5정성훈3루수3루수장재혁6박재욱포수2루수윤은빈7이택근중견수중견수최현민8정의윤좌익수우익수장현빈9최수현유격수투수인형진SP신재영투수주요 기록[ 펼치기 · 접기 ]MVP박재욱(4타수 4안타 1홈런 2타점 3득점 1볼넷 5출루 AVG 0.452)결승타정근우(1회말 2사 2, 3루에서 3-유간 안타)홈런최현민(5회),박재욱(6회)2루타김민호(4회), 위재현(8회)실책정성훈(1회),정훈(2회)도루이정현(1회), 진다운(3회),견제사진다운(3회)병살타정성훈(1회),이택근(8회) 최율기(9회)심판박원기, 최형준, 김현삼, 김봉희비디오 판독3회초 (안산 웨이브스 요청)진다운 2루에서 태그아웃 관련 세이프·아웃 여부 | 아웃 → 아웃슬레이트정근우애국가유연정[139]투수 기록[ 펼치기 · 접기 ]안산 웨이브스 투수 기록투수결과이닝타자투구타수안타홈런사사구삼진실점자책점당일 ERA당일 WHIP인형진패1731310402218.005.00최민수1 2/3104683023115.402.40황태인21144115002229.002.50장서익0212000200099.99-박희수284271112229.001.00이재성1/331110020000.006.00노태훈1/32610010000.001.50전주원1/331110020000.006.00불꽃 파이터즈 투수 기록투수결과이닝타자투구타수안타홈런사사구삼진실점자책점당일 ERA당일 WHIP신재영승52075173124211.800.80이대은294371025000.001.00유희관151752000119.002.00오승환131220011000.001.00타자 기록[ 펼치기 · 접기 ]안산 웨이브스 타자 기록타순선수포지션1회2회3회4회5회6회7회8회9회1최율기포수우비유땅2비삼진유병결과5타석 5타수 무안타 1삼진 1병살2진다운유격수사구4구투땅삼진결과4타석 2타수 무안타 1득점 1볼넷 1삼진3이정현지명타자3실삼진삼진결과3타석 3타수 무안타 2삼진진다운대타우중안결과1타석 1타수 1안타 1득점4위재현좌익수우희비삼진삼진중2결과4타석 3타수 1안타 1 2루타 2타점 2삼진5김민호1루수삼진우2[인정]좌전안유직결과4타석 4타수  2안타 1 2루타 1삼진6장재혁3루수유땅투땅사구2비결과4타석 3타수 무안타7윤은빈2루수유안2땅투땅2땅결과4타석 4타수 1안타8최현민중견수투땅우홈삼진결과3타석 3타수 1안타 1홈런 1타점 1득점 1삼진김민석대타삼진결과1타석 1타수 무안타 1삼진9장현빈우익수스낫유비결과2타석 2타수 무안타 1삼진최율한대타우익수4구4구결과2타석 0타수 무안타 2볼넷불꽃 파이터즈 타자 기록타순선수포지션1회2회3회4회5회6회7회8회9회1정근우2루수2비좌안투안중안삼진투땅결과6타석 6타수 3안타 3타점 1삼진2정훈유격수4구삼진삼진4구유땅결과5타석 3타수 무안타 2볼넷 1삼진3박용택지명타자4구삼진우안4구4구결과5타석 2타수 1안타 1타점 3볼넷 1삼진4이대호1루수4구3파우비3땅유땅결과5타석 4타수 무안타 1볼넷5정성훈3루수유병좌안삼진4구결과4타석 3타수 1안타 2득점 1볼넷 1삼진 1병살임영기3루수4구결과1타석 0타수 무안타 1볼넷6박재욱포수좌안우안우전안좌홈4구결과5타석 4타수 4안타 1홈런 2타점 3득점 1볼넷7이택근중견수4구사구유비중비유병결과5타석 3타수 무안타 1득점 1볼넷 1병살8정의윤좌익수3땅4구좌안삼진결과4타석 3타수 1안타 1타점 1볼넷 1삼진강동우대타좌익수4구결과1타석 0타수 무안타 1볼넷9최수현우익수삼진1땅2땅1땅결과4타석 4타수 무안타 1득점 1삼진김문호대타우익수4구결과1타석 0타수 무안타 1볼넷득점 루트[ 펼치기 · 접기 ]이닝득점 구단득점 루트스코어1회초안산 웨이브스위재현의 우익수 희생플라이로 1득점안산 웨이브스 1: 0파이터즈2회말파이터즈정근우의 3-유간 안타로 2득점안산 웨이브스1 :2 파이터즈3회말정의윤의 밀어내기 볼넷으로 1득점안산 웨이브스0 :3 파이터즈5회초안산 웨이브스최현민의 우월 홈런으로 1득점안산 웨이브스 2: 3파이터즈5회말파이터즈정근우의 2-유간 안타로 1득점안산 웨이브스2 :4 파이터즈박용택의 밀어내기 볼넷으로 1득점안산 웨이브스2 :5 파이터즈6회말박재욱의 좌월 홈런으로 2득점안산 웨이브스2 :7 파이터즈8회초안산 웨이브스위재현의 중월 2루타로 1득점안산 웨이브스 3: 7파이터즈촬영일(실제 경기일): 2026년 8월 16일 14:00, 고척 스카이돔선수변동 및 부상불참 및 결장: 니퍼트(허리 디스크 수술로 불참)[A], 김재호(부상), 문교원, 현빈, 신경헌(이상 대학리그로 불참)임대: 정훈, 임영기경기 내용이닝경기내용1회초1.최율기(우비), 2.진다운(사구), 3.이정현(3루수 송구 실책),4.위재현(우익수 희생 플라이 → 3루 주자 태그업1:0), 5.김민호(1루 주자 도루 → 삼진)말1.정근우(2비), 2.정훈(4구), 3.박용택(4구), 4.이대호(4구), 5.정성훈(DP-643)2회초6,장재혁(유땅), 7.윤은빈(내야안타 및 유격수 송구 실책), 8.최현민(투땅 → 주자 진루), 9.장현빈(스낫)말6.박재욱(3-유간 안타), 7.이택근(4구),투수교체 인형진 → 최민수8.정의윤(3땅 → 주자 진루), 9.김재호(삼진), 1.정근우(3-유간 안타 → 2, 3루 주자 홈인1:2), 2.정훈(삼진)3회초1.최율기(유땅), 2.진다운(4구), 3.이정현(도루 → 견제사 → 삼진)말3.박용택(삼진), 4.이대호(3파), 5.정성훈(3-유간 안타), 6.박재욱(1-2간 안타),7.이택근(사구), 8.정의윤(4구 → 3루 주자 홈인1:3),투수교체 최민수 → 황태인9.최수현(1땅)4회초<방송 편집>4.위재현(삼진), 5.김민호(인정 2루타), 6.장재혁(투땅 → 주자 진루), 7.윤은빈(2땅)말1.정근우(내야안타), 2.정훈(삼진), 3.박용택(1-2간 안타), 4.이대호(우비), 5.정성훈(삼진)5회초8.최현민(우월 홈런2:3), 9.장현빈(유비), 1.최율기(2비), 2.진다운(투땅)말6.박재욱(우전 안타), 7.이택근(유비), 8.정의윤(3-유간 안타),9.최수현(2땅, 46), 1.정근우(2-유간 안타 → 3루 주자 홈인2:4),투수교체 황태인 → 장서익2.정훈(4구), 3.박용택(4구),투수교체 장서익 → 박희수4.이대호(3땅)6회초투수교체 신재영 → 이대은3.이정현(삼진), 4.위재현(삼진), 5.김민호(좌전 안타), 6.장재혁(사구), 7.최현민(투땅)말5.정성훈(4구), 6.박재욱(좌월 홈런2:7), 7.이택근(중비), 8.정의윤(삼진), 9.최수현(1땅)[안산 웨이브전 1부]7회초8.최현민(삼진),대타 장현빈 → 최율한9.최율한(4구), 1.최율기(삼진), 2.진다운(삼진)말1.정근우(삼진), 2.정훈(유땅),투수교체 박희수 → 이재성3.박용택(4구), 4.이대호(유땅)8회초투수교체 이대은 → 유희관대수비 정성훈 → 임영기대타 이정현 → 전현준3.전현준(우중간 안타), 4.위재현(중월 2루타 → 1루 주자 홈인3:7), 5.김민호(유직), 6.장재혂(3비), 7.윤은빈(2땅)말5.임영기(4구),투수교체 이재성 → 노태훈6.박재욱(4구), 7.이택근(DP-63 → 주자 진루),대타 정의윤 → 강동우투수교체 노태훈 → 전주원8.강동우(4구),대타 최수현 → 김문호9.김문호(4구), 1.정근우(투땅)9회초투수교체 유희관 → 오승환대타 최현민 → 김민석8.김민석(삼진), 9.최율한(4구), 1.최율기(DP-643)말-경기 총평늘어난 포상금 덕에 선수들 의욕이 불타올랐다. 선취점을 내주긴 했지만 정근우와 박재욱이 적시타와 홈런을 치며 점수를 쌓아 승리를 이어갔다.하지만 잔루가 15개로 사이다 같이 시원한 경기는 아니었다. 안타와 사사구를 합치면 25개지만 득점은 7점에 그쳤다. 안타와 타점이 두 선수에게 집중되어 있어 사사구 마저 없었다면 경기의 흐름은 어떻게 흘러갔을지 모른다. 경기가 1-2주에 한 번씩 열려 가격감을 유지하는 데 애를 먹고 있지만 이 문제를 해결하지 못한다면 연승을 이어가기 버거울 것 같다.3.3.13R VS부산과기대[편집]8월 직관의 2번째 경기. 8월 22일사직 야구장에서 펼쳐질 예정이다.상대인 부산과기대는 25시즌 상대팀이자, 몬스터즈 시절까지 통틀어서 사상 최초로 한 시즌에 직관 경기로 두 번 맞붙은 전적이 있는 팀이기도 하다. 또한 올해 전국대학야구선수권대회 우승팀으로,신인 드래프트에서 2라운드 2명을 비롯해 총 4명이 지명받았을 정도로[142]대학야구 내에서 전력이 강한 팀이라는 평을 받는다.대표적인 출신선수로김백산이 있다.9월 21일 방송분은 아시안게임으로 인해 90분 연기된 밤 9시 30분에 공개된다.한편 이날 오명섭 단장의 스케줄 문제인지 울산 웨일즈의김제현응원단장이 대신 나섰다.3.3.1.스코어보드[편집]2026년 불꽃야구2 13경기9월 21일, 9월 28일(본방송)사직 야구장|관중: 명팀선발123456789RHEB부산과학기술대김지훈00020004061401불꽃 파이터즈신재영0200000204827승리:곽병진· 세이브:김서현· 패배:이대은캐스터:정용검| 해설:김선우양팀 선발 라인업[ 펼치기 · 접기 ]부산과학기술대타순불꽃 파이터즈포지션선수명선수명포지션좌익수양우석C1정근우2루수우익수이재용2최수현우익수중견수이지후3박용택C지명타자지명타자박성우4이대호1루수포수황의광5박재욱포수3루수오지성6이택근중견수1루수우지원7정성훈3루수2루수이승준8정의윤좌익수유격수유은종9김재호유격수투수김지훈SP신재영투수주요 기록[ 펼치기 · 접기 ]MVP없음결승타권희재(8회초 무사 2루에서 3-유간 안타)3루타이승준(2회, 4회)2루타이지후(1회),이택근(2회),정성훈(7회), 최성민(8회),이택근(8회), 이지후(9회)실책김재호(4회, 4회)도루양우석(3회), 윤지환(9회)도루사이재용(1회),유은종(8회)주루사권희재(8회)병살타박재욱(3회),폭투곽병진(7회)심판김낙원, 남기헌, 김기완, 황광호비디오 판독3회초 (부산과학기술대학 요청)양우석 2루에서 태그아웃 관련 세이프·아웃 여부 | 아웃 →︎ 세이프5회초 (부산과학기술대학 요청)이재용 1루에서 포스아웃관련 세이프·아웃 여부 | 아웃 →︎ 세이프슬레이트정근우애국가영준[143]투수 기록[ 펼치기 · 접기 ]부산과학기술대 투수 기록투수결과이닝타자투구타수안타홈런사사구삼진실점자책점당일 ERA당일 WHIP김지훈1 1/38620212213.503.00임영주4 1/315132016000.000.69최승혁1/31510001000.000.00곽병진승2134194032229.003.50김서현세1320011000.001.00불꽃 파이터즈 투수 기록투수결과이닝타자투구타수안타홈런사사구삼진실점자책점당일 ERA당일 WHIP신재영41957186016200.001.50이대은패3 1/317541760064410.801.80유희관2/31510001000.000.00송승준151952002000.002.00타자 기록[ 펼치기 · 접기 ]부산과학기술대 타자 기록타순선수포지션1회2회3회4회5회6회7회8회9회1양우석좌익수좌비1안1땅스낫결과4타석 4타수 1안타 1삼진이상묵대타좌익수삼진결과1타석 1타수 무안타 1삼진2이재용우익수중전안삼진우전안좌비결과4타석 4타수 2안타 1삼진이재호대타삼진결과1타석 1타수 무안타 1삼진3이지후중견수중2중비2땅유땅좌2결과5타석 5타수 2안타 2 2루타4박성우지명타자사구삼진삼진결과3타석 2타수 무안타 2삼진최성민대타좌2결과1타석 1타수 1안타 1 2루타윤지환대주자2안결과1타석 1타수 1안타 1득점5황의광포수포파유실3안결과3타석 3타수 1안타권희재포수좌안삼진결과2타석 2타수 1안타 1타점 1삼진6오지성3루수삼진3땅삼진결과3타석 무안타 1득점 2삼진하해성대타투땅결과1타석 1타수 무안타 1득점공지윤3루수중비결과1타석 1타수 무안타7우지원1루수삼진삼진결과2타석 2타수 무안타 2삼진최은학1루수삼진스낫결과2타석 2타수 무안타 1득점8이승준2루수우3좌3중비우안결과4타석 4타수 3안타 2 3루타 2타점 2득점9유은종유격수삼진좌안삼진우중안결과4타석 4타수 2안타 1타점 2삼진불꽃 파이터즈 타자 기록타순선수포지션1회2회3회4회5회6회7회8회9회1정근우2루수좌비좌희비중비고44구결과5타석 2타수 무안타 1타점 2볼넷2최수현우익수4구삼진우비결과3타석 2타수 무안타 1볼넷 1삼진현빈대타우익수삼진결과1타석 1타수 무안타 1삼진강동우우익수삼진결과1타석 1타수 무안타 1삼진3박용택지명타자삼진스낫삼진2안4구결과5타석 4타수 1안타 1득점 1볼넷 3삼진4이대호1루수우비중안2땅좌비3병결과5타석 5타수 1안타 1병살5박재욱포수좌비3병스낫결과3타석 3타수 무안타 1삼진 1병살박지민대타포수삼진결과1타석 1타수 무안타 1삼진6이택근중견수좌중2삼진삼진좌중2결과4타석 4타수 2안타 2 2루타 2득점 2삼진7정성훈3루수4구삼진좌중2결과3타석 2타수 1안타 1 2루타 1득점 1볼넷 1삼진문교원대주자결과0타석 0타수 무안타임영기3루수4구결과1타석 0타수 무안타 1볼넷8정의윤좌익수우안4구포희번중전안결과4타석 2타수 2안타 2타점9김재호유격수좌안3파결과2타석 2타수 1안타 1타점신경헌유격수3땅결과1타석 1타수 무안타정훈유격수1땅결과1타석 1타수 무안타득점 루트[ 펼치기 · 접기 ]이닝득점 구단득점 루트스코어2회말파이터즈김재호의 3-유간 안타로 1득점부산과기대0 :1 파이터즈정근우의 좌익수 희생플라이로 1득점부산과기대0 :2 파이터즈4회초부산과기대이승준의 좌월 3루타 및 유격수 포구 실책으로 2득점부산과기대 2: 2파이터즈8회초권희재의 3-유간 안타로 1득점부산과기대 3: 2파이터즈상대 투수의 폭투로 1득점부산과기대 4: 2파이터즈이승준의 1-2간 안타로 1득점부산과기대 5: 2파이터즈유은종의 우중간 안타로 1득점부산과기대 6: 2파이터즈8회말파이터즈정의윤의 중전 안타로 2득점부산과기대6 :4 파이터즈촬영일(실제 경기일): 2026년 8월 22일 18:30, 사직 야구장선수변동 및 부상불참 및 결장: 니퍼트(허리 디스크 수술로 불참),[A]임대: 정훈, 신경헌, 임영기경기 내용이닝경기내용1회초1.양우석(좌비), 2.이재용(중전 안타), 3.이지후(1루 주자 도루사 → 중월 2루타), 4.박성우(사구), 5.황의광(포파)말1.정근우(좌비), 2.최수현(4구), 3.박용택(삼진), 4.이대호(우비)2회초6.오지성(삼진), 7.우지원(삼진), 8.이승준(우월 3루타), 9.유은종(삼진)말5.박재욱(좌비), 6.이택근(좌중간 2루타), 7.정성훈(4구), 8.정의윤(1-2간 안타),투수교체 김지훈 → 임영주9.김재호(3-유간 안타 → 3루 주자 홈인0:1),1.정근우(좌익수 희생플라이 → 1, 2, 3루 주자 태그업0:2), 2.최수현(삼진)[부산과학기술대전 1부]3회초1.양우석(번트 안타), 2.이재용(1루 주자 도루사 → 비디오 판독: 원심 번복 → 삼진),3.이지후(중비 → 2루 주자 태그업), 4.박성우(삼진)말3.박용택(스낫), 4.이대호(2-유간 안타), 5.박재욱(DP-543)4회초5.황의광(유격수 포구 실책), 6.오지성(3땅, 54), 7.우지원(삼진),8.이승준(좌월 3루타 → 1루 주자 홈인1:2→ 유격수 포구 실책 → 타자 주자 홈인2:2),9.유은종(3-유간 안타), 1.양우석(1땅)말대수비 우지원 → 최은학7.이택근(삼진), 8.정성훈(삼진), 8.정의윤(4구), 9.김재호(3파)5회초투수교체 신재영 → 이대은2.이재용(우전안), 2.이지후(DP-463 → 비디오 판독: 원심 번복),4.박성우(삼진), 5.황의광(내야 안타), 6.오지성(삼진)말1.정근우(중비), 2.최수현(우비), 3.박용택(삼진)6회초대수비 김재호 → 신경헌7.최은학(삼진), 8.이승준(중비), 9.유은종(삼진)말4.이대호(2땅), 5.박재욱(스낫),투수교체 임영주 → 최승혁7.이택근(삼진)7회초1.양우석(스낫), 2.이재용(좌비), 3.이지후(유땅)말투수교체 최승혁 → 곽병진대수비 황의광 → 권희재7.정성훈(좌중월 2루타),대주자 정성훈 → 문교원8.정의윤(포희번), 9.신경헌(3땅), 1.정근우(고의 4구),대타 최수현 → 현빈2.현빈(폭투 → 삼진)8회초대수비 문교원 → 임영기대타 박성우 → 최성민4.최성민(좌월 2루타),대주자 최성민 → 윤지환5.권희재(3-유간 안타 → 2루 주자 홈인3:2),대타 오지성 → 하해성6.하해성(투땅 → 2루 주자 태그아웃 → 타자는 2루까지 진루),대수비 신경헌 → 정훈7.최은학(스낫 및 폭투 → 2루 주자 홈인4:2→ 타자 추가 진루), 8.이승준(1-2간 안타 → 2루 주자 홈인5:2),9.유은종(우중간 안타 → 2루 주자 홈인6:2),투수교체 이대은 → 유희관대타 양우석 → 이상묵1.이상묵(삼진), 2.이재용(1루 주자 도루사)말대수비 하해성 → 공지윤3.박용택(내야 안타), 4.이대호(좌비),대타 박재욱 → 박지민5.박지민(삼진), 6.이택근(좌중월 2루타), 7.임영기(4구), 8.정의윤(중전 안타 → 2, 3루 주자 홈인6:4), 9.정훈(1땅)9회초투수교체 유희관 → 송승준대수비 현빈 → 강동우대타 이재용 → 이재호2.이재호(삼진), 3.이지후(3-유간 2루타), 4.윤지환(내야안타), 5.권희재(삼진), 6.공지윤(1루 주자 도루 → 중비)말1.정근우(4구),투수교체 곽병진 → 김서현2.강동우(삼진), 2.박용택(4구), 4.이대호(DP-543)경기 총평파이터즈가 무너집니다! 이곳 사직에서 파이터즈가 무너집니다!오늘 밤은 파이터즈에게 너무 어둡습니다..시즌 2패째를 당했다.[145]경기 중반까지 2:2로 팽팽하게 가다가 8회에 4실점 빅이닝을 허용했으며, 실점이 발생한 4회와 8회 모두 실책성 플레이로 인해 주지 않아도 될 점수를 내줬기에 더욱 아쉬운 결과가 되었다. 그래도 8회말에 2점을 따라붙었고 9회에는 2볼넷을 얻어내면서 따라갈 발판을 만들었지만 마지막 순간에 이대호의 병살타가 나오면서 다소 허무하게 경기를 내주고 말았다.부산과기대는 선제 실점을 내주고도 끝까지 집중력 있는 모습을 보이며 8회 역전에 성공했다.3.4.14R VS 대학야구 국가대표팀[편집]8월 직관의 3번째 경기.8월 30일고척 스카이돔에서 직관이 치러질 예정이다.상대인 대학야구 국가대표팀의 경우 올해 7월에 열린 세계대학야구 챔피언십에 출전한 국가대표팀으로, 올해 프로에 진출한 선수만 무려 13명이 있는 막강한 전력의 팀이다.[146]파이터즈 선수 중에는 현빈이 해당 대표팀에 선발되어 대회에 나섰으며 8월 26일숏츠 영상에서 본인의 언급을 통해 현빈은 대학 국대팀 소속으로 뛰는 것으로 확인되었다.이 경기도 SBS Plus를 통해 생중계된다.[147]여느 때와 마찬가지로 SBS Plus의 대표 프로그램 나는 솔로 32기 영식·영숙 커플이 직관을 왔다.라인업의 경우 최근 타격감이 가장 좋던 박재욱이 무려 3번 타자까지 올라왔고, 문교원이 시즌 첫 선발 출전을 하게 되었다.여담으로 이날 백만불꽃 이벤트의 일환으로 2명의 부싯돌즈를 초대해 라커룸 투어를 진행했다.3.4.1.스코어보드[편집]2026년 불꽃야구2 14경기8월 30일(생방송)10월 5일, 10월 12일(본방송)고척 스카이돔|관중: 명팀선발123456789RHEB대학야구 국가대표김도윤100360000101427불꽃 파이터즈이대은00011030168115승리:???· 패배:???캐스터:정우영| 해설:이순철·손건영[148][생중계]캐스터:정용검| 해설:김선우[녹화중계]양팀 선발 라인업[ 펼치기 · 접기 ]대학야구 대표팀타순불꽃 파이터즈포지션선수명선수명포지션유격수원상윤1정근우2루수지명타자이민준2박용택지명타자3루수강민우3박재욱포수우익수김종우4이대호1루수중견수김경환5정의윤좌익수1루수유비6정성훈3루수포수김우성7이택근중견수2루수수윤승민8문교원우익수좌익수지승기9김재호유격수투수김도윤SP이대은투수주요 기록[ 펼치기 · 접기 ]MVP없음결승타선수명(내용)홈런문교원(7회)3루타선수명()2루타유비(4회),이택근(4회), 이헌영(5회)실책박재욱(4회),원상윤(5회), 윤승민(5회)도루원상윤(1회),이민준도루사선수명()주루사유비(4회)병살타박용택(1회),박재욱(6회),이택근(7회)폭투이대은(1회, 3회),박세준(5회), 박범구(6회)심판오병민, 박원기, 김봉희, 이민관비디오 판독?회초 (팀명 요청)선수명 내용 여부 | 전판정 →︎ 후판정시구 및 시타자애국가효린투수 기록[ 펼치기 · 접기 ]대학야구 대표팀 투수 기록투수결과이닝타자투구타수안타홈런사사구삼진실점자책점당일 ERA당일 WHIP김도윤2 1/372460012000.000.43정원진1/342110031000.009.00정현우151952000119.002.00정재현1/32610010000.003.00박세준172662010100.003.00박범구1/341810030000.006.00조영우2/321110010000.001.50김다운31666114151불꽃 파이터즈 투수 기록투수결과이닝타자투구타수안타홈런사사구삼진실점자책점당일 ERA당일 WHIP이대은3 1/317154023338.101.50신재영2/3416420001113.503.00송승준04220204499.99-유희관17740012218.004.00김기민161841020000.003.00최현우311101012타자 기록[ 펼치기 · 접기 ]대학야구 대표팀 타자 기록타순선수포지션1회2회3회4회5회6회7회8회9회1원상윤유격수3루수중전안좌비중전안우전안투땅결과2이민준삼진좌비중전안2안좌비결과3강민우3루수삼진우안결과2타석 2타수 1안타 1삼진전수완대타유격수유비중안삼진결과4김종우우익수1안중전안4구우안우비결과5김경환중견수우비중비결과2타석 2타수 무안타현빈대타중견수투안투땅삼진결과6유비1루수2땅좌2결과2타석 2타수 1안타 1 2루타강동혁대타1루수4구4구결과7김우성포수삼진포땅결과2타석 2타수 무안타 1삼진이헌영대타포수좌중2땅결과8윤승민2루수4구사구결과2타석 0타수 무안타 1볼넷김범준대타2루수중비좌안결과9지승기좌익수유땅투땅삼진4구결과불꽃 파이터즈 타자 기록타순선수포지션1회2회3회4회5회6회7회8회9회1정근우2루수4구4구중비우비유땅3땅결과6타석 4타수 무안타 2볼넷2박용택지명타자2병4구우안4구4구유땅결과6타석 3타수 1안타 1득점 3볼넷 1병살3박재욱포수우비좌비3땅투병결과4타석 4타수 무안타 1병살박지민대수비포수좌전안결과1타석 1타수 1안타4이대호1루수중비중안3실결과3타석 3타수 1안타 1득점임영기대수비3루수4구2병결과2타석 1타수 무안타 1득점 1볼넷 1병살5정의윤좌익수유땅1땅결과2타석 2타수 무안타최수현대타좌익수우중안우안4구결과3타석 2타수 2안타 1볼넷6정성훈3루수1루수삼진우비4구4구결과4타석 2타수 무안타 2볼넷 1삼진강동우대타우익수좌비결과1타석 1타수 무안타7이택근중견수삼진좌2유땅유병4구결과5타석 4타수 1안타 1 2루타 1타점 2득점 1볼넷 1삼진 1병살8문교원우익수1루수4구4구사구우홈삼진결과5타석 2타수 1안타 1홈런 2타점 1득점 1볼넷9김재호유격수삼진유땅4구4구결과4타석 2타수 무안타 2볼넷 1삼진신경헌대주자유격수좌중2결과1타석 1타수 1안타 1 2루타 1타점득점 루트[ 펼치기 · 접기 ]이닝득점 구단득점 루트스코어1회초대학야구 국가대표김종우의 내야 안타로 1득점대학야구 국가대표 1: 0파이터즈4회초원상윤의 중전 안타로 2득점대학야구 국가대표 3: 0파이터즈이민준의 중전 안타로 1득점대학야구 국가대표 4: 0파이터즈4회말파이터즈이택근의 좌월 2루타로 1득점대학야구 국가대표4 :1 파이터즈5회초대학야구 국가대표이헌영의 좌중간 안타로 3득점대학야구 국가대표 7: 1파이터즈원상윤의 우전 안타로 1득점대학야구 국가대표 8: 1파이터즈전수완의 2-유간 안타로 1득점대학야구 국가대표 9: 1파이터즈김종우의 1-2간 안타로 1득점대학야구 국가대표 10: 1파이터즈5회말파이터즈이대호 타석, 상대팀 3루수 및 2루수 송구 실책으로 1득점대학야구 국가대표10 :2 파이터즈7회말이택근의 병살타로 1득점대학야구 국가대표10 :3 파이터즈문교원의 우월 홈런으로 2득점대학야구 국가대표10 :5 파이터즈촬영일(실제 경기일): 2026년 8월 30일 14:00, 고척 스카이돔선수변동 및 부상불참 및 결장: 니퍼트(허리 디스크 수술로 불참),[A]현빈(대학야구 대표팀 차출)임대: 정훈, 신경헌, 임영기경기 내용이닝경기내용1회초말2회초말3회초말4회초말5회초말6회초말7회초말8회초말9회초말경기 총평3.5.15R VS부산고[편집]9월 직관의 첫 번째 경기로 휘문고 1부가 방영된 직후 공지되었다.경기일은 9월 12일로, 사직 야구장에서 경기가 치러진다.[152]이 경기가 이번 시즌 마지막으로 치러지는 사직 직관 경기라고 한다.상대인 부산고는 22·23·25시즌 상대 팀으로 소속선수정근우·정의윤의 모교이자2027 KBO 신인 드래프트의 최대어로 꼽히는하현승의 소속팀이기도 하다. 예고편에서의 언급을 보아 하현승의 출전이 유력해 보였으나[153]경기가 한 차례 연기되었고, 하필 재조정된 일정이 하현승의 청소년 국가대표팀 차출 시기과 겹치게 되면서 결국 출전이 불발되었다.또한 이 경기도 SBS Plus를 통해 생중계가 예정되어 있는데, 정상적으로 진행된다면 사직구장은 고척돔과 파이터즈 파크에 이어 역대 3번째로 특집 불꽃야구 경기를 치르는 구장이 된다.[154]생중계의 경우 정우영 캐스터가2026 아이치·나고야 아시안 게임중계 일정으로 불참하면서 대타로윤성호캐스터가 합류해 이순철·손건영 해설위원과 호흡을 맞추게 되었다.시구자로NCT의텐, 애국가 제창에라포엠이 예정되어 있다.#3.5.1.스코어보드[편집]2026년 불꽃야구2 15경기9월 12일(생방송)10월 12일, 10월 19일(본방송)사직 야구장|관중: 명팀선발123456789RHEB부산고선수명0000000000000불꽃 파이터즈선수명0000000000000승리:???· 패배:???캐스터:윤성호| 해설:이순철·손건영[생중계]캐스터:정용검| 해설:김선우[녹화중계]양팀 선발 라인업[ 펼치기 · 접기 ]부산고타순불꽃 파이터즈포지션선수명선수명포지션수1선수명수2선수명수3선수명수4선수명수5선수명수6선수명수7선수명수8선수명수9선수명투수SP선수명투수주요 기록[ 펼치기 · 접기 ]MVP없음결승타선수명(내용)홈런선수명(내용)3루타선수명(내용)2루타선수명(내용)실책선수명(내용)도루선수명(내용)도루사선수명(내용)주루사선수명(내용)병살타선수명(내용)폭투선수명(내용)심판심판명, 심판명, 심판명, 심판명비디오 판독?회초 (팀명 요청)선수명 내용 여부 | 전판정 →︎ 후판정시구 및 시타자애국가투수 기록[ 펼치기 · 접기 ]부산고 투수 기록투수결과이닝타자투구타수안타홈런사사구삼진실점자책점당일 ERA당일 WHIP선수명불꽃 파이터즈 투수 기록투수결과이닝타자투구타수안타홈런사사구삼진실점자책점당일 ERA당일 WHIP이대은타자 기록[ 펼치기 · 접기 ]부산고 타자 기록타순선수포지션1회2회3회4회5회6회7회8회9회1결과2결과3결과4결과5결과6결과7결과8결과9결과불꽃 파이터즈 타자 기록타순선수포지션1회2회3회4회5회6회7회8회9회1결과2결과3결과4결과5결과6결과7결과8결과9결과득점 루트[ 펼치기 · 접기 ]이닝득점 구단득점 루트스코어?회초부산고선수명의 으로 득점부산고 1: 0파이터즈?회말파이터즈선수명의 으로 득점부산고0 :1 파이터즈촬영일(실제 경기일): 2026년 9월 12일 17:00, 사직 야구장선수변동 및 부상불참 및 결장: 니퍼트(허리 디스크 수술로 불참),[A]임대: 정훈, 신경헌, 임영기경기 내용이닝경기내용1회초말2회초말3회초말4회초말5회초말6회초말7회초말8회초말9회초말경기 총평3.6.16R마산용마고[편집]8월 13일 일 해라 장 단장을 통해 깜짝 공지되었다.경기는 10월 4일 고척 스카이돔에서 치러질 예정이다. 원래는 9월 5일창원NC파크에서 경기가 예정되어 있었으나[158][159]9월 1일 경기가 갑작스럽게 취소되었고, 이후 일정이 재조정되었다.[160][161]상대 팀은 마산용마고 야구부로, 2026봉황대기 전국고교야구대회준우승팀이자 23·25시즌 상대 팀[162]이다. 파이터즈 소속선수정훈과 몬스터즈 시절 선수장원삼의 모교로, 정훈이 과연 모교와의 경기에 나설 수 있을지가 관건이 될 전망이다.한편 임영기가 LG 트윈스에 육성선수로 입단하게 되면서 이번 경기가 마지막이 될 것으로 보인다.현빈이 키움 히어로즈에 육성선수로 입단하면서 마지막 경기가 되었다.링크시구에 배우박성웅, 애국가에 가수김종서로 사전 예고되었다.#3.6.1.스코어보드[편집]2026년 불꽃야구2 15경기10월 26일(본방송)고척 스카이돔|관중: 명팀선발123456789RHEB마산용마고선수명0000000000000불꽃 파이터즈선수명0000000000000승리:???· 패배:???캐스터:정용검| 해설:김선우양팀 선발 라인업[ 펼치기 · 접기 ]마산용마고타순불꽃 파이터즈포지션선수명선수명포지션수1선수명수2선수명수3선수명수4선수명수5선수명수6선수명수7선수명수8선수명수9선수명투수SP선수명투수주요 기록[ 펼치기 · 접기 ]MVP없음결승타선수명(내용)홈런선수명(내용)3루타선수명(내용)2루타선수명(내용)실책선수명(내용)도루선수명(내용)도루사선수명(내용)주루사선수명(내용)병살타선수명(내용)폭투선수명(내용)심판심판명, 심판명, 심판명, 심판명비디오 판독?회초 (팀명 요청)선수명 내용 여부 | 전판정 →︎ 후판정시구 및 시타자시구-박성웅애국가김종서투수 기록[ 펼치기 · 접기 ]마산용마고 투수 기록투수결과이닝타자투구타수안타홈런사사구삼진실점자책점당일 ERA당일 WHIP선수명불꽃 파이터즈 투수 기록투수결과이닝타자투구타수안타홈런사사구삼진실점자책점당일 ERA당일 WHIP이대은타자 기록[ 펼치기 · 접기 ]마산용마고 타자 기록타순선수포지션1회2회3회4회5회6회7회8회9회1결과2결과3결과4결과5결과6결과7결과8결과9결과불꽃 파이터즈 타자 기록타순선수포지션1회2회3회4회5회6회7회8회9회1결과2결과3결과4결과5결과6결과7결과8결과9결과득점 루트[ 펼치기 · 접기 ]이닝득점 구단득점 루트스코어?회초마산용마고선수명의 으로 득점마산용마고 1: 0파이터즈?회말파이터즈선수명의 으로 득점마산용마고0 :1 파이터즈촬영일(실제 경기일): 2026년 10월 4일 14:00, 고척 스카이돔선수변동 및 부상불참 및 결장: 니퍼트(허리 디스크 수술로 불참),[A]임대: 정훈, 신경헌, 임영기경기 내용이닝경기내용1회초말2회초말3회초말4회초말5회초말6회초말7회초말8회초말9회초말경기 총평3.7.17R군산상일고[편집]10월 11일 고척에서 진행될 예정이고 SBS PLUS 생중계도 있을 예정이다.상대인 군산상일고는 23시즌 상대팀으로, 출신 선수로는 본교 감독인석수철감독을 비롯해김성한현 광주 CMB 야구 해설위원,이건열현 동국대 감독,신경현현 경남대 감독,정대현전 삼성 라이온즈 2군 감독,이진영현 두산 베어스 1·2군 총괄 타격코치,문규현현 롯데 자이언츠 1군 수비코치 등 전 현직 KBO 지도자들을 비롯해원종현(키움),박종훈(SSG),이준영·김호령(KIA) 등 KBO에서 활약중인 선수들이 다수 포함되어 있으며, 몬스터즈 시절 선수강민구와 파이터즈의 전 소속선수김민범(SSG)의 모교이기도 하다.3.7.1.스코어보드[편집]2026년 불꽃야구2 16경기10월 11일(생방송)??월 ??일(본방송)고척 스카이돔|관중: 명팀선발123456789RHEB군산상일고선수명0000000000000불꽃 파이터즈선수명0000000000000승리:???· 패배:???캐스터:정우영| 해설:이순철·손건영[생중계]캐스터:정용검| 해설:김선우[녹화중계]양팀 선발 라인업[ 펼치기 · 접기 ]군산상일고타순불꽃 파이터즈포지션선수명선수명포지션수1선수명수2선수명수3선수명수4선수명수5선수명수6선수명수7선수명수8선수명수9선수명투수SP선수명투수주요 기록[ 펼치기 · 접기 ]MVP없음결승타선수명(내용)홈런선수명(내용)3루타선수명(내용)2루타선수명(내용)실책선수명(내용)도루선수명(내용)도루사선수명(내용)주루사선수명(내용)병살타선수명(내용)폭투선수명(내용)심판심판명, 심판명, 심판명, 심판명비디오 판독?회초 (팀명 요청)선수명 내용 여부 | 전판정 →︎ 후판정시구 및 시타자애국가투수 기록[ 펼치기 · 접기 ]군산상일고 투수 기록투수결과이닝타자투구타수안타홈런사사구삼진실점자책점당일 ERA당일 WHIP선수명불꽃 파이터즈 투수 기록투수결과이닝타자투구타수안타홈런사사구삼진실점자책점당일 ERA당일 WHIP이대은타자 기록[ 펼치기 · 접기 ]군산상일고 타자 기록타순선수포지션1회2회3회4회5회6회7회8회9회1결과2결과3결과4결과5결과6결과7결과8결과9결과불꽃 파이터즈 타자 기록타순선수포지션1회2회3회4회5회6회7회8회9회1결과2결과3결과4결과5결과6결과7결과8결과9결과득점 루트[ 펼치기 · 접기 ]이닝득점 구단득점 루트스코어?회초군산상일고선수명의 으로 득점군산상일고 1: 0파이터즈?회말파이터즈선수명의 으로 득점군산상일고0 :1 파이터즈촬영일(실제 경기일): 2026년 10월 11일 14:00, 고척 스카이돔선수변동 및 부상불참 및 결장: 현빈(취업[166])임대: 정훈, 신경헌, 임영기경기 내용이닝경기내용1회초말2회초말3회초말4회초말5회초말6회초말7회초말8회초말9회초말경기 총평3.8.18번째 경기[편집]11일 경기 이후로 경기가 있다고 한다.3.9.19번째 경기[편집]10월 1일 일해라 장 단장에서 올해 경기가 20경기라고 나왔다.3.10.20번째 경기 (최종전)[편집]4.취소 경기[편집]4.1.VS유신고[편집]성남고 직관이 치러진 6월 13일 공개되었다.상대인 유신고는 25시즌 상대 팀으로, 2025황금사자기준우승팀이자, 2025봉황대기 전국고교야구대회우승팀이다.출신 선수로는박정현(전 태평양),유한준(kt wiz 1군 타격코치) 등이 있고, 현역 중에는최정(SSG)·최항(롯데) 형제,정수빈(두산),김민(SSG),소형준(KT),조대현(KT),김주원(NC),박정현(한화)·박영현(KT) 형제,박준우(롯데),오재원(한화),이강민(KT),신재인(NC) 등이 있으며[167], 현 소속 선수 중에는 박정현·박영현 형제의 막내동생 박지현과 파이터즈의김주일응원단장[168]의 아들 김하진이 2학년에[169],이숭용현 SSG 랜더스 감독의 둘째 아들 이서빈이 1학년에 재학 중이다.6월 16일 오후 2시 예스24를 통해 예매가 가능하고 경기는 6월 20일 오후 5시 인천 SSG 랜더스필드에서 치러진다.그러나 6월 18일 C1 측에서 경기 당일 우천 예보로 인한 경기 취소를 공지했다. 추후 재편성될 지는 미정. 이날하성운의 애국가 제창이 예고되어 있었으나 마찬가지로 취소되었다.녹화가 정상적으로 진행됐다면 7월 20일 방영 예정이었으나, 잔여 녹화분이 부족했는지 휘문고전을 앞당겨 방영하지 않고 또다시 결방을 공지했다. 올해만 벌써 3번째 결방이다.[1]이전 시즌들의 목표 승수를 계산해 보면 31경기를 치른 2023 시즌은 22승, 그 외 시즌은 21승을 올려야 했다. 승수 자체가 줄어서인지 선수단은 이전에 비해 한결 편해졌다는 반응을 보였으나 실제로는 경기를 얼마나 치르냐에 따라 목표 달성 난이도가 달라지는데, 극단적으로 최소 경기인 20경기만 치를 경우 목표 승률이0.750으로 오히려 이전보다 더 높아진다. 다만 최다 경기인 25전까지 치른다면 목표 승률은 오히려0.600으로 낮아지기 때문에 최다 경기까지 치른다면 더 편한 건 맞다.[2]삭감액과 베네핏은 현재 박용택과 장시원 두 사람만 알고 있으며, 시즌 후 공개하기로 했다.[3]직관 당일 올라온 이대호의 인스타그램 게시물에 이번 직관으로 불꽃 파이터즈 시즌이 시작된다고 언급했다.[4]25시즌 종료 후화성 코리요로 이적했으며, 이후중국야구 도시리그소속상하이 드래곤스로 프로에 진출했다.[5]제작진도 숨길 생각이 없는지 투표용지를 죄다 일부만 가려놨는데, 한 표도 빠짐없이 맨 앞글자에 '박'이 써있다. 그 와중에 박용택도 본인에게 투표한 건 덤. 애초에 파이터즈 선수들 중 박씨가 박용택과 박재욱, 박지민 밖에 없고, 이 중 주장을 노려볼 만한 선수는 박용택뿐이다. 미라클전 임시 주장을 최고령자인 박용택이 맡게 되었는데 이대로 정식 주장까지 하게 될 것으로 보인다. 결과 공개 전에 업로드된인하대전 직관경기 쇼츠에서도 대놓고 캡틴이라고 언급하기도 했다.[6]한편 선거와 동시에 프로필 촬영을 진행했다.[7]본래 가족들과 함께태안군으로 휴가 계획을 잡아놨으나, 김성근 감독의 지속적인 부탁으로 휴가를 취소하고 경기에 오게 되었다고 하소연했다. 승낙 소식을 들은 김성근 감독의 대답도 일품인데,""상큐 상큐 상큐""세 마디만 남겼다고.[8]정확히는 펑고의 공이 깎아친 것은 맞으나 의도적으로 빗겨친 건지는 방송상으로는 확인이 안 된다. 다만 일반적인 루트와 비교할 때 빗겨맞은 것은 확실하다.[9]유희관과송승준의 표현으로는 '시네루(당구에서 공이 회전하기 전 틀어치는 기술) 타법'이라고 한다. 이에 맛세이 가능이라는 자막이 올라오는 것은 덤. 실제로 외야 펑고를 받던 이택근과 박용택이 연신 ""코치님 진짜!""를 외쳐댔을 정도.[10]정성훈의 말에 따르면 최근 김성근 감독이오타니 쇼헤이의 야구에 빠져서 상위 타선에 힘을 싣는 것 같다고 분석했다.[11]정성훈을 정수현으로, 이택근을 이택훈으로 불렀다. 김성근 감독이 잘못 쓴 것을 박정환 코치가 쓰여있던 그대로 읽은 것이라 박정환이 실수한 건 아니다.[12]편집 일정으로 한 주 미뤄졌다. 장 단장과 최PD가 5월 25일 '일해라 장 단장'에서 직접 밝힌 바에 의하면 삽입된 음원의 저작권 문제가 생겨서 저작권자의 승인을 기다리고 있다고 한다.[13]훗날 상대팀 중 하나였던배재고등학교 야구부의 지역 비하 논란이 터지면서, 부싯돌즈 사이에서는 이 결방이 뜻하지 않게 신의 한 수가 되었다는 의견이 있는데, 만약 연천 미라클전 후반부가 결방 없이 정상 공개가 되었다면 사태가 터진 6월 29일이 배재고전 공개일이었기 때문. 해당 결방으로 모든 회차 공개가 한 주씩 미뤄지면서 영상 공개 날짜도 한 주 미뤄짐에 따라 제작진 측에서 본의 아니게 대책마련을 할 수 있는 시간이 주어진 셈이다. 결국 사태 이틀 후인 7월 1일 스튜디오 C1 측에서 결방을 공지하면서 배재고 편은로스트 미디어화 되었다.[14]전포지션을 트라이아웃을 진행하여 선수단을 꾸렸기에 방출과 영입을 따로 표시하진 않는다. 작년(2025)시즌과 선수단이 달리진 점은 임대선수였던 독립리그 연천 미라클 임태윤 선수가 정식 선수로 합류했다. 선성권 선수는 아쉽게도 이번 시즌에 함께하지 못하게 됐다. 새로 들어온 선수는 김기민(청운대 투수), 최현우(동의과학대 투수), 박지민(사이버한국외대 포수), 현빈(대덕대 외야수)가 들어와 젊은 피를 수혈해 줬다.[A]15.115.215.315.415.515.615.715.815.915.1015.1115.1215.1315.1415.1515.16허리 디스크 수술로 인한 재활로 인해 장기적으로 불참.[16]1K 포함 삼자범퇴[17]4화 앞부분 지난 줄거리 영사에서 3K 장면을 보면 알 수 있다.[18]정확한 교체시기는 언급이 되지 않았으나, 이대호의 타석에서는 이미 교체되었다.[19]자막과 점수 스코어를 보면 B1, K2로 이닝이 마무리되었다.[20]연천 미라클전 MVP영상을 보면, 박용택이 5타수 2안타인 걸로 삼자범퇴 이닝이 아님을 알 수 있다. 또한, 9회초 유희관 구속을 보여주는 장면을 보면 안타 수가 7개로 하나 늘은 것과 투수과 교체된 것을 확인할 수 있다.[21]4화 롯데전에서 해설진 말에 따르면 안타를 기록했다고 언급이 나온다.[22]포수가 공을 잡자마자 2루로 송구했으나, 공이 빠지며 도루를 허용했다.[23]만장일치를 깨뜨린 주인공은 유희관으로, 재산상으로 부담이 없는 점을 이유로 이대호에게 투표했다.[24]몬스터즈 시절 선수정현수의 현 소속팀이다.[25]다만 박찬형은 현재 오른손 골절로 수술을 받아 전반기 내내 재활에 집중해야 하는 상황이라 출전이 불가능하고, 정현수는 4월 15일 엔트리 정리 차원에서 2군에 내려왔다가 4월 29일 1군에 복귀하면서 2번째 맞대결은 성사되지 않았다.[26]삼성 라이온즈의 창단 멤버로, 김성근 감독이 1991년부터 1992년까지 삼성 감독으로 부임하게 되면서 인연을 맺었으며, 김성근 감독이 2000년 삼성에 2군 감독으로 복귀했을 때에도 2군 배터리코치로 함께했다.[27]박용택을 제외한 선수단은 구체적인 삭감 금액과 15승 이후 베네핏의 내용을 모르며, 이는 시즌이 끝나고 공개된다. 장 단장의 언급에 의하면 삭감액이 의외로 적지 않다고 한다.[28]합류 시점은 아직 불명확하나, 일단 배재고전에서 출전이 확인되었다.[29]이택근 선수 인스타 게시글 참고.[31]런앤히트 작전으로 주자가 3루까지 안착했다.[32]몬스터즈 시절까지 포함하면 22 시즌 NC 2차전, 23 시즌 KT전에 이어 3번째 프로팀 상대 승리이자 24 시즌 롯데전 패배의 복수가 되었다.[33]정혁 PD가 녹음했다.[34]규정상 주자가 타구에 맞는 상황이 발생할 경우 고의성에 관계없이 해당 주자는 아웃되고, 타자의 기록은 내야안타가 된다. 공에 맞지 않은 다른 주자의 경우 의무적으로 진루해야 하는 상황이었다면 다음 베이스로 이동하고, 그렇지 않다면 원래 점유 중이던 베이스로 돌아와야 한다. 예를 들어 같은 상황에서 주자가 2루가 아닌 만루였다면 1루 주자는 2루로 이동하지만 3루 주자는 이동할 수 없다.[35]2026 KBO 신인 드래프트에 지원했으나 미지명되었고 졸업 이후화성 코리요에 입단했다. 불꽃야구2 트라이아웃에도 지원했지만 서류에서 탈락했다.[36]여담으로 김기덕 감독과 김성근 감독은 90년대 후반쌍방울시절 선수와 감독으로서 같은 팀에서 활약했던 인연이 있다.[37]메이저리그 진출로 중퇴했으나, 2000년 명예 학위를 받았다.[38]최채흥에서 개명.[39]선수는 아니지만 대학 시절까지 야구를 했던 강의권KBS N SPORTSPD 또한 한양대 출신이다.[40]참고로 이석훈은 불꽃야구와도 나름 인연이 있는데, 24시즌에 있었던 롯데 자이언츠 퓨처스와의 경기를 직관했었다.[41]한양대학교의 상징 동물이사자로, 상징색인 파란색이 가미된 청사자 캐릭터 마크가 유명하다.[42]특히 손지창은최강야구 경영권 분쟁과 관련해 방영 가처분 신청건에 대해 법원이 JTBC의 손을 들어준 것과 관련해스튜디오 C1과불꽃야구에 대한 공개적인 지지의 글을 자신의 SNS에 게재했을 정도로 불꽃야구의 찐팬으로 유명하다.[43]보통 직관경기는 최소 1.5회분이나 2회분으로 편성되는 일이 많았으나 직관경기 최초로 1회분으로 편성됐다.[45]유일한 삼자범퇴 이닝(K2)[46]주자가 도루했을 때 아웃 타이밍이었으나, 비디오 판독을 진행하지 않고 넘어갔는데 이 부분이 뼈 아팠다.[47]정확한 투수교체 시기는 모르나, 6회 말 이닝 시작에 5회에 등판되었다고 언급되었다.[48]본인 언급으로는 일주일 정도 식사를 거르면 때워지는 수준이라며 반진반농의 드립을 얘기했다. 완전 농담은 아닌 게 경기를 져서든 감봉액이 양이 많아서든 표정이 좋지는 않았다는 점이다.[49]기록 자체는 무안타였지만, 잘 맞은 타구가 야수 정면으로 가거나 좋은 수비에 막히는 등 불운의 영향이 컸다.[50]다만 실제로 이루어지지는 않았다. 대주자 논의가 끝나기도 전에 박재욱이 초구에 병살을 치며 주자를 삭제시켰기 때문.[51]몬스터즈 시절을 포함하면 2023 시즌 2차전 종료 후 1승 1패로 0.500를 기록한 게 최저 중간 승률이다.[52]방송·촬영은 23시즌에 했으나, 보너스 게임 형식으로 24시즌 첫 게임으로 방영되었다.[53]몬스터즈 시절 선수인류현인과이홍구의 모교이기도 하다.[54]단국대의 유격수로 선발 출전한 신경헌은 이번 불꽃야구2 트라이아웃에 지원했으나 서류에서 탈락했다.[55]파이터즈 선수단의 최초이자 유일한 삼성 라이온즈 출신 선수로, 몬스터즈 시절까지 봐도 삼성 출신은 장원삼과 이승엽이 전부였다.[56]게다가 직관이 치러지는 5월 24일은부처님 오신 날인데, 오승환의 대표 별명 중 하나가 '돌부처'다 보니 일각에서는 노린 것이 아니냐는 반응이 있다. 5월 28일 공개된 최종계약 영상에 따르면 장 단장은 원래 5월 17일 한양대전부터 등판을 원했고, 오승환은 3주 만에 준비하기에는 기간이 짧다며 난색을 표하던 중 5월 24일 단국대전 일정을 듣고는 의욕이 강해지는 모습을 보였다. 이러한 상황이 맞물리게 되면서 '부처님 오신 날'에 '돌부처'가 모교 단국대를 상대로 불꽃야구 데뷔전을 치르는 절묘한 그림이 그려진 것.[57]이후 장 단장이 밝힌 비하인드에 따르면 등장씬 제작에만 4000만 원 정도 들었으며, 그중Lazenca, Save Us저작권 구매에만 3000만 원 넘게 썼다고 한다. 처음엔 저작권이 워낙 비싸서 아예 자체 제직곡으로 대체하려 했으나, 워낙 라젠카가 주는 임팩트가 크다 보니 어떤 곡을 써도 맛이 안 살아 그냥 저작권을 구매해 쓰기로 결정했다고 한다.#[58]6월 16일 공개된 미팅 영상에 따르면 장 단장이 한양대전 패배 후 정성훈의 백업 역할이 가능한 내야 즉전감을 급하게 찾기 시작했고, 여러 후보들 중 정훈에게 가장 먼저 연락했다고 한다. 다음 경기를 단 이틀 앞두고 미팅이 잡힐 만큼 상황이 급했기에 별도의 테스트 없이 팀에 합류하는 대신 팀에게 자신의 필요성을 증명해야 하는 알바생 신분으로 시작하게 되었다. 정식 선수 전환 조건은 여태 알바생들이 그랬듯 경기 MVP 1회 수상이다.[59]여담으로 그럼 오승환은 어떻게 트라이아웃 없이 곧바로 정식 선수가 되었냐는 의문이 들 수 있는데, 최강야구 시절부터 있던 'KBO 영구결번으로 선정된 이력이 있는 지원자는 트라이아웃 면제'라는 특별 룰에 의한 것으로 추정된다.[60]오승환과 정훈의 합류 소식은 시청자들은 물론 출연진들에게도 극비였던 것으로 보인다. 오승환의 경우 장시원 PD가 자신의 인스타 스토리에 공개한정용검과의 카톡에서 정용검이 '저만 몰랐나요?'라고 묻자 장시원 PD가 '다 몰랐어'라고 대답했고, 정훈의 경우 경기 당일까지도 합류 소식을 숨기고 있다가 등장해 선수단 모두를 깜짝 놀라게 만들었다.[61]다만 실제 후기에 의하면 우익수 쪽만 설치한 것으로 보인다. 그리고 본래 음향 시설은 모든 층, 모든 구역에 들리도록 구성은 되어 있지만 응원석 외의 구역은 거의 앰프가 사용되지 않았다.[63]K1을 포함한 삼자범퇴 이닝[64]다만 본인의 실점은 없었고, 만루 상황을 만들었던 선행 투수 김기민이 3실점을 모두 떠안게 되었다.이를 덕아웃에서 지켜본 김기민의 울상인 표정은 덤.그나마 9회는 삼자범퇴로 막았으며 경기 후 인터뷰에서 준비 기간이 짧았던 만큼 몸을 더 만들면 공이 더 좋아질 것이라고 자평했다.[65]인하대 비룡 인스타그램에 올라온 직관 홍보 영상에 등장했다.#[66]제작진도 이를 알고 정용검이 이의천을 소개하며 강릉고 출신임과김성근의 겨울방학에도 출연했다는 사실을 언급했으며 같은 사이드암 투수인 신재영의 센터에 다니고 았다는 사실도 밝혀졌다.[67]문교원은 2025년부터 인하대의 주장을 맡고 있기도 하다.[68]부담감을 크게 느꼈는지 뜬금없이 장 단장을 붙잡아놓고 걱정을 늘어놓으며 라인업을 작성했다.[69]김광현은 몬스터즈 시절인 2024 시즌 때도 랜더스필드에서 김성근 감독에게 상담을 받았던 적이 있다.[70]방송에는 나오지 않았으나 자신의 유튜브에 직관브이로그를 남겼다.[72]사사구가 1개 카운트되었지만, 3타자 만에 이닝 종료되었다.[73]안타가 11개로 1개 늘었지만 득점은 없었다.[74]정확한 교체시기는 역시 알 수 없다.[75]편집되어서 정확하지 않으나, 10게임 화성코리요전을 마치고 옵션에 대해 얘기하면서 31타수 6안타, AVG 0.194로 언급했다. 이때 계산한 바로는 타수가 남아서 아마 이때 희생번트를 하지 않았을까? 하는 생각이 든다.[76]이 인물의 이름을 딴이영민 타격상이 있다.[77]이번 시즌은 편성표상으로 기존의 '특집야구'가 아닌 '특집 불꽃야구'로 기재되었다.[78]이전까지는 대학, 독립, 연합(올스타)팀만이 특집야구로 편성됐다.[79]이에 대해손건영해설위원이 원소속인SPOTV에서 26시즌부터 KBO 해설도 맡게 됨에 따라 계약 문제로 해설을 맡을 수 없어서 중계진을 교체한 것으로 추정되기도 했으나(애초에 생중계 중계진을 따로 둔 것도 기존 해설위원인김선우해설이MBC SPORTS+소속이라 SBS 계열의 SBS Plus에서 해설을 맡는 것이 불가능하기 때문이다.), 6월 4일 일해라 장단장에서 최태규 PD가 원래처럼 한장희-손건영 콤비로 하고 싶었다고 언급한 것으로 보아 SBS 측의 요구가 있었던 것으로 보인다.[80]다만 상기했듯 이미 녹화를 먼저 마쳤던 경기에서 각각 공개됐는데, 정훈은 단국대전, 김지수는 인하대전에서 처음으로 모습을 보였다.[81]나는 솔로 프로그램 특성상 가명으로 썼다.[82]후자는 이제 방영 취소 확정 후 결정에 존중하는파가 있는가 하면, 불꽃야구 안티인 분탕파들은 쫄았느냐고 불꽃야구 측을 조롱을 하는 등 또 의견이 갈렸다. 결국 취소 안내문은 댓글창을 막아버렸다.[83]성남고 편이 10화에 배정되면서 시즌2는 9화가 빠지게 되었다.[84]원래대로라면 7월 6일 방영이 예정이였으나 상술했듯 배재고 야구부의 지역비하 논란으로 인해 방영이 취소됐다.[생중계]85.185.285.385.485.585.685.785.8[86]배재고전 미공개 이후 바로 다음 회차인 성남고전을 앞두고 라커룸 토크에서 이택근의 MVP 수상 언급과 추후 시상 장면만 공개되어 이택근은 불꽃야구가 들어서면서 본인이 MVP를 수상한 두 번의 경기 모두 공개가 되지 못하는 억울한 상황에 놓였다. (부산과기대 2차전은 방영금지 가처분 판정을 받아 공개가 불가능했고, 추후 미공개 사진전으로 시상 장면이 공개되었다.).[88]미공개 방영분이지만 경기 자체는 이미 직관 및 생중계 하에 이상없이 치렀기에 전적에 그대로 반영되었다. 다음 회차인 성남고전 경기 이후 전적을 발표할 때도 배재고전 승리를 포함한 기록으로 나왔다.[89]원래 야구선수 출신이다. 원래 재학중이던 여수상업고등학교(현여수정보과학고등학교)의 야구부가 해체되어 성남고로 전학을 갔고, 훈련을 받던 중 부상을 당해 선수 생활 불가 판정을 받아 야구를 그만두었다고 한다.[90]몬스터즈 시절 선수인유태웅의 모교이기도 하다.[91]25시즌 성남고전에도 1·2차전 모두 1루수로 선발 출장했으며, 26시즌에는 팀의 주장을 맡고 있다. 이 인연으로 특집(?) 인터뷰 '성난 사람들'에서 인터뷰를 했다.[92]예고편 영상 기준 성남고 투수 김진호의 7K, 파이터즈 투수 신재영의 8K로 극강의 짠물대전이 예상되는 경기다.[94]정확한 교체시기는 알 수 없으나 7회말에 수비하는 모습을 볼 수 있고, 중계진이 딱히 언급이 없어서 편집된 6회말에 교체된 것으로 추측한다.[95]실제 경기 전 인터뷰에서 박용택은 파이터즈와 휘문고의 반반 유니폼을 입고(이후 불꽃야구를 통해 공개된 비하인드에 따르면, 유니폼을 반씩 합친 것이 아닌 파이터즈와 휘문 유니폼 두 벌을 한 벌처럼 입은 것으로 밝혀졌다.), 김선우의 경우에는 경쟁사인 MBC SPORTS+ 소속이라 생중계 방송에는 출연이 불가능함에도 모교와의 경기라 그런지 휘문고의 유니폼을 입고 이례적으로 인터뷰를 진행했다. 한편 박용택은 대휘문이라며 모교를 아주 비행기 태우는 행보를 보이는 반면, 김선우는 겸손하려는 의미로 '대'까지는 붙이지 않았다.[96]실제로 방송에서 휘문고 출신 선수들을 나열하는 과정에서 박용택·김선우와 함께 지석훈의 이름에도 색칠이 되어 있다. 다만 금색인 두 사람과 달리 지석훈의 이름은 빨간색인데 지금은 소속선수가 아니여서거나, 지금도 JTBC와 법적 분쟁이 한창이기에 이를 의식한 것으로 보인다.[97]실제로 박용택이 임찬규와 또 다른 휘문고 출신인김민석을 찾아가 휘문고 응원 영상을 부탁하기도 했다.김민석임찬규와중에 지면 본인 연봉이 삭감됨에도 후배들에게 모교 응원을 부탁하는 휘문택[98]실제로 이후에 또 다른예고영상에서 박용택이 휘문고 유니폼을 입고 모교부심을 뽐내는 영상이 올라왔다. 한편 이를 본 사람들 사이에서 박용택이 입고 있는 유니폼이 최근 유니폼인 것을 두고, 트라이아웃 당시에 박용택이 LG구단에 직접 연락해 최신 유니폼을 부탁해 입고 나온 것처럼 휘문고에 부탁해 직접 유니폼을 맞춘 게 아니냐는 의심을 하고 있다.[99]여담으로 해당 문구에서 보듯 '박용택 선수'가 아닌 '박용택씨'호칭을 붙였는데, 이는 최강야구 시절부터 봐온 시청자들은 알다시피 주로 영건들의 원 소속팀과 경기할 때 해당 선수들이 몬스터즈·파이터즈가 아닌 원 소속팀을 선택했을 때 제작진이 하는 일종의 소심한 복수로, 이날의 경우에도 전 경기인 성남고전부터 자신의 타석에서 응원을 자제해달라는 박용택의 요구에 제작진이 응원을 자제하는 대신 '박용택 씨'라고 호칭을 붙여 소심하게 복수한 것으로 보인다.[100]심지어 경기 중에 웃는 일이 거의 없는 김성근 감독까지도 이 모습을 보고 폭소했다.[101]화수로는 12화[녹화중계]103.1103.2103.3103.4103.5103.6103.7[104]본인 생일인 9월 12일을 뜻하는 '912' 마킹 유니폼을 입고 시구를 했다. 여담으로 불꽃야구의 헤드 PD(특정 프로그램이나 제작 부서의 총괄 책임자이자 수장 역할을 맡는 메인 연출자)를 맡고 있는 김은지 PD와 중학교 때부터 친구임이 밝혀지기도 했다.[106]특정 기업이 소유하는 구단이 아닌 지자체 예산이나 시민의 모금을 통해 운영되는 구단.[107]경기 이틀 전인 7월 10일 퓨처스 올스타전에 출전하는 선수들의 경우 투수인나가 타이세이를 제외한알렉스 홀,노강민,김서원3인이 엔트리에 포함되었다. 마침 이번 KBO 1군 및 퓨처스 올스타전이 고척 스카이돔과 같은 서울 소재의잠실 야구장에서 개최되어 이동에 별다른 차질이 없는 점도 한몫한 것으로 보인다.[108]이로 인해 부응원단장이었던오명섭단장은 원래는 휴식일이었으나 그냥 놀러 와 파이터즈 유니폼을 입고 파이터즈가 아닌 울산 웨일즈 응원단상에서 응원을 해 관중들을 물론 김주일 단장을 비롯한 응원단, 중계진, 선수들 모두가 어이없어 하는 상황이 펼쳐졌다. 자막에도 '오명섭 씨'라고 한 부분은 덤.[109]1,2번과 4,5,6번 타자, 그리고 선발 투수까지만 김성근 감독이 작성했고, 비어있는 나머지 타순은 김지수 코치가 채워넣었다.[110]우익수 박용택이 발표되자 신재영, 유희관 등 투수진은 통상적인 보이콧을 넘어 사실상 시위를 하려는 자세로 결사반대하는 모습이 잡혔다.[111]라인업을 작성할 당시 김지수 코치는 이미 작성된 선수들의 포지션은 수정하지 않는 게 옳다고 여겼고 장 단장 역시 이에 동의했었다. 그리하여 이미 정훈이 배정된 지명타자 자리에 박용택을 넣지 못하고 그나마 비어있던 우익수로 보낸 것. 박용택이 포지션 변경을 요청하려 할 때는 김성근 감독이 화를 내지 않을까 우려하기도 했지만, 다행히 김성근 감독이 요청을 곧바로 받아들이면서 해프닝으로 끝났다.[114]지난 유신고전 당시 사전공지 되었으나, 경기 자체가 우천 취소되어 애국가도 취소되었었다.[116]디에포와 NPB 시절 소속팀한신 타이거스의 협업 프로젝트의 모델로 발탁되어 경기 전날 열리는 팬사인회 참석차 일본으로 출국했다.[117]다크불꽃 중계 영상을 참고하여 작성함.[118]예정보다 앞당겨2026 KBO 신인 드래프트에 참가했으나 어느 팀의 선택도 받지 못했고 육성선수 입단 제의조차 없었다. 동일한 자격으로 다시 드래프트에 나올 수 없다는 규정에 따라2027 KBO 신인 드래프트는 참여가 불가능하다.[119]미팅 전에 화성 코리요 구단 측과 김성근 감독, 장시원 PD 모두에게 메세지를 통해 이미 은퇴의 뜻을 밝혔다고 한다.[120]여담으로 장 단장은 경기를 잡은 시점에 선성권의 은퇴 의사를 전혀 몰랐다고 한다. 그야말로 엄청난 우연. 참고로 선성권의 마지막 공식 등판 경기는 7월 1일 안산 웨이브스전이었다.[121]이후 16화에서 연봉 계약 당시 최수현이 직접 마이너스 옵션을 신청했으며 옵션 금액도 장 단장이 처음 제시한 금액의 2배로 역제시까지 한 것이 밝혀졌다.도박 중독 상담은 1336[122]선수와 중계진이 실시간으로 소통을 하는 MLB 특유의 인터뷰 방식이다.[123]여담으로 마지막 호투에 흐뭇한 표정으로 미소짓는 김성근 감독의 모습이 잡혔는데, 몬스터즈-파이터즈 통틀어서 김성근 감독이 경기 중 이런 미소를 짓는 경우는 정말 손에 꼽을 정도다. 정근우가 이대호에게 도루하는 척이라도 하라고 했을 때 이대호가 그것도 싫다며 징징댈 때나, 박용택이 관중들의 침묵을 요청했는데 초구부터 데드볼을 맞은 상황에서 웃은 적은 있지만 이건 단순히 웃긴 상황에서 웃은 것이다.[124]원래는 멘트를 하고 애국가 제창을 해야 했으나, 까먹었는지 스킵하고 애국가 제창을 한 뒤 멘트를 하려 했으나 당당이가 마이크를 가져가는 바람에 멘트를 못 할 뻔한 상황이 생기면서 깨알 웃음을 주었다.[126]현삼성 라이온즈포수박세혁의 아버지이다.[127]재학 당시에는 개명 전으로, 최동현이라는 이름을 썼다.[128]몬스터즈 시절인 2023 시즌 동국대 소속으로 출전했었다.[130]김선우 해설위원의 원소속인 MBC 스포츠 플러스에서 LG·한화의 3연전 중계로 손건영 해설위원이 대신 합류했다. 중계방송 전 정용검의 인스타에도 생중계 중계진인 정우영·이순철 콤비와 손건영 위원, 다크불꽃을 진행하는 한장희 캐스터와 동국대 이건열 감독과 찍은사진이 올라왔다.[132]자신의 반려묘 영심이의 생일인 1월 1일을 의미하는 11번 유니폼을 입고 시구에 나섰다. 공교롭게도 이날 선발투수인 이대은의 등번호도 11번이다.[133]7회 말 클리닝 타임에밤이면 밤마다가 나오기도 했다.[135]SSG 랜더스 육성선수 입단[136]이택근 주관이 들어간 것이 아닌 김성근 감독 라인업을 대필한 것이다.[139]원래 불꽃야구 직관에는 제창자들의 멘트 후 무반주로 애국가를 제창한다. 하지만 유연정이 이를 모르고 반주가 나올 때까지 대기해 1분 정도 경기장에 정적이 흐르고 말았고, 결국 관중들이 원래 반주가 없다고 알려주자, 유연정이 그제야 사태파악을 해 애국가를 부르는 해프닝이 있었다.[인정][142]곽병진, 임영주, 유은종, 권희재. 육성선수까지 포함시 올해 총 6명이 프로에 진출했다.[143]아들이 중학야구 선수라 아들의 이름과 배번을 마킹한 유니폼을 입고  애국가를 제창했다.[145]사실 이 부분은 바로 다음 경기인 대학 국가대표와의 생중계를 본 시청자들이라면 짐작을 했을 텐데, 경기 시작 전 정우영 캐스터가 슬레이트 담당이 바뀌었다고 언급했기 때문. 최강야구 시절부터 유독 미신·징크스에 예민했었던 만큼 이를 아는 시청자들이라면 부산과기대 직관을 다녀오지 않았어도 해당 멘트만으로 파이터즈가 부산과기대전에서 패배를 했구나라는 걸 예상할 수 있었던 것이다.[146]원 소속팀에서 이미 파이터즈와 맞붙어본 선수도 다수 있다. 여담으로 주전 포수 김우성의 경우 작년 최강야구(브레이커스)에서 임대선수로 뛰었던 경험이 있다.[147]16일 경기에서 박재욱과의 MVP 인터뷰 마지막에정우영캐스터가 박재욱에게 '2주 뒤에 뵙겠습니다.'라고 끝인사를 했다.[148]SBS Plus 공식계정에 올라온게시물해시태그에 정우영·이순철 콤비의 이름과 함께 손건영 위원의 이름이 언급 되어있다.[152]원래는 8월 8일에 직관이 치러질 예정이었으나, KBO 리그의 폭염 브레이크 발표에 따라 해당 경기 역시 취소되었다가 9월 4일에 재조정된 경기 일정을 다시 공지했다.[153]여담으로 하현승은 이대호의 유튜브에 출연했을 당시 정훈과의 간단한 투타승부에서 장타를 맞으며 패배했고 그로부터 얼마 뒤 국내 잔류를 결정하며 화제가 되었던 바 있다. 직관 공지 영상에서도 해당 맞대결 장면을 활용했으며 하현승이 직접 정훈과의 재대결을 원한다고 밝히기도 했다.[154]명목상의 홈구장인 파이터즈 파크는 말할 것도 없고, 고척돔 역시 창단 이래 가장 많은 경기를 치른 실질적인 홈구장인 걸 감안하면 이번 경기가 최초의 원정 경기 생중계라고 볼 수도 있다. 이후 일해라 장 단장에서의 장 단장의 말에 따르면, 이전에 잡았던 용마고전도 그렇고 해당 경기도 KBO 잔여경기 일정을 피해서 잡았으며, 이 경기의 경우 남은 장소가 사직 야구장 딱 한 곳 밖에 안 남았었다고 밝혔다.[158]경기가 정상적으로 진행되었다면 몬스터즈 시절NC 다이노스 2군과의 경기 이후 4년 만의 창원 경기이자, 고척스카이돔, 사직 야구장, 인천 랜더스필드, 잠실야구장에 이어 역대 5번째로 프로팀 1군 경기장에서 치러지는 직관 경기가 될 예정이었다.[159]몬스터즈 시절 치러진kt wiz2군과의 경기는고척 스카이돔에서 치러져 프로팀과의 경기 중 유일하게 상대 팀 홈구장에서 경기를 치르지 않은 케이스가 되었으며, 바로 다음 경기인SSG 랜더스2군과의 경기는 2군 팀의 홈구장인강화 SSG 퓨처스필드에서 치러졌다.[160]스튜디오C1 측에서 올린 공지에 따르면#보름 전에 대관 약속을 받고 사전 답사, 협력사 소통(메인 스폰서인 카카오페이증권의 백만불꽃 프로젝트의 8월 캠페인인 '신혼부부 주식 선물 캠페인'의 혜택 중 하나가 '창원 직관경기 초청'이었다.) 등 직관 행사를 준비하던 중 갑작스럽게 구장 측으로부터 대관이 어렵다는 통보를 받았다고 한다. 스튜디오 C1 측에서 이미 대관 재협의를 요청했으며 재검토를 하겠다는 답변을 받고 우선 화요일이던 예매일을 수요일로 연기했으나, 결국 지속적인 설득과 협조 요청에도 대관 불가라는 최종 통보를 받음에 따라 경기를 취소하기로 최종 결정했다고 한다.[161]직관 예정일 다음날인 9월 6일 NC파크에서 드라마를 촬영한다는 목격담이 떴는데, NC파크를 배경으로 한 드라마너의 그라운드촬영 일정이 경기 취소의 원인인 것으로 확인되었다. 이에 따라 용마고는 2시즌 연속으로 예정된 직관 경기가 취소당하는 웃픈 기록을 남기게 됐다. 그나마 이번 시즌 재편성으로 한을 깰수 있었다.[162]다만 25시즌 방송은 방영금지 가처분 결정이 떨어짐에 따라 미공개 상태이다.[166]키움 히어로즈 육성선수 입단[167]이 중 박준우는 24시즌과 26시즌 롯데 퓨처스 소속으로, 오재원·이강민·신재인은 25시즌 유신고 소속으로 출전했다.[168]다만 2026 시즌은 현재까지 모든 경기가 직관으로 진행되면서 계속 주말에만 열리고 있는데, 월요일을 제외한 모든 요일에 경기가 있는 KBO 리그 정규시즌의 특성상 병행이 매우 어려운 환경이라 한동안 김주일을 불꽃야구에서는 보기 어려울 듯하다. 김주일의 빈자리에는오명섭이 출연하고 있다.[169]박지현은 25시즌 경기 당시 6회말 2아웃 상황에 구원 투수로 교체 출전했으며, 김하진은 출전은 못했지만 덕아웃 응원단장을 맡아 아버지와 응원대결을 펼치기도 했다."
35,분류:바트주의 이라크의 전쟁 및 전투,바트주의 이라크이라크의 전쟁 및 전투,
36,김환희/골 때리는 그녀들/클럽 경력/FC 액셔니스타,FC 액셔니스타/현역,"상위 문서:김환희/골 때리는 그녀들/클럽 경력김환희시즌 8-소속 팀FC 액셔니스타소속 기간2026년7월 15일~등번호25기록G리그경기득점 도움GIFA컵교체 1경기0득점 0도움합산 성적[1]교체 1경기0득점 0도움개인 수상1. 개요2. 입단3. 활동3.1.시즌 83.2.시즌 91.개요[편집]김환희의FC 액셔니스타의 경력을 정리한 문서이다.2.입단[편집]2026 골 때리는 그녀들 G리그를 끝으로FC 액셔니스타를 떠나게 된 이채영의 후임으로골 때리는 그녀들 제2회 GIFA컵부터 새 멤버로 합류하였다.평균 나이가 다른 팀에 비해 가장 많았던FC 액셔니스타에 20대인 본인이 합류하면서, 팀에 최연소 선수가 되었다.3.활동[편집]3.1.시즌 8[편집]FC 액셔니스타에서의 첫번째 시즌자세한 내용은김환희/골 때리는 그녀들/시즌 8문서를 참고하십시오.3.2.시즌 9[편집]FC 액셔니스타에서의 두번째 시즌자세한 내용은김환희/골 때리는 그녀들/시즌 9문서를 참고하십시오.[1]제2회 GIFA컵 종료 기준"
37,안양 정관장 레드부스터스,안양 정관장 레드부스터스한국인삼공사안양시 연고 구단대한민국의 프로 농구단한국프로농구1992년 설립된 체육단,"2026-27 시즌에 대한 내용은안양 정관장 레드부스터스/2026-27 시즌문서를 참고하십시오.한국프로농구참가 구단[ 펼치기 · 접기 ]부산 KCC 이지스고양 소노 스카이거너스창원 LG 세이커스안양 정관장 레드부스터스원주 DB 프로미서울 SK 나이츠수원 KT 소닉붐울산 현대모비스 피버스대구 한국가스공사 페가수스서울 삼성 썬더스과거 참가 구단안양 정관장 레드부스터스관련 문서[ 펼치기 · 접기 ]주요 인물구단주임왕섭｜단장김성기｜감독유도훈｜수석코치최승태｜주장박지훈구단 정보안양시｜안양 정관장 레드부스터스구단 기본 정보선수단｜유니폼홈구장안양 정관장 아레나역사우승★★★★2011-12|2016-17|2020-21|2022-23영구 결번11양희종일반 정보역사｜역대 감독｜사건 사고|상대 전적라이벌전신호등 더비｜K더비｜지지대 더비안양 정관장 레드부스터스Anyang Jung Kwan Jang Red Boosters정식 명칭안양 정관장 레드부스터스 프로농구단영문 명칭Anyang Jung Kwan Jang Red Boosters창단1992년3월 11일(34주년)구단명 변천서울방송 농구단 (1992~1997)안양 SBS 스타즈 (1997~2005)안양 KT&G 카이츠 (2005~2010)안양 한국인삼공사 (2010~2011)안양 KGC인삼공사 (2011~2023)안양 정관장 레드부스터스(2023~ )연고지경기도안양시(1997~)[1]운영 법인주식회사서울방송 (1992~1999)[A]주식회사에스비에스 (1999~2005)[3]주식회사케이티앤지 (2005~2010)[A]주식회사한국인삼공사 (2010~ )[A]모기업한국인삼공사구단주임왕섭대표이사단장함창식감독유도훈주장박지훈영구 결번11양희종구단 사무국경기도안양시동안구평촌대로389 (비산동)[6]홈구장 변천올림픽공원 제2체육관(1997)의정부체육관(1997~1999)대림대학 체육관(1999~2000)[7]안양 정관장 아레나(2000~ )클럽 하우스안양종합운동장키트 스폰서V-EXX워드 마크웹사이트 및 소셜 미디어|||★★★★챔피언 결정전우승(4회)2011-12,2016-17,2020-21,2022-23정규 시즌 우승(2회)2016-17,2022-23KBL 컵대회 우승(0회)-★동아시아 슈퍼리그(1회)2023트레블[8](1회)2022-23 정규 시즌 + 동아시아 슈퍼리그 + 2022-23 챔피언 결정전플레이오프 진출(18회)챔피언 결정전2011-12,2016-17,2020-21,2021-22,2022-234강플레이오프1997, 1999-2000, 2000-01, 2004-05, 2007-08,2011-12, 2012-13, 2015-16,2016-17, 2017-18,2020-21,2021-22,2022-23, 2025-266강플레이오프1999-2000,2000-01, 2001-02,2004-05, 2006-07,2007-08,2012-13,2015-16,2017-18,2020-21,2021-22, 2024-25프랜차이즈 구단 기록[ 펼치기 / 접기 ]최고 승률.7222016-17시즌 54경기 39승 15패최저 승률.2962009-10, 2010-11 시즌 54경기 16승 38패최다 승39승2016-17 시즌 54경기 39승 15패최다 패38패2009-10, 2010-11 시즌 54경기 16승 38패최고 FA 계약3년 8억 원[9]2026-27 시즌변준형1. 개요2.역사2.1. 우승 기록3.역대 선수4.영구 결번5. 역대 감독6. 소속 선수 타이틀7. 역대 성적7.1. 역대 플레이오프 상대 전적8. 역대 신인 드래프트9. 역대 마스코트 및 엠블럼10.역대 유니폼11. 주요 시즌 (우승)11.1. 2011-12 시즌11.1.1. 인삼신기11.1.2. 2011-12 프로농구 챔피언 결정전 (우승)11.2. 2016-17 시즌11.2.1. 2016-17 프로농구 챔피언 결정전 (우승)11.3. 2020-21 시즌11.3.1. 2020-21 프로농구 챔피언 결정전 (우승)11.4. 2022-23 시즌11.4.1. 2022-23 프로농구 챔피언 결정전 (우승)12. 구단 현황12.1.선수단12.2. 응원단13.응원 문화14. 팬덤의 성향15. 타 구단과의 관계15.1.원주 DB 프로미15.2.수원 KT 소닉붐15.3.서울 SK 나이츠15.4.서울 삼성 썬더스15.5.부산 KCC 이지스15.6.고양 소노 스카이거너스16.사건 사고17. 문제점 및 비판17.1.답이 없는 구단 운영17.2. 부족한 접근성과 낮은 인기18. 이야깃거리18.1.KIA 타이거즈와의 평행이론18.2.두산 베어스와의 평행이론18.3.시카고 불스와의 평행이론19. 기타20. 둘러보기1.개요[편집]The Red Force한국프로농구의 프로농구단. 연고지는경기도안양시. 홈구장은 동안구 비산동에 위치한안양 정관장 아레나[10]이다.1992년 창단한서울방송실업 농구단을 모태로 1997년 한국프로농구 출범과 함께 '안양 SBS 스타즈'로 전환한 후 지금까지 팀을 유지하고 있다. 프로팀 재창단 이후 단 한 번도 연고지를 바꾸지 않은 3개 구단[11]중 하나이지만 구단의 명칭은 총 네 번 바뀌었다. 2005년SBS가 27억 원에KT&G로 구단을 매각해서 '안양 KT&G 카이츠'로 이름을 변경했고, 2010년 모기업 KT&G가 이사회 결의를 통해 자회사한국인삼공사로 스포츠단 지분 100%를 옮기면서 구단명과 엠블럼을 변경하여 2010-11 시즌에는 '안양 한국인삼공사', 2011-2012 시즌에는 '안양 KGC인삼공사'[12]로 변경하여 2022-23 시즌까지 해당 구단명을 사용하다가 2023-24 시즌을 앞두고 정관장 브랜드 홍보 차원에서 스포츠단 이름을 모두 정관장으로 바뀜에 따라 '안양 정관장 레드부스터스'라는 새로운 구단명을 사용한다.연고지 안양을 중심으로 한 안양권[13]주민들에게 가장 큰 사랑을 받는 프로 스포츠팀이다. 옛날에는 안양을 연고지로 한 프로축구단안양 LG 치타스가 여름 시즌 안양시민들의 사랑을 독차지했으나, LG 축구단이 2004년 초서울 연고 이전을 위해서울특별시로연고지를 옮기고FC 서울이라는 이름을 내건 이후부터는 농구단에 대한 애정이 더욱 돈독해졌다. 안양시의 스포츠단은 정관장 레드부스터스 농구단 외에도 아이스하키단HL 안양 아이스하키단과 축구단FC 안양이 있는데, 아이스하키는 아시아리그로 펼쳐지는 것 때문에 팬덤과 인지도와 인기가 매우 적을 수밖에 없고, FC 안양은 2013년에 창단한 신생구단으로, 2024 시즌K리그2에서 챔피언을 먹으며K리그1으로 승격했다.김승기감독 재임 시절부터 몸싸움을 주저하지 않는 거친 플레이가 많은 편이다.2.역사[편집]자세한 내용은안양 정관장 레드부스터스/역사문서를 참고하십시오.2.1.우승 기록[편집]KBL역대 우승 구단[ 펼치기 · 접기 ]시즌우승 구단우승 횟수1997부산 기아 엔터프라이즈★1회1997-98대전 현대 다이냇★ ★2회1998-991999-2000청주 SK 나이츠★1회2000-01수원 삼성 썬더스★1회2001-02대구 동양 오리온스★1회2002-03원주 TG 엑써스★1회2003-04전주 KCC 이지스★ ★ ★3회2004-05원주 TG삼보 엑써스★ ★2회2005-06서울 삼성 썬더스★ ★2회2006-07울산 모비스 피버스★ ★2회2007-08원주 동부 프로미★ ★ ★3회2008-09전주 KCC 이지스★ ★ ★ ★4회2009-10울산 모비스 피버스★ ★ ★3회2010-11전주 KCC 이지스★ ★ ★ ★ ★5회2011-12안양 KGC인삼공사★1회2012-13울산 모비스 피버스★ ★ ★ ★ ★ ★6회2013-142014-152015-16고양 오리온 오리온스★ ★2회2016-17안양 KGC인삼공사★ ★2회2017-18서울 SK 나이츠★ ★2회2018-19울산 현대모비스 피버스★ ★ ★ ★ ★ ★ ★7회2020-21안양 KGC인삼공사★ ★ ★3회2021-22서울 SK 나이츠★ ★ ★3회2022-23안양 KGC인삼공사★ ★ ★ ★4회2023-24부산 KCC 이지스★ ★ ★ ★ ★ ★6회2024-25창원 LG 세이커스★1회2025-26부산 KCC 이지스★ ★ ★ ★ ★★ ★7회한국프로농구 정규 리그 우승 구단2015-2016→2016-2017→2017-2018전주 KCC 이지스안양 KGC인삼공사원주 DB 프로미2021-2022→2022-2023→2023-2024서울 SK 나이츠안양 KGC인삼공사원주 DB 프로미3.역대 선수[편집]자세한 내용은안양 정관장 레드부스터스/선수단문서의2번 문단을 참고하십시오.4.영구 결번[편집]안양 정관장 레드부스터스영구 결번[ 펼치기 · 접기 ]양희종(2023. 3. 26.)선수명 하단 일자: 은퇴식 및 영구 결번식 진행일11.양희종(2007-2023): SBS-KT&G-KGC인삼공사 프랜차이즈를 통틀어 첫 영구 결번의 주인공이자 안양 KGC인삼공사의 세 번의 챔피언 결정전 우승을 이끈 3&D형 스몰 포워드. 황금 드래프트라 불리는 2007년 드래프트에서 전체 3순위로 당시 KT&G에 지명되었으며 지명 후 데뷔 첫 시즌부터 수비에서 특화된 모습을 보이면서 사실상 국내 토종 블루워커 플레이어 중에서는 KBL에서 가장 꾸준히 롱런했다고도 볼 수 있다. 상무 제대 이후에는 구단의 주장으로도 선임되기도 했을 정도로 훌륭한 리더십을 발휘하는 등 원 클럽 플레이어로 KGC 한 구단에서만 16년을 활약하며 네 번의 챔피언 결정전 우승, 구단 역사상 첫 통합 우승을 함께했다.5.역대 감독[편집]안양 정관장 레드부스터스역대 감독(SBS-KT&G-인삼공사-KGC 시절 포함)[ 펼치기 · 접기 ]초대2대3대4대김동광(1997)감독 대행강정수(1997~1998)강정수(1998~1999)김인건(1999~2002)정덕화(2002~2004)5대6대7대김동광(2004~2006)감독 대행김상식(2006~2007)유도훈(2007~2008)감독 대행이상범(2008~2009)이상범(2009~2014)★7대8대9대10대감독 대행이동남(2014~2015)전창진(2015)감독 대행김승기(2015)김승기(2016~2022)★★☆김상식(2022~2025)★11대유도훈(2025~)역대이름재임 기간경력비고초대김동광1997고려대 선수기업은행 선수-코치-감독바레인 국가대표팀 감독서울방송 감독97 KBL 정규 리그 2위2대강정수1997~1999중앙대 선수구단 출신(SBS 스타즈) 창단 코치기아 엔터프라이즈 코치대한민국 농구 대표팀 코치3대김인건1999~2002한국은행 선수삼성전자 감독SK 나이츠 부단장SBS 스타즈 기술 고문4대정덕화2002~2004연세대 선수기아자동차 선수국민은행 코치LG 세이커스 코치현대 하이페리온 감독삼성 비추미 감독대한민국 여자 농구 대표팀 감독KB 세이버스-KB 스타즈 감독5대김동광2004~2006대한민국 농구 대표팀 코치삼성 썬더스 감독97 ABC 아시아선수권대회 우승7년만의 재복귀SBS 인수 이후 KT&G(후신 KGC-정관장 포함) 초대 감독[14]04-05 KBL 정규 리그 3위 및 창단 최다 15연승삼성 썬더스 7대 감독 재복귀대한민국 농구 대표팀 감독대행김상식2006~2007고려대 선수기업은행 선수나산 플라망스 선수구단 출신(SBS 스타즈) 선수구단 출신(SBS 스타즈-KT&G 카이츠) 수석 코치구단 출신(KT&G 카이츠) 첫 감독 대행시즌 중 사퇴6대유도훈2007~2008연세대 선수현대전자/현대 다이냇-걸리버스 선수현대 걸리버스 코치KCC 이지스 수석 코치LG 세이커스 수석 코치시즌 중 부임KT&G-KGC 2대 감독시즌 종료 이후 사퇴7대이상범2008~2014연세대 선수서울방송 선수 출신구단 출신(SBS 스타즈) 창단 멤버구단 출신(SBS 스타즈) 선수구단 출신(SBS 스타즈-KT&G 카이츠) 코치구단 출신(KT&G 카이츠) 두 번째 감독 대행구단 출신(SBS 스타즈-KT&G 카이츠-KGC 인삼공사) 첫 내부 승격 감독KT&G-KGC 3대 감독2011-12 KBL 플레이오프 우승시즌 중 사퇴2014 대한민국 농구 대표팀 코치2014 인천 아시안 게임 금메달DB 프로미 감독17-18 KBL 정규 리그 우승하나은행 감독대행이동남2014~2015연세대 선수-[15]8대전창진[16]-고려대 선수삼성전자 선수KGC 4대 감독KCC 이지스 감독대행김승기20159대김승기2016[17]~2022중앙대 선수삼성전자 선수TG삼보 엑서스 선수동부 프로미 코치kt 소닉붐 수석 코치시즌 중 대행 내부승진[18]KGC 5대 감독16-17 KBL 통합 우승20-21 KBL 플레이오프 우승역대 KBL 첫 번째 선수-코치-감독 우승캐롯 점퍼스 감독 및 소노 스카이거너스 초대 감독10대김상식2022~2025오리온스 수석 코치-감독 대행-감독삼성 썬더스 수석 코치-감독 대행대한민국 농구 대표팀 코치-감독2019 FIBA 농구 월드컵 본선 진출15년만의 재복귀KGC-정관장 6대 감독구단 출신(SBS 스타즈-KT&G 카이츠) 감독 복귀23 EASL 우승22-23 KBL 통합 우승삼성 썬더스 11대 감독11대유도훈2025~전자랜드 엘리펀츠 수석 코치-감독 대행-감독한국가스공사 페가수스 초대 감독정관장 7대 감독17년만의 재복귀구단 출신(KT&G 카이츠) 감독 재복귀6.소속 선수 타이틀[편집]KBL 타이틀 홀더 (안양 소속 한정)시즌타이틀이름2022-2023베스트 5 (가드)베스트 5 (포워드)최우수 수비상수비5걸식스맨상변준형오마리 스펠맨문성곤문성곤박지훈2021-2022베스트 5 (포워드)최우수 수비상수비5걸3점슛상전성현문성곤문성곤전성현2020-2021최우수 수비상파이널MVP3점슛상문성곤제러드 설린저전성현2019-2020최우수 수비상수비5걸 (포워드)문성곤2018-2019신인 선수상수비5걸 (포워드)변준형양희종2017-2018베스트 5 (센터)수비5걸 (포워드)수비5걸 (센터)득점상오세근양희종오세근데이비드 사이먼2016-2017MVP베스트 5 (가드)베스트 5 (센터)수비5걸 (포워드)수비5걸 (센터)블록상파이널MVP오세근이정현오세근양희종데이비드 사이먼데이비드 사이먼오세근2015-2016스틸상이정현2013-2014우수 수비상어시스트상양희종김태술2012-20132점야투상야투상후안 파틸로키브웨 트림2011-2012신인 선수상우수후보선수상베스트 5 (가드)베스트 5 (센터)파이널 MVP오세근이정현김태술오세근오세근2010-2011신인 선수상스틸상박찬희박찬희2008-2009MVP페어플레이상베스트5 (가드)수비5걸 (포워드)주희정주희정주희정양희종2007-2008우수후보선수상베스트5 (가드)수비5걸 (가드)수비5걸 (포워드)김일두주희정은희석이현호2006-2007베스트5 (가드)수비5걸 (가드)주희정은희석2002-2003수비5걸 (가드)강대협2001-20023점야투상김성철2000-2001득점상데니스 에드워즈1999-2000신인 선수상야투상김성철윤영필1998-1999스틸상제럴드 워커1997-1998득점상래리 데이비스1997자유투상베스트5 (가드)베스트5 (포워드)정재근제럴드 워커정재근7.역대 성적[편집]챔피언 결정전 우승챔피언 결정전 준우승4강 플레이오프 진출6강 플레이오프 진출플레이오프 진출통산 팀 성적연도팀명순위전적승률플레이오프감독[19]1997SBS2위14승 7패0.6674강 플레이오프 패vs. 원주 나래 (1승 4패)김동광1997-98SBS8위18승 27패0.400-강정수1998-99SBS7위22승 23패0.489-강정수1999-00SBS5위21승 24패0.4674강 플레이오프 패vs. 대전 현대 (3패)6강 플레이오프 승vs. 원주 삼보 (3승 1패)김인건2000-01SBS4위26승 19패0.5784강 플레이오프 패vs. 수원 삼성 (1승 3패)6강 플레이오프 승vs. 인천 신세기 (2승 1패)김인건2001-02SBS6위28승 26패0.5196강 플레이오프 패vs. 전주 KCC (2패)김인건2002-03SBS8위22승 32패0.407-정덕화2003-04SBS9위18승 36패0.333-정덕화2004-05SBS3위33승 21패0.6114강 플레이오프 패vs. 전주 KCC (1승 3패)6강 플레이오프 승vs. 대구 오리온스 (2승)김동광2005-06KT&G7위27승 27패0.500-김동광2006-07KT&G6위25승 29패0.4636강 플레이오프 패vs. 부산 KTF (2패)김동광유도훈2007-08KT&G4위30승 24패0.5564강 플레이오프 패vs. 원주 동부 (1승 3패)6강 플레이오프 승vs. 서울 SK (2승)유도훈2008-09KT&G7위29승 25패0.537-이상범2009-10KT&G8위16승 38패0.296-이상범2010-11인삼공사9위16승 38패0.296-이상범2011-12KGC2위36승 18패0.667챔피언 결정전 우승vs. 원주 동부 (4승 2패)4강 플레이오프 승vs. 부산 kt (3승 1패)이상범2012-13KGC4위30승 24패0.5564강 플레이오프 패vs. 서울 SK (1승 3패)6강 플레이오프 승vs. 고양 오리온스 (3승 2패)이상범2013-14KGC9위19승 35패0.352-이상범이동남2014-15KGC8위23승 31패0.426-이동남2015-16KGC4위30승 24패0.5564강 플레이오프 패vs. 전주 KCC (1승 3패)6강 플레이오프 승vs. 서울 삼성 (3승 1패)김승기2016-17KGC우승39승 15패0.722챔피언 결정전 우승vs. 서울 삼성 (4승 2패)4강 플레이오프 승vs. 울산 모비스 (3승)김승기2017-18KGC5위29승 25패0.5374강 플레이오프 패vs. 원주 DB (3패)6강 플레이오프 승vs. 울산 현대모비스 (3승 1패)김승기2018-19KGC7위25승 29패0.463-김승기2019-20KGC3위26승 17패0.605-[20]김승기2020-21KGC3위30승 24패0.556챔피언 결정전 우승vs. 전주 KCC (4승)4강 플레이오프 승vs. 울산 현대모비스 (3승)6강 플레이오프 승vs. 부산 kt (3승)김승기2021-22KGC3위32승 22패0.593챔피언 결정전 패vs. 서울 SK (1승 4패)4강 플레이오프 승vs. 수원 kt (3승 1패)6강 플레이오프 승vs. 대구 한국가스공사 (3승)김승기2022-23KGC우승37승 17패0.685챔피언 결정전 우승vs. 서울 SK (4승 3패)4강 플레이오프 승vs. 고양 캐롯 (3승 1패)김상식2023-24정관장9위18승 36패0.333-김상식2024-25정관장6위25승 29패0.4636강 플레이오프 패vs. 울산 현대모비스 (3패)김상식2025-26정관장2위35승 19패0.6484강 플레이오프 패vs. 부산 KCC (1승 3패)유도훈KBL통산 30시즌779승 761패0.506챔피언 결정전 4회 우승정규 리그 2회 우승7.1.역대 플레이오프 상대 전적[편집]원주 DB 프로미1997 4강PO: 1승 4패99-00 6강PO: 3승 1패07-08 4강PO: 1승 3패11-12 챔프전: 4승 2패17-18 4강PO: 3패6강PO 1승4강PO 3패챔프전 1승개별 경기 합계: 9승 13패부산 KCC 이지스99-00 4강PO: 3패01-02 6강PO: 2패04-05 4강PO: 1승 3패15-16 4강PO: 1승 3패20-21 챔프전: 4승25-26 4강 PO : 1승 3패6강PO 1패4강PO 4패챔프전 1승개별 경기 합계: 7승 14패대구 한국가스공사 페가수스21-22 6강PO: 3승6강PO 1승개별 경기 합계: 3승서울 삼성 썬더스00-01 4강PO: 1승 3패15-16 6강PO: 3승 1패16-17 챔프전: 4승 2패6강PO 1승4강PO 1패챔프전 1승개별 경기 합계: 8승 6패고양 데이원 점퍼스04-05 6강PO: 2승12-13 6강PO: 3승 2패22-23 4강PO: 3승 1패6강PO 2승4강PO 1승개별 경기 합계: 8승 3패수원 KT 소닉붐06-07 6강PO: 2패11-12 4강PO: 3승 1패20-21 6강PO: 3승21-22 4강PO: 3승 1패6강PO 1승 1패4강PO 2승개별 경기 합계: 9승 4패서울 SK 나이츠07-08 6강PO: 2승12-13 4강PO: 1승 3패21-22 챔프전: 1승 4패22-23 챔프전: 4승 3패6강PO 1승4강PO 1패챔프전: 1승 1패개별 경기 합계: 8승 10패울산 현대모비스 피버스16-17 4강PO: 3승17-18 6강PO: 3승 1패20-21 4강PO: 3승24-25 6강PO: 3패6강PO 1승 1패4강PO 2승개별 경기 합계: 9승 4패인천 전자랜드 엘리펀츠00-01 6강PO: 2승 1패6강PO 1승개별 경기 합계: 2승 1패아직 원년에 창단한 구단 중창원 LG 세이커스와는 플레이오프에서 만난 적이 없다.8.역대 신인 드래프트[편집]역대 신인 지명 선수연도순번1라운드2라운드3라운드4라운드1998전체 4번윤영필(경희대, 센터)황인성(명지대, 가드)미지명1999전체 4번김성철(경희대, 포워드)손창환(건국대, 포워드)미지명2000전체 5번은희석(연세대, 포워드)오광택(고려대, 포워드)미지명2001전체 8번신동한(중앙대, 포워드)김대환(고려대, 센터)미지명2002전체 7번김태완(한양대, 센터)박성운(명지대, 가드)미지명2003전체 6번안철호(건국대, 가드)윤호진(연세대, 포워드)김봉후(동국대, 센터)2004전체 2번이정석(연세대, 가드)지명권 포기미지명2005전체 4번김광원(중앙대, 센터)김지훈[21](고려대, 가드)미지명2006전체 7번임휘종(고려대, 가드)전원석(고려대, 센터)김정윤(단국대, 가드)2007전체 3번양희종(연세대, 포워드)김동우(한양대, 포워드)미지명2008전체 7번정휘량(단국대, 포워드)지명권 포기미지명2009전체 4번Kevin Mitchell(한국 이름 : 원하준)(Texas, 포워드)김보현(단국대, 가드)미지명2010전체 1번전체 2번박찬희(경희대, 가드)이정현[22](연세대, 포워드)정재철(경희대, 가드)미지명2011전체 1번오세근(중앙대, 센터)차민석(건국대, 포워드)미지명2012전체 4번최현민(중앙대, 포워드)미지명조찬형(고려대, 가드)[23]2013전체 7번전성현(중앙대, 포워드)이대혁(건국대, 센터)미지명2014전체 6번김기윤(연세대, 가드)석종태(동국대, 포워드)미지명2015전체 1번문성곤(고려대, 포워드)미지명이한림(성균관대, 포워드)2016전체 8번김철욱(경희대, 센터)박재한(중앙대, 가드)미지명2017전체 10번전태영(단국대, 가드)정강호(상명대, 포워드)장규호(중앙대, 가드)2018전체 2번변준형(동국대,가드)미지명홍석민(동국대, 포워드)[24]2019전체 2번김경원(연세대,센터)미지명임기웅(성균관대, 가드)박건호[25](중앙대, 센터)2020전체 5번한승희(연세대,센터)미지명양승면(성균관대, 가드)2021전체 10번조은후(성균관대, 가드)주현우(건국대, 포워드)미지명2022전체 9번고찬혁(경희대, 가드)유진(동국대, 포워드)미지명2023전체 10번나성호(단국대, 포워드)표승빈(한양대,포워드)미지명2024전체 1번박정웅(홍대부고, 가드)소준혁(명지대, 가드)2025전체 1번문유현(고려대, 가드)송한준(광신방송예술고, 포워드)9.역대 마스코트 및 엠블럼[편집]빛돌이흰 솔개홍이장군레드부안양 SBS 스타즈안양 KT&G 카이츠안양 한국인삼공사안양 KGC인삼공사안양 정관장 레드부스터스1997~20052005~20102010~20112011~20232023~마스코트는 SBS 서울방송의 개국 마스코트와 같은 '빛돌이'다. 상당히 아스트랄하고 신박한 캐릭터로 일단 무슨 생물인지 분간이 잘 안된다. 1993년 과학 엑스포 등의 영향을 받은 것으로 보인다. 팀명이 스타즈라 별모양 마스코트도 한때 존재했으나 얼마가지 못했고, KT&G에 인수되면서 팀명이 KITES[26]로 바뀌었다. 프로야구팀과 달리 대개 한국 프로농구팀은 마스코트보다 구단이 소속된 모기업의 상품명으로 불리기 때문에, 카이츠로 팀명이 바뀌고 나서는 담배로 불렸다. 이후 KT&G와 인삼공사가 분리경영을 시작하면서 인삼공사로 구단 경영권이 넘어갔고 지금은 팀명없이 KGC인삼공사라는 모기업명만 들어가, 마스코트는 자연스럽게 '홍이장군'이 되었다. KGC로 바뀌고 난 후에도 담배로 불리지만 인삼으로도 불리게 되었다. 2010-11 시즌에는 모기업명이 한국인삼공사였기에 그때의 영향도 있다. 홍이장군은 3등신, 8등신 두 가지 버전이 있고 실제 경기장을 찾아도 두 버전의 마스코트들이 함께 춤을 추는 광경을 볼 수 있다.10.역대 유니폼[편집]자세한 내용은안양 정관장 레드부스터스/유니폼문서를 참고하십시오.11.주요 시즌 (우승)[편집]11.1.2011-12 시즌[편집]안양 KGC인삼공사 2011-2012 우승 멤버정규36승 18패, 승률 0.667, 정규 리그 준우승, 최다 8연승포스트4강 PO 3승 1패 (vs 부산 kt), Final 4승 2패 (vs 원주 동부)감독이상범코치스티브 영 |이동남가드김태술|박찬희|은희석|박상률|김보현포워드김성철|양희종|이정현|김일두|차민석|김종학센터김광원|오세근용병로드니 화이트(~2011.12) 알렌 위긴스 (~2012.1)크리스 다니엘스타이틀파이널 MVP (오세근), 신인상 (오세근), 식스맨상 (이정현)베스트 5 (김태술, 오세근)사실 모두 기대한다는 말을 하기는 했지만 모든 것이 미지수였다. 박찬희와 이정현은 신선한 신인이지만, 그들이 주전으로 뛴 인삼공사는 9위라는 성적을 기록했고, 상무에서 돌아온 양희종이 입대 전 시즌처럼 주전으로서 자신의 롤을 다하기엔 김일두, 이정현, 김성철 등 포지션이 겹치는 부분이 많아 그림을 그려낼 수 없었고 SK에서 활약했던 신인왕 출신의 가드 김태술 역시 상무가 아닌 공익을 다녀온 것이 경기 감각적인 부분에서의 활약은 미지수였고 안양에서 맞는 첫 시즌과 동료들과의 호흡 또한 우려되는 부분이었다. 최대어로 뽑은 오세근 역시도 대학 시절의 기량을 그대로 보여 줄 수 있을지도 확실한 것이 아니었다. 거기에 주전급 선수들이 모두 2010 광저우 아시안 게임, 2011 존스컵 등에 차출되었기에 하계 시즌 제대로 된 훈련도 하지 못한 것도 모두를 우려케 만들었다.2011-12 시즌 시작 후 2연패를 했으나 3연승으로 반전에 성공했다. 그리고 상승세를 제대로 타면서 2라운드, 선두 동부와 1.5게임 차 2위로 부상했다. 8연승을 기록한다. 그러나 2012년 1월,41점이라는 한 경기최소 득점 불명예를 안으면서 동부에게 패배. 동부는역대 최소 득점 승리(52점) 타이 기록을 세웠다.[27]이날 이후부터 마지막 라운드까지 결국 동부와의 게임 차를 좁히지 못하고 정규 시즌 우승과는 거리가 멀어지게 된다.2012년 2월, kt를 격파하며 정규 리그 2위를 확정. 그러나 그 이후 무기력한 경기력으로 팬들의 우려를 샀고, 이상범 감독은 본인의 안일한 코칭을 사과하는 사과문까지 홈페이지에 게재하게 된다. 그리고 직행한 4강 플레이오프에서 kt를 만나, 안양에서 2승을 선취했다. 3차전을 내줬지만, 부산에서 열린 4차전에 대승을 거두면서 마침내 창단 첫 챔프전 진출에 성공했다.누구나 불리하다고 생각한원주 동부 프로미와의챔프전에서 먼저 1차전을 내줬지만, 2차전 원정을 잡아내고, 3차전을 내줬지만 다시 4차전을 잡으면서 따라갔다. 그리고 5차전을 대승으로 잡으면서 시리즈의 승기를 잡은 후, 6차전17점차까지 뒤진경기를 미친 듯이 따라잡으면서양희종의 결승골로 승리, 마침내창단 첫 우승에 성공했다.창단한 지 무려20년만의 일이다. 첫판은 지고 2차전은 이기고 3차전은 지고 나머지 경기는 전승으로 우승.11.1.1.인삼신기[편집]안양 KGC의 전성기를 상징하는 선수들을 지칭하는 별명으로, 당시 KBL의 인기와 더불어 가요계에동방신기가 있다면 농구계에는인삼신기가 있었다.인삼신기 시즌 1양희종,오세근,박찬희,김태술,이정현으로 구성된 젊은 KGC의 선수들을 일컫는 말. 보통 인삼신기 하면 이 다섯 명을 지칭하는 말이다. 실제로 모 기자의 증언에 따르면이상민이후 KBL 최고의 아이돌이라는김선형이 홀로 소녀팬을 담당하는 것에 비해, 안양은 김선형 같은 선수 다섯이 각자 다른 계층의 팬 타겟을 담당하며 인기몰이를 한다고 한다. 입대 전부터 여성팬들에게 인기가 많았던 연대 출신의 양희종, 김태술과 함께, 데뷔 시즌부터 10대 팬들의 전폭적인 지지를 업고 시작한 박찬희, 이정현, 그리고 압도적인 플레이로 남성 팬까지 책임지는 오세근은 안양만의 팀이었던 KGC의 전국구 팬층을 확립하는 데 이바지했다. 경력도 없고 패기만 있는 팀이란 소리를 들었지만, 그 패기로 우승까지 한 셈이니, 안양은 인기와 성적 두 마리 토끼를 모두 잡은 셈.인삼신기 시즌 2기존 양희종, 오세근, 박찬희, 이정현에 김태술과 트레이드되어 온강병현과 신인으로 뽑힌김기윤과문성곤을 일컫는 말. 비주얼만 보면 리그 우승이다. 팀이 잘나가고 안양의 원래 팀 색깔인 속공과 쇼타임 농구로 인기를 끈 것을 보면, 팬들 사이에선 또 우승하는 것 아니냐하는 기대감에 부풀었다. 다만 우승은 이듬해인 2016-17시즌에 한희원과의 트레이드로 박찬희가 이적하고서야 이루어졌다.이후 이정현이 FA로 팀을 떠나고 김기윤이 트레이드가 되었으나 그 빈자리를우리의 영원한 물주 kt에게서 얻어온이재도, 박지훈, 변준형으로 채우게 되면서 인삼신기 3기가 새롭게 결성되었다. 하지만 챔프전 우승을 한 2020-21 시즌에 박지훈이 군입대를 함에 따라 완전체격은 되지 못했다는 옥의 티가 있으며, 이재도마저 우승 후 창원 LG로 이적했다.그 후 박지훈이 전역하고 2022-23 시즌 와이어 투 와이어 우승을 하면서 다시금 인삼신기가 주목받나 했지만, 이 우승을 끝으로 원년 멤버였던 양희종이 은퇴하고 오세근은 SK로 이적했으며, 문성곤마저 kt로 이적했다. 설상가상으로 우승 이후 변준형은 입대하고 2022-23 시즌 전 전성현도 이미 고양으로 떠난 상태. 다른 원년 멤버들도 전부 이적 혹은 은퇴를 해버린지라 인삼신기는 사실상 예전의 추억으로 떠나보내게 되었지만, 팬들 사이에서는 영원히 잊을 수 없는 기억이 될 것이다.[28]11.1.2.2011-12 프로농구 챔피언 결정전 (우승)[편집]2011-2012 KB국민카드 프로농구 챔피언 결정전문서 참고11.2.2016-17 시즌[편집]안양 KGC인삼공사 2016-2017 우승 멤버정규39승 15패, 승률 0.722, 정규 리그 우승, 최다 9연승포스트4강 PO 3승 0패 (vs 울산 현대모비스 ), Final 4승 2패 (vs 서울 삼성)감독김승기코치손규완,손창환가드0.박재한1.김경수 2.김기윤3.이정현5.이원대6.강병현7.김종근28.키퍼 사익스포워드4.한희원8.최현민10.문성곤11.양희종13.석종태 23.전성현센터9.김민욱32.김철욱41.오세근55.데이비드 사이먼용병마이클 테일러 (2017.05)타이틀파이널 MVP (오세근)베스트 5 (이정현, 양희종, 오세근)2016-2017 시즌 개막 전 미디어데이에서 김승기 감독이 우승할 수 있을 것이라고 장담을 했다. 우리가 챔피언 결정전에 올라갈 것이고 상대를 찾고 있는데 그게 어느 팀이 될지 모르겠다며 웃었다. 그리고는 정규 리그를 39승 15패로 마친 뒤에 4강 PO에서 유재학 감독의울산 모비스를 만나 3승 0패로 스윕한 후에 이상민 감독의 삼성과의 경기에서 6차전 이정현의 짜릿한 레이업 슛 성공으로 통산 두 번째 챔프전 우승과 사상 첫 통합 우승을 이뤘다.11.2.1.2016-17 프로농구 챔피언 결정전 (우승)[편집]2016-2017 KCC 프로농구 챔피언 결정전문서 참고11.3.2020-21 시즌[편집]안양 KGC인삼공사 2020-2021 우승 멤버정규30승 24패, 승률 0.556, 정규 리그 3위, 최다 6연승포스트6강 PO 3승 (vs 부산 kt), 4강 PO 3승 (vs 울산 현대모비스), Final 4승 (vs 전주 KCC)감독김승기코치손규완|손창환가드박재한|이우정|전태영|박형철|이재도|변준형|우동현|양승면포워드함준후|문성곤|양희종|한승희|전성현|정강호센터김경원|박건호|김철욱|오세근용병얼 클락(~2020.12)크리스 맥컬러(~2021.03)제러드 설린저|라타비우스 윌리엄스타이틀파이널 MVP (제러드 설린저), 최우수 수비상 (문성곤), 3점슛상 (전성현)11.3.1.2020-21 프로농구 챔피언 결정전 (우승)[편집]2020-2021 현대모비스 프로농구 챔피언 결정전문서 참고11.4.2022-23 시즌[편집]안양 KGC인삼공사 2022-2023 우승 멤버정규37승 17패, 승률 0.685, 정규 리그 우승, 최다 10연승포스트4강 PO 3승 1패 (vs 고양 캐롯), Final 4승 3패 (vs 서울 SK)감독김상식코치최승태|조성민가드이우정|배병준|변준형|박지훈|고찬혁|조은후포워드유진|정준원|함준후|문성곤|양희종|한승희|주현우센터김경원|김철욱|오세근용병오마리 스펠맨|대릴 먼로|렌즈 아반도타이틀파이널 MVP (오세근), 최우수 수비상 (문성곤), 베스트 5 (변준형, 오마리 스펠맨)식스맨 상 (박지훈), 감독상 (김상식)11.4.1.2022-23 프로농구 챔피언 결정전 (우승)[편집]2022-2023 SKT 에이닷 프로농구 챔피언 결정전문서 참고12.구단 현황[편집]12.1.선수단[편집]자세한 내용은안양 정관장 레드부스터스/선수단문서를 참고하십시오.안양 정관장 레드부스터스역대 주장(SBS-KT&G-한국인삼공사-KGC 시절 포함)[ 펼치기 / 접기 ]19971997~19981998~19991999~20002001~2004조신영워커은희석2005~20072007~20092009~20102010~20112011~2013양희승주희정은희석김성철은희석2013~20142014~20232023~20242024~20252025~박상률양희종정준원정효근박지훈안양 정관장 레드부스터스2026-27 시즌선수단[ 펼치기 · 접기 ]감독유도훈코치수석코치최승태·코치양희종스태프스카우팅 코치변영재·매니저소순형·전력분석원 겸 D리그 코치이대혁·통역신성환·트레이너이기호·장현준가드1김진영·2김세창·4박정웅·5변준형·6박지훈C·12아반도·24문유현포워드7표승빈·10허일영·14주현우·21이대헌·25토마스·35김준형·44송한준·51한승희센터13박찬호·15김종규·33무니타 한국프로농구 구단 명단* 본 문서는 간소화한 것입니다. 선수단에 대한 자세한 정보는여기를 참고하시기 바랍니다.12.2.응원단[편집]안양 정관장 레드부스터스역대 응원단장(SBS-KT&G-KGC 시절 포함)[ 펼치기 · 접기 ]초대2대3대4대조지훈(1999~2001)김주일(2004~2014)★정영석(2014~2015)홍창화(2015~ )★★☆★안양 정관장 레드부스터스2026-27 시즌응원단[ 펼치기 · 접기 ]장내 아나운서응원단장허지욱信홍창화치어리더 (레드홀릭)강수경★·정차연·송민교·차예나·서예은·최예린·이채원·김예빈·전채원·정서현·나수린·백선영·박슬비전통적인 수도권 치어리더들의 강세이며 KBO 리그 야구에 진출한 유명 치어리더들이 거쳐갔다. 과거에이펙스 커뮤니케이션스와트윙클에서 응원단을 구성했다. 그 시기 인기 치어리더들의 대서막이었다. 2023-2024 시즌에는 1년 전 2022-2023 시즌 포함정엔터테인먼트로 응원단을 재구성했다. 2024-2025 시즌부터에이펙스 커뮤니케이션스에서 치어리더들이 복귀를 했다.가장 최근이었던 2018-2019 시즌부터 2022-2023 시즌까지 트윙클 멤버들 중김지민을 시작으로김해리,박소영,유하영,원현정,이연진이 해당된다. 이들은 같은 연고인 K리그2의FC 안양치어리더로도 알려졌다. 하지만, 2023-2024 시즌 개막을 앞두고 소속사와의 결별 이후 일부 멤버들은수원 KT 소닉붐으로 이적하게 된다. 2024-2025 시즌에는박소영은 팀장으로고양 소노 스카이거너스로 이적하게 되었다. 1년 뒤이연진또한대구 한국가스공사 페가수스로 이적하게 되었다.치어리더들과는 다르게 장내 아나운서인허지욱MC와 응원단장인홍창화응원단장은 최장수로 알려졌다. 특히나 창화신이라 불리며 대전 연고의 한화 이글스 야구단에 활약하는 레전드인 홍창화 응원단장은 10대 학창 시절을 안양에서 보냈다. 2024-2025 시즌에는 같은 남매 배구팀인대전 정관장 레드스파크스응원단장으로 진출하게 된다. 1년 전허지욱MC는 이미대전 정관장 레드스파크스장내 아나운서를 맡기도 했다.2023-2024 시즌에는 현LG 트윈스야구 응원단에서 활약하는정엔터테인먼트로 교체되었다. 1년 전 2022-2023 시즌 멤버들이 가세했으나 1년 뒤 정식으로 응원전을 치렀다. 이로 인해 LG 트윈스 야구에서 활동하는 치어리더들이 대거 합류하게 되었다. 과거 2012-2013 시즌부터 2014-2015 시즌까지 담당하다 무려 9년 만에 담당하게 되었다. 이들은인천 신한은행 에스버드와 배구팀인대전 삼성화재 블루팡스그리고 일부 멤버들 중충남 아산 FC에서도 같이 활약하게 된다.원민주치어리더의 복귀와차영현치어리더의 이적과 함께 새로운 응원단을 구성하게 된다. 멤버들 중원민주치어리더와김이서치어리더는 2016-2017 시즌 구단의 창단 첫 통합우승 시절을 함께한 이후 6년뒤인 2022-2023 시즌 재복귀 멤버들이다. LG 트윈스 야구의 경우차영현치어리더가 멤버들을 총 관리하는 팀장이지만 안양 정관장 레드부스터스 레드홀릭의 경우 전신이었던 안양 KGC인삼공사 시절에 응원을 시작한원민주치어리더가 과거 경력과 재복귀로 인해 팀장으로 활약을 했다. 구단 공식 계정에는 2022-2023 시즌과 2023-2024 시즌 팀장이 바로 원민주였다. 정엔터테인먼트 치어리더들은 2024-2025 시즌을 끝으로 떠나게 되었다. 2024-2025 시즌은 차영현 치어리더를 제외한 남은 치어리더들은 원민주 치어리더 팀장 체제로 통합 삼성 남녀 농구팀들인서울 삼성 썬더스와용인 삼성생명 블루밍스로 이적하게 된다. 1년 뒤 원민주 치어리더가 떠나면서 2025-2026 시즌은 차영현 치어리더는서울 삼성 썬더스와용인 삼성생명 블루밍스의 신임 팀장이 되었다.2024-2025 시즌에는김한나치어리더가 5년 만에 팀장으로 돌아오게 되었다. WKBL에서청주 KB 스타즈의 우승 시절 치어리더로 활약했으나 정작 KBL 응원 경험이 부족한 고참급인정가예치어리더도 같이 합류하게 된다. 소속사는KIA 타이거즈의에이펙스 커뮤니케이션스에서 맡게 되었다. 2021-2022 시즌대구 한국가스공사 페가수스의 창단 치어리더와 2023-2024 시즌고양 소노 스카이거너스의 창단 치어리더를 맡기도 했다. 과거 농구 기준으로 수도권 구단인부천 하나은행에서 3년간 활약했던 경험이 있다. 이외 KOVO에서도 수원 연고 남매 구단인수원 한국전력 빅스톰과수원 현대건설 힐스테이트에서 오랫동안 활약하고 있다. 2025 대한민국 농구 국가대표팀의 평가전에서 치어리딩을 했다. 2025-2026 시즌도 함께하게 되었다. 김한나는 은퇴를 하게 되면서 부팀장을 맡고 있었던정가예는 팀장으로 승진하게 되었다. 경기 일정에 따라유세리부팀장 또한 팀장직을 수행하게 되었다. 그러나, 2026년 4월 4일 정관장의 치어리더 및 이벤트 대행을 맡은 대행사 직원의 욕설 및 폭언으로 인해정가예팀장은 치어리더 활동을 중단하면서 농구 팬들에게 안타까움을 주었다. 해당 사건은 KBL 센터에 신고되었다.2026-2027 시즌 개막을 앞두고 치어리더가 다시 한 번 교체되었다.[29]정엔터테인먼트에서키움 히어로즈치어리더로도 활동 중이며 지난 시즌S더비를 나눠서 맡았던 이른바 '용경아라인'의 멤버들이 맡게 되었다. 정작 수장인 용경아는 2025-26 시즌서울 SK 나이츠에서 서현숙/박기량 사단의 협업을 하다 '차영현라인'이 담당하고 있는 정엔터의 남자농구계의 본진인서울 삼성 썬더스로 이적하고 그녀를 제외한 나머지 멤버들이 안양으로 내려오며 이른바 '용경아 없는 용경아 라인'이 맡는 그림이 만들어졌다. 이로써서예은은 3년 만에 안양에 복귀하게 되었으며, 썬더스의 간판 치어리더로 평가받던강수경또한 그녀가 치어리더로 데뷔했던 팀을 떠나 안양으로 내려오게 되었다.[30]13.응원 문화[편집]자세한 내용은안양 정관장 레드부스터스/응원 문화문서를 참고하십시오.14.팬덤의 성향[편집]기본적으로는 팬덤 규모는 작지만 연고지를 오래 유지해 충성도는 뛰어난 편이다.[31]큰 경기에서의 응원화력도 상당한 편이고안양권출신의 지역 골수팬들은 강성인 부류들도 꽤 많다. 팬덤 규모에 비해 원정에서의 화력이 좋은 이유도 원정은 주로 충성도 높고 화력이 강한 안양의 코어팬덤이 다니기 때문이다. 이런 충성도와 행동력 덕분에사이먼에게 돈을 모아 트로피를 선물하고단체 트럭시위를 하는 등 단합력도 꽤 좋은 편이다.크게 지금의 안양 팬덤은 SBS나 KT&G 시절부터 응원해온 골수 팬들과 인삼신기 이후의 신규 유입층으로 나뉜다. 올드 팬 중에는 30대~40대 남성 팬 정도가 대부분이고 신규 유입층은 커플 팬 등 라이트팬이나 소위 얼빠라고 불리는 소녀 팬도 상당히 많다. 그러나 팬들이 전체적으로 매너가 좋아 다른 일부 구단들과 달리 올드 팬덤과 신규 유입층의 갈등은 거의 없다. 팬들의 좋은 매너는 선수나 응원단과의 좋은 상호 작용으로도 이어진다. 선수들이 로비를 지나다니면서 소통과 팬 서비스를 해 주는 KGC 특유의 로비 문화나홍창화와 치어리더들과 함께 서포터즈 300을 정착시키는 데 큰 역할을 했다. 2019-20 시즌부터 남성팬 두 명이 원정 서포터즈를 자발적으로 결성해 단관을 한다.다만 구단이 2021-22 시즌 종료 이후김승기감독과 FA전성현을고양 캐롯 점퍼스로 떠나보내고 보상금으로 때우는 관행이 계속되자 팬들은 트럭시위를 기획하는 등 구단 운영에 불만이 많다. 결국 전임 단장이었던 전삼식이 나가고김상식감독을 선임하고 전성현의 대체자로렌즈 아반도를 아시아 쿼터로 영입하면서 상황이 수습되었다. 그러나 그다음 시즌문성곤과오세근을 떠나 보내는 대형 사고를 치면서 전 시즌 우승을 하고도 우승 분위기를 못 내고 팬들은 다시 한번 실망감을 내비치고 있다. 2023-24 시즌 홈 개막전 때 일부 팬들이 구단 운영을 비판하는 플래카드를 들며 시위를 했다. 위에 서술한 행동력이 분노로 터져나온 부분이다. 우승 다음 시즌이었음에도 평균관중수도 굉장히 낮아졌다.25-26시즌부터는 드래프트로박정웅과문유현을 지명하고 성적도 호전되면서 다시 관중이 차고 있다. 이 시즌에는 최고 인기팀창원 LG에 이어 두 번째로 많은 관중을 유치했다.15.타 구단과의 관계[편집]15.1.원주 DB 프로미[편집]신호등 더비참고. 전 항목에 적혀있는 대로 SK와의 관계로 알 수 있듯,2011-2012 KB국민카드 프로농구 챔피언 결정전이후로 사이가 매우 험악하다. DB 팬들은 내로남불로 인삼공사와 SK를 심판빨 우승으로 몰고 가고 자신들의 과거 행태를 생각하지 않고 두 구단에 대해서 꼬투리 잡아 패악질을 부린다. 게다가 양 구단에 대해 'DB보다 우승횟수가 적은 놈들이 열폭한다'는 식으로 공격적인 태도를 보여 사이가 매우 험악하다. DB가 팬 문화가 상당히 좋지 못한 데다 타 구단에서 안티들이 상당히 많은데, 그중 인삼공사와 SK팬들이 DB를 가장 싫어하며, 악질감자라고 부르며 소위 동줌마[32]라고 불리는 극성팬들을 극혐하는 이들이 상당히 많다. 정작 아이러니한 것은 선수단과 코칭스태프 중에서는 안양과 DB를 오간 선수가 꽤 있던 편이며,이상범은 서울방송 농구단 시절부터 SBS의 코치를 거쳐 KGC의 감독까지 맡은 적이 있는 안양의 원클럽맨 프랜차이즈 출신이라는 점이다. 이상범 전 감독을 보좌했던김성철전 코치 역시 오랜 시간 KGC에서 선수생활을 했다.2024~2025 시즌정효근과김종규,최성원과김영현이 맞트레이드되어 유니폼을 바꿔 입었다.15.2.수원 KT 소닉붐[편집]역사적으로 봤을 때 농구 갤러리 등 국내 농구 관련 커뮤니티에서 'kt가 정관장에 조공한 선수 모음'을 만들 수 있을 정도다. 2번의 우승을 일구고 떠난이정현부터[33]이재도,박지훈,변준형으로 이어지는 막강 가드진까지 상당히 많다. 이와 더불어김승기감독과손규완수석 코치까지 kt에서 코치를 하다가 안양으로 넘어왔으니 이 리스트는 상당히 방대해진다.안양 팬들은 박지훈-김윤태 트레이드와 일명 변거박 사건으로 좋은 선수들을 퍼주다시피 한 kt의서동철감독을 명예 감독으로 임명하자는 농담을 서슴없이 주고받는 편이다. 여기에 분노한 일부 kt 팬들이 말썽을 피우는데,허훈을 들먹이며 갑자기 억지로 변준형을 까내린다든지 하는 것이다.특히 2020-21시즌 kt가 시즌 초반 부진을 극복하고 7연승을 달리자 기세등등해진 부산의 악성 팬들이 변준형의 인성을 트집 잡아 선수를 원색적으로 비난하기에 이르렀다. 이에 kt 팬들은 '니들이 지명권 잘못 쓰고 왜 인삼한테 화풀이냐'면서 농구 팬들에게 까이는데 오히려 안양의 팬들은 그래봤자라며 무시하는 분위기다.2021-22 시즌을 앞두고 kt가 수원으로연고이전을 하면서 농구판지지대 더비가 성사되었다. 이로 인해 안양의 최대 숙적은 기존원주 DB 프로미에서 kt로 넘어갈 가능성이 커졌는데, 몇 년간 쌓여온 험악함에 가까운 거리, 그리고 과거 축구계의 지지대 더비로 인한 두 지역 올드 스포츠팬들의 라이벌 의식까지 양 팀의 라이벌리에 기름을 부었다. 다만 구단 생존의 문제가 걸린 사항이 컸지만, 연고 이전 과정에서 팬들에게 이를 사전에 먼저 밝히고 선수단의 인사 등으로 작별을 고하는 형태로 2020-21 정규 시즌 홈 최종전에서 고별 행사를 하는 것을 선택한 덕분에 대구로의 연고 이전을 팬들이 이해해 주고 현재까지도 인천 지역의 농구 팬덤이 남아 있는대구 한국가스공사 페가수스와는 달리 부산을 연고로 하는 부산 지역 농구 팬들은 과정이 매끄럽지 못한 연고 이전으로 인해 대다수가 kt를 떠난지라[34], 수원 연고의 신생 팬덤과 라이벌리를 형성할 가능성이 더 높은 편이다.2020-21 시즌 6강 PO와 2021-22 시즌 4강 PO에서 맞대결을 펼쳐서 두 번 모두 KGC가 상위 라운드에 진출했다. 2022-23 시즌에김상식이 안양 KGC인삼공사의 제10대 감독으로 선임되어 서동철과 1968년생 고려대 87학번 동문 맞대결이 성사되었다.2023-24 시즌부터문성곤이 kt 소속으로 뛰면서 사연이 많아졌다.2024-25 시즌을 앞두고고찬혁과박찬호가 맞트레이드 되어 유니폼을 갈아입었다.15.3.서울 SK 나이츠[편집]2010년대 리빌딩에 성공한 이후 2020년대 통합 우승과 함께 슈퍼팀이 된 수도권 레드 라이벌전으로, 명칭은K더비다.아이러니하게도 타 구단 중 KGC 팬들과 SK 팬들은 사이가 가장 좋은 라이벌전인K더비다. 심지어 자팀 아니면 다 배척하는 성향이 짙은 디시인사이드농구 갤러리에서도 양측 팬들은 친하다. 다만 옆의안양종합운동장을 홈구장으로 사용하는K리그1의시민 구단FC 안양이 있기에 혹여나FC 서울팬을 겸하는 나이츠의 팬들은 FC 서울 머플러나 패딩 등을 입고 원정 응원을 가는 행동은 자제하는 게 좋다.[35]몇몇 FC 안양의 팬을 겸하는 인삼공사 팬들이 눈치를 주기 때문.애초에 둘 간에 서로 충돌할 만한 사건사고가 없다시피 하기도 했지만[36]결정적으로 양 팬들 간의 사이가 좋아진 이유는 둘 모두원주 동부-DB와의챔피언결정전도중에 생긴 DB 팬들과의 싸움으로 인해동질감을 느꼈기 때문이다.우선 안양이원주 동부를 상대로 챔피언 결정전 우승을 차지한 이후 원주의 극성 팬덤은 안양의 화력 약한 코어 팬덤을 상대로 수많은 만행을 저질렀다.[37]대표적인 것이 깡패공사라는 프레임이나, 세근아 목 그어 줄까 살해 협박 플레카드, 2012년 우승이 심판빨이라는 도를 넘는 주장 등이 있다.관련 자료그 이후 6년 동안 인삼 팬들이 동부 팬들에게 분노가 쌓여 가던 당시, 2018년 SK는 동부를 잇는 DB를 상대로[38]2패 후 4연승으로 우승을 차지했다. 그러자 DB의 팬들은 또다시 온라인상에서 SK의 팬들을 SKBL빨로 우승했다는 둥 마녀사냥을 했다.관련 자료이에 가장 적극적으로 대항해 준 팬덤이 원주 팬들에게 분노가 쌓여가던 안양 팬들이었다. 이후 SK 팬들과 인삼 팬들은 꽤 가까운 사이가 되었고 DB 팬들의 마녀사냥에 함께 대항해 주는 사이가 되었다.이후 2022년 챔피언 결정전에서 양측이 만나게 되었다. 비록 시리즈 중에는최준용과양희종사이에서 일어난 것 등 신경전이 있긴 했으나[39]SK가 4승 1패로 우승한 뒤에는 커뮤니티에서 서로 간에 훈훈한 덕담을 나누는 등 여전히 양측 팬들 간의 사이는 좋은 편이다.추가로 2020년대 슈퍼팀들로EASL(동아시아 슈퍼리그)에서도 치열한 맞대결을 하게 된다.2022~2023 시즌 EASL 결승에서 맞붙었고, 멋진 경기력 끝에 KGC가 우승을 차지했지만 둘 모두 많은농빠의 찬사를 받았다.2022~2023 시즌을 끝으로 은퇴하는양희종에게 선수 생활 모습이 담긴 퍼즐 액자를 선물하는 등 훈훈한 모습을 연출했다.2022~2023 시즌 이후 안양 출신인최성원은 FA를 통해 정관장으로 이적했다.2022~2023 시즌 이후 KGC의 팀 그 자체라고 할 수 있는 프랜차이즈 스타오세근이 KGC에서 SK로 이적했다. 이적 과정에서 KGC-정관장 구단의 프랜차이즈 스타에 대한 예우 등에 심각한 문제가 있음이 언급되면서 파장을 낳았다. 이로 인해 상당수의 KGC-정관장 팬들이 SK로 이동할 조짐을 보이고 있다.2023-2024 시즌 EASL 4강에서도 맞붙게 된다. SK가 정관장에 승리하며 결승에 진출했다.그리고 두팀 다 차기영구 결번후보를 놓치는 병크를 저지르고 말았다.[40]15.4.서울 삼성 썬더스[편집]프로 원년 시절부터 수도권 라이벌이다. 초창기에는 고려대 출신의김동광SBS 초대 감독과김상식선수였다. 당시 삼성과 SBS-KT&G는 전력차가 커서 라이벌이 아닌 듯하나 정작 맞대결을 하면 치열했다.2000년대는 둘 사이의 KBL 프로농구 20년 차 레전드인주희정이 포함된다. 주희정은 김동광과 김상식이 직접 키운 제자다.10년대는 다음과 같다. 그 인연이 바로 연세대 출신 동문인 은희석과 이정현이고 그 이전 유도훈-이상범 시절에 드래프트로 입단한 양희종이 해당된다. 참고로, 양희종은 김현준 장학금 수여자다. 은희석은 SBS 스타즈-KT&G 카이츠-KGC 인삼공사의 몇 안 되는 프랜차이저이고 이정현은 KGC 인심공사에 데뷔했다.KGC는 2011-12 시즌 창단 첫 KBL 파이널 우승과 함께 신흥 명문 구단으로 도약했다.그리고 둘은 2015-2016 시즌 KBL 6강 플레이오프에서 격돌했다. 당시 KGC가 삼성에 3승 1패였다. 여담으로 삼성전자-수원 삼성 썬더스 출신인김승기감독이 당시 KGC의 사령탑으로 친정팀과 맞대결을 된다.2016-2017 KCC 프로농구 챔피언 결정전에서도 맞대결을 하게 된다. 당시 삼성의 사령탑인 이상민과 이상민이 키우고 있는 2 라운더 출신인 이관희가 해당된다. 추가로 이정현과 이관희의 쇼다운의 시작이었고 김승기와 이상민의 설전도 포함되었다.추가로2016-2017 KCC 프로농구 챔피언 결정전전후로이상민개인 극성팬인 이응사들의 만행으로 다소 예민한 사이인 것은 사실이다. 또한 이 당시 2차전에서 일어난이정현과이관희충돌 사건 당시에 쌍방과실임에도 불구하고 이관희에게 정의구현 프레임을 씌워 이정현만 악마로 몰고 가는 등 마녀사냥과 내로남불을 멈추지 않았다. 이후 시즌이 끝난 후 FA로 풀린 이정현을 영입하자[41]는 주장을 펼쳐 욕을 먹은 것은 욕을 먹은 것은 덤이었다. 다만 이는 이상민 개인 팬덤의 소행으로 삼성의 팀팬들과는 크게 상관이 없고, 몇 년 동안 삼성의 성적 부진 및 이상민의 팀 내 지지 여론이 약해지면서 이응사가 아닌 삼성의 팀 팬들과는 갈등이 많이 완화된 상태라는 건 옥의 티지만 KGC 팬들에게는 감정이 좋지 않은 팀이라는 것은 확실해 보인다.KGC 프랜차이즈 출신인 은희석 감독은 KCC 이지스 레전드 출신인 이상민 6대 감독이 천기범의 음주사건으로 인한 사퇴 이후 후임으로 삼성 썬더스의 7대 감독을 역임하면서 이정현을 영입하며 리빌딩을 도전했으나 성적부진으로 인해 2023년 12월 사퇴했다.2024-25 시즌을 앞두고 안양에서 데뷔한 최현민이 FA를 통해 삼성으로 이적하면서 옛 동료인 이정현과 재회했고 친정팀을 상대한다.2024-25 시즌 개막 이후이원대가 무상 트레이드로 삼성 유니폼을 입었다.2026-27 시즌을 앞두고 정관장을 지휘했던김상식감독과조성민코치가 삼성 코칭스텝으로 합류했다.15.5.부산 KCC 이지스[편집]이 둘은 2020-21 시즌 이전까지도 SBS 시절부터 매치업이 벌어질 때마다 2003-04 시즌 당시의 몰수패 사건 등 자잘한 이슈가 꽤 많이 나온 팀이지만, 이 시즌 이전까지는 포스트 시즌에서 만났을 때마다 안양이 단 한 번도 이긴 적이 없었을 정도로[42]포스트 시즌에서는 안양의 최대 천적으로 군림했기 때문에 격차가 꽤 나는 팀이기도 하다. 하지만 2020-21 시즌에 둘이 사상 처음으로 챔피언 결정전에서 만나게 되었는데 이미 시작 전부터김승기와전창진의 사제 대결, 그리고 이정현과 오세근, 양희종의 절친 대결로도 관심을 모았다. 하지만 정규 리그 1위 후 농구 갤러리 등 각종 커뮤니티에서 어그로를 끌고 다니며 반감을 산 전주 팬들은 홈콜과 플라핑 논란에 더해 4대 0 스윕패를 당하면서 체면을 제대로 구겼다.2024-25 시즌캐디 라렌과디온테 버튼이 트레이드로 팀을 맞바꿨다.15.6.고양 소노 스카이거너스[편집]팀의 전임 감독이었던김승기감독이가 소노 구단의 초대 감독이 되면서 김승기 더비가 성사됐다. 재임 시절 코치로 김승기 감독을 보좌한손규완수석 코치와손창환코치도 마찬가지로 코칭스태프로 합류했다.둘의 공통점으로는 소노 전신 오리온은 KBL D리그에 나갔으나 자금난 및 매각 문제로 말년인 3년간 나가지 않았으며 캐롯은 애초부터 자금난으로 참가를 하지 못했다. 정관장은 전신 KGC 시절부터 단 한번도 단일팀으로[43]KBL D리그에 참가하지 않았다. 이로 인해 수도권에서 KBL D리그 미참가 구단이라는 오명을 받기도 했다. 하지만 정관장과 소노 모두 2025-26 시즌부터 D리그에 참가한다.16.사건 사고[편집]자세한 내용은안양 정관장 레드부스터스/사건사고문서를 참고하십시오.17.문제점 및 비판[편집]17.1.답이 없는 구단 운영[편집]안양 정관장은 오세근이 등장하기 전까지는 그저 그런 팀에 머물렀다. SBS 시절부터 KT&G 시절까지 플레이오프는 물론 가 봤어도 대부분 최고 성적은 높아봐야 4강일 정도로 챔프전 문턱에서 늘물먹는일이 다반사였다.[44]하지만 KGC로 바뀌고 2011년 신인 드래프트에서 1순위로 오세근을 지명한 이후에 정관장은 두 번의 통합 우승과 두 번의 챔프전 우승을 합한 총 네 번의 챔프전 우승을 거두며 일약 신흥 강호 및 왕조를 구축했다. 여기에 2023 동아시아 슈퍼리그에서도 우승하며 트레블을 구축하는 등 최강팀의 면모를 유감없이 보여 왔다. 그렇기에 맘만 먹으면 얼마든지 모비스, KCC 같은 KBL의 대표 명문 프랜차이즈 구단 반열에 오르기에는 부족함이 없는 배경이 존재했다. 하지만 프런트가 어리석게도 이것을 제대로 활용하지 못했다.특히 대형 FA 선수이던이정현,이재도,전성현,문성곤,오세근등은 그야말로 인삼신기라 부를 정도로 인삼 왕조의 주역이었다. 그렇기에 SK나 KCC와 같은 제대로 된 프런트 같았으면 이들을 모조리 혹은 모조리는 아니더라도 오세근이나 전성현, 문성곤 같은 핵심급의 자원들을 재계약시켜서 왕조를 구축하는 데 일조하는 선택지도 있었다. 그러나 정관장은 지금껏 FA 시장만 봐와도 핵심 선수들에 대한 재계약을 성사시킨 사례가 손에 꼽는다.[45]오히려 하락세가 좀 보이려고 하거나, 실제 기량에 비해 과하게 오버페이 우려가 있을 경우 등에는 핵심 자원들을 팽하는 행보를 많이 보이며 팬들의 복장을 터지게 만들었을 정도.[46][47]특히 2023년 5월 18일에 일어난 오세근의 이적 사건(이른바5.18 사태)[48]은 크나큰 충격인데, 그 이적의 비하인드 스토리가 더욱 더 충격이었다. 대부분의 농구 관계자가 오세근의 잔류를 예상한 데다가 2011년부터 12년을 한 구단에 몸담았고 오세근이 안양 구단에 있는 동안 결혼도 하고 아이도 낳아서 잘 사는 등 구단에 대한 충성도가 그 누구보다도 크다고 파악했기 때문이었다.그럼에도 정관장은 오세근의 마음을 충족시켜 주지 못했다. 정관장은오세근과 문성곤 둘 다 잡겠다고 했지만말만 했을 뿐 실천으로 옮기지 못했다. 무엇보다도 협상 과정에서구단은 자신들만의 효율적인 내부 원칙이라는 원칙에만 집착하며, 인색한 자세로 일관했다.실제로 김성기 단장은변명을 가장한인터뷰에서 처음부터 오세근에게 3년을 제안했고, 이후 3년이든 5년이든 오세근의 선택에 맡기겠다고 밝혔다. 그러면서 오세근에게 처음으로 협상하는 자리에서 3년에 첫 시즌 보수 총액 7억 원을 제안했다고 한다. 그 이유는 좀 가관인데, 그것은다른 FA 선수들과의 계약을 염두에 뒀기 때문이라고 한다(...).이후 문성곤이 빠져나가면서 예산에 여유가 생겼고, 오세근에게 최고 대우를 해주겠다고 약속한 게 8억 1000만 원이었다고 한다. 그러면서 우리가 1년 계약을 제안했다는 건 오세근이 다른 팀에서 뛰어보고 싶다는 말을 듣고 단장이 정 그러면 1년만 나갔다가 다시 들어오라고 농담처럼 말했던 게 와전되었다고 한다(...). 이후에 우리가 어떻게 오세근이란 팀의 상징적인 선수에게 1년만 제안할 수 있겠느냐며, 정말 말이 안 되는 소문이라고 답답해 했다.#김 단장의 변명처럼 말도 안 되는 소문이라며억울하다고 펄쩍 뛰고, 징징 짜기야 하겠지만,그러기 싫으면 애초에 협상에 돌입하자마자 8억 1000만 원을 제시하며 최고의 대우를 안겨주고 재계약하며 오세근을 붙잡았어야 했다. 그러면 오세근이 그나마 마상을 입지 않고 재계약해서 정관장에 남아 있을 수도 있었다.[49]그러나 다른 FA 선수들과의 계약을 염두에 뒀기 때문이라는 생각을 가지고 오세근에게 보수 총액 7억 원을 제시하는 멍청한 짓을 저질렀으며, 이에 오세근은 마상을 입어야 했다.[50]이 틈을 타 SK는 KBL을 대표하는 거상답게 기회를 놓치지 않았다. 이들은'선수는 왕이다'라는 자세로 오세근의 마음을 충족시켜 주었고, 그들은 오세근에게 기간 3년, 연봉 5억 5000만원과 인센티브 2억 원을 합친 7억 5000만 원을 안겨주며, 영입을 성사시켰다. 여기에 SK는 오세근과 같은 중앙대 동문이었던김선형을 앞세워 오세근의 마음을 끌어들이도록 만들었다.[51]이에 정관장은소 잃고 외양간 고치는격으로 부랴부랴 오세근에게 SK보다 더 많은 8억 1000만 원을 제안했지만, 오세근은 이미 SK와의 협상을 마친 이후였고, SK의 이적을 결심한 뒤였다. 여기에 오세근은 정관장에게 새로운 팀과 환경에서 또 다른 우승을 하고 싶다는 입장을 전했다고 하니 정관장이 얼마나 짠돌이 같은 행보를 보였는지 드러난 셈이다.[52]그동안 정관장은 꾸준한 성적과 화수분(육성) 농구라는 이야기가 많았지만, 실제로는 FA 선수 영입 투자에 대해서는 소홀했던 적이 SBS 시절부터 꽤 많았던 편일 정도로 소극적으로 일관하고, 팀에 공헌한 구성원들에 대한 대우가 인색하다는 꼬리표가 농구 전문가와 농구 팬들 사이에서 자주 이야기가 나왔던 편이다. 사실 2010년대 들어서 오세근을 신인 드래프트에서 선발하며 우승권 강팀으로 부상한 배경도 정상적인 투자보다는 리빌딩을 명목으로 시즌 성적을 포기하면서 지명권을 노린 탱킹 덕분이었다.​물론 올스타급 선수들로 성장한 주전들의 몸값을 모두 감당하기 어려운 측면도 이해는 가지만,[53]그럼에도 은퇴를 결정한 양희종은 차치더라도 전성현, 문성곤, 오세근 등 팀의 왕조를 구축하는 데 일등 공신이었던 선수들을 끝까지 지켜보는 시도라도 했어야 했는데 그러지 못했다는 것은 그만큼 정관장의 협상력에서 문제점이 있었다는 것을 보여 주었다.[54]그 증거가 위에서도 전술했겠지만, 김 단장의 말처럼 원래 오세근에게 최고 대우를 해주겠다고 약속한 게 8억 1000만 원이었는데, 오세근이 다른 팀으로 이적하겠다는 말을 듣고 단장이'1년만 나갔다가 다시 들어오라'고 농담해버린 것(...). 이것이 사실인지 아닌지는 모르지만, 만약 이렇게 말했던 것이 사실이라면 이는 정관장 프런트가 선수를 처음부터 잡을 생각을 하지 않았다고 봐도 무방하다.안양 KGC 인삼공사 주전 5인 FA 이적 현황선수명이적한 팀이적 연도계약 기간첫해 보수 총액비고이재도창원 LG2021년3년6억 원(연봉 4.5억 / 인센티브 1.5억)2020-21 우승 후 이적이정현전주 KCC2022년3년7억 원(연봉 5.5억 / 인센티브 1.5억)FA 최대어 계약전성현고양 데이원2022년4년7억 5,000만 원(연봉 6억 / 인센티브 1.5억)김승기 감독 동행 이적문성곤수원 KT2023년5년7억 8,000만 원(연봉 5.46억 / 인센티브 2.34억)수비상 프리미엄 대우오세근서울 SK2023년3년7억 5,000만 원(연봉 6억 / 인센티브 1.5억)2022-23 통합우승 후 이적※ 보수 총액 기준은 FA 첫해 계약 체결 시점 합계 금액입니다. (이정현 계약 당시 소속은 전주 KCC, 전성현 계약 당시 소속은 고양 데이원입니다.)​2023-24 시즌 이후의 상황이기는 하겠지만, 오세근과 계약을 맺은 SK는 FA로 풀린최부경을계약 기간 3년에 보수 총액 3억 원(연봉 2억 4천만 원, 인센티브 6천만 원)으로 다시 한 번 붙잡았다. 이후 최부경은 인터뷰에서'FA 되기 전부터 SK를 떠난다는 생각을 하지 않았다. 사실 대학교에 있을 때부터 가고 싶었던 팀이었는데, 그런 팀과 계약을 계속 할 수 있어, 너무 감사했다. 그리고 SK는 우리 집이자 가족 같은 느낌이다. 다른 팀을 가보지 않았지만, SK 덕분에 좋은 환경과 좋은 분위기 안에서 운동할 수 있었다.'며 SK의 프랜차이즈 스타이자 SK 원 클럽 플레이어로 남을 것임을 다짐했다. SK와 계약 이후'우승의 여운이 채 가시기도 전에 FA 협상을 하며 큰 실망과 허탈함을 느꼈다'고 SNS에서 불편한 심경을 토로했던 오세근과는 완전히 대조적인 모습이었다.[55]어찌 되었든 이로 인해 결국 전력 누수가 크게 생기면서 정관장은 2023-24 시즌 최하위에서 두 번째인 9위를 기록했다. 이 때문에 정관장의 선수 협상력에서 문제점이 있었다는 비판을 피해갈 수 없게 되었다.[56]오세근의 SK 이적 사건은 전통적인 시작으로 봤을 때, 한 구단에서 꾸준히 헌신하며 원클럽맨이나 영구 결번이 되는 것도 존중받아야 하겠지만 한편으로 프로는 비즈니스이고 선수는 어디까지나 자신에 걸맞은 대우를 요구할 권리가 있다는 게 우선이다. 그런 점에서 오세근은 자신의 실력으로 자신이 원하는 구단을 선택할 수 있다는 것을 보여 줬다는 평가.[57]그러면 정관장은 오세근을 만족시킬 만한 대우를 안겨 주며 잔류시키는 선택지를 가져갈 수도 있었다. 하지만 정관장은 지나치게 비즈니스적으로 선수와 협상을 하면서 호불호가 상당히 갈릴 수밖에 없는 경영을 보여준 반면, SK는 결국 과감하게 투자를 하며 오세근을 영입시켰다.[58]이러한 정관장 프런트의 안일하고 인색한 짠돌이 경영과 함께 지나치게 비즈니스적인 영입 행보는 결과에 상관없이 민심에서는 호불호가 갈릴 수밖에 없어졌다. 이후 KGC 스포츠단에서 정관장 스포츠단으로 바뀌는 과정에서 안양 정관장 레드부스터스로 팀 이름을 변경했지만, 이러다 보니 농구 팬들과 전문가들 사이에서는 정관장의 하위권을 예상하는 분위기다. 그동안 정관장은 지금까지 팀 창단 이래 하위권을 전전해봤어도 가장 저조한 성적이 2010-11 시즌에 기록했던 9위였을 정도로 여러 프로 농구 10팀 중에 유일하게 단 한 번도 최하위 꼴찌를 경험하지 않은 팀이었다.그러나 위에서도 전술했듯이 프런트들의 짠돌이급 경영 스탠스와 지나치게 비즈니스적으로 다가간 협상 태도, 그리고 이로 인한 주축 선수단의 엑소더스 등 3가지가 한꺼번에 터졌기 때문에 최악의 경우 창단 이래 단 한 번도 경험하지 않았던 리그 꼴찌 예측까지 나온 적도 있다. 그렇기에 정관장이 암흑기의 늪에서 탈출하기 위해서는 그동안 보여왔던 짠돌이 행보, 인색하고 지나치게 비즈니스적인 스탠스로 나오는 운영에서 벗어날 필요가 있는 것도 사실이다. 지금까지 이러한 엑소더스가 지속되어왔던 이유가 바로 구단에서 지나치게 비즈니스적으로 선수단을 대했기 때문일 정도.[59]지금까지 정관장이 보여온 행보를 보면 NBA시카고 불스혹은뉴욕 닉스와 유사한데,짠돌이 수준의 구단 운영(시카고 불스)[60]선수 보강에 대한 소극적인 투자(시카고 불스)[61]최고의 프랜차이즈 스타를 타 팀으로 내다 팔아버리기(뉴욕 닉스)[62]프랜차이즈 스타 트레이드 이후 전력 보탬 無 수준의 선수 영입(뉴욕 닉스)[63]기량 하락의 1옵션 선수(캐디 라렌,앨런 휴스턴)를 풀개런티로 계약한 무능한 프런트(정관장 김성기 단장, 뉴욕 닉스 스캇 레이든 단장)[64][65]그리고 2023-24 시즌이 개막한 이후에 정관장은소극적이고 인색한 투자와 짠돌이식으로 운영한 것에 대한 대가를 혹독하게 치렀다.1라운드에서는 6승으로 단독 2위를 마감하는 것까지는 좋았으나,[66]이후2라운드 중반부터 본격적으로 하위권을 향한 거침없는 추락이 계속되었다.[67]스펠맨이 부상으로 복귀하자마자 거짓말처럼 연패를 거듭하며 7연패를 기록했고[68]이후 삼성을 꺾고 연패에서 탈출하기는 했으나[69]햄스트링 부상으로 결장한 먼로의 공백을 실감하며[70]연패를 거듭했고, LG에게 84:80으로 승리를 거둘 때까지 또 한 번 7연패를 기록하였다. 이후의 경기에서 정관장은 또다시 연패의 늪에 다시 빠지기 시작했으며,[71]급기야 2024년 3월 3일 소노에게 승리를 거둘 때까지안양 구단 역사상 최다 연패인 10연패를 당하는 불명예 기록까지 써버렸다. 이러한 상황이 거듭되면서 위에서도 전술했듯이 정관장 팬들 사이에서 이제는 창단 최초로 리그 꼴찌를 경험하는 것은 아닌가 우려하고 있다. 다행히도 18승 36패 승률 0.333을 기록하며 창단 최초로 최하위로 내려가는 것을 면함과 동시에 9위를 확정지었다.[72]다만 맥스웰을 잡지 못한 것은 KBL의 선수 관련 규정 때문인데, 일시 대체 계약이 만료된 이후대구 한국가스공사 페가수스등의 복수 구단이 재입찰을 한 상태였고, KBL 선수 규정상 이런 경우에는 입찰 시점의 순위의 역순으로 우선권이 주어지기 때문이다. 당시 가스공사가 정관장의 순위보다 낮았기 때문에 가스공사가 선수에 대한 우선권을 가져갔고, 가스공사와 계약이 성사되면서 자연스럽게 결별하게 된 것이다.결론적으로 정관장의 하위권 추락 원인을 정리하자면오세근, 문성곤 등 핵심 자원들을 내치는 이른바 짠돌이식 구단 운영이 끝내 부메랑으로 돌아오면서 팀을 스스로 총체적 난국에 빠지게 만든 1차적인 책임은 프런트에게[73]이를 유연하게 대처하지 못해서 팀의 하위권 추락의 2차적인 책임은 정관장 코칭스태프들에게 있다는 것이 주론이다.[74]반면 오세근을 얻어낸 SK는 단독 4위(31승 23패)로 플레이오프에 진출했으며, 문성곤을 얻어낸 kt는 단독 3위(33승 21패)로 플레이오프 진출과 2007년 이후 17년 만에 챔프전까지 올라가며 준우승을 차지했다. 공교롭게도 이 둘은 정관장으로부터 핵심 자원을 영입한 구단이었는데 이 둘 모두 정관장 프런트들의 짠돌이 행보를 보여 준 덕분에 정관장보다 높은 상위권 성적을 거둔 반면 핵심 자원들을 내친 대가로 리그 9위를 기록한 정관장의 행보와는 심히 대조적인 모습을 보여주었다. 이러한 상황에 대해 농구 팬들은'오세근과 문성곤을 각각 SK와 kt에게 원없이 기부해 주는 기부천사 행보까지 선보인 덕분에 kt와 SK가 3위, 4위를 할 수 있었음에 무한한 감사를 표한다'며 정관장 프런트들을 맘껏 조롱하고 있다. 그러나 정관장 팬들은 SK, kt는 전력 보강을 했음에도 우승하지 못했다고 맞조롱을 퍼부었다.[75][76]하지만 2024-25 시즌 오세근은 리그 우승을 차지하며 정관장을 떠나서도 우승을 맛보았다. kt는 외국인 선수 두 명을 모두 잡지 못한 이후 2024-25 시즌은 4강 플레이오프에서 탈락했고, 2025-26 시즌은 문성곤 본인도 본격적으로 하락세를 맞음과 동시에하윤기와조엘 카굴랑안의 부상 공백을 극복하지 못하고 플레이오프 진출에 실패하고 말았다.[77]이렇게 최악의 시즌이었던 2023-24 시즌이 끝나고 FA 시즌이 되었는데, 현재박지훈이 FA로 풀린 상태이다. 그러자 정관장 팬들은 그동안 비시즌에 보여줬던 짠돌이 행보를 보아서는 문성곤, 오세근에 이어 이번엔 박지훈마저 기어이 그 희생양이 될 게 분명하다고 노심초사하고 있다. 알다시피 박지훈은 평범한 일개 선수 A 수준이 아니라 2023-24 시즌 최종 평균 득점 12.1점에 팀 내 1위일 정도로 주축 핵심 에이스이자 프랜차이즈이다. 이에 팬들은 박지훈을 지키기 위해지미 기사단을 자체적으로 결성하며, FA가 되었을 경우 박지훈을 무조건 잡으라고 구단에게 우회적인 요구를 하고 있다.얼마나 정관장이 짠돌이식 운영을 했으면 팬들이 이랬을까?오죽하면 이류농구 TV에 출연한 민준구 기자는 박지훈 지킴이를 자처하며'지미 기사단'을 자체적으로 꾸린 팬들의 모습에 슬프다는 말을 했고, 원석연 기자는'노이즈, 돈, 낭만 이야기가 하나도 안 나오게 구단이 낭만을 지켜줬으면 좋겠다.''박지훈이 낭만을 만드는 것이 아니라 구단이 낭만을 만들어줬으면 좋겠다.'는 말을 하며 FA영입에 소극적인 행보를 보인 정관장을 우회적으로 비판할 정도였다.1:17:41부터물론 같이 출연한 류동혁 기자는 정관장은 무조건 박지훈을 잡을 수 있을 것이라는 주장을 하기는 했다. 또한 가스공사와의 마지막 홈경기를 마친 후에 박지훈 본인은'다음시즌에도 짱삼이(정관장 팬 애칭)들과 함께 했으면 좋겠습니다'라는 입장을 밝히며 잔류 의지를 드러냈다.#그러나 정관장 외에도 가드 보강을 원하는 팀들에게 많은 관심을 받고 있는 데다가 에어컨 리그 때마다 핵심 FA 선수를 내치는 짠돌이 짓으로 악명이 높은(?) 정관장이기에 재계약으로 이어지리라는 보장은 없을 수 있다. 위에도 전술했겠지만 kt로 이적한 문성곤이 다음 시즌에도 함께 하고 싶다며 잔류 의지를 밝혔으나, 정관장 프런트들의 짠돌이 행보와 멍청한 수준의 협상으로 인해 문성곤을 놓친 전력이 있기 때문이다.다행히도 박지훈과 2024년 5월 13일 계약 기간 3년 연봉 5억 5천만원에 계약에 성공해 다른 팀에 빼앗기지 않고 군에서 제대할 변준형 최성원과 함께 가드 3명 주축으로 활약할 수 있게 되었다. 이에 정관장 팬들은 정관장 프런트들이 오랜만에 제대로 일을 했다는 반응이 주를 이루고 있으며, 혹자에서는 작년 오세근의 이적 사건 즉,5.18 사태로 인해 분노한 팬심을 달래기 위해 박지훈과 재계약했다는 소문이 파다하게 돌고 있을 정도이다.[78]실제로 2024년 5월 8일 이류농구TV에서 원석연 기자는'단순히 FA로 박지훈 한 명을 잡는 것이 아니다. 박지훈과의 재계약은 그 동안 비시즌마다 핵심 선수들의 타 팀 이적으로 인해 상처받은 안양의 민심과 팬심을 동시에 잡는 일과 같다.'라고 주장했다.(1:49:58 부분)이에 프런트들은 박지훈과 재계약하며 오세근의 SK 이적으로 분노한 팬심과 안양 팬들의 민심을 달래주었다. 만약 정관장이 작년 오세근을 내다 팔았듯이 이번에도 박지훈을 타 팀으로 내다 팔았다면 그야말로전력 누수로 인한 구단 최초로 최하위 확정은 물론, 작년 트럭 시위 그 이상으로팬심과 민심은 완전히 정관장에서 떠나버렸을 것이다.이후 라렌을 KCC에 보내고 디온테 버튼을 들여왔으며, 2옵션을 클리프 알렉산더에서 조니 오브라이언트로 교체했다. 여기에 2023년에 영입했던 정효근과 최성원이 모두 출전 시간 이슈로 이적을 요청하면서 DB와의 트레이드가 성사되었고,김종규와김영현을 데려왔다. 그러면서 정관장은 버튼과 오브라이언트의 합류로 인해 무서운 상승세를 탔고,마침내 1월 28일(화) 소노와의 최하위 결정전 매치에서 94:69 25점차로 짓누르며, 정확하게 한 달 만에 꼴찌 탈출에 성공+극적으로 6강 진출이라는 성과를 거두었다.시즌 종료 이후 정관장은 김상식 감독과 결별한 다음조금 더 올라가고자 하는 마음으로 새로운 감독을 선임했는데... 하필 새로 온 감독이무관의 제왕유도훈이다. 이에 농갤과 정관장갤에서는 김성기 단장이 말했던조금 더 올라가고자 하는 마음이 결국은조금 더(우승 기피하고 플레이오프 안정권에) 올라가(서 머물)고자 하는 마음이라고 까이고 있다.[79]다만 이 당시 정관장의 이러한 엑소더스에도 그럴 만한 이유는 있는데, 2023-24 시즌에 그 선수를 모두 내보내고도 샐러리캡 소진율이 상당히 높은 수준의 공식 자료가 나왔고, 2024-25 시즌에 최성원과 정효근 영입과 박지훈 재계약까지 모두 포함한 샐러리캡 소진율이86%나 되었다는 KBL의 공식 자료가 나온 적이 있다. 시즌 도중에 최성원과 정효근을 모두 보낸 것도 샐러리캡과 관련이 있는 것이 아니라 선수들의 출전 시간이 줄어들며 선수 측에서 이적을 요청했고, 그 반대급부로 온 선수들도 샐러리가 적지 않았다는 점을 고려하면 결국 정관장이 기존 선수들을 모두 엑소더스한 결정은 모기업 차원에서 이미 터져 있었던 샐러리 캡을 리셋하고 새 판을 짜기 위한 목적이었다는 결론으로 굳어지고 있다.[80]앞서 일련된 무브 자체가 탱킹 팀이 흔하게 가져가는 무브이면서 동시에 탱킹의 본고장인 미국조차도 저런 무브를 가져가면 민심이 완전히 저렇게 떡락되어 버리기 때문이다.17.2.부족한 접근성과 낮은 인기[편집]명색이서울특별시의위성도시중 하나인안양시가 연고지에 한 차례도 연고지를 바꾸지 않았음에도 불구하고 홈구장 접근성이 상당히 좋지 않은 것으로 악명이 높다. 구단 홈페이지에서는수도권 전철 4호선을 이용하여범계역또는평촌역에서 시내버스를 갈아타라고 안내하지만, 문제는 종합운동장으로 오는 노선이 굉장히 한정적이라는 것이다. 범계역에서 종합운동장으로 향하는 노선이라고는 마을버스5번을 제외한다면 시내버스는60번단 하나뿐이며,평촌역에서 종합운동장으로 향하는 노선은 아예 한 개도 없다. 차라리인덕원역에서 하차하는 것이 오히려 더 좋은 방법인데, 인덕원역에서 종합운동장으로 향하는 버스가 상대적으로 더 많기 때문이다. 특히안양1번가를 향하는 노선들은 모두 종합운동장을 꼭 거치게 된다.그나마 종합운동장으로 향하는 노선이라고 하더라도 체육관 근처까지 가지 않는 것도 또 다른 문제이다. 안양체육관 근처로 향하는 버스가5625번,5626번,5713번단 3대에 불과[81]하며,삼영운수,보영운수버스 노선은 아예 단 한 대도 들어오지 않는다! 즉, 위에 언급한 세 노선을 타지 않은 승객이라면 종합운동장 정류장에서 내려서 최소 500 ~ 600m를 도보로 걸어가야만 한다.최근 3시즌 평균 수도권 연고팀 좌석 점유율 비교 (그래프식)구단명좌석 점유율 시각화 그래프점유율서울 SK■■■■■■■■■■■■■■■■■■■■■■■■■■■■■■■■■■■■■■■79.4%수원 KT■■■■■■■■■■■■■■■■■■■■■■■■■■■62.8%안양 정관장■■■■■■■■■■■■■■■■■■■46.1%서울 삼성■■■■■■■■■■■■■■■■■■■45.4%고양 소노■■■■■■■■■■■■■■■■■■42.7%이렇게 불편한 접근성 문제는 바로 체육관의 관중 및 수익 문제로도 연결되는데, 잠실학생체육관보다 수용인원은 안양 정관장 아레나가 더 많다. 하지만서울 SK 나이츠와 정관장의 흥행력과 인기는 감히 비교가 안 된다. 당장 SK는 무려15년연속 평관 1위를 기록하는 KBL의 명실상부 대표 인기 구단 중 하나인 반면 정관장은 리그에서 가장 흥행력이 저조한 비인기 구단 중 하나이다.[82][83][84]안양체육관이 흥행했던 시기는단테 존스가 신드롬을 일으켰었던 2004-05 시즌, 그리고오세근의 입단과 함께 창단 첫 플레이오프 우승을 차지했던 2011-12 시즌 둘뿐이다. 관중 동원과 TV시청률이 가장 저조했던 세 시즌들을 보면 다음과 같다. 외국인 문제와 부상 악령이 따르며 낮은 성적을 낸 끝에 이상범이 끝내 시즌을 마쳐갈 무렵 해고까지 당했던 2013-14 시즌과감독 대행을 맡았던이동남의 행태들에 실망해서 경기장 직관도 안 한 것은 물론 TV 시청도 안 하는 비율이 높았던 2014-15 시즌, 창단 첫 통합 우승 이후에 김승기 감독의 과한혹사논란이 일었던 2017-18 시즌에는 아예꼴찌까지 기록했다. 그나마 이때 이후로는 평균 관중이 2,000명 선을 유지하고는 있으나, 이 역시 다른 인기 구단들과 동네의 위상을 고려해 보면 상당히 모자라는 수치이다.그리고 또 하나의 단점을 꼽자면 유입 인원을 찾기가 상당히 어렵다는 점이다. 비단 서울뿐만 아니라인천광역시[85]를 포함해서부천시와안산시,과천시,광명시,시흥시,의왕시,군포시등[86][87][88][89]다른 인근 도시들과 인접했음에도 불구하고 관중 동원력이 이 정도라는 것만 봐도 현주소를 대충 알 수가 있다. 서울 삼성 썬더스의 평균관중 또한 2,271명에 머물고 있어 좌석점유율이 45%밖에 되지 않는다. 그나마 야구단삼성 라이온즈가 요즘 들어서 자주 가을 야구에 가면서 슬슬 옛날의 영광을 되살릴 준비를 하고는 있고, 여자 농구단용인 삼성생명 블루밍스도 꾸준히 봄 농구는 가면서 그나마 이들이 삼성스포츠의 체면을 살리고는 있기는 하다.]이렇듯 20년 넘게 개선되지 않고 있는 안양종합운동장 내 안양체육관의 접근성 문제는 이제 2029년 12월에수도권 전철 경강선월곶판교선구간인안양종합운동장역만 개통되면 그나마 접근성이 나아질 것이다.[90]18.이야깃거리[편집]18.1.KIA 타이거즈와의 평행이론[편집]KBO 리그KIA 타이거즈와 비슷한 점이 많다. 몇 가지 살펴보자면빨간색 유니폼 사용[91]2014 시즌 멸망[92]2016 시즌 부활의 신호탄[93]2017 시즌 통합 우승[94]2017년 결승에서 MVP를 탄 선수가 정규 리그 MVP까지 석권[95]2018 시즌 5위, 2019 시즌 7위기아 타이거즈 소속 치어리더들이 안양 정관장도 응원하며 둘 다 기아 없이는 못살아와 안양 없이는 못 살아라는 응원가가 있다.인천 연고지 구단 및 인천 원정에서의 강세[96]18.2.두산 베어스와의 평행이론[편집]KIA 타이거즈만큼은 아니지만두산 베어스와도 비슷한 점이 꽤 많다.2010년대 이후 인기·성적 상승 및 새로운 층의 팬들이 유입[97]오랫동안 팀의 주장을 맡은 각 팀의 주장[98]상대적으로 규모가 작은 모기업과 이에 따른 모기업의 지원 부족위의 문제 사항을 상쇄시키는 뛰어난 육성 능력과 트레이드 능력 및 같이 동반되는 꾸준한 좋은 성적[99]2010년대 이후 우승 횟수가 각 리그에서 두 번째로 많은 구단[100]18.3.시카고 불스와의 평행이론[편집]상징색이 빨간색홈 구장이 불스의 홈구장인유나이티드 센터등을 본떠서 만들었음.[101]에이스가 등장하기 전까지는 그저 그런 팀이었다가 에이스 등장 이후로는 왕조의 팀으로 구축함[102]프런트들의 막장 행보 혹은 인색함으로 인해서 에이스들이 빠져 나갔다는 점.[103]19.기타[편집]프로농구 출범 이후 연고지안양시에체육관이 없어서원년이었던 1997 시즌에는서울 올림픽공원 펜싱경기장에서서울 SBS 스타즈[104]주로 홈경기를 소화했으며 1997-98, 1998-99 시즌에 홈경기를의정부체육관에서 치른흑역사아닌 흑역사가 존재한다.1999년 이후 연고지 안양에서 드디어 경기를 갖게 되었으나, 체육관이 아직 완공되지 않아 1999-00 시즌에는 좁아터진대림대학체육관을 한 시즌 이용한 후[105]안양실내체육관이 완공되자마자 2000-01 시즌부터 바로 들어갔다.시카고 불스의 홈구장유나이티드 센터등 NBA 구장에서 볼 수 있는 중앙전광판이 특징이었으나, 2013-14시즌부터 노후화 문제로 철거되고 관중석 양 옆으로 HD 전광판을 새로 달았다.[106]2010년 9월 30일 안양 한국인삼공사 농구단으로 팀 명칭이 변경되었다. 유니폼도 SBS-KT&G시절의 파랑색에서주황색빨강색으로 변경. 원정 유니폼은두산 베어스의 2010 홈 유니폼의 색상을 연상시키게 한다.2011년 7월 26일 이름을 안양 KGC인삼공사 농구단으로 변경했다.KGC Ginseng Corporation그리하여 KGC라는 약칭으로 주로 불린다. 단 언론이나 타 구단 마케팅에는 KCC와 헷갈리지 않게 인삼공사라고 한다. 같은 기업 배구단의 경우에도 동일하게 '인삼공사'로 칭할 때가 많았다. 그 후 2023년에는 구단명을 정관장으로 변경했다.프로 농구 출범 이래 한 번도 우승을 하지 못하다 2011-12 시즌에[107]비로소 달성했다. 그리고 숙원이던 정규 리그 우승 및 통합 우승을 2016-17, 2022-23 시즌에 달성했다. 또한 KBL 10개 구단 중에서단 한 번도 최하위를 경험해 본 적이 없는 유일한 구단이다.안양의 팀 최저 성적은 2003-04 시즌, 2010-11 시즌, 2013-14 시즌, 2023-24 시즌에 기록한 9위다.우승을 한 2011-2012 시즌과 2016-2017 시즌 챔피언 결정전은 묘한 공통점이 있다. 두 번 모두 상대 팀과 유니폼 색상이 겹치지 않아 역대 챔피언 결정전에 출전한 모든 경기를 빨강색 홈 유니폼을 입고 경기를 하였다. 또한 두 번의 우승 모두 6차전 동점 상황에서 작전타임 직후 마지막 공격을 성공시켜 2점차 승리로 우승을 확정지었으며, 마찬가지로 두 번 모두 원정에서 홈 유니폼을 입었다.네 번째 우승을 달성한 2020-2021 시즌에도 플레이오프 모든 경기에 홈 유니폼을 착용했다. 단 팀 컬러가 붉은색인 울산 현대모비스와의 원정 경기에서는 검은 색상과 금색의 조합으로 출시한 캡틴 데이 전용 유니폼을 입고 뛰었다. 구단 역사상 처음으로 안양체육관에서 챔프전 우승 세리머니를 했다.우승을 한 다음 시즌에는 서울 SK가 정규 리그나 챔피언 결정전에서 우승을 한다는 징크스가 있다. 그리고 우승을 한 그해에는 K리그의광주 FC가 강등을 당한다는 징크스도 있었으나, 2023년에 광주가 파이널 A 진출을 확정지으면서 깨졌다.한화 이글스의 응원가와 겹치는 곡이 꽤 있다. 아무래도홍창화응원단장의 영향을 많이 받은 듯하다. 여기에같은 모기업 여자 배구단과 같이 쓰는 응원가도 몇 곡 있다.KBL에서김성철,박찬희,오세근,변준형총 4명 이상의 신인왕을 배출한 둘뿐인 구단이다.[108]선수들의팬 서비스가 매우 좋다. 애초에 홈구장안양 정관장 아레나가 KGC 선수들과 팬들의 동선이 겹치도록 팬 친화적으로 지어진 영향도 있고 팀의 주장양희종이 2016-17 시즌 통합 우승 때 팬들에게 사비로 고기를 대접할 정도로관련 기사,관련 영상팬 서비스를 강조해 원래 잘 해 주는 안양 선수들이 더욱 잘해 주기도 한다.관련 영상김승기감독 부임 이후부터 KGC인삼공사의 드래프트 지명권 순위는 확률 대비 높은 편이다. 2014-2015 시즌 8위에 머무른 KGC는 그해 전체 1순위에 걸려문성곤을 지명했고, 2015-2016 시즌에는 정규 리그 4위와 4강 PO에 가서 드래프트에는 8순위에 그쳤으나 당시 드래프트에서김철욱과박재한을 지명하며 지명 순위 치고는 선방했다. 2017-2018 시즌 정규 리그 5위 및 4강 PO에 자리한 KGC인삼공사는 그해 5%의 확률로 2순위에 뽑히면서 변준형을 지명했다. 2018-2019 시즌에는 7위에 자리해 가장 높은 확률인 16%로 다시 2순위 지명권을 가져가면서 김경원을 선발한 바 있다. 2019-20 시즌 3위로 정규 시즌을 마쳐 2021년 신인 드래프트에 낮은 확률이었지만 로터리픽 순번이 지나간 이후 가장 좋은 5순위에 이름이 불렸다. 그리고 2년 연속 연세대 출신 선수로한승희를 지명했다. 2019년 최현민이 FA로 팀을 떠나 언더사이즈 빅맨이 마땅히 없던 KGC로서는 좋은 선택이다.KBL10개 구단 가운데 2025년까지 유일하게 D리그 단일 구단 출전 경험이 없었다. 2014-15 시즌 모비스, 동부, kt와 연합팀으로 참여한 게 전부였지만 2025-26 시즌부터 단일팀으로 D리그에 참여한다.2014-15 시즌 이후로 2018-19 시즌을 제외하면 꾸준히 봄 농구를 갈 정도로 명실상부 강팀으로 우뚝 섰지만, 그에 비해 옛날부터 팬과 인기는 적은 편에 속한다.성적이 좋은 것과는 별개로 프런트들의 소극적인 행보로 인해 대형 FA 선수들(이정현, 이재도, 전성현, 문성곤, 오세근)을 잔류시키기는커녕 오히려 놓치는 경우가 많았다. 이로 인해 정관장은인삼 불스[109]인삼 닉스'KDC 기부공사'[110]혹은'인장훈','인이유'라는 불명예스런 별명을 얻고 말았다. 뿐만 아니라 워낙 짠돌이스러운 운영을 하는 구단으로 소문이 난 지라 농갤러들과 농팬 사이에서는 돈을 쓰지 않는다, 돈을 아낀다라는 뜻에서'정관장스럽다,''인삼 짓 한다.''인삼적인 행동을 한다''인삼스런 행동하지 말자'라는 신조어가 늘어나고 있다.과거 SBS 시절에 하프타임 공연에핑클,S.E.S.,베이비복스가 와서 공연을 종종 했다. 개그맨김종국이 장내 아나운서를 맡았다.선수단 클럽하우스와 구단 사무국이 모두 체육관 안에 있다 보니 경기가 없는 평상시에 체육관 주변에서 선수들을 쉽게 볼 수 있다.같은 연고 구단인FC 안양과 교류가 있다. FC 안양 선수들이 정관장 경기를 보러 갈 때도 있고 반대로 정관장 선수들이 안양 홈경기에 초청받아 시축과 팬싸인회를 진행한 적이 있다. 이보다는 못하지만 인근 아이스하키단인HL 안양과도 교류가 많다. 또 세 구단이 콜라보해서 롯데백화점에서 팝업스토어를 오픈한 적이 있으며 연고에 따라서 그냥 3팀을 다 응원하는 팬들이 대부분이다.박찬희,오세근,문성곤,박정웅,문유현5명으로 10개 구단 가운데 국내 선수 신인 드래프트 1순위를 가장 많이 배출한 구단이다.[111]20.둘러보기[편집]KT&G관련 문서[ 펼치기 · 접기 ]계열사담배KT&G|태아산업인삼·한방한국인삼공사(정관장)|KGC예본건강생활코스모코스|KGC라이프앤진제약·바이오영진약품레저상상스테이문화KT&G 상상마당(홍대 라이브홀)|어반컴플렉스센터|KT&G 상상마당(대치 아트홀)스포츠안양 정관장 레드부스터스|대전 정관장 레드스파크스|정관장 탁구단|정관장 배드민턴단|정관장 황진단[ 펼치기 · 접기 ]농구배구배드민턴안양 정관장 레드부스터스대전 정관장 레드스파크스정관장 배드민턴단경기도연고 프로 스포츠단(특례시 제외)[ 펼치기 · 접기 ]KBO 퓨처스리그K리그1LG 트윈스 2군두산 베어스 2군부천 FC 1995FC 안양K리그2김포 FC성남 FC안산 그리너스 FC파주 프런티어 FCKBLWKBLV-리그 남자부안양 정관장 레드부스터스부천 하나은행의정부 KB손해보험 스타즈핸드볼 H리그 남자부핸드볼 H리그 여자부아시아리그 아이스하키하남시청SK 슈가글라이더즈HL 안양세미프로|아마추어|특례시(고양,수원,용인,화성)안양시연고 프로 구단[ 펼치기 · 접기 ]K리그KBLALIHFC 안양안양 정관장 레드부스터스HL 안양[1]연고지 이전이 잦은한국프로농구에서원주 DB 프로미,창원 LG 세이커스등과 함께 연고지를 단 한 번도 이전하지 않은 구단이다. 창단 원년부터 안양시 연고를 유지하고 있으나 프로화 된 지 세 시즌(1997, 1997-98, 1998-99)에는 안양시내에 경기장이 없어서 연고지가 아닌 서울과 의정부에서 보내야 했다. 1999년에 비좁은대림대학체육관을 1년간 빌려 쓰면서 어렵사리 안양에 입성했고  다섯 번째 시즌인 2000년 11월부터 안양실내체육관에서 홈경기를 했다.[A]2.12.22.3별도의 독립 법인화 없이 모기업 법인에서 직접 운영했다. 한국프로스포츠협회에서는 그러한 형태의 구단을 '부서형 구단'으로 분류한다.[3]법인명 변경[6]안양 정관장 아레나내[7]1999-2000 시즌의 경우 현재의 안양체육관이 완공되지 않아 안양시 동안구 비산1동에 있는대림대학체육관에서 경기를 진행했다.[8]한국농구연맹에서는 트리플 크라운이라는 호칭도 사용한다.[9]첫 시즌 연봉[10]이전까지 안양실내체육관 명칭을 쓰다 2024년 3월부터 현재 명칭을 병행 사용 중이다.[11]다른 팀은원주 DB 프로미와창원 LG 세이커스. 그 외에는 모두 1회 이상 연고지 이전 사례가 있다.[12]2010-11 시즌부터 2022-23 시즌까지는 엄밀히 따지면 타 구단이 모기업명 뒤에 넣는 구단명에 해당하는 이름은 없고 연고지와 모기업만 구단명에 들어갔다.[13]안양시·군포시·의왕시등. 이 세 도시의 인구 합계는 100만이 조금 안 되는 98만 명이다.[14]구단 공식 역사는 SBS 시절 미승계이며 KT&G-KGC 시절부터 승계다. 정관장 시절도 승계로 간주한다.[15]이동남은 연세대 재학 시절 은퇴하여 프로/실업 선수 경험이 없다.[16]2014-15 시즌 종료 후 감독에 선임됐으나, 비시즌 중2015년 프로농구 승부조작 사건에 연루되어 2015-16 시즌이 열리기 전 자진 사퇴로 정식 감독에 미포함한다.[17]2015년 12월 31일까지는 감독 대행 신분이었고 2016년 1월 1일부터 정식 감독으로 승격했다.[18]전창진 감독 사퇴 이후 대행을 거쳐 승진[19]시즌 개막 기준. 감독 대행인 경우 포함.[20]코로나 19로 인한 플레이오프 미개최[21]절대 프로올 인재가 아니엇으나 아버지인 김동광 감독이 픽했다.[22]kt가나이젤 딕슨과 도널드 리틀의 트레이드 조건에 따라 신인 지명권 양도[23]입단 하자마자 공익근무를 했고, 소집해제 이후 부상 회복이 더뎌진다 판단, 정식게임을 뛰어보지 못한 채 은퇴 후 교사로 살아가고 있다.[24]동국대를 졸업했지만 대학교 졸업 신분으로 나와주는 것이 아니라 일반인으로 나왔다.[25]구단 역사상 최초로 4라운드 지명된 선수[26]연과 솔개 두 가지 의미가 있다.[27]동부와 KGC가 만나면 극단적인 수비 농구가 많이 펼쳐지는데, 이 경기는 이를 매우 적나라하게 드러냈다. 게다가 전 경기에서도 60:53(동부 승). 여담으로 이날 NBA의코비 브라이언트는 혼자 48득점을 했다. 그 덕분에 그날 인터넷에서는 KGC<코비라는 식의 우스개가 잠시 떠돌기도.[28]2023년 현재 안양에 남아있는 인삼신기 멤버는 박지훈과 변준형이 전부다. 그마저도 2024년 시즌 개막 직후까지는 변준형이 상무에 있기 때문에 2023-24 시즌에는 사실상 박지훈 하나다. 그래더 이후 변준형이 전역하고 전성현도 2025년 트레이드로 재영입하면서 인삼신기의 명맥 자체는 이어지게 되었다.[29]진실은 내부 관계자들 외에는 알 수 없으나 단순히 경쟁 입찰에서 에이펙스가 정엔터에 밀렸다고 하기에는 상술한 정가예 사건이 상당 부분 영향을 끼쳤다고밖에 볼 수 없다. 사건의 당사자들은 모두 구단 및 업체를 떠나며 일단락은 지어졌으나 에이펙스와 이벤트 대행사 측의 잔류 멤버들이 이 사건의 여파를 받을 가능성이 상당히 높으므로 격리시키는 차원, 혹은 잘잘못을 떠나 두 업체 모두 그들을 고용한 구단에 누를 끼친 것은 명백한 사실이므로 이에 대한 문책성으로 이벤트 대행 업무와 치어리더 관리 업무가 이미 일원화 되어 있는 정엔터로 교체해 판을 다시 짠 것으로도 볼 수 있다.[30]지난 시즌까지 강수경은 용경아 라인 소속으로 평가받음에도 불구하고 농구만큼은 차영현 라인과 동참할 정도였다.[31]이와 정확히 상반되는 구단이 서울 SK. 관중 수는 많지만 코어팬이 적고 라이트팬이 많다.[32]동부+아줌마[33]다만 이 건은 조공이라고 보기에는 어렵고 일반적인 선수와 지명권 트레이드 형태였다. 당시 kt가나이젤 딕슨트레이드 영입이라는 윈나우를 위해 드래프트 지명권을 함께 준 것인데, 그 지명권으로 이정현을 뽑은 것. 당시 트레이드의 골자는 나이젤 딕슨을 kt에 내주고 차기 1라운드 지명권을 받는 대신 kt의 골칫덩이 외국인 선수 도널드 리틀을 떠안고 안양이 리틀의 교체권을 대신 소모해 주는 형태였다.[34]이후 부산 지역의 농구 팬들은 아예 농구를 끊어버리거도 했다. 농구를 보는 팬들은창원 LG 세이커스혹은대구 한국가스공사 페가수스,울산 현대모비스 피버스에 이어 2년 뒤 전주에서 부산으로 이전한부산 KCC 이지스등 인근 팀으로팀 세탁을 하는 쪽으로 선택지가 갈린다. kt의 야반도주 이후 충격이 여전한 팬들은부산 BNK 썸만 응원할 정도다.[35]FC 안양 팬들은 옛날의 연고지 이전 이슈로 인해 FC 서울을북패라고 부르며디스할 정도로 아직도 악감정이 남아 있어 두 구단 사이는 바닥이다.[36]상무 시절에변기훈이최현민에게 가혹행위를 한 사건이 있긴 하나, 현재 최현민은 KGC를 떠난 상태인 데다 최현민이 전역 이후에는 대체적으로 KGC에서 좋은 모습을 보여주지 못하고 떠났고, 변기훈 역시 SK 말년에 거진 욕받이를 담당할 수준으로 처참한 기량만 보여주고 SK를 떠난지라 이 사건은 많이 거론되지 않는 편이다.[37]지금이야 인삼신기 이미지와 꾸준히 좋은 성적을 내준 덕에 팬들이 꽤 많아졌지만 2011-12 시즌 이전까지만 해도,단테 존스열풍이 식고 난 KGC는 신인 드래프트 상위 픽을 위한 탱킹까지 강행하는 등 그 한계가 뚜렷한 구단이었고 외부인 입장에서 홈구장의 접근성이 그다지 좋은 편은 아니라 팬들도 안양권 지역 팬에 한정되어 있는 등 팬층도 적었다. 이 당시를 굳이 비유하자면흥참동수준으로 지역 팬들 외에는 팬을 찾기가 힘들었을 정도.[38]구단명 자체는 프로미 그대로 유지하고 있다. 마침 DB는 4강 PO에서 KGC를 3전 전승으로 꺾고 올라왔다.[39]사실 두 선수는 같은 대학 선후배 사이이기도 하고 사적으로도 친분이 있는 편이다.[40]2023년 fa시장 때 SK는 반대로 당시 KGC(현 정관장) 소속이던 오세근을 영입하면서 KGC 구단(현 정관장)은 팬들한테 영구 결번 후보를 놓쳤다는 비판을 받았는데, SK도김선형을 똑같이 놓치게 된 것이다.[41]2022년에 실제로 영입했다.[42]심지어단테 존스신드롬이 일었던 2004-05 시즌에도 4강에서 KCC를 상대로 멈춰섰다.[43]2014-15 시즌에 동부(현 DB), 모비스, KT와 연합팀으로 참여했다.[44]이 당시의 최고의 팀은 이조추 트리오의대전 현대, 문경은과 주희정의서울 삼성, 김주성이 버티고 있는원주 동부였다. 이들은 항상 SBS 혹은 KT&G의 결승 진출을 좌절시켰던 팀들이었다. 특히 2004-05 시즌 단테 존스의 15연승 시절 챔프전 진출을 전주 KCC가 1:3으로 좌절시킨 바가 있다.[45]물론 트레이드로 건너왔던 강병현이나 양희종, 그리고 2017년 챔프전 이후 FA로 풀린 오세근을 재계약시키기는 했고, 이정현의 경우 당시 꽤나 아슬아슬했던 구단 샐러리캡 문제 때문에 포기를 할 수밖에 없었다.[46]더 웃긴 것은 2012년 창단 첫 우승을 제외하고, 지금까지 우승하고 난 이후 FA로 풀린 선수들을 계속 놓치는 이른바'우승 후 이적 징크스'라는 새로운 징크스가 생겼다는 것이다.(2017년 우승 후 이정현 KCC 이적, 2021년 우승 후 이재도 LG 이적, 2023년 우승 후 문성곤과 오세근 각각 KT와 SK 이적)[47]2022년에 정관장의 3점슛을 책임졌던 전성현과 정관장을 최강팀으로 올려준 김승기 감독이 고양 소노로 팀을 옮기자분노한 정관장 팬들은 KT&G 타워 본사 앞에 트럭 시위했다. 이들은'이정현... 이재도... 전성현... 다음은오세근, 문성곤...? 내년에도 파실 건가요?'라며 분노를 쏟아냈다. 팬들은 주축 선수들을 지키고 그들에 대한 대우를 다른 구단에 비해 부족함 없이 해달라고 구단에 메시지를 보냈다고 한다. 그러나 정관장은 이 상황을 지켜보면서도 아무런 생각 없이 그저 묵묵부답이었다고 한다. 얼마나 프런트들이 소극적이었는지를 알 수 있게 해준 대목이다.[48]우리가 잘 아는광주 민주화 운동이겠지만, 안양의 프랜차이즈 스타였던 오세근이 2023년 5월 18일에 SK로 이적함으로써 정관장 팬들에게는 열이 뻗치는 사건이라 할 수 있다. 그래서 정관장 팬들 사이에서는 이날의 치욕을 기억하자는 뜻에서'5.18 사태'라고 부르고 있다.물론 SK로 이적한 오세근이 건세근에서 퇴물로 전락하기는 했지만....[49]물론 그 과정에서 어쩔 수 없이 문성곤을 내보내야 되겠지만 말이다.[50]실제로 오세근은 자신의 SNS에 FA 협상을 하며 큰 실망과 허탈감을 느꼈다라고 표현할 정도였다.[51]그래서 생겨난 별명이세일즈썬.[52]FA로 풀린 배병준은 챔프전 때 전성현의 빈자리를 완벽하게 메꿔주며 우승을 안겨준 선수인데, 2억이라는 적은 액수의 계약을 안겨버렸다. 이 계약서에 서명한 배병준이 대인배라는 이야기까지 나오기도 했을 정도.[53]특히나 KBL같이샐러리 캡등으로 연봉 총액의 상한선이 제한되는 리그에서는 이게 더 두드러진다. 2020년 이후부터 소프트캡으로 변경되었음에도 우승에 기여했다고 선수들에게 무작정 퍼주는 구단 운영이 불가능한 이유도 이런 이유. 실제로 KCC와 SK는 모두 2022-23 시즌에 샐러리 캡을 깼던 구단이기도 하다.[54]KT&G 시절 최초의 정규 리그 MVP였음에도 SK로 트레이드된주희정등을 내침으로 토사구팽 논란에 휩싸였으며 두 번의 챔프전 우승을 이끈 김승기 감독은 데이원으로 팀을 옮긴 이후에 정관장 프런트의 구단 운영 방식을 여러 차례 디스하기도 했다. 그런데주희정트레이드는 이 트레이드로 받아온 선수가김태술인데,주희정이 트레이드 후 급격하게 무너진 반면김태술은 사회복무요원 소집해제 후 첫 우승에 기여하며 KT&G의 완승으로 끝이 났다는 점.[55]그러나 이 당시 오세근을 사인하면서 소프트캡을 터뜨린 결과, 2년 후 SK는 FA시장에서 차기영구 결번후보인김선형을 똑같이 놓치게 되었다. 이미 이 당시에 소프트캡을 한 번 터뜨린 상태였기 때문에 더 이상은 터뜨릴 수 없어서 김선형을 내보낸 이후 안영준을 선택한 것이다.[56]실제로'애초부터 정관장이 SBS 시절 챔프전 우승 횟수가 없었기에 우승 횟수를 채우려고 탱킹해서 이정현, 박찬희, 오세근을 데려왔으며, 2022-23 시즌 이후 챔프전 우승 횟수가 4번 다 채웠으니이제는 다 이루었다는 생각에 일부러 핵심 선수들을 쓰레기 버리듯 내친 것은 아닌가'라며 의구심을 제기하는 팬도 있었다.[57]kt로 이적한 문성곤은 챔프전 우승 직후 소감에서'다음 시즌도 함께 하겠습니다. 잘 부탁드립니다'라고 말할 정도로 정관장의 잔류를 1옵션으로 생각했다. 그러나 제목처럼 수차례 언급했듯이 정관장은 그러한 수준이 못 되는 소극적 자세로 일관하였고, 그 틈에 kt가 문성곤을 영입하기 위해 문성곤이 살던 부산까지 직접 내려와(공교롭게도 kt의 전 연고지였으며, 현재 연고지는 KCC의 차지가 되었다.) 적극적인 협상 + 거액의 계약금까지 안겨 주었다. 이후 계약 소감에서 문성곤은 kt가 나의 가치를 크게 인정해 준다는 느낌을 받았다며 정관장이 소극적 행보와 선수 내침을 시전했던 사실을 우회적으로 인증해 버렸다.[58]중립을 지켜야 할 언론조차도정관장의 안일함과 방심, 협상 과정에서의 세밀함이 부족했으며, 오세근에 대한 선수로서의 최소한 명예조차도 지켜주지 않았기 때문에 오세근이 마음을 다치고, SK에 이적했다고 간접적으로 깠을 정도였다.언론이 이렇게까지 정관장의 무능한 운영 능력을 디스할 정도면 그만큼 오세근의 이적은 충격적이라는 이야기.[59]실제로 팬들은 오세근이 이적한 구단이 된 SK와의 개막전을 앞두고 홈 체육관 2층 로비에서 피켓 시위를 벌였다. 이들은선수와 팬은 도구가 아니다. 상식적으로 대우해라선수와 팬이 원하는 명문 구단, 구단은 원하지 않는 명문 구단문제는 팀 이름이 아닌 오만하고 불통하는 당신들이라는 시위 문구로 침묵 시위를 벌였다. 뿐만 아니라 경기 전 우승 반지 수여식에서 팬들은 SK로 떠난 오세근을 향해영원히 하나뿐일 안양의 41번, 안양의 오세근을 기다립니다라는 현수막을 펼쳐 보이며 구단을 향한 2차 시위를 이어 갔다.[60]마이클 조던이 입단하면서 왕조를 구축했지만 그 시기에 짠돌이 수준의 구단 운영으로 악명이 높았다는 것이 문제였다. 그러다 보니 프랜차이즈 스타에 대한 대접이 매우 좋지 않았을 정도.스카티 피펜이야 말할 것도 없고, 커크 하인릭,루올 뎅,조아킴 노아,데릭 로즈까지 모두 성공적으로 픽해놓고 쓴물 좀 나왔다 싶으면 바로 팽해버리는 통에 현지 팬들에 대한 여론도 매우 안 좋아지고 있다는 점에서 정관장과 유사했다. 다만 이렇게 모두 이적한 커크 하인릭과루올 뎅,조아킴 노아,데릭 로즈는 모두 그럴 만한 이유가 있어서 내보냈던 상황이고 실제로 이 네 명은 이적한 이후 모두 불스 시절만큼의 활약을 보여주지 못하고 쓸쓸하게 은퇴하거나 저니맨 신세가 되었다. 이 중 커크 하인릭은 나중에 불스로 잠시 돌아오긴 했다. 안양시와의 차이점은, 안양시는 나름 대도시 소리를 듣기는 하지만, 시카고는 안양이 애초에 비교 따위는 되지 않을 정도의 미국 중서부 최고 유명한 대도시급인 데다가 스포츠적인 면에서도 팬덤의 규모가 상당히 큰 수준의 빅마켓에 해당되기 때문에 이렇게 돈을 쓰지 않는 행보가 더 많이 부각되는 것이다.[61]불스도 정관장처럼 왕조가 화려할 뿐 그 당시에도 소극적으로 투자를 일관해왔다. 오세근처럼 마이클 조던도 팀 내에서 엄청난 돈을 받기는 했지만, 그도 팀에서 10년 넘게 헐값에 뛰었다. 차이점이 있다면 정관장 전 단장이었던 이종림은 인품이 좋은 반면, 불스 단장이었던제리 크라우스는 시종일관 이기적인 행보로 선수들과 감독과의 갈등을 일으켰다는 점.[62]닉스는 안양의 심장 오세근 못지않은 뉴욕의 심장패트릭 유잉을 앞세워 준우승까지 갈 정도로 전성기를 보냈다. 그러나 2000-01 시즌을 앞둔 2000년 9월 20일에 닉스는 리빌딩이란 명목으로 유잉을 트레이드시켜 버리며 뉴욕 팬들을 멘붕에 빠뜨렸다. 다만 차이점이 있다면 유잉 트레이드는 본인의 뜻이었으며, 파이널 우승을 이루지 못해 받는 비난과 떨어지는 기량 탓에 팀 기여도는 점점 낮아지는 등, 이런저런 주변 환경 탓에 심적으로 너무 힘이 들었기 때문에 떠났다는 점이다. 반대로 오세근 같은 경우 2011년 입단 이후 정관장은 닉스와는 다르게 챔프전을 무려 4회나 따내는 등 최고의 전성기를 이끌어냈으며, 기량은 물론 팀을 위한 충성도가 높았다는 점은 사실이었지만, 정관장의 좋지 않은 협상 능력으로 인해 마상을 입고 타 팀으로 떠났다는 점이다.[63]닉스는 유잉을 트레이드시킨 이후 전력 보탬과는 거리가 먼 폐품급 선수들을 데려왔다. 전성기 시절 슈퍼스타였지만 기량이 점점 하락세를 타고 있었던글렌 라이스, 한때 시카고 왕조의 주전 센터로 유명했던룩 롱리, 1994-95 휴스턴 로키츠의 2연패 당시 주전 슈팅가드로 활약한버논 맥스웰, 그리고 1996 드래프트 출신으로 레이커스의 백업 센터를 맡았던트레비스 나이트등이었다. 이들은 팀의 보탬이 되기는커녕 오히려 민폐에 가까운 플레이를 펼치며 팀의 하락세에 부채질을 했다. 정관장도 오세근을 타 팀으로 보낸 이후에최성원,이종현,정효근을 영입했는데, 이들도 거의 하락세를 타고 있었던 선수들이었다. 물론 옹호하는 입장에서만 본다면 최성원은 2022-23 챔프전에서 정관장을 상대로 높은 외곽슛과 강력한 압박 수비를 선보이는 자원이며, 정효근은 한때 효궈달라라는 별명이 불릴 정도로 피지컬과 운동능력, 농구 BQ를 갖춘 만능 포워드 자원이며, 이종현은 고려대 재학 시절 골밑을 우직하게 씹어먹던 괴물급의 플레이 덕분에2014 인천 아시안 게임국가대표에 승선 및 금메달 획득에 일조하였고,2016 신인 드래프트에서 당당히 1순위로 모비스에 입단한 대형 유망주였다는 것은 사실이다. 그러나 최성원은 손가락 부상으로 전열에서 이탈하였고, 정효근은 기복이 심한 데다가 2022-23 시즌 3점 성공률 리그 12위에 그칠 정도로 외곽슛 능력은 하위권으로 평가 받았으며, 이종현은 잦은 부상과 부진으로 인해 기량이 완전히 하락세로 접어든 자원으로 전락해 버렸다는 점이다. 이들은 과거 문성곤, 전성현, 오세근급의 기량을 펼쳐주지 못했고, 여기에 정관장의 득점을 책임져 줘야 하는 1옵션 용병 오마리 스펠맨이 부상으로 인한 기량 미달로 퇴출당하며, 팀은 결국 새드 엔딩으로 끝나버렸다.[64]닉스는 2001-02 시즌을 앞두고 휴스턴과 연장 계약을 맺었는데, 무려 6년 100m의 규모의 어마무시한 풀개런티로 계약해 버린 것이다. 아무리 그 시점에서 휴스턴이 닉스의 간판 스타이자 2년 연속 올스타로 선발된 선수였다고는 해도, 그제껏 평균 20득점 한 번 넘어본 적이 없는 30대로 접어든 슈팅가드에게 연 20m에 육박하는 계약은 너무 지나치다는 여론이 대세였다. 그럼에도 레이든 단장은'휴스턴은 충분한 가치가 있는 선수다'라는 희대의 유체이탈 화법을 시전하며 팬들의 뒷목을 잡게 만들었다. 그러면서 닉스는 암흑기에 접어들게 됨에 따라 휴스턴과의 풀개런티 계약은 사실상 최악의 계약이 되고 말았다. 정관장도 2024-25 시즌을 앞두고 KBL 경력자인 캐디 라렌을 영입했는데, 여기도 휴스턴 못지않은 풀개런티로 계약했다. 2019년부터 2022년까지 3시즌 동안 총 131경기 출전, 평균 18.1점 10.2리바운드 1.4블록슛을 기록할 만큼, KBL 역대 정상급 외국선수로 평가받았다. 그렇기에 정관장은 라렌을 영입하며 KBL 경력자로서 골밑의 안정감과 조화로움을 더해 줄 것으로 기대했다. 그러나 시즌 뚜껑을 열어보니 예전에 보여줬던 득점력은 이미 실종되었고, 갈수록 형편없는 수비력을 보여주며 구단의 뒷통수를 때려버렸다. 이에 정관장 팬들은 라렌을 풀개런티로 계약한 원흉 김성기 단장에게'성기 레이든'이라는 별명이 불리고 있다.[65]정관장은 라렌을 KCC로 보내는 대신디온테 버튼을 데려왔고, 여기에 2옵션인조니 오브라이언트까지 영입하며 2025년 2월 5일 기준으로 4연승에 성공, 마침내 꼴찌 탈출에 성공함과 동시에 극적으로 6강에 진출하기는 했다.[66]2023-24 시즌이 개막한 이후에 문성곤과 오세근이 모두 이적한 구단에서 이때만큼의 기량을 보이지 못했으며, 특히나 SK는 전체적으로 선수단이 지나치게 고령화가 된 리스크를 제대로 세게 맞고 1라운드에서부터 무너진 반면 정관장은 대체로 영입된 정효근과 이종현이 모두김상식감독의 케어를 받고 기량이 살아난 모습을 보이며 오히려 1라운드 6승으로 단독 2위로 마감, 결과적으로 이때 오세근을 놓친 것이 전화위복이 되기는 했다.[67]맥스웰이 있었을 때 그나마 단독 2위까지 오르는 등 괜찮은 성적을 거두기는 했다.[68]이에 정관장은 연패의 원인이자 계륵으로 전락해 버린 스펠맨을 퇴출시켰다.[69]삼성전 이후 정관장은로버트 카터 주니어를 대체 용병으로 영입했다.[70]이 중 KCC에게 75:104, kt에게 85:113이라는 참담한 점수 차로 패배하는 것은 덤이다.[71]이러한 과정에서 정효근이 발목 부상을 당해버렸다.[72]참고로 프로농구 원년 이래 안양 구단 역사상 최악의 성적은 오세근이 정관장에 지명하기 전 시즌인 2010-11 시즌이었으며, 그 당시 성적은 9위, 16승 38패, 승률은 0.296이었다.[73]후술되어 있지만 이 당시 정관장은 오세근과 문성곤을 내보낸 이후에도 샐러리 캡 문제에서 자유롭지 못했다는 것이 드러났다. 그리고 정관장은 샐러리 캡을 깰 수는 없다는 방침으로 인해 최준용 영입전에 나서지 못했고, 결국 정효근을 선택했다. 이 때문에 샐러리 캡을 터뜨리긴 했지만 KCC는 6억의 계약금으로 최준용을 얻는 데 성공했다. 비록 5위에 그치기는 했지만, 현재 슈퍼팀이라는 별칭답게 가장 강력한 공격력으로플레이오프 6강에서 SK를 3:0으로 일찌감치 초살하고,4강에서 정규 리그 우승 구단 DB를 3승 1패로 압살하며챔프전에 진출, 기어이 통산 여섯 번째 우승이라는 대업을 달성할 수 있었다. 반면 정관장이 데려온 정효근은 처음에는 좋았다가 발목 부상으로 시즌을 날려먹었고, 그로 인해 팀은 꼴찌에서 두 번째인 9위를 기록했다가 그다음 시즌에 김종규와의 트레이드로 팀을 떠났다. 다만 KCC도 이 당시에 샐러리 캡을 터뜨린 여파와 함께 최준용이 부상으로 시즌을 날려먹으며 2024-25 시즌은 플레이오프 진출에 실패했고, 시즌 종료 후 샐러리 캡을 맞추기 위해 이승현을 트레이드해야 했다. 사실농구 갤러리등지에서는 이미 안양 KGC 시절부터 이 프런트는 당장은 욕을 꽤나 얻어먹어도 지나고 나면 기막히게 그 선수를 손절하는 타이밍을 알고 있다면서 이미 이 프런트가토사구팽에는 도가 텄다는 이야기가 암암리에 꽤 자주 나왔던 편이다. 위에서도 전술했겠지만, KT&G 시절 최초의 정규 리그 MVP였음에도 SK로 트레이드된주희정의 폼이 급격하게 무너졌고,김태술만 해도 사인 앤드 트레이드로 KGC를 떠나 KCC, 삼성으로 간 이후 장염 후유증을 극복하지 못하고 완전히 하락세를 타 버렸을 정도. 그리고 실제로도 2022-23 시즌 종료 후 팀을 떠나 SK로 이적한오세근이 라이언킹, 건세근이라는 별명이 실종될 정도로 제 플레이를 완전히 찾지 못하며 부진에 빠져 버렸다. 이러한 사례와 마찬가지로 정관장의 경우 30대 후반의 FA 선수 중에서는양희종정도를 제외하면 재계약을 성사시킨 사례가 손에 꼽는다.#다만 2016-17 시즌을 앞두고 진행한박찬희트레이드의 경우 2016-17 시즌 당시 시즌 종료 후오세근의 FA 단속을 위한 샐러리 캡 정리 문제로 트레이드를 했던 경우인데, 실제로 안양 KGC의 2015-16 시즌은 샐러리캡 여유분이0원이었기 때문에 불가피하게 연봉을 꽤나 잡아먹던 박찬희를 트레이드 카드로 쓸 수밖에 없었다.[74]이건 대전 연고의 남매 배구단인 정관장 레드스파크스도 다르지 않다. 다만 하위권에 전전해 있는 남자 농구단과는 다르게 리그 3위로 상위권에 랭크되고 있다는 점에서 차이가 있다. 거기에 남자 농구단은 연패를 거듭하고 있는 반면, 여자 배구단은 2024년 3월 2일을 기준으로 파죽의 6연승을 내달리고 있다. 이는 용병 원투펀치 듀오인지아와메가의 맹활약 덕분이었다. 덕분에 정관장은 플레이오프에 진출하였고,김연경의 흥국생명을 맞이하여 3차전 접전 끝에 패했다. 그럼에도 끝까지 포기하지 않고 맞서는 정관장의 모습에서 다음 시즌에 대한 희망을 키웠다. 다만 남자 농구단 못지않게 짠돌이 운영을 하기로 악명이 높은 정관장 여자 배구단이라 앞으로 이러한 전력을 꾸준히 유지할 수 있는가에 대한 의문점은 여전히 남아있다. 정관장의 경우 민영화 이후에도 공기업의 잔재가 여전히 남아있어서 주주총회의 승인을 받지 않고는 돈을 크게 쓸 수 없는 기업이기 때문이다.[75]사실 SK의 이번 시즌을 살펴보면 오세근은 지난 정관장 시절 보여줬던 건세근의 모습은 아예 실종되었는데, 이지슛을 많이 놓치고, 리바운드까지 내준 데다가 자신의 장기인 미드레인지 슛 불발은 기본이며, 여기에 상대 포워드에게 포스트업 싸움에서도 밀리고, 지난 시즌 쭉쭉 들어갔던 외곽슛 성공률은 처참할 정도로 내려갔다. 그 덕분에 2023-24 시즌 오세근 평균 득점은 8.5점으로 지난 시즌 13.1점보다 4.6점 하락했다. 여기에 이적 후에 밝혀진 것이라면, 오세근이 현대모비스와 SK 등에'프림 내년에도 뛰나요?''워니 내년에도 뛰나요?' 등을 질문하며 여러 구단의 간을 봤었던 사실이 알려졌다. 그러면서 오세근에게 프내뛰, 워내뛰 등의 불명예스러운 별명이 붙어버렸다. 그리고 SK는 주축 로스터의 고령화 문제로 인해 에너지 레벨에서 밀리는 모습을 1라운드부터 드러내기 시작했고, 급기야는 EASL에서 대만 팀에게도 처참하게 털리는 등 워니 의존도가 더 심해지며 로스터 구성을 한참 잘못했다는 쪽으로 기울고 있다. 참고로 정작 1라운드 1위는 FA 시장 때 상대적으로 조용했던 편인 DB가 가져갔다. 즉 무작정 네임밸류와 거액 영입만이 정답이 아니라는 것을 보여준 셈이다. 물론 워니, 안영준과 더불어 새롭게 떠오른 핫한 선수 오재현의 맹활약과 상대의 득점을 틀어막는최원혁을 비롯하여최부경,송창용을 앞세운 탄탄한 수비로 12연승까지 달렸지만, 거기까지였다. EASL에서 최부경, 송창용이 부상을 당한 것도 모자라 오재현과 안영준까지 줄줄이 부상을 당하면서 SK는 2위에서 4위로 밀려나 버렸다. 이것이 SK의 리그 최종 순위가 되었고, 이어진 6강 플레이오프 KCC와의 경기에서 말 그대로무기력한 경기력을 선보이며 3전 전패 셧아웃이라는 대굴욕, 대치욕을 완벽하게 맛보며 허무하게 시즌을 끝내고 말았다.[76]반면 kt는 SK와는 다르게 정관장에서 kt로 새롭게 합류한 문성곤이 정관장에서 보여주었던 수비력, 거기에 공격력까지 뿜어내며 kt의 핵심으로 떠올랐고, 여기에 용병패리스 배스와 야전사령관허훈의 원투 펀치 콤비는 가히2023 챔프전정관장의 상대였던 SK의 김선형과 자밀 워니를 떠올리게 할 정도로 kt의 득점을 책임졌다. 덕분에 kt는플레이오프 6강에서 모비스를 3승 1패,4강에서 LG를 5차전 접전 끝에 물리치고챔프전에 진출했다. 비록 슈퍼팀이라 불리는 KCC에게 1승 4패로 패배했으나, 그럼에도 1차전, 우승을 내줬던 5차전을 제외하고는 2차전에서 KCC에게 승리, 3차전과 4차전은 부산 원정 경기 였음에도 일방적인 흐름이 아닌 팽팽한 경기를 선보이며 kt 팬들을 비롯한 많은 농구 팬에게 큰 감동을 안기기에는 충분했다.[77]참고로 kt는 2025-26 시즌을 기준으로 김선형과 문성곤 두 명이 팀 샐러리 캡의 절반 가량을 소진하는 상황이다. 민심을 감수하고도 구단에서 잡지 않은 이유는 나름대로 있었다는 것.[78]알다시피 작년 5.18 사태로 정관장 팬들은 그 당시의 트라우마를 안고 있었다. 거기다가 FA로 풀린 핵심 선수들(박찬희, 이정현, 이재도, 전성현, 문성곤, 오세근)을 차례로 타 팀으로 내다 파는 어이없는 행보로 악명이 높은 구단인 것을 누구보다 잘 알고 있었다.[79]그럴 수밖에 없는 이유는 모기업이 챔프전 우승을 하게 될 경우 차기 시즌 타이틀 스폰서를 맡게 되는 불문율이 있기 때문이었다. 그리고 시즌 타이틀 스폰서를 맡을 시 30억이라는 어마무시한 비용을 지불해야 한다. 그러니 웬만하면 돈을 쓰지 않는 정관장 입장에서 볼 때, 타이틀 스폰서 비용 30억을 지불한다는 것 자체가 큰 부담일 수도 있다. 다만 정관장을 옹호하는 입장에서 보면 이 모든 것이 KBL의 문제이기도 한데, 자세한 내용은여기참고.[80]결과적으로 이 두 시즌 동안 온갖 비판을 받은 결과 2025-26 시즌은 리빌딩에 성공하며 정규시즌을 2위로 마감했고, 이 두 시즌간 받은 지명권 두 장으로박정웅과문유현을 건지긴 했다. 다만 이 두 명의 지명에 성공한 것뿐만 아니라, 팀 샐러리 캡 소진율에 잦은 부상 누적 등의 문제로 2025-26 시즌 후 보상금 11억짜리 FA가 되는변준형도 구단에서 잡지 않는 것이 유력시 되고 있다. 그리고 역시나 5월 18일자 이류농구 TV에서 정관장이 변준형을 잡지 않을 가능성이 높다는 예상을 내놓았는데, 웬일로 정관장은 핵심 선수들을 파는 구단답지 않게(?) 예상을 깨고 변준형을 3년 보수 8억에 잔류시켰다. 그 배경으로는 변준형을 반드시 잡아달라는 유도훈 감독의 강력한 요청이 한몫을 했다. 이에 정관장 팬들은 김성기 단장에 대해 '변준형 팔 생각을 하다가 유도훈에게 들켜서 실패했다'는 통쾌한 반응과 비록 야구계의김경문, 무관의 제왕이기는 해도 핵심 FA 선수들을 내부 단속하는 능력은 최고라며 유도훈 감독을 극찬하는 반응을 보이고 있다. 한편으로는 3년 전 문성곤과 오세근이 FA였을 때 김상식 전 감독이 아닌 내부 단속을 잘하는 유도훈 감독이었다면 저 둘은 지금까지도 정관장 소속으로 뛸 수 있었을 것이라며 아쉬움을 드러내고 있다.[81]공교롭게도 3개 다같은 회사 소속이다.[82]물론 본인들보다도 더 관중 동원이 저조한대구 한국가스공사 페가수스나울산 현대모비스 피버스,수원 KT 소닉붐보다는 사정이 나은 편이다. 가공과 모비스는 그나마 수도권인 정관장과 달리 아예 비수도권이라는 악조건으로 인해 평균 관중이 2023-24 시즌 기준으로 1,600명 대에 불과하고, KT는부산광역시시절에 지방이라는 문제 때문에 인기가 썩 높은 편은 아니었지만, 수도권인수원시로 올라온 이후로는 수원 KT 소닉붐 아레나 수용인원이 작기는하지만 관중 동원이 잘 되는편이다. 추가로 대구 한국가스공사 페가수스의 전신이었던인천 전자랜드 엘리펀츠의 경우 연고였던인천광역시와부천시의 뛰어난 접근성과 교통성 덕에 스몰마켓에도 불구하고 흥행에 대성공했다. 더 안타까운 건고양시연고의고양 오리온 오리온스-고양 캐롯 점퍼스의 후신고양 소노 스카이거너스에도 밀리고 있다는 거다.[83]그도 그럴 만한 것이 앞서 언급한 대로 대구 한국가스공사 페가수스의 전신이었던인천 전자랜드 엘리펀츠의 경우 설령 인천이 아니더라도 부천시서울 지하철 7호선에 해당하는 역(까치울역 ~ 상동역 구간)이나수도권 지하철 1호선이나수도권 전철 서해선부천시 구간에서도소사역이나온수역을 통해서 편하게 올 수 있기 때문이고,삼산체육관역까지도 그렇게 막 멀지 않고, 체육관도 삼산체육관역에서 그리 멀지 않다. 그리고 고양 소노는 서울 강북권 쪽에 속하는은평구,마포구,서대문구등에도 팬덤이 있고, 아니면경기도북부권에 속하는김포시/파주시등이나 한강 이남의서울특별시강서구등에서 올 때도 1시간 내로 올 수 있고, 결정적으로 대화역에서 체육관이 그리 멀지 않으며, 또한 2024년 12월 28일GTX-A운정중앙~서울역 구간도 개통하면서 더 좋아졌고,킨텍스역이대화역처럼 좋은 접근성을 자랑하기에 접근성이 더 좋아졌다.[84]그리고 소노의 홈구장고양 소노 아레나는 추후에인천 도시철도 2호선일산 연장 구간만 다 개통되면 김포에서 고양 가고자 할 때 편해지기 때문에 관중 동원력이 안양보다는 훨씬 유리해진다.[85]물론 이 곳은 과거 인천 전자랜드 엘리펀츠가 한국가스공사에 매각 뒤 재창단 형태로대구광역시로 내려갔으나 당시채희봉사장을 통해 일부 인천광역시와 부천시농빠들 사이에서 아직 소수나마 명맥이 유지되고 있다.[86]다만 과천과 광명의 경우 안양과도 딱 붙어 있는 도시이긴 하나 이 도시들도 안양처럼 서울과 매우 가깝다. 특히 과천은 잠실 등 강남권으로 가는 주요 경로이다 보니 근방에 거주하는 라이트농빠들은 접근성이 훨씬 더 괜찮은 잠실로 가지 굳이 안양으로 가려는 사람은 적다. 그도 그럴 것이 과천은 중간에 한 번 환승한다고 해도수도권 지하철 4호선과서울 지하철 2호선으로 이용해서사당역에서 환승해 편하게 갈 수 있기 때문이다.문제가 있다면 사당역 환승 이용객이지옥철수준으로 쩔어준다는 것이다.[87]광명의 경우 따지고 보면 사실 서울과 가깝다는 것과 서울로 오고가는 사람이 많을 뿐 교통은 딱히 좋은 편은 아니다. 왜냐면수도권 전철 1호선/광명셔틀,서울 지하철 7호선이 있지만서울 지하철 7호선광명시에 해당하는철산역,광명사거리역근처에 거주하는 사람들은 접근성에는 문제가 없지만 광명역 근처에 거주하는 사람들은 광명셔틀 열차가 1시간에 겨우 딱 1대밖에 없고 그나마 운 좋은 경우에는 1시간에 2대씩 있다는 거다. 그러나 여기 광명은 요금은 좀 비싸지만 운행이 자주 있는KTX이용해서서울역이나용산역까지 간 다음에노량진역이나동작역,사당역으로 간 다음에서울 지하철 2호선이나서울 지하철 9호선을 이용해서 갈 수 있다는 것이 장점이긴 하다. 그리고 2028년 12월 개통 예정인수도권 전철 신안산선만 개통되면 서울 접근성이 더 좋아지기 때문에 경강선의 월곶판교선 구간이 개통되더라도 광명 근처에 거주하는 라이트 농구 팬들은 접근성이 훨씬 괜찮고 교통도 더 편리한 잠실로 더 많이 갈 가능성이 아주 높다.[88]시흥도 안양하고 인접해 있지만, 정작 여기 역시 근방에 거주하는 라이트농빠들도 좀 멀긴 하지만 접근성이 훨씬 더 괜찮은 잠실로 가지 굳이 안양으로 가려는 사람이 적다. 왜냐면 대구 한국가스공사 페가수스의 전신이었던인천 전자랜드 엘리펀츠팬덤이 어느 정도 존재하고(실제로 인천하고 시흥 간 접근성이 나쁘지 않기 때문이다.) 잠실도 비록 좀 멀기는 해도수도권 전철 서해선을 통해서 어느 정도 편하게 갈 수 있기 때문이다. 그리고 시흥도 2028년 12월에 개통 예정인수도권 전철 신안산선을 통해서 더 편하게 갈 수 있기 때문에 경강선의 월곶판교선 구간이 개통해도 접근성이 더 좋은 잠실이나 아니면 인근 도시인 수원쪽도 선택할 가능성이 있기에 안양으로 갈 가능성은 여전히 적을 것이다.[89]안산도 안양하고 인접해 있다고는 해도 대부분의 시민들은 잠실아니면 수원쪽을 선택할 가능성이 더 높다. 왜냐면수도권 전철 4호선과수도권 전철 서해선을 통해 잠실이나 수원으로 편하게 갈 수 있기 때문이고, 그나마 군포는 안양과 가깝고 이용 가능한 교통수단도 많아서 안양으로 가는 사람들이 더 많다만, 이 쪽도 서울로 가는 교통이 타 지역에 비해 무시당할 정도로 안 좋은 게 아니다.[90]왜냐면 이게 인천 서남부 지역(남동구,연수구,미추홀구,제물포구),시흥시,광명시,의왕시,성남시,광주시,이천시,여주시,원주시,강릉시,동해시를 연결하는 노선이기 때문이다.[91]인삼공사로 구단이 넘어간 2010-11 시즌부터 사용했고, 이전에는 KT&G의 CI인 파란색을 주로 사용했다.[92]KIA는 2013 시즌부터 이어진 타어강의 저주를 끊어내지 못한 채 여름부터 힘이 쭉 빠져 8위를 기록, KGC도 주축 선수들의 군입대 및 기량 하락, 부상 악령 끝에 성적이 떨어져 9위로 마무리했다.[93]KIA는 2015년 김기태 감독 선임 이후 발굴한 선수들이 2016년 어느 정도 성공을 맛보면서 5위로 포스트 시즌에 진출했고, KGC는 승부 조작 혐의를 받던 전창진 감독 대신 임명된 김승기 감독이 팀을 잘 추스려 4위로 포스트 시즌에 진출했다.[94]공교롭게도 당시 두 구단 모두서울연고지 구단을 상대로 접전 끝에 잠실에서 우승을 확정 지었다.[95]KGC:오세근/ KIA:양현종[96]각각인천 SSG 랜더스필드와인천삼산월드체육관에서의 승률이 매우 좋다. 다만 전자랜드를 인수한 한국가스공사가 연고지를 대구광역시로 정함에 따라 2021-2022 시즌부터 인천에서 KBL 경기가 열리지 않는다.[97]두산과 KGC 모두 2010년대 들어 여성 팬들이 부쩍 늘어났다.[98]KGC:양희종, 두산:오재원[99]두산은 화수분 야구라는 팀 컬러에 맞게 매년마다 신진급 선수들 중 주전으로 발돋움하는 경우가 많고, KGC도 2011-12 시즌으로 회자되는 인삼신기 이후 2015-16 시즌을 기점으로 매년 우수한 인재들이 한 명씩 발굴된다.[100]KGC는 현대모비스(5회)에 이은 4회, 두산은 삼성(4회)에 이은 3회.[101]2000-01 시즌부터 완공한 안양체육관은 NBA 구장에서 볼 수 있는 중앙전광판을 세웠다. 다만 2013-14시즌부터 노후화 문제로 철거되고 관중석 양 옆으로 HD 전광판을 새로 달기는 했다.[102]불스는 조던 이전에는 그저 그런 팀이었지만, 조던이 들어온 이후에는 90년대 최고의 왕조로 자리매김했으며, 무려 6번의 NBA 파이널 우승을 차지했다. 정관장도 오세근이 등장하기 전까지는 평범했던 팀이었지만, 오세근이 들어온 이후의 2011년부터 2023년까지 4차례의 챔프전에서 우승을 차지했다. 다만 차이점이 있다면 정관장은 준우승을 한 번 경험한 반면, 불스는 단 한 번도 준우승을 경험한 적이 없는 NBA 파이널 승률 100%라는 점이다.[103]불스는 조던을 앞세워 왕조를 구축하기는 했지만, 단장인제리 크라우스의 이기적인 인품과 선수들과의 갈등으로 인해서 필 잭슨이 사퇴하고, 조던과 피펜, 로드맨이 빠져나가면서 결국 암흑기를 맞고 말았다. 정관장도 오세근을 앞세워 4번 챔프전 우승을 차지하는 등, 왕조를 구축했지만, 정관장 프런트들의 인색함과 소극적인 투자 행보로 인해서 2번 우승을 이끌었던 김승기가 데이원으로 가버리고, 대형 FA 선수들인 이정현, 이재도, 전성현, 문성곤, 오세근을 모두 놓쳐버리는 실책을 저지르며 이런 이야기가 또 나왔지만 정관장은 불스와는 달리 두 시즌간 그렇게 획득한 지명권부터 잭팟이 터지며 2025-26 시즌을 2위로 마감하고 탱킹에 성공했다.[104]당시 중립 경기는 서울 올림픽공원 펜싱경기장에서 진행됐다. 이후삼성 썬더스의 서울 입성 전까지 잠실체육관에서 중립 경기가 벌어졌다.[105]대림대학 체육관을 홈으로 쓰던 시절 정규 시즌 5위의 성적을 거둔 이후, 4위 삼보를 꺾고 4강 플레이오프에 올랐다.[106]공교롭게도 스타즈 시절 대림대학 체육관을 썼는데 의정부 KB손해보험 스타즈도 2024-25 시즌 의정부 체육관 시설 개보수로 인하여 경민대학교 체육관에서 남은 시즌을 치른다.[107]그것도8할 승률을 기록한원주 동부를 격침했다.[108]다른 한 구단은방성윤,김태술,최부경,안영준,오재현의서울 SK 나이츠다.[109]불스는 조던 이전에는 잘하지도 않고 그렇다고 못하지도 않는 그저 그런 평범한 구단이었지만, 조던이 들어온 이후에는 1990년대 최고의 왕조로 자리매김했던 팀이었다. 하지만제리 크라우스단장을 비롯한 프런트들의 인색함으로 인하여 조던, 피펜, 로드맨이 동시에 빠져 나감으로써 25년이 지난 2024년 현재까지도 우승은커녕 암흑기를 계속해서 맞고 있는 중이다.[110]Korean Donation Club[111]공동 2위 KT장재석,허훈,박준영,문정현. LG송영진,김종규,박정현,양준석."
38,잔스파인/SD건담 지 제네레이션 이터널/UR,SD건담 지 제네레이션 이터널/유닛G제네레이션 시리즈/오리지널 기체베스파의 모빌슈트,"다른 지 제네레이션 시리즈에서의 잔스파인에 대한 내용은잔스파인문서를, 원작의 파라 그리폰에 대한 내용은파라 그리폰문서를 참고하십시오.보급 UR 유닛[ 타입별 유닛 펼치기·접기 ]|공격형|공격형|내구형|내구형|지원형|지원형지옹 (EX)샤아 전용 자쿠II(디 오리진 Ver.) (EX)건담 Ez8 (EX)캠퍼 (EX)블루 데스티니 1호기 (EX)아틀라스 건담 (EX)노이에 질 (EX)스트라이커 커스텀 (EX)Z건담 (EX)한정Ex-S건담 (EX)한정큐베레이(ZZ Ver.) (EX)한정사자비 (EX)Hi-ν건담 (EX)한정풀아머 백식 개량형 (EX)한정유니콘 건담(디스트로이 모드) (EX)유니콘 건담 3호기 페넥스 (디스트로이 모드) (EX)한정크시 건담 (EX)한정건담 F91(트윈 베스바 장비) (EX)한정크로스본 건담X1 개량형 (EX)V2어설트 버스터 건담 (EX)한정마스터 건담 (EX)갓 건담 (EX)한정윙 건담 제로 (EW Ver.) (EX)한정건담 헤비암즈 개량형(EW Ver.) (EX)건담 DX (EX)한정스트라이크 프리덤 건담 (EX)한정데스티니 건담 (EX)한정인피니트 저스티스 건담 (EX)건담 어스트레이 레드 프레임 개량형 (EX)한정건담 엑시아 (EX)스사노오 (EX)건담 AGE-1 노멀 (EX)건담 발바토스 루프스 렉스 (EX)한정다릴 바르데(Season 2 사양) (EX)건담 캘리번(최종결전 시) (EX)한정버설 나이트 건담 (EX)LINKED 한정유비 유니콘 건담 (EX)LINKED사이코 하로 (EX)건담 (EX)구프 커스텀 (EX)풀 아머 건담(선더볼트 Ver.) (EX)건담 시작 3호기 (EX)한정풀 아머 ZZ건담 (EX)ν건담(더블 핀 판넬 장비형) (EX)밴시 노른(디스트로이 모드) (EX)한정내러티브 건담A장비 (EX)페넬로페 (EX)건담 F91 (EX)고트라탄 (EX)건담 데스사이즈 헬(EW Ver.) (EX)저스티스 건담 (EX)건담 어스트레이 골드 프레임 아마츠 미나 (EX)더블오라이저(최종결전 사양) (EX)한정건담 아발란체 아스트레아 타입F 대쉬 (EX)건담 발바토스제6형태 (EX)건담 키마리스 비다르 (EX)건담 에어리얼(개수형) (EX)미카엘리스(Season 2 사양) (EX)빅 랑 (EX)사이코 자쿠 (EX)건담 시작 2호기 (EX)한정르 시뉴 (EX)The O (EX)D건담 서드 (EX)ν건담 (EX)나이팅게일 (EX)한정시난주 (EX)유니콘 건담 (디스트로이 모드 / 각성) (EX)한정건담 F90(A. D. S. 혼합 장착 시) (EX)톨기스Ⅲ (EX)알트론 건담(EW Ver.) (EX)한정건담 버사고체스트 브레이크 (EX)프리덤 건담 (EX)프로비던스 건담 (EX)포스 임펄스 건담 (EX)스트라이크 느와르 건담 (EX)건담 아스타로트 리나시멘트 (EX)건담 에어리얼 (EX)건담 파렉트(Season 2 사양) (EX)빌드 스트라이크 건담풀 패키지 (EX)건담 AGE-2 노멀 (EX)한정3대 건담 대장군 (EX)LINKED몬스터 블랙 드래곤 (EX)LINKED 한정피닉스 건담(능력 해방) (EX)할파스 건담 (EX)그레이트 지옹 (EX)잔스파인 (EX)한정[ 시리즈별 유닛 펼치기·접기 ]기타기타건담 (EX)지옹 (EX)샤아 전용 자쿠II(디 오리진 Ver.) (EX)빅 랑 (EX)건담 Ez8 (EX)구프 커스텀 (EX)캠퍼 (EX)블루 데스티니 1호기 (EX)풀 아머 건담(선더볼트 Ver.) (EX)사이코 자쿠 (EX)아틀라스 건담 (EX)건담 시작 2호기 (EX)건담 시작 3호기 (EX)한정노이에 질 (EX)스트라이커 커스텀 (EX)그레이트 지옹 (EX)르 시뉴 (EX)Z건담 (EX)한정The O (EX)풀아머 백식 개량형 (EX)한정Z건담 (EX)한정Ex-S건담 (EX)한정풀 아머 ZZ건담 (EX)큐베레이(ZZ Ver.) (EX)한정D건담 서드 (EX)ν건담 (EX)사자비 (EX)Hi-ν건담 (EX)한정나이팅게일 (EX)한정ν건담(더블 핀 판넬 장비형) (EX)풀아머 백식 개량형 (EX)한정크시 건담 (EX)한정페넬로페 (EX)유니콘 건담(디스트로이 모드) (EX)밴시 노른(디스트로이 모드) (EX)한정시난주 (EX)유니콘 건담 (디스트로이 모드 / 각성) (EX)한정내러티브 건담A장비 (EX)유니콘 건담 3호기 페넥스 (디스트로이 모드) (EX)한정내러티브 건담A장비 (EX)유니콘 건담 3호기 페넥스 (디스트로이 모드) (EX)한정크시 건담 (EX)한정페넬로페 (EX)건담 F90(A. D. S. 혼합 장착 시) (EX)건담 F91 (EX)건담 F91(트윈 베스바 장비) (EX)한정V2어설트 버스터 건담 (EX)한정고트라탄 (EX)잔스파인 (EX)한정마스터 건담 (EX)갓 건담 (EX)한정윙 건담 제로 (EW Ver.) (EX)한정건담 데스사이즈 헬(EW Ver.) (EX)톨기스Ⅲ (EX)건담 헤비암즈 개량형(EW Ver.) (EX)알트론 건담(EW Ver.) (EX)한정윙 건담 제로 (EW Ver.) (EX)한정건담 데스사이즈 헬(EW Ver.) (EX)톨기스Ⅲ (EX)건담 헤비암즈 개량형(EW Ver.) (EX)알트론 건담(EW Ver.) (EX)한정건담 DX (EX)한정건담 버사고체스트 브레이크 (EX)프리덤 건담 (EX)저스티스 건담 (EX)프로비던스 건담 (EX)건담 어스트레이 골드 프레임 아마츠 미나 (EX)프리덤 건담 (EX)건담 어스트레이 골드 프레임 아마츠 미나 (EX)스트라이크 프리덤 건담 (EX)한정포스 임펄스 건담 (EX)데스티니 건담 (EX)한정인피니트 저스티스 건담 (EX)스트라이크 느와르 건담 (EX)건담 어스트레이 레드 프레임 개량형 (EX)한정건담 엑시아 (EX)더블오라이저(최종결전 사양) (EX)한정스사노오 (EX)건담 아발란체 아스트레아 타입F 대쉬 (EX)건담 AGE-1 노멀 (EX)건담 AGE-2 노멀 (EX)한정건담 발바토스제6형태 (EX)건담 발바토스 루프스 렉스 (EX)한정건담 키마리스 비다르 (EX)건담 아스타로트 리나시멘트 (EX)건담 에어리얼 (EX)건담 에어리얼(개수형) (EX)건담 캘리번(최종결전 시) (EX)한정건담 파렉트(Season 2 사양) (EX)미카엘리스(Season 2 사양) (EX)다릴 바르데(Season 2 사양) (EX)크로스본 건담X1 개량형 (EX)3대 건담 대장군 (EX)LINKED몬스터 블랙 드래곤 (EX)LINKED 한정버설 나이트 건담 (EX)LINKED 한정유비 유니콘 건담 (EX)LINKED피닉스 건담(능력 해방) (EX)할파스 건담 (EX)사이코 하로 (EX)SD건담 지 제네레이션 이터널의 85, 86, 87번째보급 UR 유닛건담 아발란체 아스트레아 타입F 대쉬 (EX)스사노오 (EX)→잔스파인 (EX)한정V2어설트 버스터 건담 (EX)한정고트라탄 (EX)→미정ZMT-S37S잔스파인 (EX)ザンスパイン(EX)Zanspine (EX)등급타입획득 경로기간 한정 보급출시일2026년 9월 30일1. 개요2. 인게임 정보2.1. 잔스파인 (EX)2.1.1. 유닛 정보2.1.2. 무장2.1.2.1. 일반 무장2.1.2.2. EX 무장2.1.3. 어빌리티·기구2.2. 파라 그리폰2.2.1. 캐릭터 정보2.2.2. 스킬·어빌리티2.3. 픽업 영상·홈 애니메이션3. 성능4. 기타5. 둘러보기1.개요[편집]SD건담 지 제네레이션 이터널에 등장하는잔스파인.2.인게임 정보[편집]2.1.잔스파인 (EX)[편집]2.1.1.유닛 정보[편집]능력치(LV 100기준)한계 돌파HPEN공격력방어력기동력이동력지형 적성5우주공중지상수상수중○○○-△태그우주세기 시리즈지 제네레이션 시리즈시리즈파일:.webp파일:.webp2.1.2.무장[편집]2.1.2.1.일반 무장[편집]2.1.2.2.EX 무장[편집]2.1.3.어빌리티·기구[편집]2.2.파라 그리폰[편집]파라 그리폰ファラ・グリフォンFuala Glifon등급타입획득 경로잔스파인 (EX) 최초 획득 시 자동 획득성우오리카사 아이출시일2026년 9월 30일2.2.1.캐릭터 정보[편집]능력치레벨사격치격투치각성치수비치반응치100찬스 스텝지원 공격지원 방어태그우주세기 시리즈시리즈파일:.webp파일:.webp2.2.2.스킬·어빌리티[편집]2.3.픽업 영상·홈 애니메이션[편집]픽업 영상홈 애니메이션픽업 영상홈 애니메이션3.성능[편집]최대 4스텝이 가능한 지원기라는 독보적인 특성을 가지고 등장한 한정 지원기. 맵병기인 빛의 날개가 UR등급 최초[1]로 명중시 찬스 스텝이 추가되는 독특한 사양의 무장으로 출시되었는데, 빛의 날개 자체는 잔탄이 1회지만 패키지 파일럿인 파라 그리폰이잔탄 소비 1회 무효 스킬을 가지고 있기 때문에 빛의 날개를 2번 사용하는 것으로 최대 4스텝을 가져가는 것이 가능하다.4.기타[편집]몇 가지 특이한 신기록을 보유한 UR 유닛이다.'지 제네레이션 시리즈' 태그를 보유한 유닛 중 최초의 한정 유닛이다.'지 제네레이션 시리즈' 태그를 보유한 UR 유닛 중 최초로 패키지 캐릭터가 지 제네레이션 시리즈의 오리지널 캐릭터가 아니다.[2]'지 제네레이션 시리즈' 태그를 보유한 유닛 중 최초의 주년급 픽업 출신 유닛이다.5.둘러보기[편집]현재 진행 중인 픽업 유닛 보급개최 기간2026/9/30 12:00 ~ 2026/10/31 10:59픽업 유닛[ UR 유닛 ]V2어설트 버스터 건담 (EX)/웃소 에빈NEW한정교환 가능잔스파인 (EX)/파라 그리폰NEW한정교환 가능고트라탄 (EX)/카테지나 루스NEW교환 가능[ UR 서포터 ]로베르토 고메스&린호스 Jr.NEW한정교환 가능[ SSR 유닛 ]빅토리 건담 헥사/마베트 핑거햇NEW교환 가능V대시 건담 헥사/유카 마일러스NEW교환 가능조로 (크로노클 어셔 전용기)/크로노클 어셔NEW교환 가능브룩켕 (루페 시노 전용기)/루페 시노NEW교환 가능근위 사단용 리그 샷코NEW교환 가능[ SSR 서포터 ]엘리샤 클란스키&화이트 아크NEW교환 가능개최 기간2026/9/30 12:00 ~ 2026/10/31 10:59픽업 유닛[ UR 유닛 ]Hi-ν건담 (EX)/아무로 레이한정교환 가능갓 건담 (EX)/도몬 캇슈한정교환 가능건담 발바토스 루프스 렉스 (EX)/미카즈키 아우구스한정교환 가능[ UR 서포터 ]오토 미타스&넬 아가마 (론드 벨)한정교환 가능[1]'UR등급 최초'라고 서술된 이유는 과거 SD 건담 외전2 전설의 거인 스토리 이벤트 배포 SSR인무투가 네모의 맵병기연속이 이터널 최초의 명중시 찬스스텝 추가 맵병기로 나왔기 때문이다.[2]SD건담 G제네레이션 워즈의 증원 이벤트에서 파라 그리폰이 타고 나왔던 걸 고증한 인선이다."
39,사용자:SamSara,,
40,부산 OK저축은행 읏맨,부산 OK저축은행 읏맨OK금융그룹부산광역시 연고 구단연고지 이전대한민국의 프로 배구단V-리그 남자부2013년 창단,"2026-27 시즌에 대한 내용은부산 OK저축은행 읏맨/2026-27 시즌문서를 참고하십시오.V-리그 남자부참가 구단[ 펼치기 · 접기 ]인천 대한항공 점보스천안 현대캐피탈 스카이워커스서울 우리카드 우리WON의정부 KB손해보험 스타즈수원 한국전력 빅스톰부산 OK저축은행 읏맨대전 삼성화재 블루팡스과거 참가 구단V-리그 여자부SV.리그 남자부(V.리그)｜SV.리그 여자부(V.리그)슈퍼 리그｜타우론리가｜세리에 A(여자부)｜술탄라 리기부산 OK저축은행 읏맨관련 문서[ 펼치기 · 접기 ]구단 기본 정보부산광역시｜OK금융그룹｜OK저축은행｜부산 OK저축은행 읏맨｜선수단｜응원단주요 인물구단주최윤｜감독신영철｜수석 코치김재헌｜주장부용찬홈구장안산 시절상록수체육관｜부산 시절부산강서체육관역사역사(창단-19)｜2019-20｜2020-21｜2021-22｜2022-23｜2023-24｜2024-25｜2025-26｜역대 감독｜역대 외국인 선수｜역대 아시아 쿼터｜역대 엠블럼｜역대 유니폼기타 문서논란 및 사건사고부산 OK저축은행 읏맨Busan OK Savings Bank OKman정식 명칭OK저축은행 읏맨 프로배구단영문 명칭OK Savings Bank Okman Volleyball Club창단2013년4월 26일(13주년)구단명 변천안산 러시앤캐시 베스피드 (2013~2014)안산 OK저축은행 러시앤캐시 (2014~2020)안산 OK금융그룹 읏맨 (2020~2024)안산 OK저축은행 읏맨 (2024~2025)부산 OK저축은행 읏맨(2025~ )연고지 변천경기도 안산시(2013~2025)부산광역시(2025~ )홈구장 변천상록수체육관(2013~2025)강서실내체육관(2025~ )클럽 하우스대웅경영개발원[1]운영 법인에이앤피파이낸셜대부주식회사 (2013~2014)아프로파이낸셜대부주식회사 (2014~?)[2]주식회사오케이저축은행 (?~)[3]모기업OK금융그룹구단주최윤구단주 대행정길호단장권철근감독신영철주장12전광인키트 스폰서험멜웹사이트 및 소셜 미디어|||★★챔피언 결정전우승(2회)2014-15,2015-16정규 리그 1위(0회)-[4]KOVO컵우승(1회)2023한·일 V리그 TOP매치우승(1회)2015포스트 시즌 진출(4회)챔피언 결정전2014-15,2015-16, 2023-24플레이오프2014-15,2015-16, 2020-21,2023-24준플레이오프2020-21,2023-24프랜차이즈 구단 기록[ 펼치기 · 접기 ]최고 승률.694- 2014-15 시즌 36경기 25승 11패최저 승률.194- 2016-17 시즌 36경기 7승 29패최다 승점71점- 2014-15 시즌 36경기 25승 11패2015-16 시즌 36경기 23승 13패최소 승점20점- 2016-17 시즌 36경기 7승 29패최다 승25승- 2014-15 시즌 36경기 25승 11패최다 패29패- 2016-17 시즌 36경기 7승 29패최다 연승8연승- 2014-15 시즌, 2015-16 시즌최고 FA 계약3년, 7억 원- 2020-21 시즌이민규1. 개요2.역사3. 역대 감독4. 역대 외국인 선수5. 역대 신인 드래프트6.역대 엠블럼7.역대 유니폼8. 역대 주장9. 트레이드9.1. 2016년9.2. 2017년9.3. 2019년9.4. 2020년9.5. 2022년9.6. 2023년9.7. 2024년9.8. 2025년10. 영구 결번10.1. 해제 영구 결번11. 관련 기록11.1. 역대 성적11.2. 역대 포스트 시즌 상대 전적12. 선수단13. 응원단14.논란 및 사건 사고15. 여담16. 둘러보기1.개요[편집]2014-15 챔피언 결정전 우승2015-16 챔피언 결정전 우승V-리그의 프로배구단. 연고지는부산광역시.강서실내체육관을 홈구장으로 사용한다.V-리그 남자부의 제7구단이며 최근에 창단한 구단이다. 현재까지 V-리그에서 챔피언 결정전 우승을 차지한 4개 구단 중 하나[5]이며 창단 이후 불과 2년 만에 우승, 거기에 더해 2연패까지 성공한 구단이다.[6]2.역사[편집]자세한 내용은부산 OK저축은행 읏맨/역사문서를 참고하십시오.3.역대 감독[편집]부산 OK저축은행 읏맨역대 감독[ 펼치기 · 접기 ]초대2대3대김세진(2013~2019)★★석진욱(2019~2023)오기노(2023~2025)☆4대신영철(2025~)★:챔피언 결정전우승 /☆:챔피언 결정전준우승대수이름재임 기간성적비고초대김세진2013.05.~2019.03.210전 93승 117패V1, V2, 안산 시대 마지막 우승 감독2대석진욱2019.04.~2023.03.140전 68승 72패안산 시대 마지막 국내 감독3대오기노 마사지2023.06.~ 2025.03.72전 27승 45패구단 역사상 첫외국인 감독, 안산 시대 마지막 감독4대신영철2025.03.~ 현재부산 시대 첫 감독4.역대 외국인 선수[편집]부산 OK저축은행 읏맨역대 외국인 선수[ 펼치기 · 접기 ]2013-142014-152015-162016-172017-18바로티시몬시몬세페다[1]마르코[2]모하메드[3]브람[2]마르코[3]2018-192019-202020-212021-222022-23요스바니레오필립[1]펠리페[3]레오레오2023-242024-252025-262026-27레오루코니[2]크리스[3]디미트로프러셀[1] 시즌 전 방출 | [2] 시즌 중 방출 | [3] 대체 영입| [4] 일시 대체 영입 | [5] 일시 대체 영입 후 정식 영입* 등록명을 우선적으로 기재부산 OK저축은행 읏맨역대 아시아 쿼터 선수[ 펼치기 · 접기 ]2023-242024-252025-262026-27바야르사이한장빙롱[2]쇼타[3]젤베[1]오데이[3][2]쇼타[3]페이즈[1] 시즌 전 방출 | [2] 시즌 중 방출 | [3] 대체 영입| [4] 일시 대체 영입 | [5] 일시 대체 영입 후 정식 영입* 등록명을 우선적으로 기재시즌등번호이름등록명포지션국적2013-1412번아르파드 바로티바로티OP2014-1513번로베르틀란디 시몬 아티스시몬MB / OP2015-162016-178번마르코 보이치[7]마르코OH모하메드 알 하차다디모하메드OP2017-182번브람 반 덴 드라이스브람OP마르코 페헤이라[8]마르코OP2018-1914번요스바니 에르난데스요스바니OH2019-2014번레오 안드리치레오OP2020-217번미하우 필립[9]필립OP18번펠리페 알톤 반데로펠리페OP2021-226번레오나르도 레이바레오OH2022-2313번2023-2499번바야르사이한 밧수바야르사이한MB / OP13번레오나르도 레이바레오OH2024-2515번장빙롱장빙롱OH24번하마다 쇼타쇼타S99번마누엘 루코니루코니OP22번크리스티안 발쟈크크리스OP2025-26?번매히 젤베 가지아니젤베MB18번트렌트 오데이오데이MB24번하마다 쇼타쇼타S13번디미타르 디미트로프디미트로프OP2026-2710번메흐란 페이제맘두스트페이즈MB40번카일 러셀러셀OP5.역대 신인 드래프트[편집]역대 신인 지명 선수연도순번1라운드2라운드3라운드4라운드수련선수2013전체 2번전체 3번전체 4번전체 5번전체 6번전체 7번이민규(경기대, 세터)송희채(경기대, 레프트)송명근(경기대, 레프트)김규민(경기대, 센터)정성현(홍익대, 리베로)심경섭(성균관대, 레프트)곽명우(성균관대, 세터)장준호(성균관대, 센터)배홍희(경기대, 리베로)조민수(충남대, 레프트)류기현(중부대, 센터)2014전체 2번박원빈(인하대, 센터)전병선(한양대, 레프트)김기명(중부대, 레프트)미지명강현수(충남대, 레프트)함웅빈(성균관대, 리베로)2015전체 7번천종범(인하대, 센터)이시몬(홍익대, 레프트)미지명미지명박기현(중부대, 리베로)2016전체 7번박철형(홍익대, 리베로)조재성(경희대, 레프트)미지명미지명배인호(성균관대, 레프트)2017전체 2번차지환(인하대, 레프트)손주형(경희대, 센터)문종혁(한양대, 라이트)조철희(조선대, 세터)미지명2018전체 1번전진선(홍익대, 센터)미지명이승준(송림고, 레프트)미지명이창윤(경남과기대, 세터)2019전체 3번김웅비(인하대, 레프트)정성환(경기대, 센터)이태봉(조선대, 레프트)미지명조성찬(홍익대, 리베로)2020전체 3번박창성(한양대, 센터)함동준(속초고, 센터)최찬울(중부대, 레프트)미지명문지훈(조선대, 센터)2021전체 5번박승수(한양대, 레프트)강정민(경북체고, 세터)윤길재(중부대, 라이트)한광호(충남대, 리베로)문채규(중부대, 라이트)2022전체 1번신호진(인하대, OP, OH)이진성(홍익대, OH)나두환(성균관대, L)미지명오준영(목포대, L)2023전체 3번박태성(인하대, S)김건우(조선대, OH)이재서(경상국립대, L)미지명미지명2024전체 1번미지명[10]진욱재(조선대, MB)조승연[11](성균관대, S)미지명미지명6.역대 엠블럼[편집]자세한 내용은부산 OK저축은행 읏맨/엠블럼문서를 참고하십시오.7.역대 유니폼[편집]자세한 내용은부산 OK저축은행 읏맨/유니폼문서를 참고하십시오.유니폼 디자인이 구리다는 평을 듣는다. 초창기에는러시앤캐시 로고 빼면봐 줄만 했으나 메인이 주황색으로 바뀌면서 옛날 한화 이글스 유니폼 마냥 없어 보인다는 사람들이 많아졌고 맨날 놀림받는 문제의 읏맨 로고까지 더해지면서 옥금 팬들은 유니폼 디자인 좀 어떻게 해 보라고 투덜댄다.8.역대 주장[편집]시즌이름포지션2013-14김홍정센터2014-15강영준라이트2015-162016-17김홍정[12]센터2017-18정성현[13]리베로2018-19송명근레프트2019-20심경섭레프트2020-21정성현[14]리베로2021-222022-23차지환레프트2023-24이민규세터2024-25부용찬리베로2025-262026-27전광인아웃사이드 히터9.트레이드[편집]9.1.2016년[편집]2016년구단명트레이드 선수↔트레이드 선수구단명OK저축은행김규민↔이강주삼성화재9.2.2017년[편집]2017년구단명트레이드 선수↔트레이드 선수구단명OK저축은행강영준,김홍정↔김요한,이효동KB손해보험9.3.2019년[편집]2019년구단명트레이드 선수↔트레이드 선수구단명OK저축은행장준호,이승준↔최홍석한국전력9.4.2020년[편집]2020년구단명트레이드 선수↔트레이드 선수구단명OK저축은행한상길↔[15]대한항공9.5.2022년[편집]2022년구단명트레이드 선수↔트레이드 선수구단명OK저축은행정성환↔황동일한국전력9.6.2023년[편집]2023년구단명트레이드 선수↔트레이드 선수구단명OK금융그룹송명근↔송희채우리카드OK금융그룹전진선↔박성진삼성화재9.7.2024년[편집]2024년구단명트레이드 선수↔트레이드 선수구단명OK금융그룹조국기↔현금 1억원삼성화재OK금융그룹2024-25 신인드래프트 1R 지명권↔진성태대한항공9.8.2025년[편집]2025년구단명트레이드 선수↔트레이드 선수구단명OK저축은행신호진↔전광인현대캐피탈10.영구 결번[편집]10.1.해제 영구 결번[편집]안산 OK금융그룹 읏맨 영구 결번No. 13로베르틀란디 시몬 아티스첫 우승에 기여한 공로로영구 결번으로지정했다. 2021-22 시즌까지는 임의 조치에 불과했으나 등번호 규칙 개정으로 2022-23 시즌부터 진정한 영구 결번으로 인정받았다.그렇게 6년 동안 영구 결번이 유지되다 자신의 번호를 구단에 되돌려 주겠다는 시몬 본인의 요청에 의하여 영구 결번이 해제되었다. 불명예스러운 해제가 아닌 본인 의지에 따른 것인지라 이례적으로영구 결번 해제식이라는 이벤트까지 진행하여 영구 결번을 해제했다.#11.관련 기록[편집]11.1.역대 성적[편집]★★V1 MVP송명근V2 MVP시몬­우승­준우승­플레이오프 진출 시즌플레이오프 진출 실패연도정규 시즌 순위최종 순위경기승패승률승점2013-146위/7팀6위3011190.367342014-152위/7팀우승3625110.694712015-162위/7팀우승3623130.639712016-177위/7팀7위367290.194202017-187위/7팀7위3610260.278322018-195위/7팀5위3617190.472512019-204위/7팀4위[16]3216160.500502020-214위/7팀3위3619170.528552021-225위/7팀5위3617190.472442022-235위/7팀5위3616200.444482023-243위/7팀준우승3620160.556582024-257위/7팀7위367290.194272025-266위/7팀6위3617190.47250V-리그통산 13시즌V24582052530.445-창단 이후 봄 배구에 네 차례 진출하고 최종 우승을 두 차례 기록했다.11.2.역대 포스트 시즌 상대 전적[편집]수원 한국전력 빅스톰2015 PO: 2승PO 1승개별 경기 합계: 2승대전 삼성화재 블루팡스2015 F: 3승2016 PO: 2승PO 1승F 1승개별 경기 합계: 5승천안 현대캐피탈 스카이워커스2016 F: 3승 1패2024 준PO: 1승준PO 1승F 1승개별 경기 합계: 4승 1패의정부 KB손해보험 스타즈2021 준PO: 1승준PO 1승개별 경기 합계: 1승서울 우리카드 우리WON2021 PO: 2패2024 PO: 2승PO 1승 1패개별 경기 합계: 2승 2패인천 대한항공 점보스2024 F:3패F 1패개별 경기 합계: 3패2023-24 시즌 종료 기준 전 구단을 상대로 포스트 시즌 경기를 치러본 구단이다. 또한, 삼현항 세 팀 모두와 챔피언 결정전 경기를 치러본 구단이다.12.선수단[편집]부산 OK저축은행 읏맨2026-27 시즌선수단[ 펼치기 · 접기 ]프런트구단주최윤·단장권철근·스태프이한영·제이미·김윤진·안경현·김동현·정용현·최형민·김경환·정경호코칭스태프신영철★·김재헌·임동규·강영준·전병선아웃사이드 히터1김정호·7신장호·8차지환·12전광인C·14송희채아포짓 스파이커31김준호·40러셀미들 블로커10페이즈·11박원빈·16진상헌·17박창성·19진성태세터6김대환·15노재욱·22박인우리베로3정성현·5김도훈군 입대2025년 입대강정민·박성진2026년 입대김건우타 V-리그 남자부 구단 명단13.응원단[편집]부산 OK저축은행 읏맨2026-27 시즌응원단[ 펼치기 / 접기 ]장내 아나운서현명호응원단장한재권치어리더김연정★,감서윤,김가영,최석화,윤채원,임채린,유진경,김성아,김미지,조정현,김가원,이다윤2026-27 시즌 부산 OK저축은행 읏맨 응원단장내 아나운서현명호응원단장한재권치어리더김연정★,감서윤,김가영,최석화,윤채원,임채린,유진경,김성아,김미지,조정현,김가원,이다윤장내 MC로 안산 시절 안양KGC인삼공사-안양 정관장 레드부스터스의 장내 MC인허지욱아나운서가 활약했으며 응원단장으로 두산 베어스와 아산 우리은행 우리WON의 명품 응원단장인한재권응원단장이 오랫동안 응원단으로 활동하고 있다.2025-26 시즌 구단의 연고 이전으로 인해 10월 기준으로 새로운 장내 MC가 선임되었다. 과거대구 동양 오리온스-고양 오리온 오리온스와김천 한국도로공사 하이패스장내 아나운서였던 베테랑인현명호아나운서가 한시즌 함께하게 되었다. 한재권 응원단장은 새 연고인 부산에서도 계속하게 된 답변이 왔다.[17]치어리더들은 2020-21 시즌 기준으로 KBO 리그한화 이글스와NC 다이노스, K리그1울산 현대-HD와K리그1과K리그2의대구 FC마지막으로K리그2의경남 FC, 한국프로농구 前부산 kt 소닉붐-現부산 KCC 이지스응원단에 있는스카이치어리더 에이전시소속 치어리더로 구성되었다. 추가로 동일 연고 여자 농구단인부산 BNK 썸에서도 4년간 활약 했다. 이 치어리더단은 2020-2021 시즌부터 응원을 진행하고 있다. V-리그 기준으로 여자배구인인천 흥국생명 핑크스파이더스에서 활약했거나 활약하는 치어리더들이 있다. 2025-2026 시즌 기준으로 치어리더들은 현재 활동 중인 멤버 위주로 구성되면서 경남권 출신들과 수도권 출신들이 번갈아 맡게 되었다.[18]네임드 치어리더로 안산 시절 팀장이었던김연정전 팀장을 포함해서 前NC 다이노스치어리더 팀장이자 現부산 KCC 이지스농구의 팀장김수현과대구 FC팀장김유나마지막으로 부산 시절 신임 팀장이 된강지유가 안산 시절에 이어 부산에서도 함께하게 되었다. 2026 시즌 KBO 퓨처스리그 11번째 팀인울산 웨일즈의 치어리더가 되었다.2025-26 시즌 막바지에는 홈구장인강서체육관에 '읏치즈 치어리딩 아카데미'를 설립해 치어리더 팀 멤버 중 일부(김연정,감서윤,김가영,윤채원)가 오프시즌에도 강사로 활동하고 있다.치어리딩 아카데미의 영향으로 2026-27 시즌에도 스카이가 치어리더 업무를 맡고, 김연정이 다시 팀장으로 복귀하거나 팀장 공석 체제로 갈 가능성이 매우 높게 점쳐진다. 지난 시즌 팀장강지유와 같은 시즌을 공유하는부산 KCC 이지스의 팀장이었던김수현마저라이트업으로 이적한 상황이다. 라이트업은 OK의 경쟁팀인대전 삼성화재 블루팡스를 협업으로 맡을 가능성이 매우 농후하다. 이로인해 10대 치어리더로 데뷔했던 막내김가영은대구 한국가스공사 페가수스에서 KBL 최연소 팀장이 되었다. 감서윤의 경우 유력후보이나 치어리더 데뷔 연차 및 의사표시가 없기에 김연정 전 안산 시절 팀장의 일정공백시 대행체제가 유력한 상황이다. 더불어 윤채원도 아직 연차가 충분히 쌓이지 않은 상황이다. 이로인해 팀장급 즉시전력을 외부에서 수혈하지 못한 상황으로 인해 김연정 총괄팀장이 고향 부산에서 다시 팀장을 맡을 가능성이 매우 높게 점쳐지고 있다.14.논란 및 사건 사고[편집]자세한 내용은부산 OK저축은행 읏맨/논란 및 사건사고문서를 참고하십시오.15.여담[편집]팀의 약칭은 대체적으로OK,옥저등으로 많이 불린다.박승수가 2021-2022 시즌 시상식에서 신인상을 수상하며 구단 최초로 신인상 수상자가 되었다.2022년 2월 18일부터 같은안산을 연고지로 뒀던K리그2의안산 그리너스 FC와 공동 마케팅을 시작했다.#소식을 들은 안산 그리너스의인도네시아축구 팬 중 일부가 읏맨의 SNS를 팔로우하기 시작했다. 이후 2021년 2월 19일레오와아스나위사진을 SNS에 올린 이후 인도네시아 축구 팬들이 댓글을 올렸다.연고지 이전 이후로는인천 대한항공 점보스와의 경기가 있을 경우, 원정 응원 시 이동 수단의 폭이 넓어진다.KTX, 시외/고속버스는 물론,김포-부산 항공노선으로도 이용 가능하다. 연고지 이전 전까지는 양팀 경기시수인분당선,서해선,1호선,4호선,인천 도시철도 1호선,인천국제공항철도를 이용해도 되었던 연고였다.부산을 연고로 하지만 정작 OK저축은행 지점은 부산에 없다. 원래 연고지였던 안산에는 OK저축은행 지점이 있었으나 연고지 이전 이후 2025년 11월 폐점했다. 그리고 부산 연고 팀 중 유일하게 메인 스폰서 관련 건물이 없는 팀이다.롯데 자이언츠는 롯데백화점,부산 아이파크는 아이파크 아파트,부산 KCC 이지스는 KCC 부산 공장이 있지만 OK저축은행 읏맨은 연고지에 아무것도 없다.성공적인 부산 연고지 이전 및 그에 따른 연고지역 기반 확장과 프로배구 경쟁력 강화 및 흥행 활성화에 대한 기여로, 2026년 4월 13일 '진에어 2025-2026 V리그 시상식'에서 공로상을 받았다.##16.둘러보기[편집]스포츠단[ 펼치기 · 접기 ]배구럭비골프부산 OK저축은행 읏맨OK저축은행 읏맨 럭비단OK저축은행 읏맨 OPENOK금융그룹 스포츠단부산광역시연고 프로 구단[ 펼치기 · 접기 ]KBO 리그K리그2한국프로농구한국여자프로농구롯데 자이언츠부산 아이파크부산 KCC 이지스부산 BNK 썸V-리그 남자부핸드볼 H리그 여자부e스포츠부산 OK저축은행 읏맨부산시설공단BNK FEARX부산광역시 연고 기타 구단 보기[1]2~3년 후 부산 인근에 클럽하우스를 이전할 예정이다.[2]2023년 11월에 오케이넥스트주식회사로 법인명이 변경되었다.[3]별도 법인화 없이 기업에서 직접 운영하고 있다.[4]역대 최고 성적 - 준우승: 2회 (2014-15, 2015-16)[5]나머지 3개 구단은대전 삼성화재 블루팡스,천안 현대캐피탈 스카이워커스,인천 대한항공 점보스[6]일곱 시즌 연속 우승에 빛났던 삼성화재, 정규 시즌 18연승의 현대캐피탈을 모두 압도적으로 꺾으며 우승했다. 두 번의 우승 모두 플레이오프를 치르고 올라와 체력적으로 불리한 상황이었음에도 일궈 낸 성과였다는 점에서 전성기 OK의 저력을 확인할 수 있다.[7]원래 쿠바 출신의 롤란도 세페다를 영입했는데, 성폭행 혐의로 물의를 일으키면서 시즌 개막을 앞두고 마르코로 교체했다.[8]알렉산드리 페헤이라의 친형.[9]입국 후자가격리를 마치고 팀에 합류하였지만, 무릎 부상으로 인해 시즌 개막을 앞두고 계약이 해지되었다.[10]대한항공과진성태↔ 1라운드 지명권 트레이드로 지명권 상실.[11]지명 후 메디컬 테스트에서 이상이 발견되어 입단 계약을 하지 않았고 동시에 은퇴했다.[12]17년 1월 1일에 분위기 쇄신차원 으로강영준으로 교체[13]리베로는 경기 주장을 할 수 없기 때문에이민규가 경기 주장[14]정성현의 부탁으로최홍석이 경기 주장[15]FA 계약 후 현금 트레이드로 이적[16]코로나바이러스감염증-19확산 여파로 무관중 경기 후 시즌이 중단되었다가 2020년 3월 23일 조기 종료.[17]https://m.dcinside.com/board/rushncash/12604[18]OK저축은행 치어리더들이 대거 소속된 소속사인스카이치어리더 에이전시는 부산에 소재해 있으며 이미 연고지인 부산과 NC 다이노스 야구 진출로 인해 창원을 포함해서 주로 경남권을 중심으로 활동중이다. 더불어 원정 문제로 인해 수도권에도 인천 흥국생명 핑크스파이더스 여자배구도 활동하고 있기에 OK 배구단 측에서 안산에서 부산으로 내려왔으나 크게 바뀔 가능성은 높지 않은 상황이 되었다."
41,,,
42,,,
43,토오사카 린/작중 행적/본편,Fate 시리즈/캐릭터/작중 행적토오사카 린,"상위 문서:토오사카 린/작중 행적이 문서에스포일러가 포함되어 있습니다.이 문서가 설명하는 작품이나 인물 등에 대한 줄거리, 결말, 반전 요소 등을 직·간접적으로 포함하고 있습니다.1.제4차 성배전쟁(Fate/Zero)2.제5차 성배전쟁(Fate/stay night)2.1. 프롤로그 공통 진행2.2.Fate 루트2.3.Unlimited Blade Works 루트2.3.1.Fate/stay night [Unlimited Blade Works]2.4.Heaven's Feel 루트2.4.1.Heaven's Feel 코믹스2.4.2.극장판 Fate/stay night [Heaven's Feel]2.4.2.1.극장판 [Heaven's Feel] Ⅰ. presage flower2.4.2.2.극장판 [Heaven's Feel] Ⅱ. lost butterfly2.4.2.3.극장판 [Heaven's Feel] Ⅲ. spring song2.5. 그 후1.제4차 성배전쟁(Fate/Zero)[편집]제4차 성배전쟁시점키/몸무게124cm/29kg특기긍정적 사고좋아하는 것아버지의 칭찬싫어하는 것아버지의 꾸중천적코토미네 키레이본편보다 10년 전을 그린Fate/Zero가 발매되면서 어린 시절이 공개되었다. 애칭은로리+린=로리린→(줄여서)→로린. 머리 스타일이트윈테일인 것도 포인트다.[1]어릴 때는 좀 의협심이 강한 성격이었으며, 능력치로 치면 동년대 사내아이 2명을 가볍게 발라버리는 정도였다고 한다.[2]여동생으로토오사카 사쿠라가 있었지만마토 가문으로 보내진다. 사쿠라를 보낼 때는 냉랭했지만 보낸 뒤 혼자 있게 해서 미안하다고 방에서 혼자 울었다고. 본래 사쿠라와는 사이가 좋았지만 너무 어린 시절이라 서로에 대한 기억은 그다지 없다. 오대원소라는 만능형 때문에 허수인 사쿠라를 제치고 후계자가 되었는데, 사실 토키오미는 범재라서 사쿠라의 허수 속성을 가르칠 방법이 없기 때문이라고 한다. 만약에 사쿠라가 후계자가 되었으면 일찌감치 포기하고 시계탑에 보냈다고. 만일 린이 마토 가문으로 가 버렸으면 흑화한 끝에 캡슐 서번트에 나오는 영령 토오사카가 되어버린다고 한다.제4차 성배전쟁시작 전에 어머니토오사카 아오이와 함께 외가에 맡겨진다. 집을 나설 때 키레이와 대화하는 장면이 있는데, 이때부터 키레이를 싫어했음을 알 수 있다. '아버지'이자 '스승'이었던토오사카 토키오미에 대한 존경심이 매우 강했기 때문에 후계자인 자신보다 먼저 제자가 된사형이라는 이유로 싫어했고, 또 성격적으로 안 맞기도 했다고. 외가에 가면서 '아버지를 잘 지켜드리라'고 당부했지만….같은 반의 내성적이고 연약한 '코토네'라는 소녀를 곧잘 챙겨주었던 듯하다. 이 탓에제4차 성배전쟁이 시작된 뒤 얼마 지나지 않아 코토네가 실종되어 버리는 사건이 발생하자 배짱 좋게도 야간출입금지 명령을 받은 것도 무시하고 작은 마력나침반과 보석탄 하나만 가지고 몰래 집을 빠져나와 친구를 찾으러 간다.이때의 행적은 원작 소설과 애니메이션이 각각 다르다.먼저 원작에서는우류 류노스케에게 오르간 취급 받다가캐스터가 머리를 터뜨려 죽인 소녀가 바로 코토네였기 때문에 결국 친구를 구하기는커녕 찾아내지도 못하고 그저 헤매다가 카리야 앞에서 쓰러지고, 그대로 보호받다가 나중에 린을 찾으러 온 아오이가 데려간다.애니메이션에서는 10화 한 화 전체를 어린 린이 주역인 오리지널 스토리로 배정하여 여러모로 혜택을 받았다.우선 성배전쟁 이전 토키오미에게 가르침을 받는 장면이나 학교에서 따돌림당하는 코토네를 구해주는 장면 등 성배전쟁 이전 생활이 직접 묘사된다. 성배전쟁 중 실종된 코토네를 찾으러 갔을 때에는 원작과 달리 아이들을 최면마술 걸린 팔찌로 납치하는우류 류노스케를 발견하고 미행 끝에 지하의 카페에서 코토네를 비롯한 아이들을 찾아낸다. 직후 류노스케에게 발각되고 최면마술 팔찌를 잡았다가 잠시 최면에 걸리기도 하지만 마술사이기 때문인지 금방 정신을 차리고, 이전 마술수업 중 '마력을 지나치게 주입하면 폭발한다'고 배운 것을 응용해 최면팔찌를 파괴하기까지 한다. 거기다 류노스케가 폭발과 부서진 팔찌에 정신이 팔린 틈에 정신이 든 아이들 모두를 구출해 탈출하는 데 성공한다.그 뒤에는 아이들이 경찰에게 보호받는 것을 확인하고 혼자 따로 돌아가려다가 원작과 마찬가지로 골목길 안쪽에 잠복해 있던캐스터의 마수에게 습격받으나마토 카리야가 보낸 벌레들이 마수를 격퇴해 구사일생한다.[3]하지만 갑작스런 상황에 기절하는 바람에 잠시 카리야의 보호를 받다가 아오이가 찾아오자 넘겨져 외갓집으로 돌아가게 된다.여담으로 애니메이션에서 코토네의 외모가 사쿠라를 닮게 디자인된 것으로 드러나며 린이 코토네를 많이 돌봐준 이유는 코토네에게서헤어진 자신의 동생을 보았기 때문이라는 의견이 많다. 실제로 코토네는 성격도 사쿠라와 비슷하게 내성적이었다.작품 후반부에코토미네 리세이가 사망하자 자신이 질 수도 있다고 마음가짐을 바꿔먹은 토키오미가 린을 찾아와 토오사카 가문 당주로서의 몸가짐에 대해서 당부를 남기는데 이 장면이 바로 Fate/stay night 원작 게임의 프롤로그 부분이다. 즉 토키오미와 린의 마지막 만남.에필로그에서는 정신이 온전치 못한 아오이를 데리고 아버지의 장례식에 참석한다. 어린 나이임에도 울지 않고 침착한 모습을 보이려 애쓰지만 코토미네 키레이가 토키오미의 유품이라며아조트 검을 건네자 감정을 억누르지 못해 결국 눈물을 보인다. 덧붙여 이때 고개를 숙이는 바람에 앞에 있던키레이가어떤 표정을 짓는지는 보지 못했다.2.제5차 성배전쟁(Fate/stay night)[편집]2.1.프롤로그 공통 진행[편집]프롤로그의주인공. 토오사카 가문의 당주로서 가문의 비원을 성취하기 위하여제5차 성배전쟁에 참전한다.자신의서번트로 기본적인 강함이 보장되는세이버를 소환할 계획이었는데, 성배전쟁에 대해 사전 지식을 충분히 가질 수 있었던 토오사카 가문의 당주라는 입장에 있었음에도 '세이버'라는 클래스를 빼면 딱히 어떤 서번트를 소환할지는 전혀 생각해 놓지 않았기 때문에 서번트 소환을 위한 촉매 자체를 아예 준비하지 않은 상태로[4]배짱 소환을 시도하였고[5], 모종의 사고로 시간을 착각한 탓에[6]최상의 컨디션이 아닌 상태에서 소환 의식을 거행하였다. 소환 시에 할 수 있는 실수란 실수는 전부 저질러버린 셈.[7]아무튼 소환 과정에서 약간의 착각과 오산, 실수, 우연이 겹쳐지면서 그토록 원하던 세이버가 아닌, 붉은 옷을 입은아처를 소환하게 된다. 그런데 소환 과정이 순탄치 않았던 탓인지, 아쳐는 소환진에서 소환되지 않고 거실에 소환되었으며[8], 그렇게 불러낸 아처가 잘못된 소환의 부작용으로 진명도 생각나지 않는다는 데다 엄청나게 건방지게 굴며 “마스터는 어디 잘 숨어있고 내가 알아서 싸우겠다”는 둥 자신을 무시하자 홧김에 세 번밖에 쓸 수 없는 그 귀한 령주를 써서 ‘내 말에 절대복종하라’는 두루뭉술한 명령을 걸어버리는 무시무시한 바보짓[9]까지 저지르고 만다.거기에 더해 서번트가 세이버가 아님을 알게 되고 낙담하게 된다. 그래도 여차저차 진정되고 화해하게 되는데, 아처에게 처음 제대로 내린 명령은 “너 때문에 박살 난 거실을 치우라”는 것이었다. 성배전쟁하려고 불려 나온 서번트를 잡일로 부려 먹는 마스터에게 기가 질린 아처가 남긴 명대사가 바로“지옥에나 떨어져라, 마스터.""몇 시간 뒤 시점인 아침에 늦잠을 자는 바람에 등교는 포기하고[10]대신 영체화 상태의 아처를 대동하곤 후유키시 곳곳을 답보하며 안내를 해준다. 그리고 저녁 즈음에 토오사카 저택으로 돌아가는 언덕에서 학교 후배인마토 사쿠라가의문의 금발 외국인과 대화하는 모습을 목격.[11]다음날 등교했다가 학교에어떤미친놈이사람을 융해시켜 흡수하는 결계를 설치했다는 사실을 감지하곤 저녁까지 남았다가 분석 겸 제거 작업에 들어가는데, 이걸 몰래 지켜보던랜서와 마주치는 바람에 아처Vs랜서 전이 벌어지게 된다. 도중에 목격자가 있다는 사실을 감지한 랜서가 추격하여 그를 죽이게 되는데 알고 보니 살해 당한 학생이 일면식이 있는 동급생에미야 시로라는 사실을 알게 되어 엄청 놀라게 되고, 아직 목숨이 붙어 있는 그를 살리기 위해 비장의 수로 쓰려고 꿍쳐 두었던, 10년치 마력이 담긴 펜던트를 이용해 구멍 뚫린 심장을 복원해 살려냈다.[12]하지만 나중에 집에서 랜서에게 공격 당한 시로가 본의 아니게 세이버를 소환하는 바람에 결과적으로성배전쟁에 끌어들인 꼴이 되었다.한편 시로를 살리고 집에 돌아갔다가 ""랜서 녀석이 타겟의 목숨을 제대로 끊지 못했다는 사실을 알게 되면 다시 한 번 마무리를 짓기 위해 찾아갈 게 뻔하다.""라며 아처가 충고를 하자 비상 상황임을 감지하고에미야 저택으로 향해 주변을 어슬렁 거리던 중, 자신과 아처의 존재를 감지하고 튀어나온 세이버의 기습을 받는다. 이때 후술하겠지만 아처가 세이버의 검에 베이느냐 마느냐에 따라 루트가 갈리며, 일단은 시로가 세이버를 저지한 덕분에 목숨을 건진다. Fate 루트를 클리어한 다음이라면 '령주로 세이버를 제지시킨다'와 '막지 않는다'는 선택지가 뜨는데,세이버를 령주로 제지시키면 UBW 루트로 넘어가게 된다. 물론 막지 않으면 Fate 루트로 이어지게 된다.[13]서로 서번트의 마스터인 관계로 시로도 목숨을 걸고 싸워야 할 상대가 된 셈이지만, 목숨을 살려준 빚을 갚는다며 아무것도 모르는 시로에게 성배전쟁에 대해 설명해 주고, 교회에 데려가서 감독관코토미네 키레이를 만나게 해제5차 성배전쟁에 정식으로 참여하게 한다. 후일 서로 목숨을 걸고 싸워야 하는 성배전쟁에 대해 제대로 인식하지 못해 자신을 보고도 어설프게 대응하는 시로를 보고 어이없어 하며 강경하게 대하다가 전 루트 공통으로 동맹 관계가 되고 전력을 합치기 위해 에미야 저택에서 잠시 신세를 지게 된다. 다만 동맹을 맺는 시기는 루트마다 다르다.여담으로, 상식적으로 생각해서 철벽의 마술요새인 토오사카 저택으로 시로를 불러들이면 될 것을 왜 알람용 결계 한 장으로 끝이고 제대로 된 마술공방 하나 없는 에미야 저택에 간 것인지는 작중에서는 끝내 밝혀지지 않는다. 동맹관계라고 하나 언젠가 적대관계로 돌아갈(거라고 생각했을 것이다) 상대에게 공방을 보이지 않기 위함이었다는 추측도 있으나 나스의 공식 발언이 없어서 확실하지는 않다.[14]2.2.Fate 루트[편집]시로와 함께 교회를 나와 귀가하던 중이리야스필 폰 아인츠베른&버서커의 습격을 받지만 어떻게 잘 넘어갔고, 매우 위협적인 적인 버서커를 쓰러뜨리기 전까지 협력을 하는 게 이점이 많다며 시로와 정식으로 동맹 관계를 맺고 협조의 일환으로 마술사로서 미숙한 시로에게 여러 가지를 자세히 알려준다. 서번트인 아처가 세이버에게 베인 중상으로 인해 장기간리타이어라는 사정상 주로 마술적 지식은 백지에 가까운 시로의 조언자, 선생, 길잡이 같은 역할.참고로 이때 린과 동료가 되지 않는다는 선택지를 고르면 잠깐UBW 루트로 빠지더니 4일째 방과 후에 시로를 습격해서간드로 무력화시킨 다음 마술로성배전쟁과 자신에 대한기억을 지워버리고 강제로 평화로운 일상으로 돌아가게 만드는배드엔딩이 뜬다. 린 입장에서는 가장 평화로운 해결법이라고 생각한 듯. 하지만 이리야는 이와 상관없이 계속해서 시로를 노리고 있다는 것을 생각하면... 결말은 처참했을 것이다.여하튼 시로에게 마술을 가르쳐 주거나 세이버의 마력충전을 도와주고[15],버서커를 보석 마술로 한 번이나마 죽이는 등 여러 방면으로 활약한다.이후 시로가 있을 수 없는8번째 서번트에 대해 상담할 목적으로 교회에 찾아간 사이, 본색을 숨기고 에미야 저택을 방문한[16]코토미네에게 미처 예상치 못한 상태에서 기습을 당해 큰 중상을 입고 전투불능이 되어 리타이어한다. 코토미네가 살해를 목적으로 진심으로 임했다면 린은 빼도박도 못하고 저세상행이었겠지만, 코토미네의 목적은 소성배로서 활용하기 위해이리야를 납치하는 것이어서 린을 죽일 이유도 살의도 없었기 때문에 당장은 움직이지 못하게 제압할 목적이었기에 생존이 가능했던 것. 이후 교회에서 돌아온 시로가 심각한 수준의 출혈량과 혈흔에 아연실색하여 응급 치료를 하려 하자, 자신이 이미 지혈과 응급 치료를 다 했다며 정중히 거절하곤, 마지막 조언이라며 코토미네의 목적과 행선지를 설명해 준 뒤,아조트 검을 넘겨주고는 의식을 잃고 잠든다.여담이지만 본편의 CG는 CG에서 보여지는 출혈량을 보면 중상 수준이 아니라 사망 직전(…)인 수준으로, 심지어 시로에게 '마지막 조언'이라며유언스러운 말을 하면서사망 플래그를 팍팍 뿌리고, 마지막 말은 '너무 피곤하니까 좀 잘께'로 누가 들어도 유언이었다. 정작 실혈의 여파로 잠들듯이 기절만 했을 뿐이고 사건 종료 이후 쌩쌩히 생존했다. 사실 작중에서 언급되는 바에 따르면 토오사카가 가진마술각인에는 치료 기능 등이 덧붙여져 있어 웬만한 중상이라도 회복할 수 있다는 설정이 있기 때문에[17]죽지 않아도 이상할 건 없다. 후에 나스 키노코와 우로부치 겐의 언급에 따르면 각인의 회복은 주인의 기량이 아닌 재능에 의존하기 때문에 토키오미가 저만큼 다쳤으면 그냥 사망이었지만, 린 정도의 재능이라서 겨우 살아난 거라고 한다. 즉 키레이가확인사살만 안 했다 수준이었던 것. 다만 레아르타 누아에서는 PC판 기준 일러스트의 출혈랑이 좀 과하다고 여긴 것인지, 아니면 전연령 수위의 한계인지는 몰라도 출혈량 묘사가 대폭 줄어들었다.이후 시로가 코토미네를 처치하고 성배전쟁이 종결된 엔딩에서는 보통의 일상으로 돌아가는데, 시로와의 대화를 보면 함께 등교하는 일이 많아진 듯하다. 평소에 아침에 대단히 약한 린이 기상 시간을 일찍 맞춰 놓고 등교하면서 시로와 함께 만나서 등교하는 것을 시로가 지적하고 자신의 말 실수로 이를 들키자 얼굴이 붉어지는데, 후의 UBW루트 만큼은 아니지만 시로에게 단순한 학교 친구 이상의 호감을 가지고 있는 듯하다.[18]Fate 루트는 세 루트 중에서 유일하게 린이 최후의 전투에 참가하지 못하는 루트로 히로인으로 발전하지 않고 스승, 안내인으로 머무른다. UBW의 굿엔딩이 동인계에서 굉장히 자주 쓰는 소재이기 때문에 Fate 루트의 린은 지금도 생각보다 사람들에게 인지도가 부족한 편이다. 선택지를 고를 때 세이버보다 린을 중시하는 쪽으로 고를 수 있는데 자칫하다가는 세이버가 시로를 죽이는 베드엔딩이 뜰 수도 있으니 주의.2.3.Unlimited Blade Works 루트[편집][19]린이메인 히로인으로 활약하는 루트이다.Fate 루트와 달리 시로가 령주로 세이버를 말려서 아처가 치명상을 입지 않기에 그로 인해 아처와 함께 주도적으로 활약하는 루트다. 마찬가지로 시로와 공동 전선을 맺게 되어 조력자로서 시로와 협력하고 투영의 정의나 마술의 지식 및 능력 등을 알려주어 풋사과인 시로의 성장에도 한몫한다.루트 초반 아처와 서로 엇갈리면서도 호흡이 잘 맞는 모습을 보이지만, 아처가 성배가 아닌 에미야 시로의 목숨을 노리는 탓에 반목하기도 한다. 이상하리만치 시로를 거부하는 아처의 태도에 주의를 주는 게 주된 패턴. 그 과정에서 마스터와 서번트의 기억 공유로 인해 그의 슬프고 비참한 과거를 직접 보게 되고 그러한 아처와 너무나 닮은 에미야 시로의 모습에 의문을 느끼게 된다.아처가 세이버에게 입은 부상이 나을 때까지 힘을 합친다는 명목으로 일찌감치 시로와 동맹을 맺었던 Fate 루트와 달리 여기서는 아처가 무사하기 때문에 최소한의 도움만 주고 이후엔 적으로서 만나게 될 거라는 점을 확실히했다. 정확히는 버서커&이리야 페어의 습격에서 자신을 돕다가 부상을 입은 시로를 에미야 저택까지 옮기고 상처를 치료해 준 직후 이 선언을 했다.그러다 4일 째에 서번트도 대동하지 않고 태연하게 학교에 온 시로를 보고 어이없어하며 분노, 진짜로 목숨을 빼앗기 위해 방과 후에간드를 쏘며 습격해온다. 하지만라이더가 벌인 소동을 수습하는 과정에서 학교 관계자들 중 숨어있는 마스터가 있다는 사실을 눈치채고 그를 쓰러뜨릴 때 까지라는 전제 하에 정식 동맹을 맺는다.5일 째에 도심을 정찰하다 뼈 골렘들을 상대하고 후유키시 전체에 민간인의 생명력을 흡수하는 가느다란 실이 늘어져 있는 것을 알아채고, 캐스터가 후유키 시민 전원을 희생 시키려는 것을 알게 되자 시로/세이버 와 논의 후 캐스터 팀을 최우선적으로 처리하자는 방침을 세운다. 이후 아처에게 류도사 정찰을 명했는데 때마침 시로가 캐스터에게 납치되어 류도사에 있는 걸 발견한 그가 처음에는 구해주는 것 같더니 갑자기 시로를 진심으로 공격해 죽이려 했다는 사실을 알게 된다. 이에 린은 같은 일이 생기는 걸 막기 위해 아처에게 ""협력 관계에 있는 한 에미야 시로에게는 절대로 손을 대지 말라""는 령주를 걸게 된다.9일 째에호무라하라 학원의 교사쿠즈키 소이치로가 마스터일지도 모른다고 의심하고 습격하나 공간전이로 난입한 캐스터와 쿠즈키가 각각 A급 마술과 뱀권을 이용해서 반격한다. 세이버가 쿠즈키의 뱀권에 의해 기절하는 바람에 절체절명의 위기에 빠지나[20]시로가 류도사에서 본 아처의간장막야를 순간적으로 투영해서 살려주었다. 이후 린은 에미야 저택으로 들어가 신세를 지기로 하고, 시로와 함께 툇마루에 앉아 달 구경을 하다가 시로의 지난 5년 간의 삶을 듣고에미야 시로가 가진 모순점을 지적한다. 또한 당시 매일 꿈 속에서 아처의 기억을 보고 있었는 지라 시로와 아처의 행동 원리가 완전히 같다는 것도 알아챈다.시로가 타인을 위한 삶을 살고 있다는 것을 알아 챈 린은 조금이라도 시로의 강박관념을 덜어주기 위해 데이트를 신청하고 시로를 세이버와 함께 이곳저곳 마구 끌고 다닌다. 시로의 소감에 의하면 '세탁기에 넣고 빙빙 돌린 것' 같았다고.그러나 나름대로 즐거웠던 시간도 잠시, 린이 직접 싼 도시락으로 후유키시 공원에서 식사를 하고 에미야 저택으로 돌아갔을 때는 이미캐스터가 저택에 침입해후지무라 타이가를 인질로 삼은 상태라 순식간에 위기에 처한다. 시로는 타이가와의 교환 조건으로 자신의 령주조차 내주려고 하나, 이를 지켜보다 못한 세이버가 난입하는 과정에서 캐스터의 보구룰 브레이커에 세이버가 찔리며 시로와의 계약이 파기 & 캐스터가 세이버의 마스터가 되는 절체절명의 상황에 빠지게 된다. 린은 시로를 토오사카 저택으로 옮겨 치료한 후 깊게 잠든 그를 내버려 두고 세이버를 구하기 위해 아처와 함께 캐스터를 토벌하러 간다. 이후 깨어난 시로는 린의 방에서 펜던트를 발견하게 되고 이를 통해 자신의 목숨을 구해줬던 것이 린이었음을 알고 그녀를 찾아 밖으로 나선다. 뭔가에 홀리듯 신토의 고층 빌딩 옥상을 찾아간 시로는 린과 아처를 다시 만나게 되나, 린은 시로에게 더 이상 마스터가 아닌 이상 싸울 이유가 없으며, 무력한 몸으로 성배전쟁에 더 이상 관여하면 죽을 것이라는 경고로 결별을 선언하며 아처와 함께 사라진다.교회 지하에서 캐스터와 대치한 린이었으나, 아처는 유리한 쪽에 붙겠다며캐스터의 룰 브레이커로 찔러 달라고 자청하여 그들의 편으로 들어가게 된다.[21]그 때문에 린은쿠즈키 소이치로에게 목숨을 잃을 위기에 처하지만 시로의 갑작스러운 난입과 아처의 마지막 배려로 목숨 만은 건지게 된다. 교회에서 나온 시로와 린은 외국인 묘지에서 잠시 휴식을 취하는데 이때 시로는 린에게 토오사카 저택에서 주웠던 펜던트를 돌려주게 되고 이를 통해 린은아처의 정체를 완전히 이해하게 된다. 이어서 시로는 자신이 린을 오래전부터 동경해 왔으며 서로 아는 사이가 된 후에 오히려 더 좋아하게 됐다며 자신의 감정을 솔직하게 고백한다.세이버와 아처가 적 진영으로 넘어감으로써 대부분의 승기를 캐스터에게 빼앗긴 상황이었으나 포기하지 않은 린은 ""다른 마스터들과 협력을 맺자""는 제의를 하고 시로와 함께 아인츠베른의 성으로 향한다. 그러나 아인츠베른 성 정문에 들어가려는 찰나 성 내부 분위기가 심상치 않음을 느끼고 2층 창문을 통해 들어가는데, 들어가자마자 전투 소리를 듣고 그쪽으로 향한다.홀에 도착해서는길가메쉬와버서커의 대치를 목격하고,있을 리가 없는 8번째 서번트를 보고 경악한다. 직후 길가메쉬가 버서커를 죽이고 이리야까지 죽이려 하자 에미야 시로가 그것을 막겠다고 뛰쳐나갔다가 이리야는 그대로 죽고 당시 길가메쉬의 마스터로 행세하던마토 신지의 명령으로 시로마저 위기에 처하자 본인도 모습을 드러내어마토 신지를 인질로 잡아 겨우 사태를 모면한다. 다만 이때는 길가메쉬가 봐줬다는 느낌이 강했다.길가메쉬가 사라진 후 린은 그동안 시로에 대해 품어오던 의문을 폭발 시키며 그의 삶의 방식이 일그러져 있으며 그런 행동을 계속할 경우 파멸 할 것임을 경고한다. 린과의 대화를 통해 시로는 10년 전 키리츠구가 자신을 구하던 순간의 감정을 돌이키며 왜 자신이 키리츠구의 이상을 계승하기로 결심했는지를 깨닫게 된다. 자신이 정의의 사자를 목표로 하게 된 것이 자신의 순수한 바람이 아니었음은 깨달았지만, 그런 자신을 위해 진심으로 걱정해 주는 사람(린)의 모습에 감동을 받은 시로는 자신의 이상이 잘못된 것이 아님을 오히려 강하게 확신하게 된다.협력을 구하려 했던 이리야가 사망한 상황에서 캐스터를 어떻게 타도할지 의논하던 두 사람 앞에 갑자기랜서가 등장해 협력 제의를 하고, 다른 수가 없었던 두 사람은 그 제의를 받아들여 함께 세이버를 구하러 코토미네 교회로 난입한다. 랜서는 아처와 교회 앞에서 두 번째 싸움에 들어가고 린과 시로는 그 틈에 지하실에 있는 캐스터 조와 다시금 치열한 전투를 벌인다. 이때 린은 강화마술을 걸고 팔극권으로 캐스터를 몰아붙이는데, 마술사가 육탄전으로 나온다는 점에 허를 찔린 캐스터가 잠시 대처하지 못해 궁지에 몰아넣는 데 성공하지만 시로가 쿠즈키를 잡아 놓지 못해 아쉽게 기회를 놓쳤다.캐스터가 태세를 추스르면서 위기에 빠지지만 직후 난입한 아처가 수많은 검들을 투영하여 캐스터를 없애고 쿠즈키까지끔살하면서 아처가 처음부터 캐스터를 배신할 작정으로 그쪽에 붙었던 것을 알게 된다. 사실 린도 어렴풋이 눈치채고 있었으나 사실임이 밝혀지자 조금은 어처구니가 없었던 듯.직후 아처와 재계약하려고 했지만 에미야 시로를 죽이는 것이 진짜 목적이던 아처가 재계약을 거절한 데다 행여 린이 방해할까 봐 투영한 검으로 감옥을 만들어 그녀를 가두고, 세이버가 자신을 막아서자 그녀마저 베려고 하는 등 급박한 상황이 벌어지자 시로를 살리기 위해 급히 세이버와 계약하게 된다. 그리하여 프롤로그에서 갖고 싶다고 그렇게 노래를 불러댔던 세이버를 마침내 얻었다.""세이버의 이름을 걸고 맹세한다. 당신을 나의 주인으로 인정하겠다, 린!""린과 계약해 전성기의 힘을 되찾은[22]세이버가 아처를 몰아붙여 제압하나 그가 고유결계를 펼치는 것은 막지 못했고, 린은 그 와중에 시로와의 대결을 위한 인질로 납치당해 아인츠베른성으로 끌려간다.아인츠베른 성에서는 의자에 묶여서 꼼짝도 못 하는 상태로 그냥 방치 당하는 바람에 신지에게 구타 당하는 험한 꼴을 겪고 하마터면검열삭제당할 뻔하거나 코토미네에 의해 성배의 소체가 될 뻔하기도 하지만 랜서가 나타나 신지를 두드려 패고, 본인이 자해 영주를 받아 심장이 꿰뚫린 상태에서도 근성으로 코토미네를 죽여서 도와줘서 빠져나왔다.시로와 아처의 사투가 시로의 승리로 끝난 뒤 길가메쉬가 난입해 아처를 벌집으로 만들고 시로마저 죽이려 하는 것을 목격하고는 길가메쉬에게 마력탄을 쏘지만 전혀 안 먹혔고, 그 상태에서제 4차 성배전쟁 종결 후 길가메쉬 수육에 대한 설명과 성배오염에 관한 이야기및 길가메쉬의 목적을 듣게 된다. 이때는 정말 위기였으나 랜서가 죽기 직전 룬 마술로 지른 불 때문에 재와 먼지가 날리자 길가메쉬가옷에 먼지가 묻는 게 싫다며 그대로 돌아가서[23]구사일생했다.최종결전에 임하기 위해 시로와패스를 연결하여무한의 검제를 쓸 수 있게 백업해 주고, 이후 최종 결전에서는 성배에 침식당한 신지를 구해내고, 그와 동시에 자신과 패스가 연결되어 마력을 끌어가는 에미야 시로가 발동한 무한의 검제와 어새신과 전투 중인 세이버의 적지 않은 마력소모를 둘 다 감당해내는 마력량을 보여주었다.[24]입구가 막히자 성배의 내부에서 나가는 것을 포기하고 죽을 각오를 하지만[25]그때까지 살아 있던 아처의 도움으로 탈출에 성공한다.모든 것이 끝나고 황금색으로 물든 언덕에서 마지막으로 아처와 재회하여 다시 계약하자고 말하지만 이미 세상에 미련이 없는 아처는 제안을 거절한다. 대신,""나를 부탁해. 네가 아는대로, 미덥지 못한 녀석이니까 말이야. 네가, 받쳐줘.""""응, 알아. 나 힘낼게.너 같은 비틀린 녀석이 되지 않도록 힘낼 테니까. 틀림없이,저 녀석이 자신을 좋아하게 되도록 힘낼 테니까... 그러니까, 너도...!""───지금부터라도, 자신을 용서해 줘.""답은 얻었어... 괜찮아,토오사카.나도, 이제부터 힘낼 테니까.""그 후 아처는 에미야 시로로서 린에게 과거의 자신을 부탁하며 미소지은 얼굴로 사라지고, 린은 시로와 함께하는 앞날에서 결코 그 끝이 아처처럼 되지 않도록 하겠다고 굳게 다짐한다.이후 트루엔딩에서는 시로가 린의 제자로 들어가 마술을 배우게 되며, 시로를 제자의 입장으로서 함께 런던으로 떠나기로 약속한다.굿엔딩에선 에필로그부터 상당히 훈훈한데, 특히 린의 반응이 상당히 재미있다. 세이버가 자신의 의지로 후유키시에 남게 되자 시로가 세이버가 어째서 지금까지 남아 있냐고 놀라워 하는데, 여기서 린이 미소를 흘리면서 세이버를 부추기면서 시로를 놀린다. 그런데 정작 세이버가 자신의 답을 찾아달라고 시로에게 부탁하며 훈훈한 분위기를 만들어내자, 곧바로질투하고시로는 내거니까!!라며 얼굴을 붉게 물들인다. 그 뒤 시로의 마술사부가 되주겠다고 하며 세이버, 시로와 함께 살아가게 된다.여담으로, UBW 굿엔딩은 페스나 엔딩 중에서도 인기가 상당히 좋다. 결말 자체도 상당히 훈훈할뿐더러 세 히로인 모두 다 시로의 곁에 남아 있기 때문. 실제로 모든 루트 엔딩중 히로인들이 모두 다 생존하여 남아 있는 엔딩은 UBW 굿엔딩 하나뿐이다. 그래서 TVA에서도 ufotable 측의 팬서비스로 UBW TVA의 2nd 시즌 BD의 특전으로 10분 남짓한 분량으로 굿 엔딩 영상이 포함되었다.2.3.1.Fate/stay night [Unlimited Blade Works][편집]UBW TVA설정화해당 루트의 히로인이기 때문에 비중이 매우 크고 원작자 나스에 의해 이래저래 달라진 설정 및 행적이 많은 편이라 항목이 별도로 분리되었다.자세한 것은문서 참조.2.4.Heaven's Feel 루트[편집]이 루트에서사쿠라의 친언니라는 충격적인 사실이 밝혀지게 된다. 워낙 어린 시절에 헤어져서 과거의 일은 대부분 기억하지 못하지만, 그럼에도 서로의 존재에 대해서는 알고 있었기 때문에 별다른 교류가 없었음에도 사쿠라를 이름으로 친밀하게 불렀던 것. 또한, 프롤로그에서 랜서에 의해 심장이 뚫린 시로를 10년치 마력이 담긴 펜던트까지 소모해가면서 살렸던 것 역시, 시로에 대한 개인적인 호감도 있지만, 결정적으로동생이 슬퍼하는 것을 보고 싶지 않았기 때문이라는 것이 밝혀진다.[26]전반적으로 암울한 내용이 이어지면서 린 역시 거기에서 벗어나지 못하는데, 마술사로서의 냉정함으로 사쿠라를 적대하면서도, 채 끊지 못한 가족의 정 때문에 사쿠라를 마냥 잘라내지 못하는 모순되는 행동을 보이게 된다. 이 때문에 이전 루트에서는 지속적으로 공동 전선을 펼쳤던 시로와도 잠시 적대하는 모습이 나오기도 한다.이전 루트에서도 조금씩은 언급되었던 내용이지만, 린은 토오사카-마토 간의 상호불가침조약에도 불구하고 먼발치에서나마 줄곧 사쿠라를 지켜보고 있었다.[27]이 때문에 중간에 마토 저택에 쳐들어갔을 때는 ""이럴 줄 알았다면 좀 더 빨리 찾아올걸.""이라며 자조와 후회 섞인 대사를 하기도 한다. 작중에서도 사쿠라가 아프다는 소식을 듣자 시로에게 타박을 주면서 간병하러 가기도 하고, 시로의 제안으로 사쿠라가 ‘언니’라고 부르며 접근하자 들뜬 기색을 감추지 못했으며, 점차 정신이 망가져가는 사쿠라가 린과 함께 있었던 시간을 기억하지 못하고 ""전부터 줄곧 만나고 싶었다, 줄곧 동경했다""며 흥분하는 모습을 보이자 상당히 먹먹해 하는 모습을 보였다.하지만 그러는 동시에 점차 이성을 잃고 망가져가기 시작하는 사쿠라를, 토오사카 가의 마술사이자 후유키 시의 관리자로서 냉정하게 판단해 죽이려고 하는 모습을 보이기도 한다. 언니와 친해지기를 원하는 사쿠라를 보면서 설레면서도, 점점 상황이 악화되어 가는 것을 보고 “얌전히 틀어박혀 있으라”거나 “변해버리면(흑화하면) 죽일 것”이라는 등 공격적인 언사를 서슴지 않는다. 이 때문에 화를 내는 시로에게도 ""그 애는 이미 내 동생이 아니라 마토의 아이""라며 냉정하게 끊어내고, 일부배드엔딩에서는 실제로 죽이기까지 한다.린의 이러한 태도로 인해 사쿠라는 언니가 자신을 방해물이나 적으로만 여긴다고 생각하게 되었고, 안 그래도 아슬아슬하게 이성을 유지하고 있는 상황에 정신적으로 코너에 몰리고 만다. 그리고 여기에 오빠(신지)의 일까지 겹치면서 완전히 이성을 놓게 된다. 이 때문에 흑화한 이후에는 린을 가장 크게 원망하고 적대하면서, 제일 먼저 죽이려 하는 모습을 보였다.Fate/stay nightFate/stay night [Réalta Nua]PS Vita판 HF 루트 OP최종결전에서는 엔죠산 대공동으로 들어가 대성배 앞에서 사쿠라와 싸우게 된다.[28]오직 사쿠라를 구하려는 일념의 시로와 달리 사쿠라를 살해하는 일도 고려하고 있었으며, 마지막 결전에서는 시로가 투영해 준 보석검 젤렛치의 힘으로 사쿠라의 그림자를 압도하면서 사쿠라를 당혹스럽게 만든다.[29]이에 사쿠라가 발악하듯 공격을 반복하면서 자신이 겪은 처참한 경험이나 얼마나 언니에 의한 구원을 바랐는지 등을 한탄하고 토로하기도 했지만, 공감하고 동정하는 대신 냉정하게 사쿠라의 피해의식에 반박하면서 사쿠라를 궁지에 몰아 넣는다.마지막 순간에는 보석검을 폭파시키는 비장의 수단을 사용해 사쿠라를 처치할 틈을 얻는데[30], 묘사에 따르면 사쿠라의 반격이 뒤늦어서 정말 결정적 찬스였음에도 불구하고 그런 마지막 순간까지 가서야 자신이 사쿠라를 죽일 수 없음을 깨닫는다. 그리고 사쿠라의 반격에 치명상을 입으면서도 동생을 꼭 껴안고, 자신은 남의 아픔을 잘 이해하지 못하지만 그런 싸늘한 인간이라도 사쿠라를 소중히 여기고 행복했으면 좋겠다고 생각한다며 진심을 속삭이고 쓰러진다. 사쿠라는 이런 언니의 진심과 애정을 깨닫고 비로소 제정신을 차릴 수 있었다.""그 리본.. 항상 해주고 있어서.. 기뻤어....-.""이때 린이 사쿠라를 끌어안고 그 최후의 순간에야 깨달은 자신의 마음을 고백한 것은 토오사카 가 당주, 후유키시의 관리자, 마술사로서의 자신과 사쿠라의 언니로서의 자신 및 본질적인 인간적 면모의 충돌로 인해 이전 루트는 물론 본 루트 내에서도 계속 모순된 행동을 보이던 본인 안의 갈등이 해소되었음을 뜻하며, 주위의 계속적인 압박으로 결국 무너져 내렸던 사쿠라 역시 그런 언니의 진실된 마음에 설득되어서 스스로의 의지로 흑화를 벗어나 이성이 돌아왔다는 점에서 루트의 테마를 짐작할 수 있다. 린이 진작에 좀 솔직했다면 더 원만하게 해결되었을지도.여담으로 사쿠라가 달고 있는 머리 리본은 어릴 적 작별할 때 린이 준 것이라 사쿠라를 끌어안았을 때 ""그 리본, 달고 있어줘서 기뻤어."" 라고 속삭였다.대공동이 무너질 때라이더가 사쿠라까지 포함해 데리고 탈출했다. 이후 사쿠라와의 관계는 극적으로 회복되어 사이좋은 자매가 된 듯하다.노멀 엔딩에서는 시로가 죽지만 특유의 성격 덕분에 금방 이겨냈다고 한다. 성배전쟁의 뒷처리를 끝낸 뒤 사쿠라에게 같이 살지 않겠냐고 제안하지만 사쿠라는 에미야 저택에 남겠다고 결정하고, 린은 알았다 수긍한다. 고등학교를 졸업한 뒤 시계탑으로 떠났지만 가끔씩 사쿠라를 만나러 오는 모양.세월이 지나 토오사카의 후계자가 될 손주를 가지게 되는데 손주는 사쿠라를 선생님이라 부르며 자주 찾아온다. 린과 쏙 닮았다는 것을 볼 때 여자인 듯. 사쿠라에게 옛날이야기를 들은 손녀는 린을뒷담까는 모습을 보인다. 성격도 린과 빼다 박은 모양이다.[31]그 뒤로 제법 장수하며 펑온하게 잘 산 것으로 보인다.트루 엔딩에서는 시계탑에 호출되어 '근원의 소용돌이'의 문을 파괴해 버린 것에 대한 문책을 받는데[32], 분위기 상숙청 당할 뻔했다.각 기관의 높으신 분들이 찾아와서 계속 추궁하고 토오사카 가문이 숙청되면 이권을 주워 먹으려는 하이에나 떼들이 몰려오는 상황.탈주한 후협회와 반목하고 있는 중동권으로 도망치거나일본에서 결사항전할 각오까지 했지만, 다행히대스승님이난데없이 나타나더니 ""제자의 잘못은 스승의 책임이기도 하지. 그 의미로 제자 세 명을 받아주겠다. 알아서 골라 보내.""라는 폭탄 발언으로 전부 무마 시켜 주었다고 한다.[33]이때 마도원수는 ""가장 싹수가 노랐는데 6대만에 닿았다""라며 칭찬했다.고등학교를 졸업하고 나서는 주위에는 예술대를 다닌다고 위장해[34]시계탑에서 유학하는데, 마술사로서 대를 잇기 위해 여러 남자들과 미팅을 가지고 있지만 시로가 떠올라서 잘 안 된다고. 거기다루비아젤리타 에델펠트와 악연이 생겨서 자주 충돌한다는 모양. 봄마다 후유키시로 귀환하여라이더,시로,사쿠라와 함께 벚꽃을 보러 간다고 한다.모든 루트의 린 중에서 가장 크게 호불호가 갈렸다. 이유도 있었고, 상황 판단으로서는 옳았지만 죽음의 벼랑 끝으로 몰린 상태의 사쿠라에 대해서 지나치게 냉정한 모습을 보여주기 때문. 사쿠라가 이성을 놓아버리게 된 것은 시로에 대한 죄책감, 길가메쉬의 흡수 다음으로 린의 지분이 크다. 그래서인지 극장판에서는 린이 사쿠라를 죽인다라고 말하는 장면들이 대거 삭제되었다.2.4.1.Heaven's Feel 코믹스[편집]1화 중반에 등장해서 시로가 인사한다. 정작 본인은 시로가 인사하고 나니까 묘한 표정을 보인다.[35]2화에서는 신지를 찼다는 것과 그 이외에 궁도부에 자주 들른다는 등의 언급이 나오다가 후에 시로가 아르바이트하고 오는 도중에 건물 위에서 시로가 린을 잠깐 발견한다.[36]3화에서는 학교에서 프린터를 옮기다가 떨어뜨린 사쿠라를 발견하고 뒷수습을 도와준다. 사쿠라가 세계사 담임쿠즈키 소이치로의 지시로 프린터를 옮기고 있었다는 이야기를 듣자 쿠즈키에 대해 융통성 없고 고지식하다고 평가. 하지만 사쿠라가 선배는 그런 말을 안 한다며 쿠즈키를 좋아한다는 말을 듣는다. 그리고 사쿠라에게 어제 사쿠라와 대화하던금발의 외국인에 대해 묻지만 사쿠라가 얼버무리자 사과하고는 떠난다.5화에서는 원작의 공통 루트와 동일하게 랜서의 창에 찔린 시로를 발견. 마지막 정도는 지켜봐준다며 얼굴을 확인하는 순간 시로라는 걸 알고 경악. 이대로라면 '그 아이'가 슬퍼한다는 생각을 하고서는 비장의 수인 펜던트를 이용해 시로를 구해주고 할 수 있는 일을 한 것뿐이라고 생각하며 떠난다.이후 토오사카 저택에 돌아오고 아처와 대화한다. 펜던트가 없다는 걸 알아차린 아처가 펜던트의 행방을 묻자 얼버무리지만 아처가 찾아온 펜던트[37]를 내밀자 고마움을 표하고 역시 시로를 구한 건 보람 있는 일이었다고 생각한다. 하지만 랜서가 목격자를 배제할 가능성을 생각하고는 황급히 밖으로 뛰쳐나간다.6화에선 소환된 세이버에게 아처가 격파당하자 보석 마술로 대항하지만 실패하고 궁지에 몰린다. 그렇지만 시로가 세이버가 말리자 위기에서 벗어나고 뒤늦게 린이란 걸 알아차린 시로에게 웃으며 인사한다.7화에선 본인이 마술사라는 걸 인정하고 마술로 시로 집 창문을 고쳐준다. 집에 들어가서 시로에게 성배전쟁에 대해 대강 설명해 주고 교회로 안내해 주고 코토미네에게 시로를 잘 교육해 달라고 부탁한다.8화에선 10년 전의 화재에 대해 듣고 흔들리는 시로를 걱정하지만 시로에게 '토오사카의 이상한 얼굴을 보고 나았다'라는 이야기를 듣는다. 교회를 나와서는 이제부터는 완전히 적이라며 시로와의 관계를 끊으려고 하지만 시로가 천연덕스레 난 너 같은 타입 좋아하니까 싸우고 싶지 않다는 말을 듣고 얼굴을 붉힌다.10화에서는 이리야스필과 버서커가 나타나자 세이버와 함께 마술로 대항하지만 먹히지 않자 위험을 느낀다. 그 와중에 세이버에게 오는 공격을 시로가 대신 맞자 당황하는데...그러자 이리야가 재미없다며 돌아가 버리자 세이버와 함께 시로를 옮긴다. 그런데 시로의 몸이 자연치유가 되 있었고, 놀라면서도 시로가 깨어나자 어제 한 일에 대해 일갈하고선 이야기해 준다. 자연치유에 대한 추측도 이야기해 주는데, 여기서 통장 잔고 관련으로 열의를 불태우는 개그씬을 보여준다... 이야기가 끝나자 시로에게 동맹 요청을 하나 시로가 거절하자[38]냉정한 면을 보이며 돌아간다.이후 한동안 안 나오다가 시로에 의해 사쿠라에 대해 상담할 상대로 지목되고, 마침 학교에서 시로와 마주친다.50~51화에서 마토가의 지하 마술 공방을(조켄이 사쿠라를 유린하던 그 벌레들의 방) 두눈으로 보게 되면서 결국 사쿠라가 어떤 꼴을 당해왔는지, 조켄의 악취미도 자연스레 알게 된다. 그리고 마토 신지에게 줄곡 신지가 스스로 외면해왔던 사실을 알려준다.2.4.2.극장판 Fate/stay night [Heaven's Feel][편집]2.4.2.1.극장판 [Heaven's Feel] Ⅰ. presage flower[편집]빠른 진행을 위해서 프롤로그[39]를 포함한 초반부 스토리를 대폭으로 스킵해 등장비 중이 줄었다.사쿠라의 입학하는 모습을 지켜보다가 돌아서는데 얼굴은 그려지지 않았고, 이후 사쿠라가 프린트를 떨어뜨리는 걸 주워주는 모습을 시로에게 엿보인다. 이때 사쿠라는 린에게 관심 있어 보이는 시로를 보고 우울해한다.이후 공통 루트를 거쳐서 교회에 등장. 코토미네에게서 룰을 설명받는 시로의 곁에 있다가 코토미네가 지난 성배전쟁에 마스터로 참가했다는 것을 듣고 놀란다. 설명이 끝난 뒤 이리야 조와 대치하나 시로가 버서커에게 쓰러지자 깨어날 때까지 지켜보다가 음료수를 건네주며 돌아간다.학교에서 시로를 만났을 때는 서번트 없이 대담하다면서 비아냥거리지만 신지에게 사쿠라가 맞은 것을 알고 분노하던 시로의 기세에 당황한다. 다급히 다가와 손을 맞잡고 상담해달라고 부탁하는 시로에게 얼굴을 붉히는 모습이 귀엽다. 신지가 마스터였고 라이더가 쓰러졌다는 이야기를 들은 뒤 시로에게 사쿠라를 자신의 집에서 보호하라고 상담해 준다.잇세가 병원에 실려갔다는 이야기를 듣고 찾아온 시로를 만나 류도사에 가보았더니 캐스터가 소멸해 있었고 유일하게 살해당한 쿠즈키가 마스터였을 것이라고 알려준다. 이후 진범을 찾기 위해 시로에게 공투를 제안한다. 그리고 이때 린의 손에 있는 영주가 2획이 지워져 있다.어느 정도 회복을 마친 아처를 데리고 시로 조와 함께 거리를 돌아다니다 조켄을 찾아낸다. 캐스터의 시체를 조종해 공격하는 조켄을 세이버와 아처를 동원해 막아내다가 캐스터가 위력이 큰 마술을 시전하자 긴장하지만 직후 그림자를 발견. 캐스터의 마술을 삼킨 그림자에게 공격당할 뻔하지만 간발의 차로 시로가 밀쳐내 대신 시로가 쓰러지게 된다.코토미네를 만나 어새신과 그림자에 대해 듣고 돌아온 시로를 공원에서 만나 이야기를 나누고 조켄을 찾아 마토 저택을 습격할 것을 알린다. 시로가 류도사에서 세이버를 잃은 사이 들어오는 데 성공한 마토 저택의 지하에서 수련장을 발견하고는 그 정체를 깨닫고 전율하며 '이게 무슨 수련장이냐' 하고 분노를 실어 중얼거린다.다른 루트도 마찬가지지만 이 루트는 린의 양면성이라 할 수 있는, 마술사답게 냉철하게 행동하고자 하면서도 완전히 버리지 못하는 선한 마음(본인 왈 마음의 군살)의 갈등이 가장 두드러지게 나타나는 루트다 보니 사쿠라와 마찬가지로 논란거리가 되기 쉬운 루트다. 그렇기에 제작진의 역량에 따라 그녀에 대한 인상이 달라질 것으로 보인다. 일단 원작에 충실한 영상화를 공언한 스도 감독이 인터뷰에서HF 루트에서 사쿠라의 히어로는 시로가 아닌 린임을 명확히 언급한 데다 실제로 1장에서 이를 암시하는 복선을 여러 차례 넣은 것을 볼 때 2장 이후 린과 사쿠라의 관계가 점점 비중 있게 다뤄질 것으로 보인다.2.4.2.2.극장판 [Heaven's Feel] Ⅱ. lost butterfly[편집]헤븐즈필 극장판 2장 '로스트 버터플라이'중마토 사쿠라가 동경하는 언니에게 가진 질투심과 열등감이 더 노골적으로 나오지만 원작처럼 부자연스러운 부분은 없어지고 사쿠라에 대한 태도가 개연성 있고 자연스러워졌다.에미야 시로와마토 사쿠라의 빗속 고백 장면 이후 둘이서 손잡고 내려오다아처와 함께 둘과 마주한다. 원작처럼에미야 시로의 저택에 머물자 사쿠라가 크게 질투하는 모습이 나오고, 중학생 때 높이뛰기 사건을 시로에게 말할 당시 사쿠라가 엿듣게 되자 그 때문에 사쿠라가 시로와 관계를 맺는 계기가 된다.마토 사쿠라가 토오사카 린을 이전처럼 '토오사카 선배'가 아니라Fate/Zero당시처럼 '언니'라고 부르자 놀라서 '이게 꿈은 아니겠지?'라 생각하며 사쿠라 앞에서는 숨기지만 뒤에서는 볼을 당기는츤데레성이 그대로 나온다. 그걸 본 시누이(?)이리야스필 폰 아인츠베른의 표정이 상당히 볼 만하다.아처가 사라질 당시토오사카 린은 기절한 상태였는데, 이때에미야 시로로서의 모습으로 돌아오면서 ""토오사카""라 부르며 머리를 쓰다듬는 장면이 나온다. UBW TVA와 달리 아처의 정체를 몰랐는데다 당시 기절한 상태라서 알아차리지 못했지만, 둘의 사이를 보여주는 장면이기도 하다.한 편 이때 린은 그림자의 정체가 사쿠라임을 눈치챘지만, 확실한 증거가 없을 때까지는 죽인다는 생각은 보류했고코토미네 키레이에게 듣고 나서야 확신했다.2.4.2.3.극장판 [Heaven's Feel] Ⅲ. spring song[편집]시로가 마토 저택으로 돌아간 사쿠라에게 간 동안, 쉬면서 이리야로부터 ""언니란 어떤 느낌이야?""[40]라는 질문을 받으나, 사쿠라 건 때문에 마음이 복잡한지 답하지 않는다. 그런 자신을 답답해하던 이리야가 창문 틈 사이로 보이는 사쿠라의 작은 그림자를 발견하고 이를 뒤쫓아 마당으로 나가자 몰래 따라나섰고, 이리야, 정확히는 이리야 안의 아처의 혼과 성배를 열기 위한 정장을 노리는 흑화 사쿠라가 나타나자 제지하려 했으나, 흑화 사쿠라는 그런 마술을 쓰면 선배 집이 망가지잖냐며 눈살을 찌푸리고는, 린을 그림자들로 포위하고 그 걸 바구니처럼 엮은 후, 강력한 저주를 퍼부어 단박에 혼절시킨다.[41]그녀가 혼절한 사이, 마토 가에서 귀환한 시로와 라이더가 그녀를 보호하나 그들도 위기에 빠진다. 결국 이리야가 최후의 선택으로 시로 일행을 살려주는 조건으로 사쿠라와 함께 가면서 위기를 넘기고, 시로는 그녀를 업고 코토미네 키레에게 찾아간 직후에 혼절한다.키레가 그녀를 치료를 해 준 뒤,[42]시로가 이리야를 구출해온 뒤에 다시 회복한 모습으로 돌아온다. 쓰지 말라고 경고했음에도 시로가 기어코 왼팔을 사용한 것을 지적하지만 무사히 돌아왔으면 됐다고 한다. 그때 시로가 왼손에 들고 있던 펜던트를 보고 어디서 난 거냐고 묻지만, 갑자기 시로가 뭔가에 홀린 듯이 말하는 것을 보고는[43]자신의 서번트였던 존재이자 현재 시로의 몸의 일부를 이루고 있는 아쳐의 정체를 눈치챘는지, 마력이 조금 남아 있으니 들고 있으면 무언가에 도움이 될지도 모른다며 가지고 있으라고 한다. 그리고 뒤돌아 서서 문을 잡고 잠깐 한숨을 내쉬고는 밖에 나갈 채비를 하라고 한다.이리야로부터 현재 성배전쟁의 진상[44]을 듣고 시로에게 이리야의 기억을 통해 젤렛치의 보석검을 투영해 달라고 부탁하며 자신의 10년 분 마력이 담긴 아조트 검을 준다.[45]이후 시로가 투영에 성공하여 보석검을 가지게 된 린은 전투를 준비하려 하는데, 갑자기 방에 불이 꺼지더니 사쿠라가 그림자 형체로 날아왔다. 사쿠라는 린에게 시로와 함께 먼 곳으로 떠난다면 혼자서 어벤저와 죽겠다고 말한다. 하지만 린은 짧은 대화를 통해 사쿠라가 이미 자신에게 거짓말을 하고 있고, 그 강대한 힘을 포기하지 않겠다는 의지가 있음을 파악하여 사쿠라의 제안을 정면에서 거절하고 반드시 자신이 직접 사쿠라를 죽이겠다고 선포한다.시로가 라이더를 포섭한 덕분에 3명이서 류도사 밑에 있는 대성배가 있는 지하동굴로 내려간다. 세이버 얼터와 마주쳐서 전투를 준비하지만 세이버는 사쿠라의 명령으로 린만 통과시켜 준다. 사쿠라가 진심으로 자신을 상대하겠다는 것을 알고는 시로에게 '사쿠라를 구하고 싶다면 빨리 와라'라고 하며 먼저 대성배를 향한다. 조금 길을 통과하니, 작은 그림자들이 길을 안내해 주고 이윽고 대성배가 있는 거대한 공동으로 오게 된다. 그곳에서 사쿠라와 다시 단 둘이서 대면하게 된다. 사쿠라는 자신을 고통스럽게 하고 구해주지 않는 이 세상이 싫다고 하며, 그것에 복수할 힘을 가졌고 자신을 옭아매는 가족도 이젠 없으니[46]그 힘을 포기하지 않고 린까지 죽이겠다고 말한다. 이에 린은 시로도 죽일 거냐고 하며 시로가 여기 와 있고, 아직까지도 사쿠라를 구할 수 있을 거라고 믿는다고 말하지만, 사쿠라는 이미 타락하여 가장 죽이고 싶은 게 시로라고 답한다.[47]이에 린은 이미 인간이길 포기했다며 독설을 하지만 언니에 대한 증오로 가득 찬 사쿠라는 강한 척하지 말고 자신의 것을 빼앗기지 않겠다며 거대한 그림자들을 소환하여 린을 공격한다.[48]하지만 린은 보석검의 힘으로 아주 가볍게 그림자들을 처치해 버린다. 이전과 다른 압도적인 힘을 가지고 온 사쿠라는 당황하는데, 이에 젤릿치라는 이름도 모르냐고 도발한다.[49]하지만 린은 사쿠라가 무한에 가까운 마력을 가져도 한번에 낼 수 있는 양은 한정되어 있음을 지적하며 자신 또한 그 정도의 마력만 끌어오면 끝이라고 하며 반격을 한다.[50]이에 겨우 언니를 따라잡았었는데 다시 뒤처져 버렸다는 마음에 뭘 해도 칭찬 한마디 받지 못하는 자신과 뭘 해도 잘 해내서 빛나는 언니와 비교당해온 지난 날들에 사쿠라는 울먹이며 자신도 좋아서 이렇게 된 것이 아니라 될 수밖에 없었던 거라며 린에게 울분을 토한다.[51]하지만 린은 이를 듣고 싸늘하게""그래서 어쨌다는 거야, 그게""[52]라며 받아친다.린은 자신은 타인의 아픔을 잘 모르고, 사쿠라의 끔찍한 나날들을 말해주더라도 이해되지도 않고 이해하려고도 하지 않으며, 그런 자신이라도 자기 자신이 축복받았다고 생각하지 않는다고 말한다.[53]그 말을 듣고 사쿠라는 머리끝까지 분노해[54]그림자가 아닌 자신의 본래의 능력인 허수마술로 공격한다. 하지만 린은 따스하게 웃으며 보석검을 던져서 틈을 만든 뒤 온몸에 상처를 입으면서 허수마술을 뚫고 나가 단검을 들고 사쿠라를 처치하러 뛰어들었다.[55]이때, 린은 갑작스레 예전에 자매였을 때 사쿠라와 함께 포커를 했던 기억을 떠올린다. 이미 여러 차례 졌던지 보석이 린에게 가득 쌓여 있었는데, 사쿠라는 카드 하나를 뽑더니 얼굴이 밝아지며 패를 보인다. 하지만 패는 고작 9원페어였다. 그러나 이게 뜬 것조차도 기쁜지 해맑게 웃음짓는 사쿠라를 보며 린은 자신의 패를 보며 깊은 고민을 했다. 자신의 패는 풀하우스였기 때문이다.[56]그날을 떠올리며, 린은 결국 '아, 이거 안되겠다'라고 독백한다.끝내 린은 사쿠라의 바로 앞까지 가서 사쿠라를 찌르지 못하고, 반사적으로 사쿠라가 내지른 그림자에 복부를 관통당한다. 린은 사쿠라의 머리를 쓰다듬으며 처음으로 자신의 진심을 말한다. 자신이 외롭고 고독한 만큼 사쿠라는 행복하길 바라왔었다는 진심을 고백하며 이런 언니라서 미안하다고 말하고는 쓰러진다.""그 리본.. 항상 해주고 있어서.. 기뻤어....-.""이에 자신을 사랑해 준 히어로이자 진짜 혈육을 죽였다는 죄책감에 사쿠라는 정신적인 흑화가 풀리게 된다. 다행히도 린은 죽지 않았고, 뒤따라온 시로에게 뒷일을 맡기게 된다. 이후 시로가 사쿠라를 구출한 뒤, 라이더 덕분에 사쿠라와 함께 지하공동에서 탈출하게 된다.모든 일이 끝난 후, 린은 사쿠라와 함께 여정을 떠난다. 함께하지 못했던 지난 11년의 시간을 메우기 위해서라도 함께 하며, 세계 각국을 돌아다니며 사쿠라와 함께 손잡고 떠난다.[스포일러]2년 뒤 에미야 가에서 살고 있는 사쿠라에게 시계탑에서 돌아온 린은 요즘은 어떻냐고 묻고, 죄의식에서 눌리지 않고 지금 할 수 있는 것을 하며 살고 있다는 사쿠라의 모습을 본다. 이후 사쿠라에게 ""행복하니?""라고 묻고, 얼굴에 티하나 없이 웃으며 행복하다는 사쿠라를 보며 안심하게 된다. 그 뒤에 모두와 함께 벚꽃을 보러 간다.[58]2.5.그 후[편집]헤븐즈 필 루트의 2년 후 모습Fate/stay night [Unlimited Blade Works]의 2년 후 모습타케우치 타카시가 그린 2년 후 모습 (타입문 에이스 vol.10)전 루트 공통으로고등학교를 졸업한 뒤 마술협회의 본거지 겸 교육기관인 영국 시계탑에 유학을 갔으며, 같은 광석과 새내기인루비아젤리타 에델펠트와 강력한라이벌관계가 된다. 문제는 둘 다 육체파라 얌전하게 말로 싸우는 게 아니라 문자 그대로 인사 대신 주먹을 날리고 허구한 날 교실을 풍비박산으로 만들어며 싸워 대는 탓에 문제아 투성이인엘멜로이교실에서도 저 둘이 겹치는 수업은 다른 학생들이 피해 다닐 지경이라나(…). 후견인은로드 엘멜로이 2세가 서줬는데 그의 강사로서의 능력이나 본인의 재능을 생각하면 장차 대마술사가 될 가능성이 높다고 생각되었지만 2세가 후견인만 해주고 직접적으로 가르치는 것은 안 한다고 한 데다 중요한 순간마다 삐끗하는 버릇 때문에 명예 교수 이상으로 대성하기는 어렵다고 한다. 그래도 말년에는 덤벙이 속성을 극복할 수 있을지도 모른다는 모양.원작의 헤븐즈 필 루트 트루 엔딩에 등장하는 2년 후 린은 머리를 완전히 풀었지만, UBW TVA에서는사이드테일로 등장한다. 디자인에 대한 비화가 있는데, 본래 2년 후의 디자인을 구상하던타케우치 타카시는 린=투사이드업 이미지가 너무 강해서 갑자기 풀어헤치면 린처럼 보이지 않을 것을 우려했다고 한다. 그러자 애니메이션 감독인미우라 타카히로가 사이드테일로 하자는 아이디어를 냈고, 그러고 나니 린의 이미지가 생겨서 수용했다고. 이에 대한 타케우치의 감상은 ""미우라 감독은 린을 잘 이해하고 있구나.""그렇다고 위의 디자인이 안 어울린다는 건 아닌 게, 헤븐즈 필 루트는 내용이 우중충한 만큼 시로도 린도 유달리 어른스러운 모습을 보이는지라 그로부터 2년이 지난 뒤의 모습도 그에 따라 어른 같은 분위기를 내는 것.UBW TVA의 묘사에 따르면, UBW 루트에서는 정의의 사자를 추구하는 시로와 함께 하기 위해 중간에 시계탑을 나가게 된다. UBW 루트에서 시로의 인생을 짊어지기로 결심한 것이 그녀에게는 커다란 인생의 분기점이 된 듯.Animation Elements에 실린 나스 키노코의 초안에는 ""시계탑보다 시로를 한 사람분(一人前)으로 만드는 게 먼저""라고 한다. 드라마CDCurtain Call~LET US DRIVE TOGETHER~에서는 린의 뒤를 쫓기보다는 자기도 무언가를 하고 싶다는 시로에게 ""시종은 입 다물고 내 뒤나 따라오면 돼!""라고 하는 걸 보면 시계탑을 나가서도 시로에게 주도권을 내줄 생각이 없는 듯하다. 참고로 드라마 CD에 나오는 언급에 따르면 시계탑 수석 후보 중 하나.성숙한 뒤에는 로드 엘멜로이 2세와 협력해 후유키시의 대성배를 파괴하여 성배전쟁 자체를 미래영겁 완전히 끝내며 이 덕에 어떤 평행세계에서도 제 6차 성배전쟁은 일어나지 않게 된다. 다만 이 과정에서 성배전쟁을 재개하려던 시계탑 수뇌부와 엄청난 충돌을 일으켜서 이 해체전쟁만 하더라도 성배전쟁에 버금가는 대소동이었지만 2세가 자신의 인맥을 총동원한 덕에 겨우 해체할 수 있었다.HF 루트의 노멀 엔딩을 고려하면 어느 루트든 결혼해서 대를 잇는 것으로 추정된다. 일단 UBW에서는 남편이 시로일 가능성이 높으며,[59]이외의 루트에서는 누구인지 불명. Fate 루트는 시로가 죽은 시점이 불명이라 시로와 맺어졌는지 아닌지도 알 수 없다.헤븐즈 필 루트 트루 엔딩에 나오는 저 옷은 할로우 아타락시아 오프닝에서 저 위에 붉은 코트를 걸치고 머리 묶은 모습으로 잠깐 나온다. 또 언리미티드 코드에서 공개된 설정화에는 헤븐즈 필 루트 엔딩과 비슷한 분위기의 옷차림과 생머리 차림이 나온다.#[1]2011년 말 제로 방영 당시 일본의 팬덤에서 유래하여 한국에도 퍼진 표현이다.[2]창은의 프래그먼츠에 나오는 어린레이로칸 미사야와 성격이 유사한데 어릴 적의 미사야는 어릴 적의 린만큼 기가 세지는 않다는 차이점이 있다.[3]본편의 마스터들 중 아예 마술사가 아닌우류 류노스케를 제외한 마술사들 중에서도웨이버 벨벳과 함께 최하위 라인업인 카리야의 충술조차 당시의 린보다 아득하게 강력했다는 것을 보여주는 장면이다.[4]UBW TVA0화를 보면, 아버지토오사카 토키오미가 유산으로 남겨준 금고형 상자에길가메시촉매로 써먹은 뱀 허물 화석이 있는 게 나오는데, 아마도 자신이 실패할 경우를 대비해 미래에 딸이 사용하게끔 물려준 것으로 보인다. 그러나 린이 이것의 가치를 전혀 알아보지 못한 걸 보면 토키오미가 이에 관한 별도의 메시지는 남기지 않았던 모양. 여하튼 이 당시에 지난 번 성배전쟁에 아처로 소환된 길가메시가 아직 남아 있었기 때문에 린이 뱀 허물 화석을 촉매로 사용했다면 동일 인물이 여럿 존재한다는 중복 소환의 문제가 발생하는데, 한 영령에는 여러 측면이 있기 때문에 4차 아처 길가메시 이외의, 길가메시라는 영령의 다른 측면이 소환될 가능성이 존재한다. 또한 서번트는 설정상 영령의 좌에서 복사된 분신 개념이므로 중복된 존재가 소환되는 것이 아예 불가능한 일도 아니다.[5]사실 무촉매 소환은 소환자에게 맞는 영령이 불려 나오지만, 클래스는 지정할 수 없기에 뭐가 소환될지는 알 도리가 없다. 다만 린이 서번트의 소환 의식을 실행할 당시에는 아처와 세이버 두 클래스만 남아 있었다. 즉 그나마 반반 확률이었기 때문인지 린이 편법으로 세이버를 소환할 확률은 나름대로 높은 편이었던 셈. 문제는린과 인연이 있는촉매를 보유하고 있는 '세이버가 아닌 영령'이 있었다는 것. 소환자가 촉매를 사용한 게 아니라, 서번트가 소환자와 연이 있는 촉매를 가지고 있었던 특이케이스. 가끔 린이 본의 아니게 팬던트를 촉매로 썼다는 오해를 하는 팬이 있으나, 원작 게임 본편에서는 린이 촉매를 쓴 게 아니라 아처가 촉매를 가지고 있어서 소환되었다고 인증.[6]소환 의식을 거행하기 전 아버지 토키오미가 남긴 상자를 열었는데, 거기에 걸려있던 마술이 발동해 온 집안의 시계가 1시간 빠르게 맞춰져 버렸다고 한다. 주변의 작은 이상도 눈치채지 못하면 성배전쟁에 참가하는 건 무리라 생각한 토키오미가 장난을 쳐둔 것이라는 설정. 문제는 본인이 이걸 알고 있었음에도 불구하고 어쩌다 보니 까먹은 탓에 최고의 컨디션 상태인 2시에서 1시간 빠른 1시에 소환 의식을 거행하게 되었다.[7]거기 에다가 린은 소환진 안에 들어가서 소환 의식을 시행하였는데, Fate 시리즈 전체를 통틀어서 서번트 소환장면을 보면 전부 술사들이 소환진 밖에서 소환 의식을 거행하면 서번트가 소환진 안에 나타나는 것으로 묘사되고 있다. 소환진 안에서 소환을 시도한 케이스는 린이 유일하다. 매체에서의 일괄적인 묘사를 보면 이 또한 린의 실수인 것으로 보인다. 사실 진짜 오컬트 고증으로 따지면마법진안에 술자가 들어가 있는 게 맞지만 일본 창작물에서 이걸 깨고 술자 외부에 마법진을 설치한다는 클리셰를 수립하는 바람에 페이트쯤 와선 되레고증을 따른(?) 린이 역풍을 맞은 셈.[8]UBW TVA0화 본방 중 원작자나스 키노코가 남긴 실시간 코멘터리에 따르면 이건 100% 린의 잘못. 서번트가 튀어나올 소환진 중심부에 떡 하니 서서 소환 의식을 하는 바람에 아처가 거기서 밀려나 소환진 위에 있는 거실에 떨어진 것이라고 한다.[9]령주는 구체적인 명령에는 절대적이지만 이 경우처럼 범위가 애매한 명령에는 큰 효과를 발휘하지 못하는 데다 보통은 버프를 걸어주거나 급한 호출 때 쓴다. 정말 엉뚱한 데다 제대로 낭비해 버린 셈. 그나마 린의 마술사로서의 기량이 뛰어난 덕에 린의 말에 거역하면 전 능력이 한 단계씩 다운되는 정도의 효과는 본다고 하나 전술적 효과는 제로 이하 마이너스다. 린 본인도 홧김에 저지르면서도 자신이 바보 짓을 하고 있다는 것은 알고 있었다. 다만 령주의 명령 범위가 애매하더라도 그것이 서번트의 뜻과 일치하는 경우 강한 마력 상승 효과를 가져다준다. 4차 성배전쟁에서웨이버 벨벳이 내린 명령에라이더의 마력이 대폭 증강되었다.[10]후에 본편 시점에서사에구사 유키카가 시로에게 ""토오사카 양은 감기 기운이 있어 오늘은 결석했다.""라고 말한 걸 보면 학교 측에는 거짓말이긴 하지만 합법적으로 허락을 받고 결석했다는 걸 알 수 있다.[11]길가메쉬가 사쿠라의 상태를 꿰뚫어보고 ""지금 죽어둬라. 익숙해지면 죽지도 못한다고?""라고 충고한 것. 사쿠라가 성배에 먹혀 인간성을 잃어버리기 전에 인간으로서 죽으라는 길가메쉬 나름의 배려성 충고. 참고로 이 장면은 Fate & UBW 루트에선 별 의미가 없지만, HF 루트에선 향후 전개 관련 중요한 떡밥으로 작용한다.[12]이때 시로는 '생명의 은인의 물건'이라는 생각으로 평생 그 펜던트를 가지고 다녔고, 이는 훗날 영령이 된 그가 아처로 소환되는 촉매가 되었다.[13]HF 루트는 2일차에 사쿠라와 연관된 선택지가 여럿 뜰 뿐 3일차 아처에게 돌격하는 세이버를 령주로 제지한다는 선택지는 뜨지 않는다.[14]사실 어렵게 생각할 것도 없이 첫 번째로 초보자인 시로를 배려하기 위해서이고(마술사가 자신의 본거지로 상대방 마술사를 끌어들인다는 건, 그것도 성배전쟁에서 그런 짓을 한다는 건 함정에 빠뜨려 죽이겠다는 말과 동의어다.) 또 한 가지는 학교에서 말이 나올 수도 있기 때문이기도 하다. 시로의 집에는 후지무라 타이가도 드나들고 마토 사쿠라도 오는 데다가 별채도 있어서 린이 숙박해도 말만 잘 맞추면(실제로 후지무라 타이가에게 변명이 먹혔다.) 비교적 말이 나올 일이 적지만 토오사카 저택은 그럴 여지가 매우 적어서 들켰다간 큰일이 벌어질 수도 있기 때문이다. 물론 이는 마술사로서는 매우 무른 결정이긴 하다. 작중에서도 린은 마술사로서 물러 터졌다는 디스가 자주 나오기도 하고.[15]명확히 드러나 있진 않지만, PC판 페이트 루트의 첫 마력충전 장면은 토오사카의 말빨이 잘 드러나는 장면이기도 하다. 아무리 필수불가결한 과정이었다고 해도, 특유의 화술을 바탕으로 한 감언으로 시로와 세이버가 행위를 하도록 유도하고, 그 전에 도우미 역할로 세이버와 성교할 때 그 긍지 높은 세이버를 말(言)로 무참히 패배시켰다! 그 장면을 보면서 시로의 대사는 '나도, 세이버도, 저 토오사카의 감언에 완전히 녹아웃되고 말았다.'[16]Fate 루트 진행 중 교회 탐색 도중 도중에 집에 돌아갈 경우 코토미네가 에미야 저택에 방문한 뒤 본색을 드러내 시로를 죽이는 엔딩이 있다.[17]마술각인 자체가 주인이 죽어가는 것을 그저 보고만 있지는 않는다고 한다.[18]다만 페이트 굿 엔딩(?)에 가까운 시로의 아처화 루트를 고려할 때 고등학교 졸업 이후에는 시로를 끌고 같이 시계탑에서 지내다 헤어졌을 수도 있다.[19]상단은 원작 CG, 아래는 순서대로스튜딘 TV판,스튜딘 극장판, PS VITA의 UBW 루트 오프닝, 그리고 ufotable의UBW TVA. UBW 트루엔딩이 제대로 묘사된 건 UBW TVA뿐이지만 원작의 임팩트로 인해 여러 영상화 매체에서 스토리와 직접적인 관계가 없이도 재현되었다.[20]원작 기준으로 이때 선택지를 잘못 고르면 린은 소이치로의 어퍼컷에 안면이고깃조각들처럼 사방으로 흩어졌다고묘사될 만큼 산산조각 나서 죽는 상당히 끔찍한 최후를 맞는다. 당연히 시로도 뒤를 이어 사망.[21]이는 시로를 죽이지 말라는 린의 령주의 명령에서 벗어나기 위해 일부러 배신을 택한 것이었다. 어차피 후에 캐스터를 뒤통수 때리기 위한 작전이었던 것도 있고.[22]린을 마스터로 맞아 전 파라미터가 정상인 세이버는 헤라클레스와 정면으로 맞붙어도 우선 지지는 않는다고 한다.나스 키노코공인 베스트 컨디션.[23]설정상 이 사복을 길가메쉬가 엄청 마음에 들어해 아껴서 그렇다고. 여담으로 마토 저택 지하의 벌레창고에서마토 신지가 사복 어깨에 손댄걸 엄청 불쾌하게 생각해 당시엔 참았지만 곧바로 세탁소에 들러 소독을 했다는 뒷설정도 있다.[24]물론 양쪽에서 싹싹 긁어가서 텅 비었다고 불평했지만 그 덕분에 오염된 성배에 감지되지 않아 먹히지 않았다고 서술된다.[25]령주를 써서 세이버에게 강제로 엑스칼리버를 쓰게 할 작정이었다. 물론 그렇게 되면 성배 안에 있던 자신과미역도 함께 끔살.[26]이는 프롤로그에서 린이 랜서에게 당한 학생이 시로라는 것을 알게 되자, ""내일부터그 아이의 얼굴을 어떻게 보라는 말이야....""라는 대사에서도 확인이 가능하다.[27]하루가 멀다 하고 궁도부에 갔으며 사쿠라가 시로 옆에서만 웃고 있다는 것도 알고 있었다. 이건 사쿠라도 마찬가지로, 사쿠라 역시 힘든 삶 속에서도 언젠가 언니가 구하러 오지 않을까 하는 기대를 안고 살았다고.[28]본래 대공동 입구는 세이버가 지키고 있었지만, 사쿠라의 명령으로 린만 통과시켜 줬다.[29]사쿠라는 대성배로부터 무한에 가까운 마력을 공급받지만, 그 마력을 사용할 수 있는 마술회로의 숫자는 정해져 있기 때문에 한 번에 출력 가능한 마력량은 린과 동일하다. 린은 이러한 점을 파고들어, 어차피 자매라서 마술회로 숫자(출력량)는 동일하니 순수하게 동일한 출력의 마력으로 상쇄시켜 버리면 마술 속성에 관계없이 호각으로 싸울 수 있다고 판단했고, 실제로도 무한한 평행세계에서 마력을 가져올 수 있는 젤렛치의 힘으로 공급량을 맞추자 사쿠라와 호각 이상으로 싸울 수 있게 됐다. 작중 표현에 의하면 무진장 vs 무한정이라고.[30]사쿠라는 너무 당황한 나머지 눈치채지 못했지만, 당시 린은 보석검을 지속적으로 사용한 반동으로 온 몸의 근육이 너덜너덜해진 상태였다. 그럼에도 사쿠라를 구하려고 노력하는 시로를 위해 한계까지 보석검을 사용했지만, 더 이상 버티지 못한다고 판단해서 비장의 수를 사용한 것.[31]사쿠라가 웃는 것을 본 린의 손녀 가로되: ""선생님의 웃는 얼굴은 정말 좋아요. 우리 욕심쟁이 할머니랑 달리 미인이거든요.""[32]후유키의 대성배는 제3마법을 재현한유스티차 리즈라이히 폰 아인츠베른의마술회로로 만들어진 것이다. 원래 유스티차가 근원에 도달한 자이기 때문에 대성배는 근원으로 가는 문을 열 수 있는 것. 물론 이 기능은 제3마법의 광역구현이라는 본 목적과 달리 덤에 가깝지만.[33]이 부분을 더 정확히 설명하자면, 시계탑 내에선 누구를 제자로 보낼지 서로 싸우기 바빠 토오사카에 대한 처벌따위에 신경 쓰기도 아깝다며 전부 불문에 부쳐서 넘어간 것이다. 사실, 후유키시의 성배가 근원에 다다를 가능성이 있는 물건이라고는 해도 시계탑 입장에선 결국 확증도 없고, 천재라 불린로드 엘멜로이마저 비명횡사하고 가문이 통째로 망하는 사건이 벌어진 덕분에 5차 땐 2류 마술사인 아트람과 집행자인 바제트만 보냈을 만큼 다들 소극적으로 나섰다. 여하튼 근원에 다다른 자는커녕 성배를 손에 넣어 보인 자조차 없어 불확실해 보이니, 당연히 직접 근원에 다다른 젤레치의 가르침을 받는 것이 여러모로 확실하다고 할 수 있다.[34]토오사카의 마술은 보석을 다루는 것이니 보석세공이라고 본다면 일단 거짓말은 아니다. 린은 모든 루트에서 졸업 후 시계탑에 다닌다.[35]UBW TVA 0화에서 시로가 혼잣말을 한 건지 인사한 건지 구별을 못하는 모습을 보였다. 아마도 그거인 듯.[36]UBW TVA의 그 장면이다.[37]사실 현장에서 찾아온 게 아니라 원래부터 아처의 소지품이다. 아처의 정체를 생각하면...[38]이리야랑 싸우고 싶지 않았기 때문.[39]어차피 세 루트 모두에서 동일하게 진행되는 내용들이고, 애초에 극장에 영화를 보러 오는팬들은 이 부분의 내용들을 다 알고 있다.[40]사실 결말을 생각하면 나름 복선이기도 한데 이리야 자신도 시로에게는 '언니'이다. (일본어는 언니와 누나의 구분이 없다)[41]그야말로 압도적인 것이, 이때까지 ufotable에서 영상화한 린의 보석 마술 중 한번에 가장 많이 보석을 사용한 순간이었다. 그만큼 강력한 마술을 손짓 하나로 부수고는 그녀의 마력을 전부 빼앗은 데다 저주까지 퍼부었으니 이 시점의 사쿠라가 얼마나 무시무시한 존재인지를 단번에 각인시킨다.[42]이 치료라는 게 어이없게 보이지만, 토오사카 정원에 생매장해서 묻어두는 것이었다. 이는 토오사카 저택이 본래는 한 흡혈종(사도)의 거주지였기 때문이라고 한다. 할로우 아타락시아에서도 토오사카 저택은 이매망량이 머무는 마성 같은 곳이라고 언급된다. 토오사카 가문의 대사부인 젤레치가 사도이기 때문에 젤레치의 거주지였던 게 아니냐는 추측도 나오지만 정확히 어느 사도의 거주지였는지는 드러나지 않았다. 시로는 그냥 쿨하게 토오사카를 흙 속에 묻어뒀다는 말만 듣고 ""그럼 됐어""라고 말하고 끝난다.[43]시로가 아처의 왼팔에 침식되고 있음을 보여주는 장면이다.[44]3차 성배전쟁에서 아인츠베른이 억지로 소환한 어벤저 앙그라 마이뉴가 패배한 뒤 성배에 흡수되었을 때 성배를 오염시켜 버렸다는 진상이다. 즉 현재 성배속에서 탄생하려 하는 존재는 어벤져이고, 오염된 성배의 조각을 이식한 사쿠라를 마스터로 둔 상태라는 것이다.[45]촉매로 사용하라고 준 것이지만 사실 UBW 때와는 달리 이 시점의 토오사카는 시로의 투영능력을 정확하게 모르는 상태였다. 시로의 투영은 검을 본 것만으로 그 검의 구조를 파악하여 복제하는 능력이므로 적어도 검에 한해서는 촉매가 필요 없었다. 즉 투영을 할 때 별 도움이 되진 못했다. 하지만 이 검은 나중에매우 유용하게사용된다.[46]신지는 이미 죽었고, 조켄 역시 자신의 신경에서 뽑아낸 상태였다. 아직 죽지는 않았지만 사실상 사쿠라는 모든 가족을 자기 손으로 죽인 상태였다.[47]정확하게는 증오한다기 보단 자신 때문에 고통스러워 하지 않게 하고 싶다는 마음이지만, 이미 제정신이 아닌 상태라 죽여서 편하게 해준다는 비틀린 방식을 가진 것이다.[48]무지개 빛처럼 빛나는 연출과 이전의 분위기와는 다른 BGM으로 인해 마법소녀처럼 보인다는 의견이 있다.[49]사쿠라는 이제껏 정상적인 형태의 마술교육을 받아온 것은 아니었다. 토오사카 가문의 아이었다고는 하나 교육을 안 받았으니 젤렛치의 이름도 모르는 것은 당연하다. 린도 사쿠라가 살아온 환경이 얼마나 막장인지에 대해 편린을 본 적이 있으므로 이걸 완전히 모르거나 한 번도 짐작하지도 않았을 가능성은 없다. 대성배 앞에서 자매가 대치할 때 린의 초중반 태도가 제정신이 아닌 사쿠라에게 적대적인 걸 보면 정황상 적대시하는 와중에 사쿠라를 냉정하게 만들도록 그런 것도 모르냐고 친 대사일 수도 있다. 문제는 이 대사도 사쿠라의 신경을 긁는 수준밖에 더 안 됐다.[50]젤렛치의 검은 평행세계를 연결시켜 주는 검으로, 린은 이 지하공동의 마력을 끌어다 사용한 뒤 남은 마력이 없으면 평행세계의 지하공동의 마력을 끌어와서 또 반격하는 방식으로 전투를 전투를 한 것이다. 즉, 무한한 평행세계에서 마력을 끌어오는 거니 둘의 힘의 격차는 크게 나지 않는다. 물론 한번 쓸 때마다 린에게 오는 보석검의 반동도 있지만 애니메이션에서는 이 점이 묘사되진 않는다.[51]항상 언니가 자신을 구하러 와줄 거라고, 자신의 히어로라고 믿어왔었던 것이다. 젤릿치의 검으로 빛나는 린과 그림자의 마술로 어두운 사쿠라의 대비를 이루는 모습이다.[52]헤븐즈 필 루트에서 린이 사쿠라에게 친 이 대사가 이 장면 한정으로 린의 평가를 엇갈리게 만들었던 전적이 있다.[53]적어도 반 정도는 거짓이 섞여있다. 1장에서 마토 가문의 마술 수련장을 보며 크게 분노한 것이 증거이다. 린은 사쿠라가 입양을 가서도 그곳의 마술을 배우며 잘 지낼 거라 믿으며 귀신 나오는 집이라는 소리를 듣는 저택에서 부모도 없이 혼자서 마술을 수련하고 공부하며 고독하게 살아왔다. 무엇보다 저런 독한 말을 한 것은 사쿠라가 아무리 끔찍한 나날을 보내왔다 한들, 그 과거가 사람을 죽인다는 행위를 정당화시킬 수 없기 때문이다. 자기가 직접 사쿠라를 죽이겠다고 2장에서부터 말해온 것은 그 책임이 언니인 자신에게 있다고 생각하기 때문에 어느 정도는 자신을 냉정하게 하기 위한 말들이었다고 할 수 있다. 물론 처음부터 끝까지 말로만 냉정했고 실행은 하지 못했다. 시로와 사쿠라가 함께 걸어오던 그 순간에도 사쿠라를 죽이지 못한 것에서 드러난다.[54]어찌나 분노했던지 자신의 얼굴에 있던 령주가 더욱 깊어지면서 눈가에까지 닿았다. 피눈물을 흘릴 정도로 본인은 억울하고 화가 난다는 느낌을 준다.[55]이때 두 사람의 눈에 비친 것이 서로 다르다. 사쿠라는 린의 단검에만 눈이 가있었지만, 린은 사쿠라의 얼굴을 보고 있었다. 증오로 눈이 멀어 린의 겉모습과 행동만 보던 사쿠라와,모진 말을 하면서도 결국 사쿠라를 마음에 두던 린의 모습으로 해석할 수 있다.[56]할아에서 밝혀진 바로는 사쿠라는 기본적으로 행운수치가 매우 낮다. 마스터 영향을 받은라이더도 덩달아서 행운수치가 낮다. 린은 반대로 행운 수치가 높은 편이라 운이 중요한 게임에서는 사쿠라가 거의 불리하다.[스포일러]이는 사실 시로를 되살리기 위한 여정으로, 전쟁이 끝난 시점에서 시로는 제 3마법으로 영혼의 물질화를 이룬 상태였다. 사쿠라가 여정 내내 들고 다니던 새장은 시로의 영혼을 담아둔 것으로, 어느 겨울 러시아로 추정되는 한 집에서 시로의 영혼을 담을 수 있는 육체를 발견하였고 시로를 부활시키는 데 성공한다. 이때, 잠시아오자키 토우코가 특별출연한다.[58]전쟁이 끝난 직후에 린도 성격이 조금 달라졌는지, 프롤로그 때 혼자서 식사하겠다고 거절했던사에구사,마키데라,히무로일행과 많이 친해졌는지 다 같이 웃으면서 꽃놀이를 즐긴다.[59]시로의 투영마술은 본인만의 것이라 자식에게 물려 줄 수 없고, 린의 성격과 마술사 집안 특성상 시로가 데릴사위일 것으로 보인다."
44,김주성(야구선수)/선수 경력,대한민국의 야구 선수/경력,"상위 문서:김주성(야구선수)1. 개요2. 아마추어 시절3.LG 트윈스3.1. 2016 시즌3.2. 2017 시즌3.3. 2018 시즌3.4. 2020 시즌3.5. 2021 시즌3.6. 2022 시즌3.7. 2023 시즌3.8. 2024 시즌3.9. 2025 시즌3.10. 2026 시즌4. 연도별 성적1.개요[편집]LG 트윈스소속 우투우타 내야수김주성의 선수 경력을 모아 놓은 문서.2.아마추어 시절[편집]덕수중학교 재학 시절부터 많은 스카우트들의 마음을 훔친유격수로 소문났고, 휘문고등학교에 입학하자마자 주전 유격수 자리를 꿰찼다.[1]2013 시즌부터 0.328의 고타율에 6타점 10도루, 2014 시즌은 0.320의 타율과 1홈런 8타점 10도루를 기록하고, 2015 시즌은 0.518의 고교시절 최고타율에 1홈런 7타점 3도루를 기록했다. 특히 2014시즌에는 서울시 추계리그서 MVP-타율-타점 3관왕을 수상했다. 무엇보다 적극성 있는 타격능력과 빠른 발이 가장 큰 장점으로 꼽혔고, 2015년 청소년대표에 선발된 경력도 있다. 이 때 경기고박준영, 서울고최원준, 대구상원고황경태와 함께 2015 시즌 고교 4대 유격수로 꼽히기도 했다. 그 후 2015년 8월 24일 개최한2016년 KBO 신인 드래프트서2차 2라운드 전체 14순위로LG 트윈스의 지명을 받게 되었다.3.LG 트윈스[편집]3.1.2016 시즌[편집]시즌 동안퓨처스리그에 머물렀으며, 36경기 출전 0.222의 타율, 14안타에 홈런없이 4타점 5도루 11득점을 기록했다.3.2.2017 시즌[편집]9월 29일 1군 엔트리에 처음으로 등록된 후, 다음날 9월 30일 잠실에서 열린 삼성전서 대주자로 프로 데뷔 첫 출전하여안익훈의 끝내기안타 때 첫 득점을 만들어낸 데 이어, 바로 그 다음날 10월 1일에는 잠실 삼성전 8회 첫 타석에서장원삼과의 6구 승부 끝에 프로 데뷔 첫 안타를 만들어냈다.9월 29일 1군 등록 전,퓨처스리그서는 59경기 0.333의 타율, 2홈런 30타점 15도루 29득점을 기록했고, 지난 7월 14일대구 삼성 라이온즈 파크서 열린KBO 퓨처스 올스타전서 북부리그 소속으로 출전하기도 했다.3.3.2018 시즌[편집]8월 25일 상무와의 2군 경기에서 3대3 동점상황 1사만루에서 1타점 적시타를 쳐냈다. 그러나.. 2루주자가 홈에서 아웃이 되고 그 사이에 1루주자가 3루까지 가고 타자주자가 2루까지 갔다. 근데 갑자기 김주성이 3루에 뛰면서 아웃이 되었다. 결론은 김주성의본헤드 플레이이다.그래도 9월 10일 기준 퓨처스리그에서 29경기 출장해 타출장 0.379/0.443/0.529로 좋은 활약을 펼치고 있다.양석환의 군입대에 대비해 기대를 걸어볼 가치가 있다.그러나류중일이김용의와윤진호,박지규에만 꽂혀 있는 덕분에 저 성적을 기록해도 1군에는 들어설 기회조차 받지 못한다.결국 2018 시즌 끝나고 11월 19일자로 현역으로 입대해 병역 문제부터 해결하기 시작했다.양석환이 상무에 입대해야 하는 상황에서 1군에서 기회를 한번도 못 얻고 정작 양석환이 입대한 후 본격적으로 1군 무대를 경험해야 할 시기에 같이 입대해 버려 이에 대해 비판적인 팬들의 의견이 있었다. 3루에 공백이 생긴 가운데 다행히김민성을 싸트로 데려와 급한 불은 껐지만 김주성이 20년 6월에 전역을 해서 퓨처스를 입대 전처럼 폭격해도 육성에 관심이 없는 류중일이 과연 기회를 주기나 할지.3.4.2020 시즌[편집]군 전역하였다. 하지만 3루에서 김민성이 맹활약하고 있고 백업으로구본혁,장준원등이 좋은 모습을 보이고 있어 기회를 받기 어려워 보였다. 현역 복무로 인한 실전 감각 회복의 문제도 있다.그런데 팀에서 김주성을 2루수로 키우겠다는 청사진을 계획하였다는 윤세호 기자의 트윗이 올라왔다. 그리고 8월 들어 퓨처스리그에서이주형과 번갈아가며 2루수로 출장하기 시작했다.3.5.2021 시즌[편집]1차 스프링캠프 명단에 포함되었다. NC와의 연습경기 2차전 수훈선수 인터뷰에서 현역으로 군복무한 탓에 아직 감이 잘 안 잡힌다고 밝혔다.3월 5일 롯데와의 연습경기에서 투런 홈런을 뽑았다.4월 18일 두산전을 앞두고 시즌 처음으로 1군으로 올라왔으며, 8번타자 3루수로 선발 출장하게 되었다. 수비에서 실책을 1개 기록하긴 했지만, 9회말 본인의 데뷔 첫 홈런을 때려내며 타격에 대해서는 기대를 갖게 만들었다.하지만 타격에 대한 기대보다 수비에 대한 불안이 컸는지 별로 기용되지 못하였다.[2]4월 22일 KIA전 연장 10회말 1점차 2사만루 역전 끝내기 찬스에서 대타로 기용되며 자신의 야구인생 최대의 기회를 잡았지만 허무하게 삼진을 당하며 팀의 패배를 확정지었다. 이후 4월 24일 한화전에 큰 점수 차로 지고 있는 상황에서 대수비로 한번 기용되고 24일 경기 종료 후 2군으로 내려갔다.이후, 한번도 1군에 오지 못한 채 2군에서 시즌을 마감하였다.1군 최종 성적은 3경기 7타석 안타1(홈런1) 타/출/장 0.167/0.286/0.667 OPS 0.952.퓨처스에서는 타/출/장 0.327/0.404/0.425다. 홈런은 1개도 없었고 2루타는 12개, 3루타 1개를 쳤다.시즌 후김용의의 은퇴로 결번이 된 5번으로 변경했다.3.6.2022 시즌[편집]단 한 차례의 1군 콜업 없이 2군에서만 보냈다. 부상이 있었는지 5월 20일부터 퓨처스리그에 출전했고, 6월까지는 1할대에 머무르며 감을 잡지 못하다가 7월부터는 그럭저럭 성적을 냈다. 하지만 초반 타격 부진이 발목을 잡아 퓨처스 성적 타/출/장 0.246/0.350/0.342를 기록했다. 홈런 3개를 기록했다.시즌 후 호주질롱 코리아로 파견갔다. 질롱에서는 유격수 수비도 나서고 있다.채은성,이형종,유강남의 이적으로 인해 팀내 우타자 풀이 부족해지며 2023 시즌에는 기회를 얻을 가능성이 있다. 마침 1군 감독도 유망주 못 믿는 성향의류지현에서 유망주를 선호하는염경엽으로 바뀌었다.12월 17일 기준 질롱에서 홈런 2개에 OPS 0.900을 넘기며송찬의,박주홍등과 함께 팀내 타격 순위 상위권에 자리잡고 있다.3.7.2023 시즌[편집]시범경기에서는 유격수로 꾸준히 출장 중. 의외로 수비를 잘해서 기대를 받고 있긴 하지만 염경엽 감독이오지환의 백업을손호영으로 낙점하는 바람에 올해도 기회를 잡기 어려워 보였는데, 손호영이 개막을 앞두고 또 부상당하는 유리몸 기질을 보여준 덕에 새 유격수 백업으로 낙점받아 데뷔 후 처음으로 개막 엔트리에 승선했다.4월 1일 kt와의 개막전에서 9회초 대타로 나와 좌익수 뜬공으로 물러나며 마지막 아웃카운트를 당했다.4월 2일 10회초김현수의 대주자로 투입되었으나 후속 타자들이 범타로 물러나며 득점에는 실패했다.4월 5일 1군에서 말소되었다. 어처구니없는 사실은 다음날 유격수 백업이 필요하다며정주현을 올렸다는 것이다. 인터뷰에서는 잔부상이 있어서 내려갔다고 한다.4월 13일 몸 상태가 좋아졌는지 다시 1군에 콜업되었다.4월 14일 두산과의 잠실시리즈에서 실책과 본헤드 플레이를 연발했다. LG가 9점 리드를 잡고 있었던 게 다행이었다.4월 20일 1군에서 말소되었다.9월 1일 잠실 한화전을 앞두고 확대 엔트리에 포함되어 1군에 콜업되었다. 콜업 당일오지환의 대수비로서 7회 유격수로 출장했다.9월 28일 삼성과의 홈경기에선 팀이 초반 대량실점을 하면서 4회말부터 대주자로 출전했다. 이후 경기가 끝날 때까지 유격수 수비를 소화했는데, 5회에 평범한 타구를 더듬으며 실책을 기록했다. 그래도 6회말 타석에서최채흥을 상대로 안타를 치며 시즌 첫 안타를 기록했다.9월 30일 1군에서 말소되었다.3.8.2024 시즌[편집]2023시즌 내야 유틸리티로 활동했던정주현이 은퇴하고,김민성이 사인 앤 트레이드로 롯데로 떠났지만, 타격 성적이 더 좋은김민수의 영입과 수비력이 더 좋은구본혁의 전역으로 인해 올해도 1군에서 자리를 잡기엔 쉽지 않아 보인다. 더 이상 나이가 적은 편이 아니라 올해도 1군에서 자리잡지 못한다면 방출될 가능성도 있다.3월 9일 KT와의 시범경기 개막전에서 박해민과 교체되어 경기에 투입되었다. 9회에 볼넷을 골라 나갔으나 득점을 기록하지는 못했다.3월 30일 트레이드로 롯데로 이적한손호영을 대신해 1군에 콜업되었다.3월 31일 키움전에서 대수비로 투입되었다. 그러나 이후 경기에 출장하지 못한 채 4월 6일 1군에서 말소되었다.5월 8일 1군에 콜업되었다.5월 10일 롯데전에서 7회말 3루수 대수비로 투입되었고, 8회초 타석에 들어섰으나 중견수 뜬공으로 물러났다.5월 12일 1군에서 말소되었다.6월 11일 1군에 콜업되었다. 이날 대구 삼성전에서오승환을 상대로 풀카운트 접전 끝에 극적으로 볼넷을 골라 나갔다.6월 21일 잠실 kt전에서웨스 벤자민을 상대로 시즌 첫 안타를 기록했다.6월 28일 창원 NC전에서 7번 유격수로 선발출장했으나 2회말 2사 2,3루에서 평범한 땅볼에 악송구를 범하며 끝낼 수 있는 이닝을 추가로 2실점을 하게 되는 원인을 제공하고 말았다. 결국 3회말 칼같이구본혁으로 문책성 교체되었다.7월 13일 1군에서 말소되었다.9월 10일 1군에 콜업되었다. 그러나 단 1경기도 출장하지 못한 채 9월 21일 1군에서 말소되었다.3.9.2025 시즌[편집]5월 14일김민수가 말소되면서 콜업되었다.6월 10일오지환과손용준이 말소되면서김민수와 함께 콜업되었다.6월 10일 잠실 SSG전에 8번 타자 3루수로 선발출장했으나 1회초부터 고명준의 땅볼을 잡아 1루수 위로 날려버려 선취점을 허용하는 치명적인 송구 실책을 저질렀고, 다음 타자 에레디아의 타구가 선발 투수손주영에 맞아 부상당할 뻔하는 스노우볼로 이어졌다. 이후 4회초에 다시 포구 실책을 저질렀다. 기록은 내야안타.한 경기였긴 하지만 김주성은 신인도 아니고프로 10년차인데 기본적인 송구조차 제대로 못하는 모습을 보여주었다. 무려홍창기와 입단 동기이며 LG 팀내에서는 오지환과 안익훈에 이어 3번째로 입단 순서가 빠른 야수다.6월 14일 대전 한화전에 8회초 2사 1,3루에서 더블 스틸을 시도했지만이재원에게 홈에서 태그 아웃 당했다.6월 15일 대전 한화전에서 9회초 1사에서김종수의 밋밋한 슬라이더를 잡아당겨 통산 2호 홈런을 기록했다. 이번 시즌 첫 홈런이자 1군 1,519일만의 홈런. 이 홈런 덕분에 데뷔 후 처음으로 1시즌에 2개 이상의 안타를 친 시즌이 되었다...6월 19일 1군에서 말소되었다. 그리고 6월 25일 내야수천성호가 트레이드로 LG에 오며 더욱 입지는 위태로워졌다.7월 1일 1군에 박시원과 함께 콜업되었다. 어쩌면 이번 콜업이 마지막 기회가 될 수도 있다.7월 2일 사직 롯데전에서 옆구리 통증으로 빠진 오스틴 대신 7번타자 1루수로 선발출장했다. 이정도의 기회를 받은 거면 정말 운이 좋은 것 같다.7월 4일과 5일 대구 삼성전에 대타로 나와 2경기 총합 2타수 무안타를 기록하였다. 통산 처음으로 1군에서 한 시즌 10번째 타석에 들어섰다...7월 9일 잠실 키움전에 대타로 나와 1타수 무안타를 기록하였다.7월 19일 잠실 롯데전은 1루수로 선발출장했고 1사구 1삼진으로 1타수 무안타를 기록했다.이후에 뜬금없이 응원가가 생겼다. 그것도 자신이 가장 좋아했던 옛 선배이형종의 응원가로.7월 23일 광주 KIA전에서 김현수의 대주자로 나온 뒤 연장 10회초 선두타자로 나서 조상우에게 안타를 뽑았다. 그리고 곧바로 문보경의 결승 투런으로 연결되어 득점을 기록했다. 자신의 출루로 문보경의 홈런이 1점이 아닌 2점 홈런이 되면서 1점차 승리를 거둘 수 있었다.7월 25일 잠실 두산전에서 김현수의 대주자로 나와 어이없는 주루사로 흐름을 끊었으며, 9회 추가점을 노릴 수 있는 상황에서도 내야 플라이로 힘없이 물러났다. 그래도 팀은 기적의 역전승을 거두었다.7월 26일 1군에서 말소되었다.1군에서 16경기 17타석으로 선발 출장 경험도 주었고, 대타로도송찬의급은 아니어도 나름 기회를 주었으나 그 기회를 제대로 살리지 못하고 팀에 오히려 악영향만 끼치는 선수라는 평가를 받는다.최승민과 함께 방출 1순위로 여겨진다. 내야 쪽에서도천성호와구본혁이 거의 준주전급의 활약을 보여주고 있기에 사실상 입지가 더욱 좁아졌으므로 어찌보면 당연한 수순이다.9월 2일 발표된 확대 엔트리에도 포함되지 못했다. 그리고 그대로 2군에서 시즌을 마감했다.시즌 종료 후 2차 드래프트에서 지명되지 않았고, 11월 25일 방출명단에 들지 않으며 왜인지 방출이 이상하지 않은 처참한 성적인데도 불구하고 올해도 살아남는 데 성공했다. 심지어 연봉이 소폭 인상되었다.안익훈의 은퇴로 팀내에서오지환다음으로 LG 입단 연차가 빠른 야수가 되었다.3.10.2026 시즌[편집]시즌 시작 전 외야수로 전향했다. 상술했듯이 내야에는구본혁과천성호가 백업으로 버티고 있어 더 이상 자리가 없기 때문에 상대적으로 유망주들의 성장이 더딘 외야로 전향을 결정한 것으로 보인다. 외야에서도 1군에서 자리를 잡지 못한다면 방출을 피하기 어려울 듯하다.퓨처스리그에서 0.254의 타율, 0.696의 OPS로 여전히 답 없는 성적을 기록중이었는데 5월 9일 대전 한화전을 앞두고 1군에 시즌 처음으로 콜업되었다.5월 10일 대전 한화전에서홍창기의 대수비로 시즌 첫 1군 경기에 출장했고, 6회말황영묵의 평범한 안타를 뒤로 흘리는 한심한 실책을 범하며 외야수로도 실격인 것만 증명했다. 타석에서도 2타수 무안타에 그쳤다. 이로써1군 통산 7안타 7실책이 되었다.결국 5월 11일 월요일, 1군 콜업 이틀 만에 칼같이 말소되었다.어느덧 11년차를 맞았으나 수비가 나아지지 않는 모습을 보이며 시즌 종료 후 방출의 가능성이 매우 높아졌다.4.연도별 성적[편집]김주성의 역대 KBO 기록연도소속경기타석안타2루타3루타홈런득점타점도루볼넷삼진타율출루율장타율OPSwRC+sWAR2016LG1군 기록 없음2017211000100001.0001.0001.0002.000547.4-0.0320181군 기록 없음2019군복무(현역)20201군 기록 없음202137100111013.167.286.667.952159.5-0.1420221군 기록 없음2023117100010012.200.429.200.629123.9-0.052024129100010030.167.444.167.611110.30.1320251617300131012.200.294.400.69487.40.01KBO통산(5시즌)4441700272067.212.366.394.760123.1-0.09[1]유격수 자리는 팀 후배인이정후가 물려받는다.[2]이후에도 김민성이 계속 3루수로 선발 출장.이 문서의 내용 중 전체 또는 일부는김주성(야구선수)문서의r202판에서 가져왔습니다.이전 역사 보러 가기"
45,리그 오브 레전드/증강/프리즘,리그 오브 레전드/증강,"상위 문서:리그 오브 레전드/증강리그 오브 레전드의증강실버골드프리즘1. 개요2. 공용 증강2.1. 거석상의 용기 (★★★)2.2. 거인 (★★★)2.3. 거인 학살자 (★★★)2.4. 검무 (★★★)2.5. 검을 뽑아라 (★★★)2.6. 결투의 대가 (-)2.7. 광대 대학 (-)2.8. 궁극기 대변혁 (★★)2.9. 기본으로 돌아가기2.10. 난공불락 (-)2.11. 능력치 더하기 능력치 더하기 능력치!2.12. 대지의 각성2.13. 도망갈 수 없어 (-)2.14. 돌진2.15. 미친 과학자 (★★)2.16. 보석 건틀릿2.17. 불길한 서약2.18. 신비한 주먹 (-)2.19. 양손잡이2.20. 요정 마법2.21. 유레카2.22. 유리 대포2.23. 전능의 영혼 (★★★)2.24. 전장의 교향곡2.25. 전환: 혼돈2.26. 죽음의 순환2.27. 지옥의 전도체2.28. 최상급 조준경 부착2.29. 최종 형태2.30. 퀘스트: 우글렛의 마녀 모자2.31. 퀘스트: 이케시아의 몰락2.32. 탄환 세례2.33. 탭 댄서2.34. 판도라의 상자 (-)2.35. 프로틴 음료 (-)2.36. 한 발에 두 놈3.아레나전용 증강3.1. 감바 모루 (-)3.2. 공포를 부르는 자3.3. 궁극의 룰렛3.4. 궤도형 레이저3.5. 끝판왕3.6. 눈알 광선3.7. 마법 가속3.8. 마트료시카3.9. 세월의 지혜3.10. 소환사의 룰렛3.11. 연쇄 번개3.12. 우주의 중심3.13. 운전기사3.14. 정신 결속3.15. 주문 각성3.16. 프리즘 알3.17. 파멸의 예언자3.18. 크로마 전이3.19. 마법 소녀3.20. 마법 제작3.21. 전환: 실버3.22. 야생 불꽃3.23. 퀘스트: 대장장이 신의 의식3.24. 군체의식3.25. 광대 대학 (-)3.26. 양자 연산3.27. 저주의 화염3.28. 정조준 일격 신동3.29. 찜솥3.30. 케르베로스4.무작위 총력전: 아수라장전용 증강4.1. 골드 강탈4.2. 궁극의 각성4.3. 꽃피는 새벽의 검 업그레이드4.4. 나는 왕이다4.5. 남작의 도움4.6. 데굴데굴 눈덩이!4.7. 드롭킥4.8. 무한 반복4.9. 바람전달자의 축복4.10. 신념을 통한 강화4.11. 신성한 눈덩이4.12. 잔혹 행위4.13. 지옥불 난사 발동4.14. 창공의 서약4.15. 퀘스트: 우르프의 챔피언4.16. 퀸카4.17. 차원 이동4.18. 곰 투하4.19. 앙파상4.20. 열의4.21. 도박꾼4.22. 궁극기 봇4.23. 대마법사4.24. 포로 쇄도4.25. 초월 의식4.26. 영혼 폭탄4.27. 말랑 찰싹 손4.28. 방출 역장4.29. 거인의 결의4.30. 메아리 시전4.31. 다중 공격4.32. 과충전4.33. 바늘꽂이4.34. 주문 분산4.35. 3연발4.36. 퀘스트: 궁극의 히드라5. 삭제/비활성화된 증강5.1. 어깨 위의 악마5.2. 포로 왕의 바운스 (-)5.3. ??? (-)5.4. 공허 균열5.5. 카피바라 폭격5.6. 컵케이크 조심해!5.7. 깊은 상처5.8. 미카엘의 축복 업그레이드5.9. 엄마 찾는 아기 고양이5.10. 체력 회복 광선1.개요[편집]리그 오브 레전드의 프리즘 등급 증강들을 모아놓은 문서. 정식 명칭은 '프리즘' 단계이며, 랭크의 승급 순서에 맞춰 실버-골드-플래티넘증강이라 부르기도 한다. '플래 증강' 이라고만 해도 대부분 알아듣는다.가장 높은 단계의 증강답게 상당히 위협적인 능력을 제공하는 증강이 많다. 특히 아레나에서 약체인 챔피언들이 대체로 특정 프리즘 증강과 매우 잘 맞는 경우가 많아서, 알맞은 프리즘 증강이 얼마나 뜨느냐에 따라 챔피언의 성능이 판이하게 갈리기도 한다. 또한, 강력한 성능을 가진 만큼 본인이 증강 뽑기에 실패해 쓰레기 증강을 먹었다면 게임이 상당히 불리해진다.모든 프리즘 증강이 좋은 것은 아니며 상황에 따라 유불리가 갈릴 수 있으니 무작정 고르기보단 잘 생각하고 고르는 것이 중요하다.26.12패치에서 시너지 시스템이 삭제되었다. 해당 패치에서 추가된 증강들에 버그가 많았고 특히 스킬 증강에 대한 여론이 악화되자 패치 노트에 기재하지 않고 핫픽스로 증강들을 삭제, 재활성화, 등급 변경을 하였기 때문에 목록에 차이가 있을 수 있다.2.공용 증강[편집]아레나와무작위 총력전: 아수라장두 모드에 모두 존재하는 공용 증강. 다만 모드에 따라 구체적인 수치는 차이가 날 수 있다.증강 옆의 별은 아레나 모드에서 최대 증강 레벨이다.2.1.거석상의 용기 (★★★)[편집]거석상의 용기적 챔피언을이동 불가상태로 만들면최대 체력에 비례한 보호막을 얻습니다.보호막 양: 100-300 +(0.03 최대 체력)(아레나)|(0.05 최대 체력)(아수라장)추가 시기2023년 7월 21일사용 챔피언아레나 증강 레벨별 효과★보호막 양: 100-300 +(0.03 최대 체력)★★보호막 양: 100-300 +(0.07 최대 체력)★★★보호막 양: 100-300 +(0.11 최대 체력)추가 효과:적 챔피언을이동 불가상태로 만들때마다 크기가 5% 커지고 1%의 강인함을 얻습니다.예전에 있던 특성 파괴전차의 용기랑 똑같은 효과를 가지고 있다. 애초에 의도한 건지 파괴전차의 용기에서 거석상의 용기로 이름만 바뀐 셈.[1]심지어 체력계수 등 스탯도 예전 파괴전차와 똑같다. 파괴전차와 똑같이 다수에 인원에서 CC기를 적중 시 보호막이 늘어난다.이동 불가 효과를 여럿 가지고 있거나, 광역 CC의 쿨타임이 짧은 탱커 계열 챔피언들에게 어울리는 증강이다. 증강 자체에 재사용 대기시간이 없을뿐더러 스킬 가속을 얻기 쉬운 아레나에선 특히나 고성능을 자랑한다. 실버 증강인 죄책감의 쾌락[2]과의 시너지가 발군이다.하드 CC는 아니지만 상대의 이동 스킬 사용을 막는 '고정' 또한 이 증강을 발동시키므로, 신지드나 카시오페아도 쏠쏠하게 사용할 수 있다. 서리 망령이나 자폭 같은 하위 증강과 시너지를 낼 수 있다는 점도 장점. 침묵으로는 발동되지 않는다.단, 아수라장에서는 성장성이 아쉽다는 점이 발목을 잡는다. 아수라장은 아레나와 달리 탱커를 때릴 사람이 5명이고, 특유의 빠른 성장 속도로 인한 화력 인플레가 심한 모드라서 최대 체력의 5% 라는 빈약한 계수는 시간이 지날수록 힘이 빠지는 편이다. 단 이를 고려해, 레벨에 비례해 증가하는 기본 보호막 수치가 괜찮은 편이라 초반에 먹을수록 효율이 극대화된다. 1레벨에 프리즘 증강으로 떴을 때 집으면 큰 이득을 볼 수 있다.여담으로 보호막 이펙트는 전설급 아이템 ‘월식’의 보호막을 초록색화 한 것이다.2.2.거인 (★★★)[편집]거인크기가 커져 체력이 15%(아레나)|35%(아수라장)증가하고 적응형 능력치가 10%(아레나)|15%(아수라장)증가합니다.추가 시기2023년 7월 21일사용 챔피언아레나 증강 레벨별 효과★획득 체력: 15% 추가 체력획득 적응형 능력치: 10%크기: 30%★★획득 체력: 30% 추가 체력획득 적응형 능력치: 20%크기: 60%★★★획득 체력: 50% 추가 체력획득 적응형 능력치: 30%크기: 100%챔피언의 몸집이 커지고, 높은 수치의 체력과 적응형 능력치를 제공하는 만능형 증강. 어떤 챔피언이 가도 평균적인 성능을 자랑한다. 다만 의외로 순수 퓨어탱커에게는 그다지 어울리지는 않는다. 나쁘진 않지만 퓨어탱커에겐 체력 상승 밖에 없기 때문. 체력과 적응형을 동시에 올려야 하는 브루저류에게 가장 어울린다.다만 아레나 내에 거인 학살자나 당혹 같이 거인을 카운터 치는 증강과 아이템이 많기에 후반 지향적인 면에선 조금 아쉬운 편. 크기가 커질수록 좋은 하드 탱커들은 어차피 맷집이 맷집인지라 이러한 옵션이 있더라도 자체적인 탱킹 스킬이 있는 덕에 크게 부각되지 않는 점이지만, 단순히 체급 몰빵에 올인한 브루저들이 오히려 심하게 카운터를 먹는 편이다.어떤 챔피언이 가도 무난히 좋은 성능을 내지만 특히 주문력으로 체력을, 체력으로 주문력을 얻을 수 있는블라디미르가 혜택을 톡톡히 본다. 이외에도 체력 계수가 있는스카너,세트,초가스,문도 박사등 근접 전사/탱커 챔피언들이 추가적인 이득을 볼 수 있다. 특히탐 켄치는 크기에 비례하여 혀 채찍(Q)의 사거리도 증가하는 덕분에 거인+강심을 올려 몸집을 불린 탐 켄치는 메이지 챔피언들보다 더 먼 거리에서 포킹이 가능하므로 꼭 집어야 할 증강.꽤 오랜 기간 동안, 적응형 능력치15% 증가가15 증가로 잘못 적혀 있던 툴팁 오류가 있었다. 수치는 정상적으로 적용되었으나 툴팁 오류를 모르는 유저들에게는 증강의 효과를 저평가하게 만드는 원인으로 작용했다. 심할 경우에는 탐 켄치 같이 크기가 커지면 스킬 사거리가 늘어나는 챔프들을 제외하면 채용할 이유조차 없다고 저평가되기까지 했다. 유저들의 지적에도 고쳐지지 않다가 결국 수정되었다.2.3.거인 학살자 (★★★)[편집]거인 학살자크기가 작아져이동 속도가 25%증가하며 상대가 자신보다 큰 정도에 비례해 챔피언에게 추가 피해를 10~30% 입힙니다.추가 시기2023년 12월 8일사용 챔피언아레나 증강 레벨별 효과★추가 이동 속도: 25%추가 피해량: 10-30%크기 감소: 20%★★추가 이동 속도: 30%추가 피해량: 15-35%크기 감소: 25%★★★추가 이동 속도: 35%추가 피해량: 20-40%크기 감소: 30%작은 크기와 빠른 이동 속도로 생존성이 증가하며 조건부로 추가 피해까지 입힌다는 점에서 대부분의 딜러 챔피언들에게 적합한 증강. 당혹과는 달리 체력 차이가 아닌 크기 차이에 비례하여 추가 피해가 발동하기 때문에 이후의 증강 선정에 유의해야 한다.자체적으로 크기가 작아지는 옵션이 있으므로, 똑같이 작아진 상대를 만나지 않는 이상 최소한의 추가 피해 옵션은 항시 누릴 수 있다. 특히 대부분의 탱커 챔피언들이 위의 거인이나 강철심장 아이템을 애용하는 아레나 특성상 더욱 효율이 좋은 증강이다.무작위 총력전: 아수라장에서는 범용성 높은 우수한 증강이고, 아수라장에서도 탱커가 강심을 올리거나 거인 등의 증강을 고르는 경우가 많아 선호도는 매우 높다. 축소 엔진과 조합하면 정말 극단적으로 작고 빠른 챔피언을 만드는 것도 가능하고, 추가 피해량도 늘 최대치로 누릴 수 있게 되니 조합을 노려보자.2.4.검무 (★★★)[편집]검무검무 소환사 주문을 얻습니다.검무를 사용하면 적에게 돌진해 6회(아레나)|8회(아수라장)공격하는 동안 대상으로 지정되지 않습니다.1회 피해량: 30~150+(0.1 추가 공격력)+(0.06 주문력)+ 적중 시 피해량의 50%최대 피해량: 240~1200+(0.8 추가 공격력)+(0.48 주문력)+ 적중 시 피해량의 50%추가 시기2023년 7월 21일사용 챔피언아레나 증강 레벨별 효과★타격 횟수: 6회★★타격 횟수:8회★★★타격 횟수: 10회검무 종료시, 100 (+0.4 추가 AD)(+0.4 주문력) 만큼의 체력을 매초 회복하는 장판을 5초동안 설치점멸 외의 소환사 주문을 대체하는 효과. 마스터이의 일격필살(Q) 스킬과 거의 동일한 효과를 가지고 있다.증강 자체의 화력은 애매하다. 8회 적중 시의 피해 총합 자체는 높으나 다른 챔피언에게 분산되기 쉬워 화력 누수가 심하기 때문. 그럼에도 불구하고 타겟팅 돌진과 대상 지정 불가 효과만으로도 상당한 고성능이기에 근접 챔피언은 누구든 유용하게 활용할 수 있다. 화력보다는 유틸리티에 치중한 증강.특히 검무 시전 중에도 주력 스킬이 끊기지 않는가렌은 이 증강 하나만으로 극딜 빌드를 갈 수 있을 정도로 활용도가 높으며, 적중 시 효과를 가진 일부 챔피언들 또한 검무를 먹으면 무적 상태로 대응 불가능한 암살이 가능해지기도 한다. 가령 원래 주인이었던피오라[3]는 단번에 4개의 약점을 모두 치고,다리우스는 무적 상태로 5스택을 자동으로 쌓는다.자헨의 핵심인 패시브 스택도 안전하게 8회 쌓을 수 있다. 실전용은 아니지만 갱플랭크로 화약통 여러 개를 늘어놓고 q를 쏜 상태로 적에게 검무를 쓰면 화약통이 터질 때마다 초기화된 패시브 불칼이 검무로 인해 매번 적에게 중첩되면서 풀피 탱커를 원킬내기도 한다.우르곳또한 심판의 원+패시브와 연계하는 콤보가 유명하다. 파이크 또한 망자의 물살(E)로 돌진한 직후 검무를 쓰면 파이크에게 돌아오는 분신의 궤적도 바뀌면서 기상천외한 스턴각이 나온다. 오공 역시 궁극기 시전 후 검무를 사용해도 궁극기가 끊기지 않는다. 피들스틱과의 궁합도 상당히 좋다. 특히 아수라장에서 궁 시전 직후 상대에게 집중마킹 당하기 쉬운 피들스틱이 검무를 사용하면, 저지 불가능한 피들스틱의 궁극기 풀딜이 상대에게 그대로 꽂히며 한타를 박살내는 광경을 목격할 수 있다. 마스터 이의 경우 검무 동작 하나하나가 전부 평타로 판정되어 알파의 쿨타임이 검무 횟수만큼 1초씩 감소하기 때문에 생존용으로도 훌륭하고 쿨감용으로도 매우 좋다. 알파를 긁고 평타를 치다가 어그로가 쓸렸을 때 검무를 사용해 어그로를 풀고 알파 쿨까지 돌려서 또 알파를 사용하는, 상대방에게 불합리한 플레이도 가능하다.같은 프리즘 증강인 대지의 각성과도 시너지가 있는데, 각 공격이 순간이동 판정을 받아서 그만큼 장판 폭발도 많이 일어난다. 특히 전술한 파이크가 검무+대지의 각성을 함께 조합하면 기절 상태로 연쇄 폭발을 먹일 수 있다.또한 정직한 브루저, 암살자를 대상으로도 걸출한 생존기로 사용될 수 있으며 아이템 쪽 시너지 중 대표적으론 강심의 스택 회수가 가능하다.아레나에서는 최대 레벨까지 업그레이드하면 검무 종료 시 현재 피오라의 장판 회복이 발동된다. 이 때문에 일부러 물몸 딜러가 어그로를 끌고 검무로 어그로 핑퐁, 이후 힐 장판을 받으며 싸우는 전략도 유용하다. 당연하지만 검무 역시 스펠 관련 증강이므로 소환사 주문 관련된 증강의 영향을 받아 2번 사용하는 등의 사용처도 있다.2.5.검을 뽑아라 (★★★)[편집]검을 뽑아라이제 근접 챔피언으로 간주됩니다. 공격력 25%, 체력 25%, 공격 속도 20%, 생명력 흡수 25%, 이동 속도 15%(아레나)|공격력24%, 체력 24%, 공격 속도 20%, 생명력 흡수 20%, 이동 속도 20%(아수라장)를 얻습니다. (공격 사거리에 따라 획득 능력치 증가)원거리 챔피언의 원래 공격 사거리에 따라 획득 능력치가 0~30%(아레나)|0~100%(아수라장)증가합니다.500일때 0%, 이후 각 사거리 15마다 3%(아레나)|10%(아수라장)씩 증가하며 650일 때 최대치인 30%(아레나)|100%(아수라장)를 얻습니다.추가 시기2023년 12월 8일사용 챔피언아레나 증강 레벨별 효과★공격력: 25%체력: 25%공격속도: 20%★★공격력: 30%체력: 30%공격속도: 25%★★★공격력: 35%체력: 35%공격속도: 30%통칭검뽑.원거리 챔피언을 평타 사거리 125[4]/200[5]의 근접 챔피언으로 바꾸는[6]대신 높은 수치의 능력치를 제공한다. 체급을 대가로 원거리라는 큰 이점을 버려야 하기에 상황에 따라 효율이 크게 갈리는 증강.무작위 총력전: 아수라장에서는 30% 공격력, 30% 체력으로 너프를 먹은 대신, 기본 공격 사거리가 200이 된다. 5:5 싸움이라 체급이 높아진 검뽑원딜들이 활개쳤기 때문에 너프한 것으로 보인다. 아수라장에선 상대 조합의 CC가 약하다면 진지하게 고려할 수 있는 증강으로, 계속해서 평타치면서 피흡을 할 수 있다면 사기 증강이다. 원래 전사 챔프와 맞딜치면 웬만해선 검뽑원딜이 이길 정도. 잊지 말아야 할 것은, 이 증강은원딜을 전사로 바꾸는 증강[7]인 만큼, 아이템 빌드도 원딜템만 고집하면 상대의 순간 누킹기에 산화한다는 것. 따라서 최소한의 탱템 및 적당한 전사템을 섞는 것은 사실상 필수다. 반대로 상대 cc가 강해 계속 피흡을 하기 어려운 환경이라면, 이만한 쓰레기 증강도 없다. 특히 원딜은 일부 예외를 제외하면 근접전에는 적합하지 않은 스킬셋을 보유한 탓에 증가한 스펙이 무색하게 더 안 좋아질 수 있다.[8]따라서 이 증강은전체적인 조합을 보는 눈이 대단히 중요한 고티어 전용 증강.사미라,그레이브즈,우르곳은 전통적으로 검뽑과 가장 잘 어울리는 챔피언으로 꼽힌다. 이 챔피언들은 원거리 판정 챔피언이기는 하나 실상은 근접전이 강제되며, 따라서 상대 조합에 관계없이 그냥 검뽑을 고민 없이 바로 골라도 아주 효율이 좋다. 이 챔피언들은 잘 컸을 경우 기본 체급만으로도 억 소리가 나오는 딜량을 뽑아내는데 검뽑까지 활용한다면 말그대로 상대 챔피언을 그 자리에서 순삭시킬 수 있다.이즈리얼과코르키와 같이 스킬을 섞는 원딜은 이 증강을 택할 때엔 고민해 보아야 한다. 이즈리얼이나 코르키가 스킬딜 비중이 높긴 하지만 어쨌든 원딜이며, 따라서 평타가 딜 비중의 절반이기 때문이다.[9]계속해서 평타칠 수 있는 환경이 조성된다면야 검뽑 증강 자체가 사기적으로 좋지만, 계속 평타를 치기 어려운 환경이라면 검뽑이 이 챔프들에겐 계륵이다. 그럼에도 많은 유저들은 이즈리얼이나 코르키로 검뽑을 선택하곤 하는데, 당장 스킬딜이 확 강해지긴 하기 때문이다.케일로 이 증강을 고를 때는 생각을 한번 더 해보고 골라야 한다. 안 그래도 물몸 뚜벅이인데 레벨이 아무리 올라도 계속 근접 챔피언으로 남아 있게 되며, 다른 원거리 평타 챔피언들은 조준경 시리즈를 근접 판정으로 적용받지만 케일은 버그로 원거리로 적용받는 상당한 하자가 있다. 쉽게 말해서 아수라장 기준 일반적인 원거리 챔피언은 검뽑+최상급 조준경의 기본 공격 사거리는 200+250=450인데 케일은 200+150=350 이라는 것.또 하나 주의해야 할 점으로 이 증강을 고를 시 스킬 사거리 역시 줄어드는 경우가 있다. 타겟팅 온힛 스킬인 미스 포츈의 Q, 스몰더의 Q가 그것으로 특히 스몰더를 일반적인 스킬 딜러라 생각해서 검뽑을 골라놓고 Q 스택도 제대로 못 쌓는 경우가 흔히 보인다.26.12패치에서 아수라장 기준 기본 스펙 제공량을 줄인 대신 원래 사거리에 따른 보너스 제공량을 대폭 늘렸다. 원래 사거리가 길지 않은 그레이브즈, 우르곳, 사미라의 파괴력을 줄이고 사거리가 긴 원딜이 선택할 메리트를 늘리기 위함인 듯하다.2.6.결투의 대가 (-)[편집]결투의 대가기본 공격 시 중첩되는 주문력을 얻고 스킬 사용 시 공격력을 얻습니다.획득 주문력:(6 ~ 18)획득 공격력:(3 ~ 9)추가 시기2023년 7월 21일사용 챔피언기본 공격 시 주문력을, 스킬 사용 시 공격력을 지속적으로 얻을 수 있어 둘 다 사용하는 하이브리드 챔피언에게 최적화된 증강이다. 평타 기반이면서 원거리 딜러라 빠르게 중첩을 얻어낼 수 있고 주문력을 활용할 수단이 있는카이사,케일,이즈리얼,바루스,유나라,코그모등의 챔피언에게 좋은 성능을 내는 증강이며잭스,그웬,신 짜오,워윅,쉬바나,카타리나같이 공격 속도가 빠른 근접 하이브리드 챔피언들에게도 궁합이 좋다. 특히볼리베어는 평타를 계속 칠 여건만 된다면 기본적으로 탱템을 올리기에 죽기는 뒤지게 안 죽는데 딜은 무지막지한 만능 챔피언으로 거듭나기 쉽다. 패시브 공격 속도에 주문력 계수가 있기에 다단 중첩 시너지까지 맞춘다면 치명적 속도 룬 상위호환이 된다.기본적으로 특정 챔피언들이 아니면 효율이 잘 나오지 않게 설계된 증강이지만[10], 후술할 일부 증강들과 조합하였을 경우 폭발적인 시너지를 보여준다.실버 증강마법사 (물리)나적응형 능력치같은 공격력/주문력을 변환해 주는 증강과 궁합이 좋다. 마법사 (물리)와 조합할 경우 스킬을 이용해 빠르게 기본 공격 중첩을 쌓을 수 있는카타리나,벨베스,우르곳같은 챔피언들은 후반 라운드에서 공격력이 2천을 돌파하는 경우를 심심찮게 보게 된다. 스킬을 난사하는 챔피언인라이즈,카시오페아같은 챔피언들도 적응형 능력치를 이미 선택한 경우에 한하여 좋은 시너지를 낸다.같은 프리즘 중에선탭 댄서증강과 조합하면 괴랄한 성능을 낸다. 이 증강의 주문력 중첩과 탭 댄서의 이동속도 중첩의 조건이 동일하기 때문. 공격 속도가 매우 빠른 챔피언들에겐 골드 증강인 마법 명사수와도 시너지가 좋다.여담으로 라운드 시작 시 주문력 1당 3의 피해를 흡수하는 보호막을 얻는 전술적 대비와 조합하였을 경우, 아레나에서 로비의 허수아비를 타격했을 때 얻는 주문력이 라운드 시작 시 보호막에 반영되는 꼼수가 존재한다.[11]한때바루스가 E를 쓰면 결투의 대가를 적용할 때 한 번에 100에 가까운 데미지 증가를 하는 버그가 꽤나 오래 있었는데, 이때는 여러 발 쏘는 스킬이 장판으로 한번에 묶어서가 아닌 개별 투사체로 판정되는 바람에 하나하나 전부 결투의 대가가 적용되었기 때문이다. 결국은 삭제되었지만 어차피 바루스는 W 마뎀 때문에 주문력 효과를 톡톡히 받을 수 있는지라 여전히 골라도 좋은 편. 한편 해당 문제는 여러 투사체를 나눠서 쏘는 다단히트 챔피언에게도 종종 발생한다.아수라장에서는 마지막으로 중첩을 쌓은 후 5초가 지나면 중첩이 빠르게 사라지는 제한이 추가되었다. 또한 미니언에게 평타나 스킬로 스택을 미리 엄청나게 쌓아 챔피언을 공격하는 전략이 가능하다. 아군이 미니언을 어느 정도 양보해 줘야 가능한 방법. 포탑 같은 구조물에는 스택이 쌓이지도, 유지도차도 되지 않는 일종의 밸런싱 패치가 되어 있다. 팁으로 원거리 챔피언의 경우 루난의 허리케인을 구비하면 주문력 스택이 세 배로 쌓인다.2.7.광대 대학 (-)[편집]광대 대학속임수소환사 주문을 얻습니다.암습지속 효과를 얻습니다.사망 시, 폭발하는 상자를 생성하여 엄청난 고정 피해를 입히고 적을공포에 빠뜨립니다.암습: 뒤에서 공격 시20-35 (+50% AD) (+35% AP)의 물리 피해를 입힙니다.속임수: 근처로 순간이동해 3초 동안 투명 상태가 됩니다. 투명 상태에서 다음 기본 공격 시100 (+150% 추가 AD) (+55% AP)의 물리 피해를 추가로 입힙니다. 뒤에서 기본 공격 시 치명타가 적용되어 155%의 피해를 입힙니다.환각: 죽음: 사망 시 대상 최대 체력의 25%에 해당하는 고정 피해를 입히고 주변을 1초 동안공포에 빠뜨립니다.추가 시기2025년 3월 5일사용 챔피언샤코의 속임수(Q)를 그대로 가져왔다. 속임수를 다른 챔피언들이 쓸 수 있다면 어떤 상황이 벌어지는지 여실히 체감할 수 있는 증강이다. 암살자가 들면 정말 억 소리 나는 데미지를 순식간에 넣을 수 있으며 평타 한 방이 묵직한 진의 4타나 케이틀린의 헤드샷 등으로도 굉장한 데미지를 뿜어낼 수 있다.활용도가 정말로 무궁무진한데, 유사시에는 은신+점멸이라는 S급 생존기로 쓸 수 있으며 챔피언에 따라 암살, 이니시는 물론 챔피언마다 정말 기상천외한 변칙적인 플레이가 가능해진다.[12]심지어 사망 시대상 최대 체력의 25%에 해당하는 고정 피해를 공포와 함께 뿌리기 때문에 근접 챔피언 위주의 조합일 경우 맞상대하기가 피곤하기 그지없다. 기습 능력이 전무한 일부 포킹 메이지나 서포터가 아닌 이상 항상 본전은 뽑을 수 있는 훌륭한 증강이다.골드 증강(아수라장에선 실버 증강)인 폭격기와 조합하면 사망 시최대 체력의 45%에 해당하는 고정 피해를 입혀서 잡아도 손해가 더 커질 수 있다. 여기에 실버에서 고를 수 있는 자폭 증강까지 터뜨릴 수 있다면 짧은 시간 내에최대 체력의 70%라는 정신 나간 수치의 고정피해를 입힐 수 있다.다만 절대 시야에는 짤없고, 은신 발동 이펙트가 시야 밖에서도 상대에게 보이고 은신 상태라도 장판기나 도트딜 등 피해를 받고 있다면 실루엣이 보이기 때문에 대응의 여지는 있다. 사용자의 역량이 중요한 증강이라고 볼 수 있다.일부 스킬은 시전 도중 점멸을 사용해 발동 위치를 변경하듯이스킬-광대 대학 콤보를 사용할 수 있다. 다만 광대 대학의 은신은 점멸과 달리 선딜레이가 다소 존재하는 편이므로, 돌진 판정이 오래 남는 일부 돌진기와 함께 사용해 거리를 늘리는 정도 외에는 실전에서 활용하기 애매한 수준이다.제일 궁합이 잘 맞는 챔피언은 당연히도 광대 대학 창립자나 다름없는 샤코 본인. 암습 패시브+광대 대학 암습 패시브+광대 대학 속임수 피해가 합산되어 적용되므로, 무대를 포함한 AD 빌드 풀템 기준으로 광대 대학 속임수를 사용해 적 딜러의 등짝을 후리면 3000 가까이 되는 피해가 들어가 그대로 원킬이 날 정도로 살상력이 올라간다. 또한 상대적으로 티어가 낮은 탈론, 제드 등의 진입형 암살자들도 손쉬운 원콤과 죽었을 때의 광역 대미지+CC가 쏠쏠해 선택할 가치가 높다.단순히 은신 상태의 이동기 및 평타 강화 옵션에만 집중하더라도 각종 온힛(On-hit) 컨셉, 일명 촉xx 빌드를 구성할 수 있으며, 해당 조합 역시 충분한 재미와 성능을 보장한다.26.12패치로 사망 시 입히는 피해가 고정 피해에서 마법 피해로 변경되었으나 이는 26.19패치에서 오류로 판명되었다. 또한 아수라장 모드에서 삭제되었다가 26.18패치에 다시 활성화되었다.2.8.궁극기 대변혁 (★★)[편집]궁극기 대변혁라운드마다 한 번 궁극기를 사용한 다음 초기화합니다.(아레나)궁극기를 사용한 다음 초기화합니다. (재사용 대기시간 75초 또는 사망 시 초기화)(아수라장)추가 시기2023년 7월 21일사용 챔피언아레나 증강 레벨별 효과★-★★궁극기가 추가로 한번 더 초기화 됩니다.설명 그대로 궁극기를 두 번 사용할 수 있게 해 주는 증강. 증강이 활성화되어 있는 동안 궁극기 사용 시 1~2초 이내에 즉시 쿨타임이 다시 돌아오게 된다.기본적으로 궁극기 의존도가 높은 챔피언이라면 누구든 잘 활용할 수 있다.[13]하지만 궁극기의 쿨타임이 본래 짧은 챔피언이라면 효율이 다소 낮을 수 있고, 궁극기의 채널링이 길거나 시전에 특정 조건을 요구하는 챔피언은 초기화된 궁극기를 제대로 활용하지 못할 수 있으니 주의.르블랑또한 초기화까지 걸리는 1~2초의 딜레이로 인해 초기화를 활용한 콤보를 구사하기가 매우 어렵다.무작위 총력전: 아수라장에서는 사망할 때마다 증강의 쿨타임이 다시 돌아오도록 조정되어 있다. 사망한 상태에서도 스킬을 쓸 수 있는카서스는 패시브 상태에서 궁극기를 사용하고 사망할 경우궁극기와 증강의 쿨타임이 모두 초기화된 상태로 부활하므로 죽을때마다 무한 궁을 시전할 수 있었으나 현재는 패시브 상태에서 궁을 쓰고 죽어도 초기화되지 않도록 조정되어 무한 궁은 막힌 상태이다.14.11 패치 기준제드가 해당 증강을 선택하고 첫 궁극기 재시전 후 7.5초 이내에 다시 궁극기를 사용하면 최대 3개의 그림자를 생성할 수 있다.2.9.기본으로 돌아가기[편집]기본으로 돌아가기스킬 피해량, 체력 회복량, 보호막이 35% 증가하고 스킬 가속을 70 얻지만, 궁극기를 사용할 수 없습니다.추가 시기2023년 7월 21일사용 챔피언아레나 증강 레벨별 효과★스킬 피해량: 25%스킬 가속: 45보호막 및 체력 회복량: 25%★★스킬 피해량: 30%스킬 가속: 60보호막 및 체력 회복량: 30%★★★스킬 피해량: 45%스킬 가속: 90보호막 및 체력 회복량: 45%추가 효과:궁극기 레벨 당 스킬 피해량 5%와 스킬가속 10을 얻습니다.통칭기본, 기돌. 스킬 피해량, 체력 회복량, 보호막을 35%나 증가시켜 주고 스킬 가속까지 60 제공하는 대신궁극기를 봉인한다. 정확히는 궁극기 자체를 없애는 판정이 아니라 궁극기의 사용 효과 시전을 불가능하게 만드는 증강이다.[14]즉, 궁극기에 달린 각종 지속 효과는 그대로 누릴 수 있되 시전만 불가능해지는 것.궁극기가 폼 체인지형 스킬인 제이스, 니달리, 엘리스는 기본으로 돌아가기가 뜨지 않는다.케이틀린이나아크샨처럼 궁극기 의존도가 낮거나, 아레나와 아수라장에서 활용하기 어려운 글로벌 궁극기를 가진라이즈,트위스티드 페이트[15],탈리야,판테온[16]등의 챔피언들이 사용하기에 좋은 증강이다. 앞서 서술했듯이 궁극기를 시전하지 못할 뿐 거기에 달린 패시브 효과는 온전히 적용되기 때문에 궁극기에 주요 패시브가 달린 라이즈나 판테온 등은 궁극기 스킬을 꼭 찍어 줘야 한다.반대로 궁극기 의존도가 극심하거나 아이덴티티인 챔피언에게는 이만한 함정도 없다. 대표적으로카르마,사미라,카사딘,애니비아,카타리나,제드등이 있다. 특히 나는 왕이다, 전환: 프리즘, 전환: 혼돈, 판도라의 상자 등 무작위 프리즘 증강을 지급하는 증강에서 무작위로 뜨기 때문에 도박에 실패해 인생이 망해버리는 경우가 종종 있다.당연하지만 난공불락, 최종형태, 요정마법, 궁극기봇 등궁극기 관련 증강은 절대 같이 들면 안된다.또 주의할 점이 있는데,스킬 피해량을 늘려 준다는 판정 때문인지 코그모의 생체마법 폭격(W), 드레이븐의 회전 도끼(Q)처럼 평타에 추가 피해를 묻히는 온힛 스킬들에는 스킬 가속만 적용되고 피해량 증폭은 적용되지 않는다. 때문에 평타 강화 스킬이 많은 원거리 딜러로 기본으로 돌아가기를 먹을 때는 이를 고려할 필요가 있다.2.10.난공불락 (-)[편집]난공불락궁극기를 사용하면 2초 동안 무적 상태가 됩니다. (재사용 대기시간: 8초)추가 시기2023년 7월 21일사용 챔피언궁극기 사용 시 짧은 시간 무적이 되는 증강.[17]궁극기가 채널링이거나 의존도가 높은, 또는 쿨타임이 짧거나 연속 사용이 가능하여 원하는 때에 무적을 발동시킬 수 있는 챔피언들이 사용하기에 좋다.위에 명기된 챔피언이 아니더라도 힘의 꽃으로 궁극기 쿨타임을 빠르게 줄일 수 있는 아레나에선 궁극기가 생존기가 아닌 챔피언들이 선택하기에도 나쁘진 않다. 자체 쿨타임이 짧기 때문에 궁극기의 쿨타임이 짧은 코그모, 코르키, 애니비아 등은 엄청난 가동률을 보여준다.실버 증강의 궁극의 저지 불가와 조합하면 상당히 사기.두루두루 안 어울리는 챔피언이 적은 편이지만 몇몇 챔피언들에게는 활용이 불가능한데, 대표적으로 굉장히 멀리서 쓰거나 적의 포화 내부에서 궁을 안 쓰는 캐릭터 같은 경우에는 계륵이다. 예외로 피들스틱은 궁극기를 시전하자마자 무적이 돌기 때문에 채널링 시간 동안 무적시간을 다 까먹는다. 그래서 정작 까마귀 폭풍이 돌 때는 아주 찰나동안만 무적이 돌기 때문에 함정 증강이다. 대표적으로 제라스, 진, 카서스, 케틀 등이 있는데 아레나에선 궁을 쓰고 상대가 순식간에 접근해서 죽일 가능성이 있기에 어느 정도는 활용 가능하지만 맵이 아레나보다 넓고 진입각이 매우 한정적인 아수라장에서는 그야말로 쓰레기에 가까운 효율을 낸다.[18]그 외에는 무적 궁을 가진 챔피언들도 활용이 불가능한데 궁을 쓴 즉시 무적 판정이 돌아서 궁 지속시간이 2초보다 긴 트린다미어나 킨드레드는 아예 활용을 못한다. 단 예외로 케일은 자기 말고 아군에게 걸어줌으로써 2인 무적을 사용이 가능하기에 나쁜 편은 아니다.[19]또한 타릭도 궁의 시전시간 동안 폭사당하는 것을 방지하는 것이 가능해 나쁘지 않다.참고로 궁극기 판정이라서, 궁극의 룰렛으로 궁을 사용해도 무적 효과를 받을 수 있다.2.11.능력치 더하기 능력치 더하기 능력치![편집]능력치 더하기 능력치 더하기 능력치!능력치 모루 4개를 획득합니다!추가 시기2024년 7월 31일사용 챔피언능력치 모루 선택지를 즉시 4회 제공하는 증강. 대충 일반 아이템 하나보다 더 높은 능력치를 얻을 수 있다. 단순 골드로는 총 3000골드 어치.소위 모루작이라고 불리는 프리즘 모루 빌드를 가기 수월해지는 증강이다. 다만 첫 증강에서 이게 나왔다고 하더라도 리스크가 매우 큰 빌드이기 때문에 반드시 상호 합의하에 진행하자.아수라장에도 추가되었으며 아수라장은 능력치 모루 증폭 이스터에그가 없는 대신 다음 증강에서 새로고침 횟수 1회가 추가된다. 다음 증강의 새로고침 횟수를 1회 추가하는 만큼 15레벨에 획득하는 4번째, 즉 마지막 증강에 이 증강을 선택할 경우 새로고침 효과는 없는 거나 다름 없게 되며 마지막 증강이 아니더라도 이 증강을 고른 이후 뜬 다음 증강이 실버 증강일 경우 새로고침의 효율이 떨어지게 된다.2.12.대지의 각성[편집]대지의 각성돌진, 도약, 점멸, 순간이동 스킬이 1초 후에 폭발하는 흔적을 남기고물리 피해를 입힙니다.폭발 피해량: 140-300(+ 0.8 추가 공격력)(+0.2 주문력)의물리 피해(아레나)|90-250(+ 1.25 추가 공격력)(+0.6 주문력)의물리 피해(아수라장)추가 시기2023년 7월 21일사용 챔피언아레나 증강 레벨별 효과★추가 공격력 계수: 80%주문력 계수: 20%★★추가 공격력 계수: 100%주문력 계수: 30%★★★추가 공격력 계수: 120%주문력 계수: 40%이동 스킬 사용 시 폭발하는 흔적을 남긴 뒤 높은 물리 피해를 주는 증강. 폭발하는 흔적은 스킬의 이동 거리만큼 깔린다.[20]흔적의 폭발 딜레이가 상당히 길어서 맞추기 쉬운 증강은 아니지만 폭발이 매 판정마다 개별적으로 적용된다.파이크나암베사같은 이동기에 이동 불가 효과가 있어서 흔적을 적중시키기 좋은 챔피언들이 사용하기 좋고 이동기가 적을 지나치게 되는키아나,아칼리등이 사용하기도 좋다. 맵이 좁아지거나 쌍방 근접 챔피언들만 있어서 난전이 된다면 더더욱 좋은 효율을 자랑하나, 이동 스킬에만 작동한다는 점과 폭발에 딜레이가 있다는 점 때문에 후반으로 갈수록 탱커 챔피언들에겐 큰 데미지를 주기 어렵다는 단점도 있다.여담으로 순간이동 스킬에도 작동한다는 점 때문에 쉔이나 트위스티드 페이트의 궁극기에도 발동되며 아레나에서 매 전투가 끝난 뒤 상점 구역으로 이동할 때에도 발동된다. 또한 솔방울이나 마법공학 정거장 사용 시에도 효과가 발동된다.패치 전까진 터지는 타수마다 딜이 들어가 표기된 계수의 몇 배나 들어가서 찍으면 순방 취급받는 사기적인 증강이었으나 너프 패치 이후 딜에 내부 쿨타임이 생겨 평범한 위력이 되었다.14.9 패치 당시에는 기본 피해량이 140으로만 고정되는 버그가 발생해 잠시 함정 증강으로 취급받던 때가 있었으나, 14.10 패치에서 수정되었다. 다만 지금은 연이은 너프 패치를 받아 그냥 함정 증강이나 다름없다.검무와 조합하면 상당한 효과를 낸다.[21]아수라장에서는 미니언이 존재해 이동기를 자주 발동 가능한 야스오나 이렐리아도 활용하기 좋으나, 단점은 그 미니언 또한 대지의 각성 폭발에 학살당한다는 것. 그리고 원형 맵이라 대지의 각성을 터트리기 좋았던 아레나와 달리 아수라장은 일자형 맵이라 활용도가 급감한다.망령 해적검, 마법공학 로켓벨트 등의 사용형 아이템에도 적용되기에 한 번이라도 더 사용하고 싶다면 해당 아이템을 올리는 것도 고려해 볼 만하다.2.13.도망갈 수 없어 (-)[편집]도망갈 수 없어궁극기를 사용하면 주변 적을 도발하고 몇 초 동안 피해량 감소를 얻습니다.추가 시기2026년 2월 4일사용 챔피언도망갈 수 없어는 30의 궁극기 가속을 제공하고 궁극기 사용 시 피해량 감소를 얻고 주변의 적을 도발하는 증강이다.갈리오의 듀란드의 방패(W)를 가져온 증강.[22]궁극기 사용 즉시 2초간 40%의 피해 감소가 적용되며, 2초 후에 500 범위 내의 적들을 2초간 도발한다. 툴팁에는 누락되어 있지만 궁극기 가속 30도 같이 제공한다.람머스,자크,말파이트같은 이니시형 탱커들과 궁합이 좋다. 툴팁에는 쿨타임에 관한 언급이 전혀 없지만 내부 쿨타임이 꽤 길다.궁극기 쿨타임을 줄여주며 궁극기 사용 시 즉시 주변에 마법 피해와 둔화를 걸어 이니시 후 적들의 발목을 붙잡는 지크의 융합 아이템과 궁합이 좋다.그리고 어떤 이유인지 궁극기의 효과가 완전히 끝난 후에 발동하기 때문에, 궁극기가 지속형 스킬이거나 두 번 이상 눌러 사용하는 경우 효과가 항상 마지막에 발동된다. 어지간하면 한 번 깔끔한 사용으로 진입이나 이니시, 광역 스턴을 사용하는 챔피언으로만 먹도록 하자.예시로모데카이저는 죽음의 세계를 사용하면 세계 내부에서 도발을 하는 게 아니라 나오고 난 뒤 적용이고, 누누의 경우 궁극기 정신집중이 끝난 후 적용, 아칼리의 경우 무결처형의 2타 돌진 이후에 적용된다. 나피리의 경우도 처음 궁 사용 후 처치관여를 해야만 재사용 가능한 두 번째 궁극기 사용 시에 도발을 적용한다. 처치관여를 하지 못하면 궁극기 지속시간이 끝나 더 이상 처치관여를 해도 궁극기 재사용이 불가능한 상태가 된 후 도발이 적용된다.자르반 4세의 경우는 재사용 또는 지속시간이 끝나 벽이 부숴진 뒤에 적용이니 궁합이 상당히 안 좋다. 특히신챔프인 로크의 경우 궁극기 지속시간인 5초 뒤도 아니고 적 처형 후 유물을 주운 후에 발동되는괴이한 현상이 있기 때문에 뻘증강으로 전락한다.반대로 이런 지연된 발동이 오히려 효과적인 챔피언은 정신집중이 필요한쉔,갈리오, 또는 지속시간 동안 적을 모아둘 수 있는렐,스카너등이 있다.여담으로, 이 증강이 발동된 챔피언은 말풍선으로 주변에 마구쌍욕을 난사하며 광역 도발을 하게 된다(..).[23][24]아수라장 전용 증강이었으나 26.9 패치부터 아레나에도 등장한다.2.14.돌진[편집]돌진이동 스킬의 스킬 가속이 300(아레나)|175(아수라장)만큼 증가합니다.추가 시기2023년 7월 21일사용 챔피언돌진 스킬에 스킬 가속 300을 부여하는 증강, 골드 증강에 있는 빵 시리즈보다 스킬 가속이 100 더 높다.핵심 스킬이 돌진 스킬로 분류되는 챔피언들에게 특히나 잘 맞는 증강으로,오로라나피즈,리븐,브라이어,크산테에게는 사기급 증강으로 평가되며사일러스[25]나샤코와도 좋은 시너지를 가진다.마스터 이의 경우 무한 Q를 달성하기 위한 조건 중 하나이므로 돌진 증강을 고른 후 적중 시 쿨타임 감소 아이템 및 증강[26]을 획득할 경우 고점이 매우 높아진다.마오카이의 경우 밸런스 조정으로 W 쿨타임이 매우 길기에 선택하기에 좋다.제드또한 핵심 스킬인 W,R 모두 영향을 받기에 높은 효율을 자랑하며바이의 경우도  Q와 궁극기에 둘 다 적용되기 때문에 30초마다 한 번씩 돌아오는 궁극기를 볼 수 있다.반대로 돌진기가 많아 보이는암베사는엄연히 돌진은 패시브의 발동이기 때문에선택하면 안 된다. Q, W, E 자체에는 돌진 매커니즘이 없어서 쿨감효과가 먹히지 않고 오직 궁극기에만 쿨감이 붙는다. 벨베스 Q 또한 공속 비례 쿨타임 감소라 적용되지 않는다.참고로칼리스타에게도 등장하는데, 패시브 외에는 돌진이 없지만 암베사와는 다르게 공격 속도가 엄청나게 증가하는 효과를 달아줘서 초반 한정으로 1티어 증강이다.르블랑의 경우에는 W에만 적용되지만, 해당 증강이 뜬 후 궁극기를 모방 : 왜곡으로 설정해 놓은 후 증강을 부여받으면R스킬의 모든 스킬이 스킬가속을 받는다.여담으로 돌진 스킬에 가속을 부여한다고 하지만 '돌진' 한다는 조건만 충족하면 '돌진 스킬'로 판정이 되는지 프리즘 아이템인 '돌풍, '자객의 발톱'에도 쿨타임 감소가 적용된다. 또한 칼리스타의 경우 평타 이후 도약하는 패시브를 갖고 있는데 이 도약이 돌진스킬로 간주돼 도약 속도를 가속시키기 위해 공격 속도가 크게 증가하여 문자 그대로 홍길동마냥 축지법을 쓰는 모습을 볼 수 있다.무작위 총력전: 아수라장에서는 자체적으로 175만 증가하도록 너프를 먹었다.2.15.미친 과학자 (★★)[편집]미친 과학자라운드 시작 시 크기가 커져 적응형 능력치 및 체력이 증가하거나 크기가 작아져 스킬 가속 및 이동 속도가 증가합니다.추가 적응형 능력치: 30%, 추가 체력: 20%추가 스킬 가속: 70, 추가 이동 속도: 30%추가 시기2023년 7월 21일사용 챔피언아레나 증강 레벨별 효과★커질때 체력 증가: 20%작아질 때 스킬 가속: 70★★커질때 체력 증가: 40%작아질 때 스킬 가속: 100거인과 거인 학살자의 효과를 약간씩 조정해 섞어 놓은 증강. 커지는 효과의 경우 거인이 1렙일 경우에는 아예 상위 호환이다. 아레나는 매 라운드, 아수라장은 매 부활마다 두 효과 중 하나를 무작위로 적용받는다. 양 쪽 모두 준수한 능력치를 제공하므로 어느 상황에서도 무난히 선택할 수 있다.2.16.보석 건틀릿[편집]보석 건틀릿스킬에 치명타가 적용될 수 있습니다. 치명타 확률이 25(+ 0.045 주문력)% 증가합니다.치명타가 발동할 경우 스킬이 165%(아레나)|145%(아수라장)의 피해를 입힙니다.추가 시기2023년 7월 21일사용 챔피언통칭보건. 스킬에 치명타 효과를 부여하는 증강으로 전략적 팀 전투의 동명의 아이템에서 따온 증강이다.[27]AP 캐스터, 혹은 스킬 비중이 높은 치명타 원딜이라면 누가 가든 좋은 성능을 낼 수 있는 증강으로 치명타 확률도 올려주며 전체적인 딜량을 매우 크게 올려 줄 수 있다, 스킬의 지속 피해에도 치명타가 터지며, 그림자 불꽃, 무한의 대검과도 중첩되기에 누커 챔피언들이 특히나 애용하는 증강이다. 단, 모데카이저의 암흑 탄생, 그웬의 가위 난도질처럼 피해량이 있는 기본 지속 효과에는 터지지 않는다.비 치명타 AD 딜러라도 사용하기 나쁜 것은 아니지만 치명타 확률을 올려야 하는 특성상 평타 딜러는 더 좋은 증강이 많고,[28]AD 캐스터라도 치명타를 얻으려면 징수의 총이나 모루를 제외하곤 챔피언과 잘 맞지 않는 원거리 딜러용 아이템을 구매해야 하기에 아이템 선택에 문제가 생기는 단점이 있다. 무한의 대검과 도미닉 경의 인사를 구매하면 딜링 자체는 매우 강해지지만 이 아이템들에는 스킬 가속이 없는 탓에 스킬을 여러 번 돌리는 게 어려워진다.14.10 패치로 치명타 확률이 25%로 증가하는 버프를 받았다.다만 치명타 확률에 의존하는 특성상 치명타 확률을 구비하지 못한 초반엔 최악의 성능을 자랑하기 때문에 유의해야 하며, 스킬에 자체적으로 치명타가 터질 수 있는 갱플랭크의 Q, 야스오/요네의 Q,[29]가렌[30]의 E 등의 스킬은 이 증강이전혀적용되지 않으므로 해당 챔피언을 채용 시 선택할 이유가 하나도 없다.[31][32]스킬에 치명타 계수가 달려 있으나 정작 치명타는 터지지 않는 스킬을 가지고 있는자야(E),루시안(R)[33],스몰더(Q),트위스티드 페이트(W) 등의 챔피언이 이중적으로 이득을 취할 수 있게 되어 딜량이 말도 안 되게 흉악해진다.갱플랭크는 과거 화약통에게 들어간 치명타 피해가 폭발 피해로 전환될 때 또다시 치명타가 적용되어 딜량이 제곱으로 늘어나 탱템 올린 브루저도 화약통 폭발 한 번에 끔살시키는 정신 나간 화력을 보여주었으나, 이후 너프되어 현재 갱플랭크는궁극기와 패시브 불칼 이외의 스킬로는 보석 건틀릿을 전혀 활용할 수 없게 되었다.주로 이 증강을 집은 챔피언은 AD는 징수의 총-무한의 대검-도미닉 트리를 타며 AP챔피언은 높은 수치의 AP의 메이지 아이템을[34][35], 체력 위주의 탱커 챔피언은 아트마의 심판을 올리게 된다. 다만 탱커 챔피언의 경우 그다지 치명타와 시너지를 내는 챔피언이 별로 없어서 보석 건틀릿의 메리트가 상당히 적고 오히려 강철 심장 퀘스트가 정상화되며 안 그래도 시너지가 좋았던 거인이나 미친 과학자등의 증강이 0순위로 올라가 전환 : 프리즘에서 보석 건틀릿이 나와도 아트마를 올릴 각이 잘 나오지 않는다.갱플랭크나 미스 포츈처럼자체 치명타 발동이 가능한 주력 스킬과 지속 피해 판정을 가진 나머지 딜링기[36]를 가진 챔피언은 실버/골드 증강 취약으로도 이 증강과 거의 동일한 성능을 낼 수 있다. 둘 다 치명타 확률을 25% 제공하며, 보건은 주문력에 비례한 추가 치명타 확률을 제공하고 취약은 아이템 피해에도 치명타 효과를 부여한다는 차이가 있을 뿐. 오히려 AD 빌드라면 각종 아이템의 피해까지 증폭시키는 취약의 효율이 더 좋을 수도 있다.치명타 발동 시 피해 배율은 아레나 165%, 아수라장은 145%이다.2.17.불길한 서약[편집]불길한 서약잃은 체력에 비례 (최대 70%) 하여 주문력 75~150, 이동 속도 0~50%, 모든 피해 흡혈 0~20%을 얻지만, 스킬을 사용할 때마다 현재 체력의 5%의 피해를 입습니다.추가 시기2025년 10월 22일사용 챔피언아트록스의 궁극기처럼 증강 획득 시 각종 이동속도 및 흡혈, 주문력 능력이 상승하는 증강. 대신 스킬을 쓸 때마다 체력을 소모한다. 공격력을 올려주지 않고 주문력만을 올려주기 때문에 전열에서 싸우는 AP 브루저나 자체적인 체력 회복 수단이 있는 AP 딜러가 주로 선택한다. 대표적으로 블라디미르, 스웨인, 사일러스, 그웬 등. 일반적인 포킹 메이지가 사용하면 현재체력 비례 코스트 때문에 피가 크게 깎이며, 라이즈와 같이 자체 회복 수단이 없으면서 짧은 쿨타임의 스킬을 난사하는 챔피언도 순식간에 피가 갈려나가서 정상적인 한타를 수행하기 어렵다. 이처럼 사용할 수 있는 챔피언이 한정되어 있어서 인기 있는 증강은 아니다.주문력이 아니라 적응형 능력치였다면 AD 브루저들 역시 채용가치가 있어 훨씬 범용성이 높았을 증강. 다만 마법사(물리) 증강을 집은 브루저라면 즉시 집도록 하자. 특히 아트록스, 자헨,올라프의 경우는 재앙 그 자체이다.워윅은 마법사(물리) 증강이 없더라도 옵션 하나하나가 버릴 게 없어서 종결급 증강이다.이 증강과 함께 적응형 능력치 증강을 집은 AP 브루저라면 균열 생성기와 함께지배자의 피갑옷을 반드시 올리도록 하자.균열의 모든 피해 흡혈/피갑옷의 잃은 체력 비례 공격력 증가-공격력을 주문력으로 변환이 적용되어 잃은 체력에 비레한 주문력과 모든 피해 흡혈이 뻥튀기된다. 균열/피갑옷 간의 최대체력 비레 주문력/공격력 증가 상호 시너지는 덤.[37]또한 원거리 딜러 챔피언들도 생각보다 효과를 잘 받는데, 원딜 중에서도 AP 계수가 있는 경우가 있으며, 기본적으로 스킬보다 평타의 비중이 높기 때문에 스킬 사용으로 인한 체력 소모의 리스크가 적기 때문이다.[38]대표적으로 평타에 AP 계수가 있으면서 스킬 비중이 낮은 유나라, 카이사, 바루스, 트위치, 코그모와 잘 어울린다. 다만 최대 효과를 보려면 현재 체력이 30%까지 떨어져야 하는데, 원딜 같은 물몸은 저 정도 체력까지 떨어지는 순간 스킬 하나 맞으면 바로 끔살당하니 AD샤코처럼 원딜 저격이 쉬운 암살자 챔피언이 있다면 큰 효율을 보기 어렵다.아수라장 전용 증강이었으나 26.9 패치부터 아레나에도 등장한다.2.18.신비한 주먹 (-)[편집]신비한 주먹적중 시 스킬의 재사용 대기시간이 1.25초 감소합니다.추가 시기2023년 7월 21일사용 챔피언강화된 나보리 명멸검 효과와 유사한 증강. 다만 명칭을 보면 직접적인 모티브는 이즈리얼의 신비한 화살(Q)로 보인다.[39]기본 공격 적중 시모든스킬의 재사용 대기시간을 감소시키는 증강. 평타 강화 스킬, 적중 시 효과 스킬이 있는 챔피언들에게 무조건적으로 최우선 선택 사항이 되는 고성능 1티어 증강. 시즌 1에는 1초 감소였다가 시즌 2에서 1.25초로 버프되었으나, 25.18패치로 무한 CC 연계를 방지하기 위해 기본 스킬의 남은 재사용 대기시간 20% 감소로 변경되었다가, 26.02패치로 다시 적중 시 스킬 재사용 대시시간 1.25초 감소로 변경되었다.스킬 자체에 적중 시 효과가 묻어있거나 평타를 자주 치는 브루저 챔피언들이 가기에 좋다. 예를 들어볼리베어같이 공격 속도가 높고 스킬 의존도가 높은 챔피언이 선택할 시 좋은 성능을 낼 수 있다. 다만 치명타 빌드를 가는 경우엔 별로 좋은 증강이 아닌데, 이 경우엔 그냥 나보리를 사는 것이 기회비용상 이득이기 때문이다. 그래도 나보리를 반필수적으로 기용하는 루시안, 닐라, 시비르 등은 이 증강을 집으면 다른 치명타 템이나 생존템등을 살 수 있기에 코어상으로 이득을 볼 수 있다. 특히 루시안은 공속과 치명타만 달려있는 나보리가 스탯상으로는 그리 어울리지 않음에도 고유 효과만 보고 올리는 챔피언이라 더욱 체감이 크다.실전성은 실질적 평타 역할을 하는 온힛 스킬이 있는 경우가 가장 좋다. 이 중 이동/회피기와 공격기를 겸하는 피오라, 마스터 이, 이렐리아 류가 신주 단독으로 떴을 때 기준으로 가장 잘 써먹는다. CC기를 겸하는 야스오 요네 형제도 Q를 적중시키는 즉시 쿨타임이 돌아와 무한 에어본이 가능하므로 강력하며, 이즈리얼도 마찬가지로 Q를 무한히 쓸 수 있다. 비전 이동과 궁극기의 쿨타임도 더욱 빨리 도는 것은 덤. 특히 마스터 이는 킬 관여를 할 때마다 쿨타임이 줄기 때문에 일격필살을 부담 없이 난사할 수 있다.골드 등급 증강인 환영 무기와 조합 시 평타뿐만 아니라 스킬을 적중시켜도 쿨타임 감소를 적용받는다. 쿨타임 짧은 딜링기를 가진 챔피언이라면 이 둘을 집는 것을 노려볼 수 있다. 일명 '신주환무' 조합. 헤카림이 이 증강을 먹을 경우 무한 헬리콥터가 가능하다.콤보 브레이크 패치 추가 전 극 초창기 아레나 시절엔 볼리베어나 레넥톤 같이 온힛 스턴을 보유한 챔피언에게 신비한 주먹이 나올 시 말 그대로 무한 스턴을 걸어 강인함을 극한까지 챙기는 게 아닌 이상 탈출하기 상당히 어려웠다. 물론 콤보 브레이크가 있어도 탱커가 아닌 이상 콤보 브레이크가 터지기도 전에 선 채로 폭사하는 건 똑같아서 여전히 흉악하다.갱플랭크의 경우 협상(Q)이 적중과 동시에 쿨타임이 줄어들어 매우 자주 사용할 수 있게 되고, 본인의 화약통을 치면 궁극기를 비롯한 나머지 스킬이 빠르게 도는 것은 물론 화약통 자체의 충전 쿨타임도 줄어들어 마나만 충분하다면 무한동력이 가능하다. 유레카나 무한 반복 등의 스킬 가속 계열 증강과 함께라면 우물에 짱박혀 화약통을 때리면서 궁극기를 계속 돌리는 AP 갱플을 해도 1인분이 될 정도.야스오와요네는 둘 다 주력기인 Q스킬이 온힛이라 신주가 터진다. 그래서 이론상 스킬 하나로 무한 에어본을 먹일 수도 있다.2.19.양손잡이[편집]양손잡이기본 공격 시 40%의 피해를 입히고 적중 시 효과를 40%만큼 적용하는 2차 투사체를 발사합니다.총 공격 속도가 25%(아레나)|10%(아수라장)증가합니다.추가 시기2025년 4월 2일사용 챔피언현존하는 모든 증강 중 지속딜 분야에선 최강인 증강. 매커니즘은 매 평타마다 40%의 피해량을 주는 투사체를 하나 더 날리는 판정이다. 이때 추가적으로 날아가는 투사체도 평타로 인식되어, 적중시 효과를 적용한다. 루시안의 패시브에서 적중 시 효과가 덜 적용된다고 이해하면 편하다. 그래서 예를 들어 양손잡이를 고른 베인은 평타를 1대만 쳐도 은화살(w) 2스택이 쌓이고, 트리스타나는 평타를 2대만 쳐도 폭발 화약(e)이 풀스택으로 터진다. 참고로 루시안의 패시브처럼 각각의 양손잡이 투사체는 치명타 확률이 따로 적용된다. 치명타 확률이 100% 미만일시 치명타가 기본 평타 혹은 양손잡이 투사체 둘 중 하나에만 터지기도 한다.아수라장에선 공격 속도 증가량이 10%[40]로 너프를 먹었다.후반에 체력 1만이 넘어가는 탱커들을 상대하기가 쉽지 않은데, 가장 확실하면서 안정적인 대처법이 바로 양손잡이 평타 딜러다. 베인이나 마스터 이처럼 온힛 고정피해가 있는 경우는 말할 것도 없거니와, 그렇지 않은 경우라도 양손잡이에 몰락한 왕의 검 등을 조합하면 체력 돼지들을 아주 빠르게 척살할 수 있다. 의외로 바이에게도 잘 어울리는데, W 3타에 방어력 감소에 체퍼뎀도 상당히 크게 붙어 있어 안티탱커 능력이 매우 뛰어나다. 다만 가시 갑옷과 람머스는 조심해야 되는데 양손잡이 투사체에도 반사 피해가 그대로 돌아오기 때문에 순식간에 자신의 체력이 먼저 빠져버릴 수도 있다.4월 2일 패치 이전에는 공격 속도가 100% 증가하는 대신, 평타의 피해량과 적중 시 효과의 피해량이 절반이 되는 증강이었는데, 챔피언 성능을 심하게 타는 효과라 호불호가 크게 갈렸다.양손잡이 증강의 추가 투사체 발사 효과는 스킬을 통한 특수한 경우의 평타 타격에는 적용되지 않는다. 가령 아펠리오스가 만월총이 명중한 적을 클릭하거나 월광포화를 맞혀 날리는 평타, 케이틀린이 요들잡이 덫에 걸린 적에게 날리는 장거리 평타 등에는 양손잡이의 추가 투사체가 나가지 않는다.심지어 이 양손잡이 투사체는 또다른 프리즘 증강신비한 주먹의 온힛효과도 발동시킨다.따라서 야스오나 요네처럼 쿨타임이 짧은 평타 판정의 스킬을 보유한 챔피언은 정말로 무한하게 Q를 난사할 수 있다. 특히 야스오의 Q 최소 쿨타임은 1.33초이며 신비한 주먹과 양손잡이로 감소하는 쿨타임은 2초이며 에어본 지속시간은 1초이기에 따로 방해 받지 않는다면 1대 1로는 무한 에어본을 띄울 수 있다.2.20.요정 마법[편집]요정 마법궁극기로 피해를 입히면 대상을 2초간 변이시킵니다. (재사용 대기시간 8초)변이된 대상은 지속 시간 동안 이동 속도가 60 감소됩니다.추가 시기2023년 12월 8일사용 챔피언요정 마법은 궁극기로 피해를 입힌 대상을 2초간 변이시키는 증강이다. 툴팁에는 나와 있지 않지만 대상별로 재사용 대기시간이 적용된다.궁극기로 피해를 입힌 챔피언에게룰루의 변이를 적용하는 증강.미스 포츈이나카타리나처럼 화력은 높으나 안정성과 방해 효과가 약한 궁극기와 조합되었을 때 강력한 성능을 발휘한다. 또한 쿨타임이 8초로 짧아카사딘이나애니비아등이 고르기 좋은 증강이기도 하다.[41]트위치가 집어도 대단한 파괴력을 보여준다. 궁극기 사용 후 발사되는 모든 평타 투사체가 요정 마법을 발동시키기 때문.[42]반면 궁극기에 변이 지속시간과 맞먹는 하드 CC기를 이미 보유했거나 처형이나 잃은 체력 비례 등 확실한 킬캐치용에 가까운 궁극기를 가진 챔피언이라면 이 증강의 의미가 퇴색된다. 전자의 경우 CC기 지속시간을 소숫점 단위로 늘리기보단 다른 프리즘 증강으로 체급이나 유틸을 챙기는 게 더 효율적이며 후자의 경우 처치하면 변이 자체의 의미가 없고 그렇다고 해당 목적으로 설계된 궁극기를 CC기용으로 남발하는 것도 효율이 좋지 못하다.간혹 궁극기에 피해량이 없는 챔피언에게 이 증강이 나오기도 하니 잘못 선택하지 않도록 주의하자.제리의 경우 궁극기 시전 시의 광역 피해뿐만 아니라 Q스킬의 연쇄 번개에도 적이 변이된다.사이온이나트위치등 궁극기 피해로 포탑을 공격할 수 있는 챔피언이라면 포탑도 2초간 변이시킬 수 있다.오른이 이 증강을 먹고 궁극기를 사용하면 즉시 불안정을 세 번 발동시켜 극딜을 할 수도 있다.2.21.유레카[편집]유레카주문력의 30%에 해당하는 스킬 가속을 얻습니다.추가 시기2023년 7월 21일사용 챔피언심플하게 주문력의 30% 만큼 스킬 가속을 부여하는 증강이다. AP 챔피언이라면 안 어울리는 챔피언을 찾기가 더 힘든 S급 증강으로, 스킬 가속을 신경 쓰지 않고 화력과 안정성에 집중할 수 있어 아이템 선택의 자유도도 올라간다.기본 스킬 가속뿐만 아니라궁극기 가속 포함이므로 주문력 700 정도를 찍으면 웬만한 궁극기는 20초대,카서스처럼 궁극기 쿨타임이 긴 챔피언이라도 3~40초마다 궁을 쓸 수 있다.[43]주문력 확보가 어려운 초반에는 효율이 매우 낮지만,극악무도,적응형 능력치등을 통해 주문력을 대폭 확보할 경우 스킬 가속이 300~400 이상에 달해 우르프 모드보다 더한 스킬 난사가 가능해진다. 여기에 스킬 가속만큼 추가 이속을 제공하는 골드 증강속행까지 먹으면 기동성까지 챙긴 완전체가 될 수 있다.2.22.유리 대포[편집]유리 대포최대 체력이 30% 감소합니다. 피해량의 15%(아레나)|(15% |25%)(아수라장)만큼 추가 고정 피해를 입힙니다.추가 시기2025년 10월 22일사용 챔피언아레나 증강 레벨별 효과★추가 고정 피해: 15%★★추가 고정 피해: 20%★★★추가 고정 피해: 30%최대 체력이 70%로 감소하는 대신 모든 피해를 15% 추가로 입히는 증강. 체력 페널티는크산테의 총공세(R)와 유사하게 최대 체력의 70%까지 회복 상한선을 거는 방식으로 작동한다.프리즘 등급 최악의 함정 증강으로 평가받는다. 고르는 순간 자신의 체력이 30%나 증발하는 페널티가 너무나 무겁기 때문. 체력 30% 감소 효과는 내구력이 깡으로 30% 증발한 것이라받는 피해량 30% 증가혹은체력이 30% 이하로 내려갈 시 즉사하는 디버프로 볼 수 있는데, 장로 드래곤 효과가 체력 20% 미만인 적을 처형하는 것임을 감안하면 유리 대포의 체력 감소 효과는상시 장로 드래곤 디버프를 달고 게임하는 수준의 엄청난 손해이다.[44]심지아 상대에게 멜이나 파이크, 스몰더 같은 처형류 챔피언이 있다면 거의 체력이 절반은 사라진 채로 게임하는 셈.고정 피해라는 점을 고려하면 실제 딜 증가량은 20~30% 정도[45]인데, 이 수치가 적다고 볼 수는 없지만 생존성을 크게 희생하기 때문에 문제이다.같은 티어에 어떠한 페널티도 없이 10~30%의 딜 증가량을 보장하면서 공짜로 이동 속도까지 주는거인 학살자가 완벽한 상위호환으로 존재한다는 것도 문제. 단순 수치로만 봐도 유리 대포를 채용하면 주는 피해 평균 25% 증가, 받는 피해 30% 증가로 수지타산도 오히려 손해인데 프리즘 증강이라는 것까지 감안하면 손해가 가중된다.그나마 적에게 빠르게 포커싱당해서 죽어도 위치만 좋으면 딜을 이어나갈 수 있는 카서스, 애초에 공격당할 일이 거의 없는 극딜 유미, 내가 죽기 전에 상대 둘셋을 데리고 가는 AP 말파이트 등이 제한적으로 가는 정도. 또 완전 자동화 시너지로 자폭 빌드를 가는 경우에도 고려해 볼 만하다. 그리고 1렙 유리 대포는 효율이 안 좋긴 하지만 전술했듯 어차피 물리거나 포커싱 당하는 순간 살 방도가 없는 물몸 딜러들이 고레벨 유리 대포를 죽고 동귀어진을 노리기라도 하면 상대하는 입장에서도 까다로우니, 증강 렙업이 쉬운 판이고 상대에게 맞을 일이 별로 없거나 어차피 맞으면 죽어야 하는 챔프를 했다면 채용해 볼 만하다.최대 체력 초과분만큼의 흡혈량을 보호막으로 저장하는 피바라기는 이 증강과 함께 올릴 시보호막을 저장할 수 없다.상기했듯이 체력을 최대치까지 회복할 수 없도록 상한선이 걸리기 때문. 또한, 체력 회복이 불가능한 상태일 뿐 체력이 감소한 것으로 인식되기 때문에 최대 체력 상태에서도 포션은 마실 수 있으니 주의.간혹 버그로 인해 체력 30%가 줄어들지 않고 남아 있는 경우가 있는데, 이 체력은 피해를 입는 순간 사라지므로 게임에 영향을 주지는 않는다.아수라장 전용 증강이었으나 26.9 패치부터 아레나에도 등장한다.26.12 패치에서 아수라장의 근거리 챔피언이 입히는 추가 고정 피해가 25%로 상향되었다.2.23.전능의 영혼 (★★★)[편집]전능의 영혼무작위 드래곤 영혼 2개(아레나)|3개(아수라장)를 획득합니다.추가 시기2023년 7월 21일사용 챔피언아레나 증강 레벨별 효과★획득 용의 영혼의 갯수: 2개★★획득 용의 영혼의 갯수: 3개★★★획득 용의 영혼의 갯수: 4개6가지 드래곤의 영혼 중 세 가지를 랜덤하게 획득하는 증강.증강 자체의 성능은 미묘한 편이지만 프리즘 아이템 용의 심장 이 영혼 수마다 5%의 모든 능력치 증가와 드래곤의 영혼을 모두 모으면 장로 드래곤의 영혼 효과를 영구적으로 부여하는 효과를 가지고 있어서 이와 연계하기 위해 선택하기도 한다.아수라장의 경우 용의 심장 아이템이 없기 때문에 위의 아레나 이스터 에그와 관련없다. 다만 선택지가 여의치 않을 경우 무난하게 고를 수 있는 증강이다.2.24.전장의 교향곡[편집]전장의 교향곡치명적 속도와 정복자 핵심 룬을 얻습니다.추가 시기2023년 7월 21일사용 챔피언정밀 핵심 룬인 치명적 속도와 정복자를 동시에 주는 증강이다.소환사의 협곡에서도 두 룬을 주력으로 사용하는 챔피언들이 주로 선택하는 증강으로, 초중반에 가장 압도적인 성능을 가지며 평타 딜러라면 적어도 밥값은 할 수 있다.다만 아레나에서는 정복자 기능 중 하나인 회복 효과를 제공하지 않고 오로지 적응형 능력치만 늘어나기에 증강 자체의 메리트는 타 증강에 비해 떨어지는 편.아수라장에선 정복자 최대 중첩 시 모든 피해 흡혈을 그대로 제공한다. 특이한 점으로 치명적 속도는 개편 전의 버전이 그대로 들어왔다. 즉 최대 중첩 시 기본 공격 시 추가 피해는 주지 않지만, 대신 기본 공격 사거리가 증가한다.이 때문에 단지 두 룬과 모두 궁합이 잘 맞다고 생각해 이 증강을 들고카타리나로 하이브리드나 AD빌드를 가보려는 생각을 할 수 있지만 패치 이전 치속이라 그런지카타리나 궁극기에 치명적 속도가 발동되지 않는다.카타리나로는 이 증강을 집어 봐야 정복자밖에 활용하지 못하게 되는 것. 주의하도록 하자.여담으로 정복자+치속 증강의 이름이 전장의 교향곡인 이유는 치명적 속도의 원문명이 음악에 관련된 이름[46]이기 때문.2.25.전환: 혼돈[편집]전환: 혼돈무작위 증강 2개를 획득합니다.추가 시기2023년 7월 21일사용 챔피언모든 티어의 증강 중 무작위로 2개를 얻는다. 프리즘이 2개 나오는 대박이 뜰 수도, 실버만 2개 나오는 꽝이 뜰 수도 있다.물론 무작위 풀이 너무나 넓기 때문에 대박이 뜰 확률은 지극히 낮으며, 반대로 대차게 망해버릴 확률은 높다. 골드 증강인전환: 프리즘과 비교하면 전환: 프리즘은 남들이 골드 증강으로 싸울 때 본인은 프리즘 증강으로 파워 커브를 끌어올릴 수 있다는 매력이 있지만, 무작위 증강 2개는 오히려 기댓값상 프리즘 증강 이상일 확률이 매우 낮다. 특히 챔피언의 스킬과 스탯에 영향을 끼치는 일부 증강[47]이 나올 경우 단순히 꽝 수준을 넘어 뽑기 전보다 성능이 떨어져 버릴 수 있으니 유의해야 한다.도박꾼 시너지의 성능이 굉장히 좋기 때문에 사실상 도박꾼을 맞추기 위한 재료라고 생각하는 게 편하다. 즉 초반에 나왔다면 다른 증강들이 별로일 경우 미래를 대비해 집을 만하고, 마지막 증강으로 떠 2시너지를 못 맞추는 경우라면 버리는 게 좋다.26.12패치로 시너지가 삭제되어 예전보단 선호도가 줄어들었다.2.26.죽음의 순환[편집]죽음의 순환체력을 회복하거나 재생하면 가장 가까운 적 챔피언에게 일정 비율만큼마법 피해를 입힙니다.피해 비율: 70%추가 시기2023년 12월 8일사용 챔피언체력을 회복하면 가장 근접한 적 챔피언에게 회복량의 70%만큼 피해를 주는 증강. 아레나에서는 50, 100%.회복한 만큼 피해를 주기에, 체력 회복 스킬을 가진 서포터들의 경우 힐을 하며 도망다니는 방식으로 피해를 줄 수 있고 아군에 소라카가 있다면 힐을 유도해서 상대에게 피해를 주는 플레이도 가능하다.또한 한 번의 다량의 체력을 회복하는블라디미르,자크나문도 박사,마오카이같은 체력 회복 기반의 탱커들도 선택하기 좋은 증강이다. 또한 매커니즘적으로 부활 역시 체력회복에 해당하므로 질리언과 자헨 역시 써볼 만하다. 다른 유닛으로 바뀌었다가 돌아오는 형태를 취하는 애니비아나 자크의 부활은 해당 사항이 없다.[48]그러나 이와 같은 범용성이 문제 되다 보니 발동 범위가 줄어드는 너프 패치를 받았고 피해량 전환 비율도 줄어들다 보니 쓰는 챔프만 간간히 쓰는 버려진 증강이 되었다.아수라장에서는 활용도가 상당히 높은데, 일단 미니언이 존재해 흡혈 등으로도 적에게 피해를 입힐 수 있고 특히 누누와 윌럼프의 경우 미니언 먹방만 하는데 앞에서 상대방이 죽어버리는 경우가 종종 있다. 주변에 지속적으로 마법 피해를 입히고 그 피해량의 250%만큼 체력을 회복하는 끝없는 절망과도 시너지가 있다.또한 강심 등으로 체력을 마구 올린 렝가가 WW 연속 사용을 하면 갑자기 상대 원딜이 터진다거나 AP 마이로 명상만 해서 상대방을 녹여버리거나 아예 체력 및 보호막 증가 아이템+비사지를 올린 모데카이저가 ww로 상대를 한방에 터트리는 식의 예능 플레이가 발굴되고 있다.체력 회복이 장기인 챔피언이 아니더라도, 정령의 형상을 올린 탱커 챔피언이라면 체력 재생이 높아서 물몸에게는 무시할 수 없는 도트딜을 입힐 수 있기 때문에 무난하게 먹기 좋은 탱커용 증강이다. 프로틴 음료와의 조합 또한 발군이다.[49]워모그의 체력 재생 효과는 풀피에서도 발동하지만 피해를 받으면 그 효과가 중단되는데, 이를 이용해 일반적으로는 피해를 입을 일이 없는 유미로 워모그+죽음의 순환을 가게 되면 지속적으로 레이저를 쏘는캣타워 포탑을 만들 수 있다. 다만 워모그 발동 기준 체력을 맞추기 어렵고, 이렇게 쓰면 피해량이 워모그의 회복량=최대 체력의 3%에 비례하기 때문에 천상의 신체나 탱크 엔진 같은 깡체력 증강이 나오면 함께 선택하는 게 좋다.2.27.지옥의 전도체[편집]지옥의 전도체스킬 사용 시[50]무한히 중첩되는화상효과를 적용해 5초[51]동안 매초1~12+(0.012 주문력)+(0.28 추가 공격력)의 마법 피해를 입힙니다.모든화상효과가 적 챔피언에게 피해를 입힐 때마다 기본 스킬의 재사용 대기시간을 0.08초 감소시킵니다.재사용 대기시간: 1초추가 시기2023년 7월 21일사용 챔피언스킬로 적에게 피해를 입히면 5초[52]동안 화상 피해를 준다. 이 지속 피해는 무한히 중첩되며, 이 증강을 포함하여모든 화상 피해를 입힐 때마다[53]기본 스킬의 쿨타임이 0.08초 감소한다.스킬 자체에 지속 피해를 가졌거나,[54]빠른 주기로 딜을 넣는 스킬을 가진 챔피언에게 잘 어울리는 증강. 무한히 중첩되는 지속 피해의 화력 자체도 우수하지만 일반 스킬의 쿨타임이 매우 빠르게 줄어들어 우르프에 가까운 속도로 스킬 난사가 가능해진다. 특히 지옥의 전도체 증강을 얻은브랜드[55],블라디미르[56],라이즈는 최강의 챔피언으로 꼽힌다.이외에도 릴리아로 무한 Q를 돌릴 수 있고 아무무, 레오나와 같이 이동기와 CC기를 겸하는 스킬을 가진 챔피언의 경우도 몇 대 쳐서 시동이 걸리기 시작하면 무지막지한 피해량을 자랑한다.어느 챔피언이던 스킬 사용 시 체력을 회복하는 선동 증강과 조합이 매우 좋다.칼바람의 경우에는 어째서인지 지속시간이 3초로 너프가 되어 있다.2.28.최상급 조준경 부착[편집]최상급 조준경 부착공격 사거리가 250 증가합니다. (원거리 챔피언은 150만 증가)추가 시기2023년 12월 8일사용 챔피언공격 사거리가 증가하는 사거리 증강 중 최상위 증강.공격 사거리가 500~525로 짧은 편인 원딜이 케이틀린 급의 사거리를 지니게 해 주며, 원래도 사거리가 긴 원딜은 거의 자주포를 연상하게 만드는 사거리를 가지게 된다.[57]원딜이라면 어떤 챔피언이라도 좋지만, 근거리 챔피언이라 해도자헨이나트런들같이 평타 활용도가 높은 챔피언들이 선택하여 원거리에서 상대를 압박하는 용도로 사용하기도 한다.트린다미어처럼 평타비중이 높은 근거리 챔피언에게 날개를 달아 줄 수 있는 증강이다. 1티모미터 모자라서 허우적대는 꼴을 막아주기 때문. 하지만 스킬 사거리는 늘어나지 않기 때문에 브라이어로 사거리 증강을 너무 많이 집으면 w로 물면서 따라가는데 q가 닿지 않아 기절은 넣을 수 없는 참사가 생기기도 하니 주의하자.다만 단독으로 쓰기에는 프리즘 증강치고는 아쉽다는 게 중론. 물론 사거리 250/150 증가가 결코 낮은 수치는 아니지만 골드 증강인 상급 조준경 부착(사거리 200/100 증가)이 이 증강과 사거리 차이가 고작 50밖에 나지 않는데, 일부 예외는 있어도 골드 증강과 프리즘 증강의 밸류는 사거리 50 차이는따위로 만들 정도로 커서 상급 조준경 부착에 비해 기회비용이 더 크다. 물론 이 증강과 상급 조준경 부착을 같이 달아서 사거리를 극단적으로 늘린다면 이야기가 달라진다.[58]2.29.최종 형태[편집]최종 형태궁극기를 사용하면 10초 동안 최대 체력 비례 50% 에 해당하는 보호막, 20%의 모든 피해 흡혈, 30%의 이동 속도를 얻습니다.추가 시기2025년 10월 22일사용 챔피언재사용 대기시간이 20초로 짧아 궁쿨이 짧은 캐릭과 잘 어울린다. 대표적으로카사딘,사미라,카타리나,우디르등.궁쿨이 길어도 보호막, 흡혈, 이동속도 등 제공하는 버프의 효율이 워낙 좋아서, 진입형 궁극기나 버프형 궁극기를 지닌 챔피언이라면 누가 집어도 최상급 시너지를 자랑한다.바이,녹턴,워윅,아트록스,올라프,나서스,잭스,트런들,신지드,베인,제리등 인파이팅 챔피언이라면 안 어울리는 챔피언을 찾기가 더 어렵다. 또한궁극의 각성증강과 궁합이 매우 좋다.대부분의 성능이 보호막에 치중되어 있으므로 보호막 파괴 효과에 상당히 취약하다. 때문에 상대에게 독사가 갖추어졌거나 보호막 파괴 효과를 가진 일부 챔피언이 있다면 보호막만 믿고 나서는 플레이는 자제하는 게 좋다.아수라장 전용 증강이었으나 26.9 패치부터 아레나에도 등장한다.2.30.퀘스트: 우글렛의 마녀 모자[편집]퀘스트: 우글렛의 마녀 모자즉시: 쓸데없이 큰 지팡이를 얻습니다.조건: 라바돈의 죽음모자, 존야의 모래시계를 보유해야 합니다.보상: 우글렛의 마녀 모자를 얻습니다.추가 시기2023년 12월 8일사용 챔피언우글렛의 마녀 모자퀘스트: 우글렛의 마녀 모자6000고유: 경직주문력300방어력50스킬 가속20신비한 작품총주문력이 50%증가합니다.증강 필요:퀘스트: 우글렛의 마녀 모자활성화(20초(아레나)|60초(아수라장))경직2.50초 동안무적및대상으로 지정할 수 없는 상태가 되지만, 그동안 아무런 행동도 할 수 없습니다.라바돈의 죽음 모자와 존야의 모래시계를 합친 아이템인 우글렛의 마녀 모자를 얻을 수 있는 퀘스트이다. 각각의 조합 아이템과 비교하면, 완성시 주문력 65, 스킬 가속 20, 주문력 증가 20%와 사용효과 재사용 대기시간이 절반으로 줄어드는 효과를 얻는다.조건 자체도 단순하며 선택 시 쓸데없이 큰 지팡이를 주기에 다른 퀘스트 증강들보다 초반을 강하게 가져갈 수 있다는 장점이 있다. 다만 그만큼 아이템 자체 성능은 프리즘 증강치고는 약간 아쉽고, 지팡이를 주는 것을 감안하더라도 조합 아이템이 비싼지라 아이템 완성까지는 5550 골드라는 거금이 필요하며,  능력치 모루의 등장으로 아이템 슬롯 압축의 이점이 적은 것이 단점이다.물론 치유 감소, 마법 관통력 등 여러 아이템을 요구하는 아레나/아수라장에서 아이템 창을 압축하고 강화된 존야의 모래시계라는 고성능의 생존기를 채용할 수 있다는 점에서 메이지 챔피언에겐 충분히 좋은 선택지다. 아이템 가속이나 존야 업그레이드 증강을 통해 활용도를 한층 더 끌어올릴 수도 있으니 관련 증강을 집어둔 상태라면 이 증강 역시 가치가 올라가며 우글렛의 마녀 모자 증강을 이미 집었다면 마찬가지로 저 증강들의 가치도 올라간다.여담으로 우글렛의 마녀 모자는 삭제된 모드인 뒤틀린 숲에서의 전용 아이템이었다. 존야의 모래시계 효과와 라바돈의 죽음모자 효과를 동시에 가지고 있는 건 동일하지만 일반 아이템인 만큼 스탯은 평범했다.이 문단의 내용 중 전체 또는 일부는아레나(리그 오브 레전드)/아이템문서의r304판,6.2번 문단에서 가져왔습니다.이전 역사 보러 가기2.31.퀘스트: 이케시아의 몰락[편집]퀘스트: 이케시아의 몰락즉시: 바미의 불씨를 획득합니다. 이제 불사르기 아이템을 2개 구매할 수 있습니다.조건: 태양불꽃 방패와 공허한 광휘를 보유해야 합니다.보상: 두 아이템이 공허의 불길로 합쳐집니다.추가 시기2026년 2월 4일사용 챔피언공허의 불길피해량 점차 증가6000고유: 불사르기체력1000방어력100마법 저항력80스킬 가속25기본 체력 재생200%불사르기피해를 받거나 입히면 주변 적들에게화상효과를 적용해 5초 동안 매초 20+ 추가3.5%의 마법 피해를 입힙니다.황폐적을 처치하면 주변에 20+ 추가2%의 마법 피해를 입힙니다.미니언과 몬스터가 대상인 경우불사르기피해량이 50% 증가합니다.""모든 걸... 집어삼킬 것이다.""태양불꽃 방패와 공허한 광휘를 모두 보유할 경우 공허의 불길로 업그레이드된다. 공허의 불길은 체력 1,000, 방마저 80, 스킬 가속 25, 체력 재생 +200%에[59]불사르기 효과의 범위가 증가하고 지속시간이 5초로 증가하며, 불사르기 피해가 초당 20 + 추가 체력의 3.5%[60]를 입힌다. 공허의 불길의 불사르기 효과도 태불방과 광휘의 그것처럼 화상 효과로 취급되어 화상 관련 증강과의 시너지가 있다.우글렛의 마녀 모자처럼 증강이 제 성능을 내기 위한 퀘스트 조건은 까다롭지만, 대신 퀘스트를 완료한다면 단순히 두 아이템을 합친 것 이상의 성능을 발휘한다. 자체 스탯을 크게 뻥튀기시키는 우글렛의 마녀 모자와는 달리 스탯 증가량은 프리즘 증강치고는 다소 평범한 대신 불사르기 효과가 크게 강화되어 찜솥보다도 더 강력한 지속 피해를 제공해 준다.[61]특히 탱커는 스킬셋 특성상 적의 포화를 버티거나 적 딜러의 딜을 방해하는 건 잘 해도 살상력은 부족한 경우가 많은데, 똑같은 프리즘 증강의 잔혹 행위처럼 탱커에게 살상력을 부여하는 이 증강은 좋으면 좋았지 나쁠 게 없다. 순간 피해량은 잔혹 행위가 더 높지만 하드 CC가 발동 조건이라 챔피언을 많이 가리는 반면 이케시아의 몰락은 퀘스트 완료 외에는 별다른 조건이 필요 없다는 것도 플러스. 퀘스트를 완료하고 이케시아의 몰락을 소유한 채로 판도라의 상자를 돌리면 이케시아의 몰락 아이템은 그대로 남아 있어서 프리즘 증강을 하나 더 쓸 수 있다.또 다른 장점으로는 우글렛과 마찬가지로 아이템칸 1개로 코어템 2개치의 아이템을 들 수 있게 된다는 템칸 이득이 있다. 물론 모루를 통한 무한 성장이 가능한 아수라장이기에 아이템칸 6칸의 제약이 심하지는 않으나, 서로 시너지를 내기 좋은 탱커 코어템을 하나라도 더 들 수 있다는 점은 분명 플러스 요소다.증강 효과가 태불망과 공광을 합치는 기능과 불사르기 아이템을 두 개 보유 가능한 기능 두 가지이므로 공허의 불길을 보유 중에도 바미의 불씨 아이템을 하나 더 구매할 수 있다. 다만 불사르기는 중복 적용되지 않는다.아수라장 전용 증강이었으나 26.9 패치부터 아레나에도 등장한다.26.13패치에서 아레나 모드의 공허의 불길 불사르기 피해가 고정 피해에서 마법피해로 전환되고 '황폐' 효과가 추가되었다. 아수라장 모드에는 마법 피해로 전환되었다는 내용 없이 '황폐'가 추가되었다는 설명만 있는데, 인게임 내에서는 아레나와 동일하게 마법 피해로 전환된 상황. 아레나와 동일한 변경 사항이 적용되었지만 패치 노트 상에서 누락된 것으로 보인다. 아이템 설명에도 고정 피해라고 남아있던 툴팁 오류가 있었지만 추후 수정되었다. 계수도 최대 체력에서 추가 체력으로 변경되었다.변경 전: 불사르기(5초간 초당 20 + '최대' 체력의 1.5%의 '고정'피해)변경 후: 불사르기(5초간 초당 20 + '추가' 체력의 3.5%의 '마법'피해) + '황폐(적 처치 시 주위에 20 + 추가 체력의 2% 마법 피해를 입힙니다)'효과 추가2.32.탄환 세례[편집]탄환 세례기본 공격 시 추가 탄환을 5개 발사해 각각 (8 ~ 51+ 추가 공격력의 14%)의 물리 피해를 입힙니다. 피해량은 이동한 거리에 비례해 50%까지 증가합니다(이동한 거리 750에서 최대). 방향마다 재사용 대기시간[62]이 따로 적용됩니다.각 탄환은 치명타를 입힐 수 있고 적중 시 효과가 20%로 적용됩니다.추가 시기2024년 7월 31일사용 챔피언적중 시 피해량은 발당 20%로 감소되어 적용되기에 몰락한 왕의 검이나 크라켄을 사도 딜이 무지막지하게 들어가지는 않는다. 하지만 적중 시 피해가 아니면서 공격 적중을 트리거로 버프를 얻거나 디버프를 중첩시키는 효과들은 오롯이 발동하기 때문에 평타 한 번에 카이사의 패시브 스택이 최대로 쌓이거나 베인의 W, 나르의 W 등이 여러 번 터지며[63]달빛 마법검의 쿨타임 감소 효과를 다섯 번씩 발동시킬 수 있다.[64]브라움 역시 평타로 뇌진탕을 발동시키면 탄환 5발이 중첩을 적용시켜 평타 한 대로 바로 기절을 발동시킬 수 있어 궁합이 잘 맞는 편이다.적 챔피언이 가시 갑옷을 두르고 있을 때 내가 입는 적중 시 피해량은 감소하지 않으므로람머스에게 잘못 걸리면 역으로 큰 피해를 받을 수 있다.무작위 총력전: 아수라장에서는 아레나에서보다 더 낮은 평가를 받는다. 전장에 따라 4방향을 모두 활용할 수 있는 아레나와 달리, 무작위 총력전은 맵이 직선 형태로 되어 있고 양팀이 진형을 나눠서 대치를 하는 상황이기에 4방향을 제대로 활용하지 못하기 때문이다. 따라서 보통 원딜에게는 양손잡이 증강에 밀리고, 양손잡이를 활용하기 힘든 진이 고려하는 정도. 여기에 미니언에까지 탄환 세례가 터지기 때문에 쿨타임이 낭비된다는 점도 커 하자가 많은 증강이었지만 26.10 패치로 미니언에겐 발동하지 않도록 수정되었다.골드 증강인 치명적 미사일과는 궁합이 발군인데, 탄환 세례의 폭죽은 유일하게 치명타가 적용되는 폭죽이라 치명적 미사일의 폭죽이 추가로 날아가기 때문이다. 여기에 최소 2폭죽 시너지로 튕기는 횟수가 증가하기 때문에 함께 조합하면 어마무시한 양의 폭죽이 줄지어 날아가는 광경을 볼 수 있다.포탑에도 발동되기에 타워 주위를 돌면서 철거하는 것이 좋다. 억제기와 넥서스에는 발동되지 않고 스택만 소모되므로 제자리에서 쳐야 한다.평타에 패시브가 터지는 오로라와도 시너지가 좋다. Q평E만 해도 패시브가 3번이 터져서 베인을 바보로 만드는 수준의 퍼뎀 누킹이 가능해진다. 심지어 타워에도 마관이 적용된 탄환 세례 평타가 나가 타워를 녹이는 수준.쓰레쉬의 경우 버그인지 E 충전 대미지가 추가탄환에도 적용된다. 한 대당 20%로 감소는 되는데, E 충전 스택이 소모되지 않고 포함된 값으로 들어간다. 치명타 극딜을 가면 평타 한대에 물리 4.025AD+ 마법 4.2AD라는 롤 내 최고의 한방딜을 넣을 수 있다. 하필 쓰레쉬가 탱커형 서포터라 증강 풀에 탱커+서포터가 추가되어 탄환 세례를 뽑는 게 하늘의 별 따기라는 것이 문제.벨베스로는 어지간하면 집지 말자. 벨베스의 Q인 공허 쇄도와 메커니즘을 공유하는지 버그가 생겨 서로의 표식이 뒤바뀌기도 하며 제대로 표시가 되지 않는다.2.33.탭 댄서[편집]탭 댄서기본 공격 시이동 속도가 10증가합니다.공격 속도가0.1%증가합니다.이 효과는 5초 동안 지속되지만 무한히 초기화 및 중첩됩니다.추가 시기2023년 7월 21일사용 챔피언탭 댄서는 기본 공격 시마다 무한히 중첩되는 이동 속도를 얻고, 이동 속도에 비례하여 공격 속도를 제공하는 증강이다.아수라장에서는 마지막 중첩을 쌓은 후 5초 이내로 중첩을 쌓지 않으면 중첩이 빠르게 감소하며 적 미니언을 때려도 스택이 쌓이기 때문에, 아군 억제기가 파괴되어 상대 슈퍼 미니언이 생성되는 시점이 가장 유지하기 쉽고 고점을 뽑을 수 있다. 다만 타워 등 구조물에는 적용되지 않는 건 물론 갱신조차 되지 않는다.팁으로 루난의 허리케인이나 태풍 등으로 중첩이 가능하다.이동속도를 무한히 쌓을 수 있고 이동 속도만큼 공격 속도가 증가하는 효과라 공격 속도도 무한히 증가한다. 증가한 공격 속도로 다시 이동 속도를 빠르게 쌓는 사이클이 핵심. 천천히, 꾸준히 증강을 먹었다면 공격력이 무한히 증가한다.근접 챔피언도 사용할 수는 있지만 탭 댄서를 가진 근접들은 적 입장에선 최우선 제거 1순위이기 때문에 안전하게 중첩을 쌓기 어려워 좋은 성능을 기대하긴 어렵다. 자체 CC기나 방어기로 맹공을 한번 흘릴 수 있는 챔피언들이면 어느 정도 효율이 뽑히지만, 보통 그 전에 산화하거나 이미 어느 정도 체급이 많이 올라 탭 댄서를 쌓기도 전에 다 죽여놓았을 테니 그렇게 효율이 좋은 편은 아니다. 그나마우르곳은 자동 공격 때문에 스택 쌓기가 편해 날아다니기도 한다.스킬에 적중 시 효과를 발동시켜 주는 환영 무기 증강과 함께 선택하면 스킬로도 탭 댄서 스택을 쌓을 수 있다.환영 무기 탭 댄서 그림자 질주 오로라2.34.판도라의 상자 (-)[편집]판도라의 상자모든 증강을 무작위 프리즘 증강으로 전환합니다.추가 시기2026년 2월 4일사용 챔피언현재 보유 중인 모든 증강을 무작위의 프리즘 등급 증강으로 교체한다. 상위 등급인 프리즘 내에서만 복불복을 돌린다는 점에서 유사한 다른 증강보다는 사정이 그나마 낫지만, 프리즘이라고 함정 증강이 없는 것도 아니며 무엇보다현재 가진 모든 증강을 강제로 교체한다는 엄청난 리스크가 있으니 게임 후반일수록 선택에 신중해야 한다. 일반적으로는 자신에게 맞는 증강 및 아이템으로 빌드업을 해 놓았을 것이므로, 그 증강을 모두 교체하는 것은 대부분 손해로 끝나게 된다.하지만 들고 있는 증강의 성능이 모두 애매하거나, 전환 증강을 잘못 골라 이미 인생이 망해버린 상태라면 지푸라기라도 잡는 심정으로 선택해 볼 만하다.바닥 밑엔 지하실이 있다는 걸 직접 볼 수 있다.이전 3개의 증강이 골드나 실버 등급만 떴고 필수적으로 잡아 둬야 할 증강이 딱히 없는 상황인 경우에도 마지막 증강으로 판도라의 상자가 뜬다면 승부수를 띄워 볼 수 있다.천상의 신체, 천천히, 꾸준히 등 스탯에 영구적인 변화를 가하는 증강을 선택한 상태에서 해당 증강을 선택하면 스탯이 원래대로 되돌아온다. 극악무도, 영혼의 포식자 등 영구적으로 능력치를 누적하는 증강 또한 판도라를 돌려 교체할 경우 증강에 귀속되어 있던 추가 능력치가 모두 몰수된다. 따라서 해당 증강들이 핵심인 빌드를 타고 있을 경우 판도라를 집으면 안 된다반면특정 아이템을 제공하거나 강화하는 종류의 증강은 판도라를 돌리더라도 고유 아이템이 그대로 유지된다. 이러한 부류의 증강은 아이템을 제공하는 것 외의 자체 효과는 전혀 가지고 있지 않으므로, 아이템을 뽑은 후 판도라로 교체하는 도박을 통해 극한의 이득을 노려볼 수 있다.즉시 골드를 획득하는 후원, 능력치 모루를 획득하는 능력치 시리즈 역시 판도라를 선택해 증강을 교체해도 이미 받은 골드나 능력치 모루가 몰수되거나 하지 않는다. 이 덕에 증강 자체에 옵션이 붙은게 아닌 경우 공짜로 증강 1~2개를 더 얹는 효과를 볼 수 있어 시너지가 좋다.간혹 전환: 프리즘에서 예상치 못하게 등장해서 의도치 않게 플랜을 망치는 경우도 존재한다.2.35.프로틴 음료 (-)[편집]프로틴 음료추가 방어력 및 마법 저항력에 비례하여 25(+ 35% 추가 방어력)(+35% 추가 마법 저항력)%의 체력 회복 및 보호막 증가 효과를 얻습니다.추가 시기2025년 10월 22일사용 챔피언추가 방어력 및 마법 저항력에 비례하여 체력 회복 및 보호막 증가 효과가 상승하는 증강이다.툴팁을 보면 알 수 있듯이 체력 회복 및 보호막 증가 효과만을 위한 증강임에도 일반적인 유틸 서포터 아이템으로는 효율을 뽑아낼 수 없다. 다만 방마저 계수가 매우 높아[65]탱템을 올리면 서포터 자체의 생존력도 늘어나기 때문에 이 증강을 선택했다면 마나 재생 관련 능력치나 일부 유틸 효과 아이템을 포기하고 방/마저를 올리는 식으로 유틸 서포터도 유용하게 사용할 수 있다. 특히 얼어붙은 심장 아이템으로 방어력뿐만 아니라 서포터에게 중요한 마나와 스킬 가속을 모두 챙기는 것이 가능하다. 주문력이 너무 모자란 것 같다면 주문력과 방어력/마법 저항력이 같이 달린 존야의 모래시계/밴시의 장막을 섞어주는 것도 좋다. 아이템이 하나 둘 갖춰진다면 나미, 소라카, 룰루 등과 같은 서포터가 치감이나 보호막 감소도 소용이 없을 정도로 괴랄한 수치의 힐, 보호막을 아군에게 시전하는데 정작 이들을 물어도 죽이지를 못하는 불합리한 상황이 발생한다. 회복 및 보호막 계수를 받는 증강인 신념을 통한 강화와의 궁합도 매우 좋다.하지만 이 증강의 진가는 유틸 아이템 대신 탱커 아이템을 올려야 써먹을 수 있는 서포터 챔피언들이 아니라 회복이나 보호막 위주의 탱커나 브루저가 집었을 때 드러난다. 특히 자가 회복을 보고 이 증강을 집을 경우 정령의 형상과는 곱연산으로 적용되어서[66]매우 흉악해진다. 체력 회복 혹은 방어막을 중점으로 하는 자크, 탐 켄치와 같은 탱커[67]챔피언들이 사용해도 높은 효율을 자랑하며, 체력 회복이나 보호막 수치가 큰 편이면서 방어 능력치도 어느 정도 구비해야 하는 스웨인이나 헤카림, 모데카이저[68]등의 챔피언도 잘 써먹을 수 있을 정도이다. 아예 추가 체력 비례로 AP를 제공하는 블라디미르의 경우 비사지와 코어들이 어느 정도 뽑힌 상태에서 강화Q 한 번으로 체력을 2~3000씩 회복하는 기염을 토한다. 패시브에 최대 체력 비례 광역 회복이 있는 알리스타도 은근히 이 증강과 시너지가 좋은데, 이걸 집고 체력과 방마저를 적절히 올리면 패시브가 터질 때마다 알리스타와 주변 아군의 체력이 확 차오른다. 또한 대량의 방어력을 얻을 수 있는 말파이트[69], 람머스[70]등의 챔피언도 원형질 안전벨트나 끝없는 절망, 종말의 겨울 등의 탱템 혹은 죄책감의 쾌락, 거석상의 용기 등의 회복 및 보호막이 달린 증강과의 시너지를 노리고 채용해 볼 만하다. 다만, 방마저가 중요하므로 해신 작쇼[71], 란두인의 예언, 얼어붙은 심장, 케이닉 루컨[72]등 방마저가 높은 아이템을 위주로 구비하는 것이 좋다.아수라장 전용 증강이었으나 26.9 패치부터 아레나에도 등장한다.2.36.한 발에 두 놈[편집]한 발에 두 놈치명타 발동 시 적중 시 효과를 한 번 더 적용합니다. 치명타 확률을 25% 얻습니다.추가 시기2025년 10월 22일사용 챔피언주로 원딜들이 가게 되는 증강. 치명타 확률은 늘 좋은 데다 이 증강을 가면 몰락한 왕의 검도 원딜 기준12%나 발동하므로 체력을 만단위로 끌어올린 체력돼지들을 잡을 딜을 확보하기에 안성맞춤이다.그 이외에는 다른 치명타 관련 증강보다는 애매한 편이므로, 상대의 조합과 자신의 빌드를 잘 고려하여 선택하자. 그래도 치명적 리듬보다는 좋은 편이다.치명적 미사일과 양손잡이와의 시너지가 좋다. 평타로 스택을 쌓아 터트리는 챔피언들(트위치, 카이사 등)과 잘 어울리며, 특히 베인의 경우 양손잡이와 이 증강을 고르면 치명타 평타 하나로 3타가 바로 터진다.갱플랭크가 이 증강을 선택할 경우 치명타가 적용된 기본 공격과 협상(Q)이 화약통의 체력을 2칸 깎아내리므로 매우 빠른 화약통 콤보가 가능해진다.세나의 경우 치명타가 터지면 바로 면죄(P)를 통해 스택을 수급할 수 있다. 또한 힐세나가 가는 꽃피는 새벽의 검 효과도 2번 적용된다.보석 건틀릿을 먹어서 스킬에 치명타가 터지게 된다 해도 이 증강은 기본 공격에만 적용되므로, 환영 무기처럼 스킬에 적중 시 효과를 터지게 하진 못한다.번외로 증강 이름은 '한 발에 두 놈'이지만 두 명을 때리는 게 아닌 같은 대상을 두 번 때린다. 영어 원문은 Double Tap으로 단발 총기를 두 발 연달아 쏘는더블 탭을 의미하지만, 국내에 들어오면서 미스 포츈의 Q스킬명을 패러디한 번역명으로 바꾸며 어색해진 것.[73]아수라장 전용 증강이었으나 26.9 패치부터 아레나에도 등장한다.골드치곤 성능이 너무 좋다고 판단되었는지 골드 -> 프리즘 등급으로 변경되었다.이 문단의 내용 중 전체 또는 일부는리그 오브 레전드/증강/골드문서의r938판,2.39번 문단에서 가져왔습니다.이전 역사 보러 가기3.아레나전용 증강[편집]3.1.감바 모루 (-)[편집]감바 모루1000골드를 획득하고 모든 모루의 가격이 감소합니다.프리즘 모루: -1500전설급 모루: -500능력치 모루: -150추가 시기2024년 5월 2일사용 챔피언프리즘 아이템을 빠르게 수급하거나 모루를 싸게 구매해 모루작을 할 수 있게 해 주는 증강. 1000 골드를 사전 지급하기에 첫 증강으로 얻을 시 아이템을 더 들고 시작하거나 능력치 모루로 스텟을 가지고 시작할 수도 있다.프리즘 아이템의 성능이 탁월하긴 해도 프리즘 증강 하나를 버릴 정도로 뛰어나지는 않으며 아이템 하나하나의 성능은 좋을지 몰라도 공허의 지팡이, 세릴다, 도미닉, 경계 같은 방관 아이템의 성능이 더 뛰어날 때도 있기 때문.그래서 보통은 프리즘 아이템 구매 보다는 상술한 ""모루작""[74]의 목적으로 증강을 고른다. 파편 모루가 쌓이는 속도가 눈에 띄게 달라지는 데다 고점도 이른시간에 볼 수 있게 하는 좋은 증강.녹서스 시즌 아레나의 귀빈 렐이 걸린다면 상당한 사기를 칠 수 있다. 감바 모루에 렐 귀빈까지 적용되어 1500골드로 프리즘 모루를 구매할 수 있기 때문.3.2.공포를 부르는 자[편집]공포를 부르는 자1초마다 근처 적 챔피언[75]에게서저주1중첩을 얻고 이번 라운드에 얻은저주만큼 추가 고정 피해를 입힙니다.적에게 저주가 적용된 동안 매초3의 최대 체력을 영구히 얻습니다.라운드마다 최대 30개의 저주를 얻을 수 있습니다. 보유할 수 있는 저주 최대 중첩이 증가합니다.추가 시기2023년 12월 8일사용 챔피언저주를 적용하여 매 라운드마다 체력을 영구히 얻는 증강.이전에는역병술사라는 이름의 증강으로 나왔었으며강철심장과 마찬가지로 늘어난 체력을 화력으로 전환할 수 있는 챔피언에게는 더할 나위 없이 좋았던 증강이다. 더욱이 적 챔피언 곁에서 비비기만 해도 영구히 체력을 얻는 쉬운 조건도 악명에 한몫했다. 역병술사 증강을 획득한 탱커가 최대 체력 비례 피해가 없는 상대를 만나면, 승패를 떠나 시간을 최대한 오래 끌면서 많은 중첩량을 쌓는 데 집중하는 웃지 못할 광경도 종종 보였다.단일 증강으로도 후반 라운드까지 갈 경우 수만의 체력을 제공했다는 점에서 이미 밸런스가 붕괴된 성능을 보여 주었지만 최대 체력에 비례해 공격력, 주문력, 아이템 효과가 상승하는 아이템들과의 조합도 괴랄한 수준.게다가 가장 큰 문제는 스킬 가속이나 방마저, 적응형 능력치를 증가시켜 주는 타 저주 증강인 신성 모독자, 어둠의 축복, 파멸의 예언자와 저주 스택을 공유했다는 점이다. 타 증강의 까다로운 저주 조건에 비해 비비기만 하면초당 저주 1스택을 쌓을 수 있었던 탓에 역병술사를 미리 뽑아 스택을 잔뜩 쌓은 다음 신성 모독자나 어둠의 축복을 획득하면 그야말로 대처가 불가능했다.이후 삭제되었다가 증강을 조금 더 다듬고 상한을 정해서 재출시되었다. 재출시 후로는 스택이 쌓이는 속도도 느리고, 상한도 낮아서 다른 프리즘 증강에 비해 좋지 않은 증강이 되었지만, 이후 밸런스 패치로 쌓이는 속도가 굉장히 빨라지고 스택에 비례한 최대 체력 증가치도 늘어나 그럭저럭 쓸만해졌다. 다른 저주 증강들이 은근히 최대치까지 쌓기 힘든 것에 비해 첫 스타트로 뽑으면 저주 빌드업에 굉장히 유용하다.3.3.궁극의 룰렛[편집]궁극의 룰렛도주를 무작위 챔피언 궁극기로 교체합니다. 이 스킬을 사용한 후 또 다른 무작위 챔피언의 궁극기로 교체합니다.추가 시기2024년 7월 31일사용 챔피언도주 주문이 지정된 7명의 챔피언 궁극기로 대체되는 증강. 사용 후 재사용 대기시간이 지나면 다른 궁극기로 교체된다.등장하는 챔피언 궁극기는 다음과 같다. 특이한 점으로 기존에 없었던 계수가 부여되어 있다. 본인의 궁극기 레벨이 오르면 궁극기 주문의 레벨도 같이 올라간다. 또한 궁극기 사용 판정을 받아서 궁극의 저지 불가 등을 활용할 수 있다.[ 펼치기 · 접기 ]문도 박사 - 최대 투여량럭스 - 최후의 섬광루시안 - 빛의 심판초가스 - 포식[76]갱플랭크 - 포탄 세례그라가스 - 술통 폭발모르가나 - 영혼의 족쇄3.4.궤도형 레이저[편집]궤도형 레이저소환사 도주를 궤도형 레이저로 교체합니다.교체가 끝나면 잠시 후 궤도형 레이저로최대 체력의 30%에 해당하는 고정 피해를 입히고,추가로 3초 동안마법 피해를 입힙니다.마법 피해량: 540~1440사거리: 550추가 시기2023년 12월 8일사용 챔피언갱플랭크의 궁극기 크기 정도 구역에 레이저가 긴 채널링 후 떨어져서 높은 피해를 입히는데, 맵이 넓을 때에는 긴 채널링으로 인해 성능을 실감하기 어렵지만 맵이 좁아지는 전투 후반에는 피할 곳이 없기에 불리한 상황을 일발에 역전하는 카드가 될 수 있다.또는 상대를 특정 구역에 오래 묶어 둘 수 있는 자르반 4세, 모르가나, 카밀 같은 챔피언들이 사용하기도 한다. 다른 프리즘 증강 끝판왕 저격용으로도 사용 가능하다.고정피해 이후 후속 마법 대미지가 지속 딜 취급이라 취약의 적용 대상이다. 특이점이라면 스킬 대미지 하나마다 치명타를 적용하는 방식이라 고정 대미지에도 치명타가 터진다. 최대체력의 절반에 약간 못 미치는 고정 대미지를 한순간에 때려박을 수 있어서 노릴 수만 있다면 상당히 강력한 조합.무작위 총력전: 아수라장에서는 점멸 이외의 스펠을 대체하고, 팀 당 1명만 고를 수 있었다. 최대 체력 고정 피해가 25%로, 마법 피해도 360~600으로 조정되었다. 미니언에게는 70%의 대미지가 들어간다. 전장이 넓은 아수라장에서는 효율성이 떨어지는 착탄에 걸리는 시간은 아레나보다 약간 짧다. 이후카피바라 폭격으로 대체되면서 이 특징들은 그대로 넘어갔다.3.5.끝판왕[편집]끝판왕매 라운드를 아레나 중앙에 갇혀 행동할 수 없는 상태로 시작합니다. 갇힌 동안 최대 70%의 피해량 감소를 얻고 크기,체력,공격력,주문력이 지속적으로 증가합니다(최대 40%). 9초가 지나거나체력이 50%에 도달하면 해방되어 적들을밀어내고최대 체력의 35%에 해당하는 피해를 흡수하는 보호막을 얻습니다.추가 시기2023년 12월 8일사용 챔피언라운드 시작 시 맵의 정 중앙에[77]구속된 상태로 배치되는 증강, 구속된 동안엔 제압 판정을 받고 아무것도 할 수 없지만 점차 능력치가 증가하고 받는 피해도 감소한다. 공격을 받아 체력이 50% 아래로 떨어지거나 9초가 경과하면 보호막을 얻으며 주변의 적을 완전히 밀쳐낸 후 구속에서 풀려난다.체급이 중요한 초반에는 매우 강력하지만 후반으로 갈수록 단점이 돋보인다. 딜 인플레가 매우 심한 아레나 특성상 중앙에서 에너지를 채우는 동안 두 명 분의 공격을 감당하는 아군은 산화하기 매우 쉽다. 특히 아군이 혼자 9초를 버틸 수 없는 물몸 원딜일 경우 높은 확률로 트롤이 된다. 뿐만 아니라 후반부 아레나에서는 치감과 독사를 반필수적으로 갖추기에 높은 수치의 방어막 또한 큰 의미가 없다. 적이 스택형 챔피언이거나 결투의 대가를 들고 있으면 스택 쌓아주는 호구가 되는 것은 덤.끝판왕을 고르기에 최적인 상황은나와 아군이 모두 탱커라서 버티기에 최적화된 조합일 경우이다. 강력한 CC연계를 갖춘 탱커 챔피언 특성상 포커싱도 쉽지 않고, 작정하고 도망치며 버티면 절대로 9초 내로 잡을 방법이 없기 때문. 증강 자체는 체급 그 자체가 무기인 문도 박사, 세트에게 특히 어울리며, 같은 프리즘인 찜솥과도 조합이 좋다.14.10 패치까지의 증강 이름은 영문명을 그대로 음차한 '레이드 보스' 였으나, 14.11 패치 이후로는 지금과 같은 이름으로 바뀌었다.칼리스타의 운명의 부름 또는 골드 증강 계약을 쓰면 예열 중인 팀원의 위치를 바꿀 수 있다.3.6.눈알 광선[편집]눈알 광선내가 바라보는 방향으로 광선을 발사해 매초 마법 피해를 입힙니다.마법 피해량: 0.25초마다 5-60 (+ 0.14 추가 공격력) (+0.09 주문력)사거리: 700 / 너비: 80추가 시기2023년 12월 8일사용 챔피언챔피언이 바라보는 방향으로 지속 데미지를 주는 레이저를 발사하는 증강 레이저의 사거리는 아우렐리온 솔의 Q 스킬보다 조금 짧다.원래도 레이저를 쏘는 아우렐리온 솔은 당연하고, 챔피언의 상태에 영향을 받지 않기에 유미가 사용하기에 좋다. 레이저 자체에 계수가 달려있기에 더더욱, 또는 적과 지속적으로 붙어서 교전해야 하는 브루저들이 선택하기에도 나쁘지 않으며 방어 능력이 좋은 탱커들이 종종 선택하기도 하지만 프리즘 증강에는 탱커에게 이보다 좋은 증강이 많으므로 굳이 선택할 필요는 없다.여담으로 벨코즈가 이 증강을 고르게 되면 광선의 길이가 두 배가 되는 이스터에그가 있다.아수라장에 추가된다는 정보가 있었으나 취소된 듯. 대신 상시 발동이 아니라 소환사 주문을 대체하며 피해량이 낮은 대신 아군 회복 능력이 있는 체력 회복 광선이 아수라장 전용 프리즘 증강으로 추가되었다.3.7.마법 가속[편집]마법 가속스킬 사용 시 스킬 가속이 증가하고 무한히 중첩됩니다. 이 효과는 매 라운드 초기화됩니다.획득 스킬 가속: 12추가 시기2023년 7월 21일사용 챔피언스킬을 사용할 때마다 해당 라운드에서 스킬 가속이 12씩 상승하는 증강. 최대 500까지 쌓인다. 누구에게나 상당히 유용한 옵션이지만 스킬을 사용해야 한다는 전제 조건 상 스킬의 쿨타임이 짧고, 적 유무에 영향을 받지 않는 스킬을 가진 챔피언들에게 좋다.다만 무자원이 아닌 이상 스킬 가속이 매우 높아질 경우 아레나에선 의식하기 힘든 마나 부족을 겪을 수 있으므로 조심해야 한다.주로 기본 스킬 쿨타임이 짧거나 단계별로 끊어져 있는 챔피언이 이 증강을 잘 써먹기 좋다. 특히리븐,헤카림은 이 증강을 극한으로 활용할 수 있다.3.8.마트료시카[편집]마트료시카2초 후 자동으로 부활하기 시작하며 추가로 1회 부활할 수 있습니다. 부활할 때마다 크기가 작아지고 40%의 최대 체력을 지닌 채 부활합니다. 부활 시 주변 적을 밀쳐냅니다.처음 부활할 때에는 크기가 80%로 감소하며 두 번째로 부활할 때에는 60%로 감소합니다.추가 시기2023년 12월 8일사용 챔피언사망 시 질리언의 궁극기처럼 일정 시간 후 부활하는 증강.단 아군이 사망하면 부활하지 않고 곧바로 패배하기 때문에 아군의 생존력이 좋지 않다면 없는 증강이 될 수 있다.이전에는 부활 중에는 죽는 판정으로 취급되지 않아 불의 고리가 전역을 뒤덮은 상황에서 역전승을 내는 사기 증강이었다. 14.9 패치 이후로 부활이 한번 줄어들고 아군이 죽어있으면 발동되지 않게 너프되면서 더 이상 채용할 가치가 사라졌다.3.9.세월의 지혜[편집]세월의 지혜지금 1레벨이 증가하고 두 라운드마다 추가로 1레벨이 증가합니다. 레벨 제한이 사라집니다.추가 시기2023년 7월 21일사용 챔피언심플하게 두 라운드마다 레벨 1이 추가로 증가하는 증강. 레벨 제한이 사라져 18레벨보다 더 높게 레벨이 올라갈 수 있다.레벨이 올라갈수록 능력치가 상승하는 심플한 효과로 모든 챔피언들에게 평균적인 성능을 주기에 프리즘 증강 치곤 아쉬운 성능. 굳이 좋은 점을 따져보면 첫 증강으로 선택해 2라운드에서 남들보다 궁극기를 더 빨리 활용할 수 있게 된다는 점, 성장 능력치 증가랑이 높은 챔피언이나스킬의 성능이 크게 변화하는 챔피언들 또는 스킬이나 아이템에 레벨 계수가 있는 챔피언에겐 매우 효과적이다. 패시브부터 빠른 16렙을 권장하는 케일, 패시브의 힘으로 사거리가 무한정으로 증가하는 트리스타나, 궁극기 3렙이 중요한 카사딘, 스킬 4가지를 모두 찍을 수 있게 되는 우디르가 선택하기에 좋은 증강이다.3.10.소환사의 룰렛[편집]소환사의 룰렛보유한 소환사 주문이 무작위로 바뀝니다.전투 중 소환사 주문을 사용하면 무작위로 바뀌고 재사용 대기시간 5초가 적용됩니다.추가 시기2023년 12월 8일사용 챔피언소환사의 협곡, 아레나 전용 주문를 총합해서 무작위로 소환사 주문이 선택되며 5초마다 사용 가능한 증강.소환사 주문의 효과는 나쁘지 않지만 무작위로 선택된다는 점과 더 좋은 성능의 증강이 즐비한 프리즘 증강에서 나온다는 점이 큰 단점으로 꼽힌다. 그러나 기본적으로 싸움이 매우 긴 하드 탱커들이나 주문을 자주 사용하는 서포터 챔피언들에게 차선책으로는 나쁘지 않다. 스펠들 중에서 운 좋게 판도를 뒤집을 만한 스펠이 나와준다면 의외의 변수가 되어 줄 수 있기도 하나 상황에 맞게 나온다는 보장은 없다는 게 흠.여담으로 준비 단계에서 점멸이 있으면 사용 후 재사용 대기시간이 곧바로 초기화돼서 남발할 수 있다. 또한 라운드가 끝난 후 중요도가 낮은 스펠 중 대상이 없어도 사용 가능한 스펠들을 미리 사용하여 다음 라운드 시 원하는 스펠을 어느 정도는 조정할 수 있다.3.11.연쇄 번개[편집]연쇄 번개적에게 피해를 입힐 때 주변에 해당 적의 동료가 있다면 40%의고정 피해를 입힙니다.700추가 시기2023년 12월 8일사용 챔피언상대에게 피해를 입힐 때 상대 주변에 다른 상대가 있을 경우 해당 상대에게 입힌 피해의 40%에 해당하는 고정 피해를 입히는 증강.난전이 이루어지는 아레나 중에서도 한 번에 둘을 공격할 수 있는 일라오이가 특히나 잘 맞는 편이고, 입힌 피해량의 절반을 고정 데미지로 준다는 점에서 극딜 Q 선마 우디르같이 순간적으로 엄청난 화력을 낼 수 있는 경우에도 사용한다. 이 경우 탱커를 공격하는 것만으로 옆의 딜러가 찢겨나가는 걸 볼 수 있다.그 외에도 다수를 공격하는 챔피언들에겐 대체로 잘 맞는 편이다.3.12.우주의 중심[편집]우주의 중심별들이 공격 사거리 둘레를 돌며 경로상 적에게 마법 피해를 입힙니다.피해량: 5-160 (+0.25 공격력) (+0.15 주문력)별의 수: 6추가 시기2023년 12월 8일사용 챔피언리워크 이전 아우렐리온 솔의 패시브를 가져온 증강이다. 자신의 공격 사거리를 궤도 삼아 별들이 빠르게 회전하며 닿을 때마다 피해를 입히는데, 별의 개수가 많고 공격 판정이 후한 편이라서 리워크 이전의 아우렐리온 솔처럼 고의로 별을 맞추기 위한 움직임을 행할 필요는 없다.공격 사거리를 회전하는 특성상 원거리 챔피언보다 근접 챔피언이 사용하기가 더욱 용이하며, 계수를 가지고 있기에 브루저 챔피언들이 사용하기에 좋다, 허나 브루저 챔피언들은 대게 더욱 좋은 증강이 많기에 차선책으로 활용되며 대체로 탱커 챔피언들이 화력을 보조하기 위한 수단으로 사용하는 편.또한 지속 공격 수단인 증강답게 유미가 사용하기에 매우 좋은 증강 중 하나다.여담으로 별의 수는 일반적으로는 6개이지만 원 주인이었던 아우렐리온 솔이 이 증강을 얻을 경우별의 수가 매우 많아지는 이스터에그가 있다.3.13.운전기사[편집]운전기사아군에게 밀착하여 스스로 이동할 수 없습니다.아군에게 나의 추가 이동 속도를 부여하고 스킬 가속이 120, 공격 속도가 65% 증가합니다.돌진이나 순간이동 스킬을 사용하면 1.5초 동안 연결을 해제한 후 아군에게 다시 밀착합니다.추가 시기2023년 7월 21일사용 챔피언유미처럼 아군 챔피언에게 연결되고 스킬 가속과 공격 속도가 증가하는 증강.수많은 프리즘 증강 중에서도 제일 악평이 많은 예능 증강으로, 고작 스킬 가속과 공격 속도만 주는 것 치곤 유미처럼 지정 불가 상태도 되지 않는 데다 자의적으로 움직일 수도 없어서 광역딜에 노출되기 쉬워 하자가 많은 증강이다. 사실상 선택하는 플레이어보다 아군의 실력에 의존하는 증강.돌진 스킬을 사용하면 순간적으로 연결이 해제되고, 다시 연결돼서 강제 이동된다는 점을 이용해 일방적인 딜교를 하는 방식으로도 사용할 수 있지만 단점이 너무 크기에 보통 거의 선택되지 않는 증강이다.사용 난이도가 매우 높고 조건부가 많이 붙을 뿐이지 포텐은 확실하다. 공격속도를 매우 높게 올릴 수 있는 아레나 후반부 특성상 원거리 딜러의 카이팅에 물리적 한계가 오기 마련인데, 뚜벅이 원거리 딜러가 이 증강을 선택하면 자동 카이팅이 가능하고, 아군이 거리 조절만 잘 해준다면 공속이 4~5가 넘는 상황에서도 딜로스 없이 풀 DPS를 넣을 수 있다. 특히 게임 후반부에 사거리가 긴 코그모나 징크스 등의 원딜이 이동기가 많은 아군 챔피언과 같이 조합하면 우승급 시너지를 내기도 한다.운전기사를 선택할 시 방향이 고정되는데, 이때 아군이 그 고정된 방향을 의식 하면서 운전기사를 선택한 플레이어가 적을 보는 방향으로 자리를 계속 잡아줘야 원활한 카이팅이 된다. 이것만 잘 의식한다면 3~4코어 이후 사거리가 긴 원딜러에겐 정말 높은 고점을 가진 증강 중 하나이다.아군이 모데카이저의 죽음의 세계로 추방되면 그 아군을 따라 함께 이동한다. 모데카이저 본인 또는 모데카이저의 아군이 이 증강을 가도 마찬가지.끝판왕 증강과 함께 선택할 경우 전투 시작과 동시에 아군 옆에 붙어서 안전하게 스탯 예열이 가능하다.자르반의 EQ와 같은 조건부 돌진 스킬은 사용해도 돌진이 되지 않으니 주의.3.14.정신 결속[편집]정신 결속아군이 입는 피해를 15%만큼 대신 입고 아군이 받는 회복 효과도 50%만큼 받습니다.추가 시기2023년 7월 21일사용 챔피언기사의 맹세 효과를 아이템으로 옮겨온 증강. 아레나에서 기사의 맹세 아이템을 살 수도 있으므로 아군 수호에 최적화된 증강이다.주로 서포터와 탱커들이 딜러 보호를 위해 선택하는 증강으로 받는 회복 효과도 같이 받는 특성상 의외로 2탱커 체제나 브루저와도 궁합이 매우 좋다.다만 아군이 부진하면 같이 패망하기도 한다는 단점 아닌 단점이 있다.3.15.주문 각성[편집]주문 각성스킬이 적에게 적중하면 현재 위치에서 적중당한 대상의 위치까지마법 피해를 입히는 파동을 방출합니다.피해량: 100~325(+1.65 추가 공격력)(+0.4 주문력)추가 시기2023년 12월 8일사용 챔피언대지의 각성 증강과 비슷한 증강으로, 적 챔피언에게 스킬을 맞추면 자신과 해당 챔피언 사이에 주문의 흔적이 생겨나고 짧은 딜레이 후 흔적이 폭발하면서 피해를 입힌다.대지의 각성과의 차이점은 일단 스킬을 맞춰야 하는 특성상 흔적이 매우 길게 형성되고 폭발은 자신의 위치부터 시작되기에 일반적인 포킹 싸움에서는 맞추기가 어렵다. 그렇기에 주로 난전에서, 장판을 까는 스킬처럼 이용하게 되는데 스킬 자체에 이동 방해 스킬이 달려 있어서 폭발을 맞추기 쉽거나 쿨타임이 짧고 난전에 능해서 장판을 여러 개 빠르게 깔 수 있는 챔피언들에게 최고의 성능을 발휘한다. 다만 연이은 너프 패치를 받아 현재는 그냥 함정 증강.개발자 블로그 피셜 아수라장에 추가 예정이었으나 취소되었는지 등장하지 않았고 이후 비슷하지만 살짝 다른 매커니즘의 공허 균열이 대신 출시되었다.3.16.프리즘 알[편집]프리즘 알각 라운드에서 챔피언당 한 번씩 처치에 관여할 때마다 중첩을 1회 얻습니다. 5회 중첩 시 프리즘 모루로 부화합니다. 여러 번 완성할 수 있지만 첫 부화 후에는 중첩이 6회 필요합니다.추가 시기2024년 7월 31일사용 챔피언하이리스크 하이리턴의 스노우볼링 증강. 잘 풀리기만 하면 무료로 프리즘 아이템을 복사 가능한 증강이지만 킬관여를 쌓기 전에는어떠한 효과도 없다는 심각한 단점이 있다. 다른 상대들은 고르는 즉시 강력한 효과를 볼 수 있는 증강을 들고 싸우기 때문에 필연적으로 전투력 면에서 크게 불리할 수밖에 없는 데다 그렇게 얻은 프리즘 아이템조차 타 아이템에 비해 크게 성능적으로 뛰어난 것도 아니다. 사실상 함정 증강.최근에는 킬관여 5회시 증강이 사라지는 대가로 모루, 아이템, 증강 모두 각각 하니씩 프리즘으로 주는 좋은 증강으로 바뀌었다.3.17.파멸의 예언자[편집]파멸의 예언자스킬 적중 시 5초 동안 저주 1중첩을 적용합니다.[저주]적에게 저주가 적용된 동안 매초 적응형 능력치를 영구히 얻습니다.라운드마다 최대 30개의 저주를 얻을 수 있습니다. 보유할 수 있는 저주 최대 중첩이 증가합니다.[* 대략 한 라운드당 스택이 최대 30(+10 x 보유한 저주 증강 수)로 제한되어 있다.적응형 능력치:0.21 추가 공격력|0.35 주문력추가 시기2023년 12월 8일사용 챔피언재출시 후 영 평가가 좋지 않은 저주 계열 증강들이고 파멸의 예언자 또한 그렇다. 특히 골드의 극악무도는 상한도 없는데 이쪽은 라운드당 40이라는 제한이 걸려있기 때문. 다만 AD 계열 챔피언들 한정으로는 우수하다. 이후 밸런스 패치로 극악무도가 후반에도 150 정도밖에 쌓을 수 없을 정도로 너프되고, 반대로 파멸의 예언자는 스택 비례 적응형 능력치 증가치가 늘어나서 압도적인 상위호환이 됐다.3.18.크로마 전이[편집]15초마다 자동 사용으로 마법 구체를 발사해 처음으로 적중한 챔피언, 구조물 또는 에픽 정글 몬스터에게 남아 있게 합니다. 구체가 있는 적을 맞추면 폭발하여 마법 피해를 입힙니다.이 주문은 증강을 추가로 선택할수록 더 강력해집니다.3.19.마법 소녀[편집]마법 소녀라운드마다 15초 동안 별이 떨어집니다. 별을 획득하면 마법 소녀로 변신하며, 주변 적을 밀어내고 2초 동안 춤추게 만듭니다.그동안200 / 300 / 300 적응형 능력치와200 / 300 / 500 의 피해를 흡수하는 보호막을 얻습니다.마법 소녀가 되면, 5~10초마다 하늘에서 별이 2 / 3 / 5개 떨어져 자신과 각각의 적 주위를 타격해100~500+25%AP의 마법 피해를 입힙니다.추가 시기2026년 4월 30일사용 챔피언-3.20.마법 제작[편집]사용 시: 에너지를 모은 후 폭발적으로 방출하여 원뿔 범위 내의 적에게 마법 피해를 입힙니다.이 주문은 증강을 추가로 선택할수록 더 강력해집니다.: +피해량: +군중 제어: +체력 회복3.21.전환: 실버[편집]남은 증강 슬롯을 실버 증강으로 채웁니다3.22.야생 불꽃[편집]자동 사용 15초마다 근처 적에게 튕기는 불덩이를 던져 마법 피해를 입힙니다.3.23.퀘스트: 대장장이 신의 의식[편집]조건: 아이템 모루를 2개 구매해야 합니다.보상: 모든 아이템이 걸작 아이템으로  변하여, 해당 아이템의 능력치가 35% 증가합니다.3.24.군체의식[편집]매 라운드를 벌 0/1/2마리와 함께 시작합니다. 꽃을 수확하면 추가로 벌을 얻습니다. 적 챔피언에게 피해를 입히면 벌을 보냅니다. 벌은 대상에 다다르면 2초 동안 ?의 마법 피해를 입히고 다시 돌아옵니다.3.25.광대 대학 (-)[편집]광대 대학속임수소환사 주문을 얻습니다.암습지속 효과를 얻습니다.사망 시, 폭발하는 상자를 생성하여 엄청난 마법 피해를 입히고 적을공포에 빠뜨립니다.암습: 뒤에서 공격 시20-35 (+50% AD) (+35% AP)의 물리 피해를 입힙니다.속임수: 근처로 순간이동해 3초 동안 투명 상태가 됩니다. 투명 상태에서 다음 기본 공격 시100 (+150% 추가 AD) (+55% AP)의 물리 피해를 추가로 입힙니다. 뒤에서 기본 공격 시 치명타가 적용되어 155%의 피해를 입힙니다.환각: 죽음: 사망 시 대상 최대 체력의 25%에 해당하는 마법 피해를 입히고 주변을 1초 동안공포에 빠뜨립니다.추가 시기2025년 3월 5일사용 챔피언샤코의 속임수(Q)를 그대로 가져왔다. 속임수를 다른 챔피언들이 쓸 수 있다면 어떤 상황이 벌어지는지 여실히 체감할 수 있는 증강이다. 암살자가 들면 정말 억 소리 나는 데미지를 순식간에 넣을 수 있으며 평타 한 방이 묵직한 진의 4타나 케이틀린의 헤드샷 등으로도 굉장한 데미지를 뿜어낼 수 있다.활용도가 정말로 무궁무진한데, 유사시에는 은신+점멸이라는 S급 생존기로 쓸 수 있으며 챔피언에 따라 암살, 이니시는 물론 챔피언마다 정말 기상천외한 변칙적인 플레이가 가능해진다.[79]심지어 사망 시대상 최대 체력의 25%에 해당하는 고정 피해를 공포와 함께 뿌리기 때문에 근접 챔피언 위주의 조합일 경우 맞상대하기가 피곤하기 그지없다. 기습 능력이 전무한 일부 포킹 메이지나 서포터가 아닌 이상 항상 본전은 뽑을 수 있는 훌륭한 증강이다.골드 증강(아수라장에선 실버 증강)인 폭격기와 조합하면 사망 시최대 체력의 45%에 해당하는 고정 피해를 입혀서 잡아도 손해가 더 커질 수 있다. 여기에 실버에서 고를 수 있는 자폭 증강까지 터뜨릴 수 있다면 짧은 시간 내에최대 체력의 70%라는 정신 나간 수치의 고정피해를 입힐 수 있다.다만 절대 시야에는 짤없고, 은신 발동 이펙트가 시야 밖에서도 상대에게 보이고 은신 상태라도 장판기나 도트딜 등 피해를 받고 있다면 실루엣이 보이기 때문에 대응의 여지는 있다. 사용자의 역량이 중요한 증강이라고 볼 수 있다.일부 스킬은 시전 도중 점멸을 사용해 발동 위치를 변경하듯이스킬-광대 대학 콤보를 사용할 수 있다. 다만 광대 대학의 은신은 점멸과 달리 선딜레이가 다소 존재하는 편이므로, 돌진 판정이 오래 남는 일부 돌진기와 함께 사용해 거리를 늘리는 정도 외에는 실전에서 활용하기 애매한 수준이다.제일 궁합이 잘 맞는 챔피언은 당연히도 광대 대학 창립자나 다름없는 샤코 본인. 암습 패시브+광대 대학 암습 패시브+광대 대학 속임수 피해가 합산되어 적용되므로, 무대를 포함한 AD 빌드 풀템 기준으로 광대 대학 속임수를 사용해 적 딜러의 등짝을 후리면 3000 가까이 되는 피해가 들어가 그대로 원킬이 날 정도로 살상력이 올라간다. 또한 상대적으로 티어가 낮은 탈론, 제드 등의 진입형 암살자들도 손쉬운 원콤과 죽었을 때의 광역 대미지+CC가 쏠쏠해 선택할 가치가 높다.단순히 은신 상태의 이동기 및 평타 강화 옵션에만 집중하더라도 각종 온힛(On-hit) 컨셉, 일명 촉xx 빌드를 구성할 수 있으며, 해당 조합 역시 충분한 재미와 성능을 보장한다.3.26.양자 연산[편집]양자 연산10초마다 자동으로 주변의 원형 범위를 베고 가장자리에 있는 적에게 추가 피해를 입힙니다. 피해량의 일부를 회복합니다.피해량:120~300 (+1.0 추가 공격력)(+60% 주문력)의 물리 피해바깥쪽 추가 피해량: 대상 최대 체력의10%(+추가 공격력 100 당 2.5%)(+주문력 100 당 1.6%)(+추가 체력 100 당 0.1%)의 물리 피해추가 시기2023년 7월 21일사용 챔피언10초마다 주변의 원형 범위를 베어내며 가장자리에 추가 데미지를 주는, 다리우스나 릴리아의 Q과 비슷한 효과를 가진 증강. 다만 그보다는 범위가 훨씬 큰 편.13.15 패치에서 적에게 적용되는 것이 아닌 본인 주변으로 원이 생기는 것으로 변경되었다.피해량이 상당히 높고 난전이 일어나는 아레나 특성상 브루저들이 무난하게 사용하기 좋은 증강으로, 이런 자동 공격형 증강 특성상유미가 사용하기에 나쁘지 않은 증강이다.자동 사용 증강이기 때문에 프리즘 아이템 중 ""번개 막대""와 같이 가면 쿨타임이 줄어 더 자주 발동하게 된다.아수라장에서는 샤코나 아칼리처럼 은신을 해서 양자 연산 타이밍을 혼란스럽게 만들 수 있는 챔피언이 가면 효율이 좋다. 다만 범위가 넓고 이론상 최대 5명의 적에게 맞출 수 있다는 점에 대한 패널티인지쿨타임이 30초로 대폭 늘어나고번개 막대처럼 자동 발동 쿨타임을 줄어들게 하는 아이템도 없기 때문에 사용하기가 훨씬 번거롭다. 이 자동 발동도 무조건 일정 시간마다 발동하는 것도 아닌, 전방에 적이 감지되어야 발동하는데 거리가 조금만 좁혀져도 자기멋대로 발동해 버리기 때문에 타이밍을 잡기 까다롭다.[80]다행히 이후 패치로 자동화 시너지가 추가되면서 증강의 발동 쿨타임을 줄일 수 있어 증강에 따라 활용 빈도가 잦아졌다. 일직선 구조인 칼바람 특성상 진입 하나만으로도 쉽게 이득을 보는 챔피언은 활용하기 좋지만 양자 연산 범위보다 먼 거리에서 교전해야 하는 원거리 챔피언들에겐 함정 증강이다.만약 첫 증강이라면 눈덩이 스펠과 함께 사용하여 게임을 초반부터 박살내버릴 수 있다. 탱커나 브루저도 체력의 30%를 날려버리고, 몸 약한 딜러들은 반피, 받피증이 있는 메이지는 70% 가까이 깎아버리는 데미지가 광역으로 들어가기 때문에 제대로 들어갔다면 그대로 구도가 망가진다. 만약 양자연산 챔프가 살아 돌아간다면 30초 뒤에 또다시 가불기를 강요당하므로 사실상 타워 바깥으로 나갈 수 없다.파이크, 샤코 등과 조합이 매우 좋다. 물리 관통력 아이템을 올리기 때문에 데미지도 괴랄한 수준으로 올라가며, 은신 상태에서 예상치 못한 타이밍에 진입하기 때문에 대응이 매우 어렵다. 특히 상대에 물몸 딜러가 많을 때 혼자서 한타를 터뜨려 버릴 수 있는 잠재력이 있기 때문에 샤코나 파이크를 플레이하고 있다면 첫 증강이 아니더라도 집는 걸 추천하는 편.26.12패치로 아수라장에선 관련 효과를 조정한 골드 증강인 '끝없는 학살'에 승계되며 삭제됐다.3.27.저주의 화염[편집]저주의 화염저주의 화염 소환사 주문을 얻습니다.저주의 화염을 사용하면 주변 모든 적 챔피언에게 점화와 탈진을 사용합니다.추가 시기2023년 7월 21일사용 챔피언지정한 대상주변 적 챔피언에게 탈진과 점화를 동시에 사용하는 증강. 주변이라고는 하지만 범위가 상당히 커서 의식할 필요는 없는 수준이다. 원판 점화&탈진과 달리 타겟팅 스킬이 아니라, 해당 키를 누르면 범위 내의 적[81]에게 자동으로 시전된다. 이때 범위 내에 적이 없어도 키를 누르면 시전된 걸로 치고 쿨이 돌아가니 유의할 것.점화와 탈진은 각각 치유 감소와 피해량 감소, 둔화와 고정 데미지까지 주기에 좋을 것 같으나 문제는 그게 끝. 포텐셜이 낮은 건 물론이고 대처법도 그냥 탈진, 점화 걸렸을 때 한턴 빠지는 방식으로 대처가 매우 쉽고 명확한 데다 쓰임새도 보면 ""소환사의 룰렛""의 하위호환이나 다름없다. 서포터 챔피언들이 딜러 보조용으로 쓰는 것을 제외하면 좋지 않은 것을 넘어선 함정 증강으로 꼽힌다.반면 5대5인 칼바람 아수라장에선 매우 고성능의 증강이다. 일단 아수라장은 기본적으로 탈진을 선택할 수 없기 때문에 확정적으로 탈진을 사용할 수 있는 유일한 증강이다.[82]이니시형 챔피언이 교전 개시와 함께 사용해도 좋고, 반대로 상대의 이니시를 맞받아치는 용도로 사용해도 좋다. 다만 이 증강을 선택할 시 스펠 중 하나를 잃게 되므로, 눈덩이나 점멸 없이도 능동적으로 교전이 가능한 챔피언이 선택해야 효율이 높다. 또한 사용자의 전투력에 큰 도움이 되지 않으므로 증강에 의한 전투력 성장 기대값이 높은 챔피언이 이걸 집으면 오히려 마이너스일 수도 있다.26.12패치로 아수라장에서 삭제되었다. 보상으로 아수라장에서 점화, 탈진을 들 수 있도록 바뀌었다.3.28.정조준 일격 신동[편집]정조준 일격 신동멀리 떨어진 챔피언에게 피해를 입히면 자동으로 정조준 일격을 발사합니다.피해량:250~750+(1.4 추가 공격력)+(1.0 주문력)의 마법 피해추가 시기2023년 7월 21일사용 챔피언800 사거리 밖에서 적에게 피해를 입히면 이즈리얼의 궁극기인정조준 일격을 발사한다. 아레나에서는 피해량이 이즈리얼의 정조준 일격과 완전히 동일하고 쿨타임도 챔피언 별로 적용되지만 아수라장에서는 크기와 피해량이 감소하고 길이 외길인 탓인지 챔피언당 쿨타임이 아닌 증강 자체 쿨타임 15초가 있다.아레나에서는 원본 이즈리얼 궁인 만큼 계수도 좋고 개별 쿨타임 적용이라 회전율도 빨라서 포킹 챔피언들이 매우 사랑하는 증강 중 하나이다. 이후 레벨 시스템이 추가되었고 3레벨을 찍으면 추가 투사체들이 날아가기에 상당한 딜량을 보여준다. 즉, 원거리에서 포킹을 하며 거리를 좁히지 않는 챔피언들이 선택하기에 좋은 증강으로, 사거리가 긴 메이지 챔피언이나 포킹에 특화된 원딜 챔피언들이 주로 선택하게 된다. 또한 지속 피해나 함정 등 어떠한 경우라도 상대에게 피해를 입히는 순간 발동되기에샤코나티모,브랜드,말자하같은 챔피언들도 사용할 수 있다.반면 아수라장에서는 상대 조합에 따라 발동이 쉽지 않은 경우도 많으며 자동 사용 효과 취급도 아니라서 세트 효과도 누리지 못해 쿨타임을 줄일 방도조차 없고, 적에게 먼 거리에서 스킬을 맞춘 이후에도 쓸데없이 원본에 충실해 약간의 선딜레이 이후에나 날아가는 데다 이 증강이 있다는 걸 확인하면 그 사이에 적이 자리를 피하기도 쉬우며, 탄속도 애매한데 쿨타임도 짧지 않고 그렇다고 피해량이 유의미하게 높은 것도 아니라 남들 프리즘 증강을 쓸 때 혼자 실버 증강을 쓰는 수준의 정 고를 게 없을 때나 고르는 쓰레기다. 결국 26.12패치에 아수라장에서 삭제되어 아레나에만 남게 되었다.3.29.찜솥[편집]찜솥매초 최대 체력에 비례해 주변 적에게 중첩되는 화상 효과를 적용합니다. 화상 효과는 무한히 중첩됩니다.피해량: 5초 동안 매초 최대 체력의 0.5%의 마법 피해사거리: 500추가 시기2023년 7월 21일사용 챔피언태양불꽃 방패의 아이템 효과를 더 높은 대미지와 함께 넓은 범위에, 무한하게 중첩까지 되는 탱커 최고의 딜 증강. 탱커 챔피언이라면 어떠한 챔피언이 가도 좋은 심플한 증강으로, 근접 시 무한이 중첩되는 피해 특성상 전투가 후반으로 질질 끌릴수록 피해량이 어마어마하게 올라간다.아수라장에선 아레나 버전으로 그대로 들어와 미니언 등에게 화상이 적용되지 않아라인 클리어에도 도움이 되지 않으며 프리즘으론 상당히 아쉬운 상태. 다른 증강의 화상 효과는 전부 미니언에게 적용되는 것으로 보아 버그로 보이나 장기간 방치되고 비슷한 성격의 증강인 이케시아는 미니언에 피해량이 정상적으로 적용되는 것으로 보아 밸런스 때문에 일부러 방치하는 것으로 보인다.26.12패치 이후 패치의 삭제 목록에는 없지만 아수라장에서는 삭제되고 골드 증강 압력솥으로 계승된 것으로 보인다.3.30.케르베로스[편집]케르베로스칼날비 룬과 집중공격 룬을 얻습니다.추가 시기2023년 12월 8일사용 챔피언칼날비 룬과 집중 공격 룬을 얻는 증강. 칼날비는 공격 속도 제한을 넘고, 집중 공격을 통해 상대에게 입히는 데미지를 증가시킬 수 있지만 다른 프리즘 증강에 비해 특장점이라 할 만한 부분이 없기 때문에 좋지 않은 평가를 받고 있다. 빠르게 평타를 욱여넣는 것이 중요한 극딜 마스터 이, 카이사, 트위치 정도만 집을 증강이 없을 때 차선책으로 집어볼 만하다.26.12패치로 아수라장에서 삭제되었다.4.무작위 총력전: 아수라장전용 증강[편집]4.1.골드 강탈[편집]골드 강탈기본 공격이나 스킬로 챔피언에게 피해를 입히면50~150 ()(+0.4 추가 공격력)(+0.2 주문력)의 추가마법 피해를 입히고30골드를 획득하며 1.5초 동안 25%의 추가 이동 속도를 얻습니다. (챔피언당 재사용 대기시간 30초)추가 시기2025년 10월 22일사용 챔피언골드 강탈은 챔피언에게 피해를 입히면 약간의 추가 피해를 입히고 골드와 추가 이동 속도를 획득하는 증강이다.골드 수급용 증강으로, 자체 딜량은지옥불 영혼과 비슷한 정도로 프리즘치고는 많이 아쉬운 수준이지만,자이라처럼 원거리에서 적 챔피언 다수에게 피해를 쉽게 입힐 수 있는 챔피언으로 선택하면 나쁘지 않은 골드 수급 능력을 보여준다.하지만 골드 획득량이 고작 30에 불과하며 챔피언당 30초의 긴 재사용 대기시간이 적용되어, 초중반에도 코어 아이템이 나오는 시기가 그다지 앞당겨지지 않는 것에 더해 후반으로 갈수록 골드의 가치가 떨어지므로 평가는 그리 좋지 못하다. 남는 골드로 능력치 모루를 구매하여 어느 정도 쫓아갈 수는 있으나  양손잡이, 보석 건틀릿 등 후반에 사기적인 위력을 뽐내는 프리즘 증강들에게는 한참 밀릴 수밖에 없다.4.2.궁극의 각성[편집]궁극의 각성궁극기 가속이 30 증가합니다. 궁극기 사용 시 기본 스킬이 초기화되고 15초 동안 기본 스킬 가속이 300 증가합니다. (재사용 대기시간 20초)추가 시기2025년 10월 22일사용 챔피언궁극의 각성은 30의 궁극기 가속을 제공하고 궁극기 사용 시 기본 스킬의 쿨타임을 초기화하며 추가로 일정 시간 동안 기본 스킬 가속을 제공하는 증강이다.헤카림등 궁극기 진입 후 기본 스킬들을 자주 돌려야 하는 챔피언들과 궁합이 좋은 증강. 특히쉬바나는 궁 사용 후화염 숨결을 2~3초마다 난사할 수 있다.최종 형태증강과 궁합이 좋다.의외로 유틸형 서포터들이 들어도 좋은데,잔나,룰루같은 챔피언이 들면 15초간 실드와 CC기를 난사할 수 있다.진입형 AP 챔피언들도 채용할 수 있지만, AP 챔피언은 궁극기까지 200 이상의 스킬 가속을 얻을 수 있는 유레카나 대마법사 증강이 더 효율이 좋기 때문에 주로 AD 브루저들이 채용한다. 물론 다른 쓸 만한 게 없다면 AP 챔피언들이 선택해도 나쁠 건 없다. 특히 아리.제이스, 니달리 등 폼 변환형 궁극기를 가진 챔피언들에게는 등장하지 않는다.4.3.꽃피는 새벽의 검 업그레이드[편집]꽃피는 새벽의 검 업그레이드공격 속도가 100% 증가합니다.꽃피는 새벽의 검 체력 회복량이 250% 증가합니다.추가 시기2026년 3월 4일사용 챔피언꽃피는 새벽의 검 업그레이드는 100%의 공격 속도를 제공하며, 꽃피는 새벽의 검을 구매할 시 업그레이드되는 증강이다.원본 아이템과 마찬가지로 성능과 선택률이 바닥을 긴다. 아수라장은 기본적으로 딜러의 밸류가 매우 높은 탓에 점진적인 회복보다는 한 번에 대량의 회복이나 보호막을 제공하는 것이 더 효율적인데, 아무리 회복량 250%의 버프가 달려 있다 한들 꽃피는 새벽의 검의 회복량 정도로는 상대의 딜량을 상쇄하기 어렵다. 칼바람 나락의 오라로 인한 아군 회복량 50% 감소까지 고려하면 실질적으로 유의미한 전투 지속력을 제공해 줄 수는 없는 수준. 그나마 대치 상황에서 미니언을 때려 어느 정도의 유지력을 제공할 수는 있지만, 만약 상대의 견제가 강력해 미니언조차 때리기 힘든 상황이라면 이 증강과 새벽검을 활용하는 것 자체가 불가능해진다.회복을 위해 기본 공격을 해야 한다는 아이템의 메커니즘도 문제이다. 유틸 서포터는 기본 공격을 하겠다고 나서는 것 자체가 위험한 행위이고, 원거리 딜러 또한 이 증강과 새벽검을 들어서 어설프게 힐러로 전직하느니 더 확실하게 딜에 집중하는 것이 낫다. 그나마 적중 시 효과와 관련된 증강[83]이나 아이템[84]을 조합하면 회복량 자체는 꽤 그럴듯해지지만, 수많은 사기 증강이 포진해 있는 프리즘 등급에서 이걸 집는 것은 스스로 손해를 유발하는 것이나 다름없다.이렇게 구린 성능에도 불구하고, 완성템이나 하위템 또는 골드 등을 일절 제공하지 않는다는 문제도 있다.[85]기본적으로 제공하는 공격속도 100%가 단검 10개(2,500골드) 분량에 달하기는 하지만 공속 자체가 범용성이 높은 능력치가 아닐뿐더러 기본 제공 공속과 아이템 업그레이드 효과를 합쳐도 아이템 설계 자체가 문제가 있어 여타 업그레이드 증강 대비 밸류가 떨어져서 미카엘의 축복 업그레이드처럼 완제를 제공해야 쓸까말까한 증강이[86]이 모양이니 성능이 좋을 수가 없다. 그나마 26.9 패치에서 기존에 달려 있던 챔피언 대상 기본 공격 피해량 50% 감소 페널티가 삭제되는 버프를 받긴 했지만, 평타 딜링이 중요한 챔피언들은 애초에 새벽검을 올리지 않으니 근본적인 문제는 여전히 해결되지 않았다.그나마 천천히, 꾸준히 증강을 먹었을 경우 보너스로 얻는 공격 속도 100%가 모조리 공격력으로 전환되어서 막대한 공격력 증가량을 제공해 줄 수 있지만... 실버 증강인 능수능란이 60%의 공격 속도를 제공해 주는 걸 생각하면 여전히 매우 아쉬운 성능이다. 천천히, 꾸준히 증강을 뽑은 유저가 프리즘 증강 단계에서 뽑을 증강이 아예 없을 경우 그나마 차선책으로 선택할 수 있는 증강 정도로 평가받는다.예외적으로 세나가 탱커처리를 해야 할 경우 인피 대신 이 증강을 가고 새벽검을 올리는 경우가 있을 수 있다. 원래 힐러를 겸하기도 하고, 사거리가 길어서 발동에 리스크도 적다. 탱커처리를 해야 한다면 몰왕 루난을 가는 게 보통이라 새벽검 효과를 극대화시킬 수 있다.4.4.나는 왕이다[편집]나는 왕이다전설급 아이템을 소지하고 처음으로 적 이동 수단을 사용하면 왕이 되어 아이템이 업그레이드되며, 무작위 프리즘 증강을 얻습니다.추가 시기2025년 10월 22일사용 챔피언나는 왕이다는 적진의 마법공학 정거장 등의 이동 수단을 이용하면 보유한 무작위 아이템이 업그레이드되며 무작위 프리즘 증강을 획득하는 증강이다.퀘스트를 달성하기가 매우 어렵고 보상도 미미해 고를 이유가 전혀 없는 대표적인 함정 증강으로 평가받는다.상대 진영 우물 근처에 설치된 포탈, 대포 등의적 이동 수단을 타는 것이 조건인데, 말 그대로 상대 넥서스 코앞까지 가야 하기에 트롤링 수준의 자살 돌격을 감행해서 성공시키는 것이 아니면 정상적인 방법으로는 게임이 끝나기 직전에나 깰 수 있다.예외적으로 바드, 샤코, 탐 켄치, 파이크 등 기동성이 높은 스킬을 보유하고 있거나 트위스티드 페이트, 판테온, 라이즈 등 로밍형 궁극기를 가진 챔피언은 타이밍만 잘 잡으면 쉽게 클리어하는 경우도 있다. 도주 능력이 좋은 신지드나 궁극기로 돌진하는 자살 사이온도 가능하다.[87]맵별로 편차도 존재하는데, 먼저 오리지널 칼바람 나락 맵은 정신 집중과 피해를 받으면 이동이 캔슬되기 때문에 최악, 비슷하게 넥서스 뒤에 포탈이 있지만 포탈의 판정이 후한 코신 다리는 오리지널보단 그나마 나은 편이며, 넥서스 옆 빈 공간에 판정이 매우 좋은 대포가 있는 도살자의 다리의 경우 깨기에 비교적 수월하다.이 증강은 퀘스트를 깨기 전에는 사실상 혼자만 프리즘 증강이 없이 게임을 해야 하는 것에 더해 더 큰 문제는 이렇게 힘들게 퀘스트를 깨도 정작 보상이 시원찮다는 것이다. 툴팁에 써 있는 아이템 업그레이드는오른의 걸작 아이템 수준의 스탯을 제공하는 것뿐이다.[88]어려운 조건까지 달려 있는 프리즘 주제에 겨우 1000골드 어치의 스펙업밖에 없는 데다 골드 획득이 빠른 아수라장 모드의 특성상 실질적인 가치가 더욱 낮다. 게다가 얻는 증강도무작위프리즘이라 사실상 골드 티어 증강인 '전환: 프리즘'과 완전히 동일하며 망할 확률도 높다. 결국 깼을 때 뜨는 알림과 왕관 이펙트가 주는 도파민을 제외하면 고를 이유가 거의 없다시피 한 증강. 대신 저티어나 즐겜팟에서는 성능을 모르거나 자신의 운을 시험하려고 채택하는 비율이 높다.여담으로 기존 오른처럼 구매 불가능한 특수 아이템을 게임 데이터에 내장하는 방식이 아니라 사전 조건만 만족하면 해당 아이템에 왕의~ 로 시작하는 이름이 붙고 능력치를 일정 공식에 따라 증가한 아이템으로 교환하는 시스템으로 보인다. 아수라장에서 비에고로 이 증강을 고른 다음 퀘스트를 달성 후 적 챔피언을 한번이라도 지배하는 순간 당시 보유한 모든 아이템(전설 아이템은커녕 그 재료 아이템이나 2티어 신발까지도)이 왕의 아이템으로 업그레이드되며 능력치도 증가한다.해당 버그4.5.남작의 도움[편집]남작의 도움25%의 적응형 능력치를 얻으며, 주변의 미니언을 강화시킵니다.추가 시기2026년 2월 4일사용 챔피언남작의 도움은 25%[89]의 적응형 능력치를 제공하며 주변의 미니언에게 협곡의 미니언 강화 바론 버프를 부여하는 증강이다.대량의 적응형 능력치가 메인 효과이지만 미니언 강화 버프 또한 범용성이 높다. 생존해 있기만 해도 자연스럽게 라인을 밀어넣는 효과를 기대할 수 있으므로, 포킹 조합을 쓰는 쪽이 얻으면 포킹각을 잡기 쉬워지고 반대로 포킹 조합을 상대하는 쪽이 얻으면 상대의 포킹을 억제할 수 있어 라인이 하나뿐인 무작위 총력전에선 생각 이상으로 효과적이다.밸런스 상의 문제로 15레벨 증강에서만 출현하도록 제한이 걸려있지만[90]후반 타이밍에도 단단하면서 딜까지 누적하는 강화 미니언의 존재는 상대에게 큰 압박이 된다. 특히 협곡에서처럼 포탑 사거리 밖에서 공성이 가능한강화 대포 미니언은 상대의 수성을 야금야금 무너뜨릴 수 있는 매우 중요한 유닛이다.다만 다른 프리즘 증강들이 게임의 판도를 흔드는 변칙적인 효과를 가진 것과는 달리, 바론 버프는 강력하긴 하지만 너무 정직한 효과라는 것이 단점. 라인 클리어와 공성에 매우 효과적이나 그 이상의 변수 창출은 불가능하며, 이로 인해 골랐을 때 재미가 떨어지는 편이라 전형적인 팀이 고르면 유용하지만 내가 고르기는 싫은 증강이라 선택률이 낮은 편이다.또 제공하는 적응형 능력치가 프리즘 증강치고는 다소 아쉬워서 미니언 강화 효과를 활용하기 어려운 상황, 예를 들어 상대의 이니시가 강력해 대치 구도를 오래 유지하며 이득을 보는 운용이 어려울 경우 프리즘 값을 못 할 수도 있다.칼바람 나락에서는 대포 미니언/슈퍼 미니언에게 주변의 함정과 덫을 드러내는 기능이 있어 샤코나 티모 등 덫을 까는 챔피언은 대포 미니언과 슈퍼 미니언을 기를 쓰고 잡으려고 하는데, 이를 효과적으로 견제할 수 있어 이러한 챔피언들을 상대로 효율이 좋다.4.6.데굴데굴 눈덩이![편집]데굴데굴 눈덩이!눈덩이의 스킬 가속이 100만큼 증가합니다.눈덩이가 거대해지고 미니언을 관통합니다. 눈덩이는 챔피언을 2초 동안 20%둔화시키고, 0.75초 동안공중에 띄우며200~350(+1.0 추가 공격력)(+0.6 주문력)의마법 피해를 추가로 입힙니다.추가 시기2025년 10월 22일사용 챔피언데굴데굴 눈덩이!는표식소환사 주문을 누누의데굴데굴 눈덩이!(W)로 대체하는 증강이다. 표식 소환사 주문이 없다면 획득한다.단, 원본과 다르게 미니언이 관통되며 기존의 표식 소환사 주문처럼 주문 방어막, 야스오의 장막, 사미라의 원형 검무, 멜의 반사 등을 무시한다. 속도도 적당하고 피격 판정도 넓어 맞추기 매우 쉬우며, 딜량도 준수한데 에어본도 그대로 달려 있어서 무난한 성능의 증강이다.원래부터 표식을 드는 탱커, 브루저, 암살자 이외에도 원딜, 메이지나 서포터도 잡을 증강이 없다면 생존용으로 하나 들고 있어도 괜찮은 증강이다. 챔피언에 따라 티어는 갈리지만 누가 뽑아도 무난한 성능을 보이는 범용성이 좋은 증강이다. 특히 조이가 고를 경우 W로 획득 가능한 다른 챔피언의 눈덩이 스펠도 강화되기 때문에 종결급 프리즘 증강이 된다.눈덩이 관련 증강이 몇 가지 새로 추가되면서 이 증강의 밸류는 더 올라갔다. 특히 핀볼+눈덩이 업그레이드+데굴데굴 눈덩이의 조합은 상대하는 입장에선 환장할 노릇인데, 5~15초마다 2천이 넘는 고정 피해를 주는 집채만 한 눈덩이가 여기저기 튕기면서 굴러오는 모습은 그야말로 공포.눈덩이 업그레이드 증강이 있다면 미니언을 향해 쏘는 게 좋다. 미니언 한 마리당 통과할 때마다 눈이 내려 중첩딜이 들어가기에 미니언 뭉치에 숨어 있는 적을 향해 쏘면 체력만 단위도 순식간에 갈려나가고 아이템도 터진다. 특히 횃불, 리안드리 조합은 가히 사기적이며 증강에 의한 거학이나 치명타도 터진다. 잘만 던지면 원딜, 마법사, 암살자들은 원킬이며 브루저 또한 빈사 또는 킬이다.4.7.드롭킥[편집]드롭킥기본 공격 및 스킬이 체력이최대 체력의 4(+0.55 기본 공격력)(+0.001 추가 체력)%아래인 적 챔피언을 처형하고,체력을 100 ~ 300(+0.25 최대 체력)회복하며대상을뒤로 밀어냅니다.대상이 지면에 떨어지거나 적 또는 지형과 충돌하면밀려난적이 폭발해 주변에150 ~ 500(+1.0 추가 방어력)(+1.0 추가 마법 저항력)의  마법 피해를 입힙니다.이 폭발은 연쇄적으로 일어날 수 있습니다.추가 시기2026년 2월 4일사용 챔피언드롭킥은 체력이 낮은 적을 공격하면 처형하고 체력을 회복하는 증강이다. 처형 시 적을 밀어내며 폭발시키고 폭발 피해로도 처형이 발동될 수 있다.처형 기준치에 추가 체력 계수가 있기 때문에 높은 체력을 쉽게 확보할 수 있는 아수라장에서 탱커들의 킬 캐치 능력이 압도적으로 증가한다. 무난하게 성장한 게임 후반 탱커의 처형 기준치는 기본으로 20%가 넘어가며 처치 시마다 천 단위의 체력을 회복하면서 적들에게 불합리함을 선사할 수 있다.여러모로 밸런스 논란이 많은 증강으로 26.14 패치로 기본 처형 기준치가 감소하고 처형 기준치의 추가 체력 계수가 반토막 났지만 여전히 탱커를 픽할 이유 그 자체인 1티어 증강이다.4.8.무한 반복[편집]무한 반복스킬 가속을 60+처치 관여당 3 얻습니다.추가 시기2026년 2월 4일사용 챔피언무한 반복은 처치 관여 수에 비례하여 스킬 가속을 제공하는 증강이다.유레카와 유사하게 높은 수치의 스킬 가속을 제공하는 증강으로, 유레카를 활용하기 힘든 AD 챔피언들도 집을 수 있다는 것이 차이점이다. 기본 수치는 골드 증강의 되풀이와 동일하고 게임 후반의 유레카는 수백 단위의 스킬 가속을 확보할 수 있지만 되풀이와 달리 성장이 가능하고 기본 제공 수치가 없다시피한 유레카와 달리 고르는 순간 60의 스킬 가속을 제공하므로[91]초중반 효율은 유레카보다도 뛰어나다.특히 킬관여율은 높지만 주문력을 높게 챙기지 못하는 유틸형 서포터들이나 탱커형 서포터들에게는 유레카보다 좋은 선택지가 될 수 있다.주의사항은이 증강을 선택한 이후의 처치 관여를 통해서만 추가 스킬 가속을 얻을 수 있다는 것이다. 즉, 증강을 집기 이전에 기록한 킬과 어시는 아무리 많더라도 의미가 없다. 때문에 빠른 타이밍에 획득할수록 효율이 좋고 반대로 15레벨 증강 선택지로는 상당히 아쉬운 편이다.4.9.바람전달자의 축복[편집]바람전달자의 축복회복 및 보호막 효과를 부여하면 3초 동안 대상의 방어력 및 마법 저항력이 30 ~ 60증가합니다.추가 시기2025년 10월 22일사용 챔피언바람전달자의 축복은 회복이나 보호막 효과를 부여한 대상의 방어력 및 마법 저항력을 증가시키는 증강이다.최대 수치인 방마저 60을 골드로 환산하면 약 2400골드에 해당하므로 스탯 자체도 나쁘지 않으며, 광역 회복과 보호막 효과를 보유했다면 이를 다수의 아군에게 부여할 수도 있어 유틸형 서포터에게는 우수한 증강이다. 초중반에는 이 수치만으로도 경감 데미지가 적지 않아 효율이 뛰어나지만 게임 극후반에는 능력치 모루로 관통력을 쉽게 확보할 수 있기에 효율이 떨어진다.특히 소나가 첫 번째 증강으로 먹을 경우 게임을 초반부터 터뜨릴 수 있는 잠재력이 있다. 초반 방마저 30은 약 1,200골드의 값어치를 하는데, 서로 레벨도 낮고 아이템도 빈약한 초반에는 훨씬 체감이 커서[92]광역 힐과 보호막을 초반부터 빠르게 돌릴 수 있는 챔피언 특성상 어지간히 조합 차이가 나지 않는 이상 초반 한타 때 상대를 깡체급으로 찍어누를 수 있다.본인에게 회복 또는 보호막을 사용할 경우 자기 자신에게도 방마저 증가 효과가 적용된다. 때문에 회복과 보호막 관련 스킬을 달고 사는 브루저와 탱커 챔피언도 이 룬을 선택할 수 있다. 효과 자체는 방마저밖에 없어서 심심한 편이지만 다른 증강들이 너무 구릴 때 선택할 만한 대안. 리 신, 크산테처럼 아군에게도 보호막을 부여할 수 있다면 유틸 서포터 급으로 효율이 좋아진다.아레나에서는 2023년경 추가되었다가 이후 삭제되었는데 아수라장에서 다시 부활하였다.4.10.신념을 통한 강화[편집]신념을 통한 강화아군을 상대로 체력을 회복시키거나 보호막을 씌우면 대상을 몇 초 동안 축복합니다. 축복받은 아군이 피해를 입히면 헌신이 차오릅니다. 헌신을 충분히 모으면 충격파를 내보내 마법 피해를 입히고 체력이 낮은 적을 처형합니다.추가 시기2026년 2월 4일사용 챔피언신념을 통한 강화는 회복 및 보호막 효과를 적용한 아군이 일정 횟수만큼 피해를 입히면 충격파를 내보내 적에게 마법 피해를 입히고 처형하는 증강이다.아군에게 회복 및 보호 효과를 적용하면 8초간 해당 아군과 연결된 선이 표시되며, 연결된 아군들이 적에게 피해를 입힌 횟수가 총 50회가 되면 아우렐리온 솔의 천상 강림(R)과 비슷하게 매우 넓은 범위[93]의 충격파가 황금빛으로 퍼져나간다.충격파 자체의 데미지는 50~350으로 높지 않고 계수도 없이 기본 피해량만 있지만처형 효과가 달려있다. 처형 체력 기준은 기본 수치는 최대 체력의0%이지만 회복 및 보호막 효과 1%당 0.25%p만큼 증가한다.[94]각종 증강이나 모루로 회복 및 보호막 수치를 펌핑하면처형 기준치가 20% 넘게 올라간다.특히, 프로틴 음료 증강과 함께 간다면 해신 작쇼 등의 탱커 아이템을 올려서 처형 수치 50% 이상도 만들 수 있다. 이론상 회복 및 보호막 증가 효과가 400% 가 될 경우 처형 기준치가 최대 체력의 100%가 되어광역 즉사기라는 종결급 증강이 된다. 축복은 죽어서도 지속 시간 동안 유지되기 때문에 그 안에 50스택만 쌓으면 죽어서도 발동될 수 있다. 또한 헌신 스택은 축복이 모두 끊겨도 유지되고 다음 축복 때 이어서 쌓인다.축복을 받은 아군 챔피언이 합쳐서 50회의 피해를 입혀야 발동하기 때문에 최대한 여러 아군한테 골고루 힐/보호막을 주는 게 좋다. 여기에 최적화된 챔피언이 바로소나.패시브[95]덕분에 1~2코어만 나와도인내의 아리아(W)쿨타임이 8초 이하로 떨어지기 때문에 거의 상시 4인 축복을 유지할 수 있다.팀에징크스,트위치같은 DPS 원딜이 2명 이상 있거나 브랜드, 말자하, 아우솔처럼 지속 피해를 입히는 마법사 챔피언이 있다면 헌신이 순식간에 차오르기 때문에 한타 한번에 2번 이상 발동시키는 것도 가능하다. 반면에 탱커나 암살자 위주의 조합이라면 헌신이 정말 찔끔찔끔 쌓이기 때문에 조합을 좀 타는 증강이기도 하다.4.11.신성한 눈덩이[편집]신성한 눈덩이눈덩이의 스킬 가속이 100만큼 증가합니다. 눈덩이로 돌진하면 1.5초 동안 무적 상태가 됩니다. 눈덩이를 보유하지 않은 경우 눈덩이를 얻습니다.추가 시기2026년 2월 4일사용 챔피언신성한 눈덩이는표식소환사 주문의 소환사 주문 가속이 증가하고 돌진 시 무적을 획득하는 증강이다. 표식 소환사 주문이 없다면 획득한다.자체적으로 표식 소환사 주문 가속 100을 주기 때문에 쿨타임 24초짜리 능동적인 무적 효과를 누릴 수 있는 셈이다. 다만 무적 시간이 짧아 프리즘 증강의 밸류로는 아쉽다는 평가를 받는다.이 증강이 가장 빛을 발할때는 바로 물몸 딜러가 이니시를 열어야 할때. 오로라나 탈론처럼 콤보 속도가 매우 빠르다면 무적시간 내에 할건 다 할수 있으므로 포킹 조합이나 원딜조합처럼 죽기 전에 상대를 죽여야하는 조합 상대로 카운터로 작용한다. 특히 메이지라면 콤보를 안정적으로 넣고 존야로 추가적인 핑퐁도 가능하다.미니언에 눈덩이를 맞춘 뒤 무적을 활용하여 공성을 할 수 있다. DPS가 높지만 팔이 짧아 공성이 어려운 근접 딜러들은 한타를 이기고 프리하게 타워를 두들기는 상황이 아니라면 철거 능력을 완전히 발휘할 수 없는데, 이 증강을 활용하면 타워나 넥서스를 깨는 턴을 앞당길 수 있다. 게임을 끝낼 수 있을 때 끝내는 것이 중요한 증바람에서는 꽤 큰 변수로 작용할 수 있는 활용법.[96]아군에케일이 있거나 본인이 케일일 경우 주의. 무적을 이중으로 걸어줘도 무적 시간이 길어지거나 연달아 바로 이어지지 않을뿐더러, 오히려 눈덩이 무적이 꺼지기 전에 케일 궁을 사용하면그대로 케일의 궁이 증발해 버린다.케일의 신성한 심판(R)의 같은 코드를 사용해서 생기는 버그.4.12.잔혹 행위[편집]잔혹 행위챔피언을이동 불가상태로 만들거나 이동 스킬을 사용할 수 없게 하면 대상 위로 혜성을 소환합니다.혜성은 1초 후에 떨어져 대상 지역에50~150(+0.4 주문력)(+0.04 최대 체력)의 마법 피해를 입힙니다.추가 시기2025년 10월 22일사용 챔피언잔혹 행위는 챔피언을 이동 불가 상태로 만들거나 이동 스킬을 사용할 수 없게 하면 혜성을 소환해 광역 마법 피해를 주는 증강이다.이는 아레나의동명의 프리즘 아이템을 증강으로 구현한 것으로 하드 CC기를 가진 탱커나 마법사를 위한 증강이다.[97]마법 룬의 신비로운 유성과 비슷한 효과를 가지고 있으나 그 위력은 훨씬 높다. 기본 피해량과 범위도 수준급이고, 탱커를 위해 높은 수치의 체력 계수까지 달려 있어 굳이 주문력을 올리지 않아도 성장성이 우수하여 HP를 증가시키는 다른 증강을 먹게되면 탱커라도 준 딜러수준의 딜을 뽐낼수 있게 되고, 혜성 발동에는 쿨타임이 없어 CC기를 여러 번 걸거나 밀집한 적에게 광역 CC를 넣는다면 혜성도 여러 개 떨어진다. 이렇게 여러 개 떨어지는 혜성을 겹쳐 맞힌다면 피해량은 파괴적인 수준. 때문에 쿨타임 짧은 광역 하드 CC기를 가진 챔피언에게 유용하며, 그 중에서도 다수의 적을 한 데 모으는 CC기와의 궁합은 최상급이다. 신지드의 초강력 접착제(E)나 카시오페아의 독기의 늪(W)이 부여하는 '고정'은 하드 CC기는 아니나 '이동 스킬을 사용할 수 없게' 하므로 역시 이 증강을 발동시킨다. 침묵은 이동 스킬뿐 아니라 모든 스킬을 쓸 수 없게 하는 CC기이므로 침묵으로는 발동시킬 수 없다.또한 적에게 스킬이 적중하는 순간 해당 위치로 유성을 날리는 신비로운 유성과 달리, 잔혹 행위의 혜성은 CC기를 맞은 상대가 강제 이동하는 위치를 계산해 떨어지므로 아주 높은 확률로 적중한다.신드라는 QE콤보를 가까이서 맞출 경우 적군 와해(E)의 기절과 넉백으로 두 번 발동하는데 마찬가지로 넉백 예상 지점을 계산해서 떨어지기 때문에 매우 잘 어울린다.하지만 스카너의 이쉬탈의 격돌(E)은 적중하는 순간의 위치에 떨어지기 때문에 궁합이 매우 안 좋다. 궁극기도 마찬가지로 들고 이동하면 혜성이 빗나갈 수 있다.조이의 헤롱헤롱쿨쿨방울(E)의 경우 수면에 걸리는 순간 발동하지만 그와 동시에 혜성이 수면을 깨우기 때문에 e만 가지고 포킹할 게 아니라면 그다지 좋은 증강은 아니다.탱커형 챔피언이라면 누구든 잘 활용할 수 있지만, 그 중에서도렐과의 시너지가 매우 좋다. 탱커+쿨타임 짧은 CC기+적을 모으는 궁극기라는 특성을 모두 가졌기 때문. 딜 빼고 다 가진 챔피언에게 딜을 쥐어주는 만큼 효과가 발군이다. 렐은 아레나에서도 이 아이템을 잘 뽑아먹는 편이었다.AP 계수도 40%로 낮지 않게 달려있기 때문에 탱커가 아니더라도니코,케넨,피들스틱등 광역CC를 갖고 있는 메이지가 선택한다면 궁극기 한방에 게임을 끝낼 수 있다.4.13.지옥불 난사 발동[편집]지옥불 난사 발동이전 공격과 다른 기본 공격 또는 스킬로 챔피언에게 피해를 입히면스타일(F~S)을 얻습니다.스타일등급마다이동 속도를 4.3% ~ 5.0%얻습니다.스타일이 S등급에 도달하면스타일을 소모하고 총을 난사해 2초 동안 10회에 걸쳐 주변의 모든 적에게 공격을 퍼붓습니다. 각 사격은20 ~ 40(+0.4 총 공격력)(+0.25 주문력)의 물리 피해를 입힙니다.체력이 30%아래인 적에게는 치명타가 적용되어40 ~ 80(+0.8 총 공격력)(+0.5 주문력)의 물리 피해를 입힙니다. 이 효과는 15초의 재사용 대기시간이 적용됩니다.사격에는 생명력 흡수가 적용되며, 미니언을 대상으로 25%의 피해를 입힙니다.추가 시기2026년 2월 4일사용 챔피언지옥불 난사 발동은사미라의 패시브 스킬을 획득하는 증강으로, 스타일이 S등급에 도달하면 자동으로 지옥불 난사(R)를 발동시킨다.궁합이 잘 맞는 챔피언이 먹으면 성능이 굉장히 좋은 편인데, 증강의 원 주인인 사미라, 스킬 사이 평타를 자주 섞는헤카림이나 판테온 같은 근접 AD 캐스터 브루저들은 지옥불 난사를 발동시키기 쉽고 스킬 가속이 쌓일수록 지옥불 난사를 매우 자주 켤 수 있어서 한타 영향력이 막강해진다.카타리나가 집었을 때도 매우 성능이 좋은데, 궁극기만 사용해도 자동으로 이 증강까지 발동된다. 아마 궁극기의 판정이 스킬 + 적중시 피해를 연달아 사용해 스킬-평타-스킬-평타 사이클이 자동으로 채워지는 원리인 듯. 피들스틱의 경우에는 R-W만 딸깍해도 궁극기의 지속 피해와 풍작의 지속 피해가 번갈아 들어가 순식간에 조건이 갖춰져 궁극기가 제대로 들어가면 공포가 끝나기도 전에 한타를 혼자 박살내버릴 수 있다. 깡딜 자체가 나쁘지 않은 편이라서 AP챔피언이라도 콤보를 쉽게 쌓을 수 있다면 생각보다 위력이 좋은 증강이다.의외로 럼블과 궁합이 잘 맞는다. Q가 도트뎀에 무빙샷도 가능해 눈덩이와 평타, E를 섞으면 3렙부터 즉발 급으로 스타일이 쌓이고, 초반 깡뎀이 엄청난 수준이라 그대로 초반을 터트려버릴 수 있다.각각 다른 스킬이나 평타를 7번 번갈아 때려서 스타일 등급을 쌓아야 하는데[98]공속과 쿨감이 높은 아수라장에서도 쉽진 않기 때문에 사용 가능한 챔피언이 한정적인 편이다.게다가 이 증강이 온갖 근접 브루저나 암살자 챔피언에게 뜨는데 평타를 강화하는 스킬이나 적중 시 효과를 적용하는 온힛류 스킬은 평타로만 취급하는 병크가 있다. 예를 들어 벨베스 같은 경우 평타 다음의 스타일을 W와 궁극기로만 쌓을 수 있어 현실적으로 발동이 거의 불가능하다.실버 증강의 부메랑 투척은 부메랑이 가는 타격과 돌아오는 타격을 별개의 스킬로 세기 때문에 부메랑 투척을 골라 뒀던 챔피언이라면 스타일 중첩을 쌓는 난도가 낮아지므로, 이를 고려하는 것이 좋다.4.14.창공의 서약[편집]창공의 서약체력 회복 및 보호막 효과가 15% 증가합니다. 창공의 서약 소환사 주문을 얻습니다.경계아군에게 순간이동하고, 착지 후 3초 동안100~250(+1.0 주문력)(+0.1 추가 체력)의 피해를 흡수하는 보호막을 부여합니다.추가 시기2026년 2월 4일사용 챔피언창공의 서약은 15%의 체력 회복 및 보호막 효과를 제공하고 창공의 서약 소환사 주문을 획득하는 증강이다.아레나의동명의 프리즘 아이템을 가져온 증강이다. 사용 시 대상 아군에게 대상 지정 불가 상태로 순간이동하며 자신과 대상 아군에게 보호막을 부여한다. 비슷한 메커니즘을 가진 쉔의 단결된 의지(R)와 비교하면 사거리가 짧고[99]보호막 양도 적다는 단점이 있지만 쿨타임이20초로 훨씬 짧으며 정신 집중 시간이 없다는 장점이 있다.기본으로 제공하는 체력 회복 및 보호막 증가 효과 수치가 실버 증강인 응급처치 키트보다 낮고 어지간한 전설급 아이템 수준밖에 되지 않아 다른 서포터용 프리즘 증강에 비해 위력이 초라한 편이다.다만, 이 증강의 진가는탱커형 서포터가 집었을 때 드러나는데, 아군의 암살자나 브루저가 눈덩이 등으로 진입했을 때 써줘서 아군 보호+이니시를 동시에 할 수 있다. 또는 앞라인에 서있다가 적에게 물렸을 때 후방의 원딜 등에게 사용하여 도주용으로 쓸 수도 있다.4.15.퀘스트: 우르프의 챔피언[편집]아레나의 증강에 대한 내용은리그 오브 레전드/증강/골드문서의퀘스트: 우르프의 챔피언부분을 참고하십시오.퀘스트: 우르프의 챔피언조건: 18회 이상 처치에 관여해야 합니다.보상:황금 뒤집개추가 시기2025년 10월 22일사용 챔피언우르프의 챔피언은 증강을 선택한 이후 시점부터 처치 관여를 18회 달성하면 판매가 불가능한 특수 아이템황금 뒤집개를 획득하는 증강이다.황금 뒤집개2500공격력90주문력110공격 속도40%치명타 확률15%체력200방어력20마법 저항력20마나200스킬 가속20이동 속도10%생명력 흡수10%기본 체력 재생50%기본 마나 재생100%-무언가 하고 있음:영구히 불타오릅니다!""분명 무슨 효과가 있을 겁니다...거절한다, 이건 만능이라고!""황금 뒤집개의 고유 지속 효과인무언가 하고 있음은 황금 뒤집개를 보유한 챔피언에게불이야!효과를 영구히 적용한다.불이야!는 다음의 버프와 디버프 효과를 동시에 제공한다.버프- 400 유닛 거리 내에 있는 적에게 화상을 적용해 매 초 26 ~ 43의 마법 피해를 입힌다.-0.25초마다 모든 스킬의 남은 재사용 대기시간이 0.2초 감소한다.[100]- 5%의 추가 이동 속도를 얻는다. 적 챔피언을 향해 이동할 때는 이 추가 이동 속도가 20%로 증가한다.- 20%의 추가 공격 속도를 얻는다.- 50 ~ 900의 추가 최대 체력을 얻는다.- 1.5의 추가 마나 재생을 얻는다.- 4의 추가 기력 재생을 얻는다.디버프-받는 모든 피해량이  (25%ㅣ35%) 증가한다.- 받는 체력 회복 효과 및 보호막이 25% 감소한다.퀘스트가 완료되기 전에는 혼자만 프리즘 증강이 없는 상태로 게임을 진행하는 것과 같기에 다른 챔피언들이 날아다니는 동안 처치 관여를 거의 달성하지 못하고 게임이 끝날 가능성이 있으며, 황금 뒤집개가 압도적인 메리트를 제공하는 것에 대한 패널티로 받는 피해가 25%/35% 증가하는 매우 큰 리스크가 동시에 부여되기 때문에 전형적인 하이 리스크 하이 리턴형 증강이라고 할 수 있다.황금 뒤집개가 주는 이점과 패널티를 자세하게 기술하지 않아[101]이 증강을 처음 접한 유저들은 모든 스탯을 제공한다는 것만 보고 선택하기도 하는데, 후반으로 갈수록 피해량의 고점이 매우 높아지는 아수라장 특성상 받는 피해 증폭 25/35%의 패널티는 매우 크다. 우글렛의 마녀 모자 증강이 아이템 2개를 1개로 압축해 아이템 창을 1개 늘리는 효과가 있는 것과 반대로 황금 뒤집개는 아이템 칸을 하나 차치하기 때문에 필요한 전설 아이템을 갈 자리가 줄어든다는 단점도 있다.[102]4.16.퀸카[편집]퀸카35초마다 반짝이는 티아라를 자동 사용해 자신에게 내려오게 합니다. 티아라를 쓰면 라칸의 궁극기를 얻어 닿는 적을매혹합니다.추가 시기2026년 2월 4일사용 챔피언자동 사용되는라칸의 R - 매혹의 질주를 얻는 증강. 티아라를 쓰면 4초간 50%의 이동 속도를 얻고 닿는 상대를 1.5초 동안 매혹한다.출시 초기에는 사망했을 때 증강을 고르면 발동되지 않는 버그가 있어 기피 대상이었으나 고쳐진 이후로는 스치기만 해도 2초 매혹이라는 최상급 이니시기로 재발견되며 픽률이 높아졌고, 26.6 패치로 매혹 지속시간이 1.5초로, 26.9 패치로 발동 간격이 35초로 너프되기는 했지만 여전히 강력한 증강으로 꼽힌다. 기본적으로 암살자들이랑 궁합이 매우 잘 맞다.최고 효율이 발휘될 때는 원거리-근거리 밸런스가 크게 치우쳐진 게임일 때다. 앞라인만 많으면 전부 매혹의 먹이감이 되고, 뒷라인만 많으면 저지력 부족으로 후속 돌진을 대처할 수가 없다. 반면 앞에 고기방패로 던질 앞라인이 충분하면서 뒤에서 cc와 화력으로 퀸카가 꺼질 때까지 허우적거리게 만들 수 있을 정도의 뒷라인도 있는 밸런스잡힌 조합 상대로는 그 명성만큼 강력하진 않다. 물론 그래도 여전히 정말 강력한 증강이며 까딱 잘못해 뒷라인이 걸려드는 순간 한타파괴는 확정적이다.감정표현을 사용하면 몸에 스포트라이트가 켜지는 이스터에그가 있다.4.17.차원 이동[편집]차원 이동어둠이 드리우면소환사 주문을 얻습니다.어둠이 드리우면: 대상 위치에 눈부신 빛을 보냅니다. 빛이 당도하면 범위 내 살아있는 모든 유닛이8초 동안 다른 세계로 이동합니다.이 세계에 있는 동안 다음 능력치를 얻습니다.체력300 ~ 1500주문력35 ~ 150공격력35 ~ 150크기35%이동한 세계에 있는 모든 유닛은 자유롭게 이동 및 행동할 수 있으나 포탑 또는 억제기 등 구조물을 대상으로 지정할 수 없습니다.'빛을... 따라가라.' - 길 잃은 영혼추가 시기2026년 6월 10일사용 챔피언차원 이동은 지정한 위치에 투사체를 보내 범위 내 모든 유닛을 다른 세계로 이동시키는 소환사 주문어둠이 드리우면을 획득하는 증강이다.모데카이저의 죽음의 세계(R)과는 달리 시전자는 해당 세계에서 버프를 얻지만 상대에게 디버프를 부여하지는 않으며, 안에 있는 유닛들이 다른 세계에서 이동 제한 범위가 없다.차원을 이동시키는 구체가 바드 궁처럼 포물선을 그려 날아가는데 범위가 상당히 크지만 속도는 생각보다 많이 느려 이속이 빠르거나 이동기가 있으면 여유롭게 피할 수 있다는 단점이 있고[103]버프량도 그렇게까지 드라마틱하게 오르지 않으며 쿨타임도 웬만한 궁극기 뺨치는 75초를 가지고 있어 실제 성능은 승률 40% 초반으로 고를 이유가 없는 쓰레기 증강으로 평가받는다.추가로 생각보다 심한 단점 중에 하나는 차원 이동이 되어 다른 차원에 있는 유저를 바깥에 있는 유저들은 어디로 이동하는지 알 수 있으나,반대로 차원 안에 있는 유저는 바깥에 있는 적과 아군의 위치를 파악할 수가 없다.또한 내부에 들어가 있는 적이 사망할 경우 원래 세계로 돌아오는 모데카이저 궁과는 다르게 들어온 상대를 전부 다 죽여도 지속시간이 끝날 때까지는 나올 수 없으며 차원 이동에 적이 포함되어야 하는 조건이 없어서 아군만 들어와서 격리될 수도 있고, 반대로 적만 들어가서 격리될 수도 있다.이렇게 단점이 많지만 전환:프리즘 등으로 뽑힐 경우 사용처가 아예 없는 건 아니다.몇 가지 사용 예를 적자면,각개격파: 차원 이동으로 아군과 함께 들어가는 게 아니라 오로지 적만 들어가게 해서 격리시킨 다음 숫적 우위로 한타를 개시해 바깥에 있는 적을 잡고 나중에 차원에서 나온 적을 잡는 것. 하지만 범위가 크긴 해도 원채 느린 터라 대놓고 쓰면 안 맞는다. CC기와 연계하면 수월하다.1대1 상황: 제공해 주는 버프량이 생각보다 높지 않아서 평범하게 큰 상황이라면 1대 다수를 이기게 만들어 주지는 않아 함부로 질렀다간 안 하느니 만도 못한 결과를 만들어 내기에[104]딱 1대1 상황인 상태에서 쓰는 것. 다만 이 경우가 그렇게 흔하진 않아서 쿨타임이 낭비가 되는 경우가 많다.엘리전: 차원 안에서는 구조물을 대상으로 지정할 수 없으나, 차원 안에서는 누구의 방해도 받지 않으며 이동 거리 제한도 없는 것을 이용해 넥서스에 접근하는 백도어 전략이 가능하다.4.18.곰 투하[편집]곰 투하사망 시, 플레이어의 증강을 모두 지닌 거대 티버가 하늘에서 떨어져 주변 적을 0.5초 기절시키고 피해를 입힙니다.피해량:  250 - 750(+주문력의 100%)(+ 고정 마법 관통력 1당 2) (+ 비율 마법 관통력 1%당 5)의마법 피해추가 시기2026년 6월 10일사용 챔피언초반의 어마무시한 깡딜로 한번에 여러명 맞출 수 있지만 후반으로 갈수록 이속을 확보한다던지 곰투하를 가진 챔피언을 경계하는 등 대처법이 명확해진다. 또한 티버를 밀어낼 CC기를 가진 적이라면 이후 티버의 공격은 기대하지 않는 것이 좋다. 반대로 CC기도 별로 없고 티버를 녹일 수 없는 상대라면 나름 그 딜이 쏠쏠한 편이다.플레이어의 증강을 보유한다는 특성은 말 그대로 보유자의 증강을 가진 채로 나타난다는 것으로, 예를 들면 폭격기나 광대대학 등의 자폭딜이 티버가 사망할 때도 발동된다. 다만 일부 증강은 버그나 작동 방식의 차이 등으로 작동하지 않는 경우가 더 많아서 기대하지 않는 것이 좋다. 특히 순수주의자와 함께 선택하면 어째서인지 티버의 공속 또한 날아가버려서 평타를 전혀 치지 않으므로 주의.따로 서술되어있지는 않지만 원본이 애니의 궁극기인만큼 스킬 판정을 받는건지 라일라이, 리안드리처럼 스킬 기반으로 발동되는 아이템 또한 곰투하로 등장한 티버로 발동할 수 있다.26.15패치로 스턴 시간이 1.5초에서 0.5초로 감소, 티버 추가 체력이 0 ~ 4,500(레벨에 따라)에서 1000 ~ 6,500(레벨에 따라)로 증가하는 조정을 받았다.4.19.앙파상[편집]앙파상주기적으로 적 챔피언의 급소를 파악합니다. 급소를 기본 공격 또는 스킬로 타격하면 대상 최대 체력의 6%+중첩당 1.5%에 해당하는 고정 피해를 입히고, 50 ~ 200+잃은 체력의 5%만큼 체력을 회복하며, 이동 속도가 50%+중첩당 5% 증가합니다. 이동 속도는 2초에 걸쳐 원래대로 돌아옵니다. 이 효과는 중첩될 수 있습니다.중첩 유지 시간: 8초추가 시기2026년 6월 10일사용 챔피언피오라 패시브를 가져온 증강. 다만 스킬로도 급소를 타격할 수 있으며, 연속으로 타격하면 스택을 쌓아 피해량과 이동 속도가 점점 증가하는 차이가 있다.잘 활용하는 조건은 1. 장판기가 있는 등 어떤 방식으로든 적 타격이 매우 쉬울 것, 2. 기동성이 좋을 것, 3. 장시간 인파이팅이 가능할 것 정도이다. 웬만한 챔피언에게는 완전히 상반된 조건들이라 2개 해당하는 챔피언도 드물다. 스웨인이 그나마 가장 잘 써먹으며, 릴리아, 다리우스, 사미라, 쉬바나, 그웬 등이 다음이다. 이론적으로는 사일러스가 3개 다 해당하지만 실성능은 그닥이다.4.20.열의[편집]열의기본 공격 또는 스킬로 적 챔피언을 타격하면 6초 동안 부활 극대화 중첩을 얻습니다. 최대 10회 중첩되며, 최대 중첩 시 열의 상태가 됩니다.열의: 사망 시 4초에 걸쳐35% ~ 75%()의 최대 체력으로 부활합니다. 이후 15초 동안 적응형 능력치를 25 ~ 200()얻고 적 챔피언을 향해 이동 시 이동 속도가 20% ~ 40%() 증가하며 모든 피해 흡혈을 15% ~ 30%() 얻습니다.90초의 재사용 대기시간이 적용됩니다.추가 시기2026년 6월 10일사용 챔피언열의는자헨의 전쟁 단련(P)와 유사하게, 적 챔피언을 공격하면 중첩을 얻고 최대 중첩 상태에서 사망 시 부활하고 버프를 받는 증강이다. 툴팁에는 나와 있지 않지만 사망 시 증강의 재사용 대기시간이 초기화된다.[105]자헨과는 다르게 중첩 자체에는 효과가 없고 부활 후에 다양한 능력치를 얻으며 강화된다. 부활 자체의 밸류는 뛰어나지만 증강 자체의 효과가 부활 이후에 몰려있기 때문에 스택을 쌓기 전에는 아무런 능력도 없는데, 스택을 쌓더라도 부활을 하기 전에는 어떤 버프도 제공하지 않는다. 부활후 버프는 적응형 능력치, 이속, 모피흡으로 그럭저럭 괜찮은 능력치를 제공하지만 버프의 지속시간은 15초에 연장할 수 있는 수단도 없다.4.21.도박꾼[편집]도박꾼주변 적이 죽을 때 일정 확률(1.5%)로 능력치 모루를 떨어뜨립니다.추가 시기2026년 6월 10일사용 챔피언시너지를 삭제하며 프리즘 증강으로 가져왔다. 미니언뿐만 아니라 적의 소환수, 덫도 파괴될 때 모루를 남기므로 적의 조합에 따라 효율이 달라진다.[106]당연하지만 초반에 뜰수록 좋고 후반에 뜰수록 효율이 떨어진다. 또한 모루는 자신이 살아있을 때만 생성되므로 되도록 오래 생존하는 것이 좋다.이렇게 모은 모루는 증강 및 상점에서 구입하는 모루와 마찬가지로 사망 했을 때 능력치를 고르는 것이 가능하며 아수라장에서 등장하는 모루는 다음과 같다.[107]실버급공격력 11주문력 15공격력 8 + 주문력 12물리 관통력 8마법 관통력 8치명타 확률 8%방어력 12마법 저항력 14방어력 10 + 마법 저항력 10체력 110스킬 가속 11공격 속도 11%공격 속도 10% + 스킬 가속 8골드급공격력 35주문력 50공격력 25 + 주문력 25물리 관통력 20마법 관통력 18치명타 확률 25%방어력 45마법 저항력 45방어력 30 + 마법 저항력 30체력 375스킬 가속 35공격 속도 35%공격 속도 25% + 스킬 가속 20프리즘급치유 및 보호막 효과 증가 25%이동 속도 18% + 크기 10% 감소최대 체력 15% + 크기 10% 증가강인함 30%모든 피해 흡혈 20%[근접]/ 10%[원거리]마법 관통력 17.5%방어구 관통력 17.5%읽어보면 알겠지만, 결국 도박꾼 증강은 본인 챔피언이평타 기반 근접 AD캐리[110]일 때에 효율이 극대화된다는 점을 알 수 있다. 이런 챔프들에겐 모루가 꽝인 경우가 매우 적어서,[111]대부분의 모루들이 유효옵이기 때문이다. 반대로 도박꾼 증강이 가장 어울리지 않는 경우는포킹형 스탠딩 메이지[112]들이다. 이 챔프들은 주문력, 마관, 스킬가속 정도를 제외하면 딱히 도움되는 것이 없으며 오히려 꽝이 더 많다. 그래도 상점에서 750골드를 주고 사야 하는 모루를 공짜로 얻을 수 있다는 점에서 이 모루를 우물에서 능력치로 바꾸기만 해도 높은 골드 효율을 보여주는 증강이라 볼 수 있다. 따라서 평타 기반 AD캐리가 아니더라도 이 증강이 떴는데 다른 2개의 증강의 효율이 낮거나 별로일 경우 도박꾼을 선택하는 것도 장기적으로 봤을 땐 나쁘지 않은 선택일 수 있다.눈에 보일 정도로 파격적인 효과는 아니지만 여러모로 밸런스에 관한 문제가 있는 증강인데, 대표적으로 같은 프리즘 라인에 있는 능력치 모루 4개와 다음 증강 새로고침 기회가 늘어나는능력치 더하기 능력치 더하기 능력치!증강과 비교하면 증강이 마지막에 뜨는게 아닌 이상 무조건 도박꾼이 이득이다. 그리고 능력치 더하기 증강의 경우 모루 등급이 올라가는 보정도 없기 때문에 정 고를게 없을 경우 뽑지만 도박꾼 증강같은 경우 빠르게 나오면 굉장히 많은 양의 모루를 얻을 수 있어 증강이 망해도 모루로 인한 체급으로 상대를 누르는 경우도 있다. 게다가 말자하[113], 자이라[114], 하이머딩거 같은 소환수가 있을 경우 그 소환수도 모루를 소환하기에 도박꾼 하나로 엄청난 체급을 갖출 수가 있어 여러모로 말이 많은 편이다.때문에 모루 드랍확률이 지금에서 33%감소하고 챔피언이 소환하는 소환수들은 66%로 감소하는 패치를 받을 예정이다너프 이후 모루가 나올 확률이 너무나도 낮아져서 과거의 성능을 기대하고 픽했다가 낭패를 보는 유저들이 속출할 만큼최악의 함정증강으로 평가받고 있다. 아예 첫 증강으로 도박꾼을 픽했음에도 게임이 끝날 때까지 모루를 10개도 먹지 못할정도.4.22.궁극기 봇[편집]궁극기 봇스킬 가속이 궁극기에만 적용되지만, 효과가 50% 증가합니다. 스킬 가속이 100 증가합니다.추가 시기2026년 6월 10일사용 챔피언한글 번역이 애매하게 되어있는데, '궁극기'의 효과가 50% 증가하는 게 아니라'스킬 가속' 효과가 50% 증가하는 것이다.즉, 기존 스킬 가속 값이 X였다면, 증강 선택 후 궁극기 스킬가속은 1.5X+150이 된다.[115]유레카, 무한반복 등으로 스킬가속 100만 올려도 궁극기 가속이 300이 되는 셈.해당 증강이 잘 어울리려면 1. 궁극기 의존도가 높고, 2. 궁극기 쿨타임이 길고, 3. 기본 스킬 가속은 딱히 필요 없어야 하는데,이 셋을 모두 충족하는 유일한 챔피언은 단연카서스이다.[116]그 외에는 궁극기 쿨타임이 매우 긴쉔,케넨,타릭[117]이나 궁극기 한방에 올인하는럼블[118],피들스틱, 극딜말파이트등이 있다.특히 (준)글로벌 궁극기를 가진 챔피언이유레카,무한반복,대마법사등과 조합하면 후방에서 궁극기만 쓰면서 게임을 터뜨릴 수 있다.직스,제라스, AP애쉬, AP갱플랭크,티모[119]등.하지만 궁극기보다도 기본 스킬의 가속과 사이클이 중요한 캐릭터에게는 함정이다.기본으로 돌아가기와 정반대인 셈. 따라서 기본스킬이 중요한 챔피언에겐 전환:프리즘에서 나올 가능성이 있기에 주의해야 할 증강이 하나 더 생긴 것이다.쉬바나도 궁극기 의존도 자체는 높지만 오로지 궁극기 가속만 분노 수급에 관여하고, 이 증강은 스킬 가속이 일반 스킬에는 적용되지 않게 하는 거지 궁극기 가속을 올려주는 건 아니라 집으면 오히려 일반 스킬 가속만 못 받게 된다.우디르의 경우에는 패시브 발동에 적용되는 최종형태와는 다르게 R에 적용된다.스킬 가속 능력치에만 영향을 주고받기 때문에 쇼진의 창의 기본 스킬 가속 옵션이나 특정 스킬의 스킬 가속만 대폭 줄여주는 빵과 버터나 퀘스트 시리즈를 선택할 경우 궁극기 봇에는 적용되지 않고 해당 스킬 가속만 수치 그대로 정상적으로 반영된다. 또한 궁극기 봇으로 뻥튀기 된 스킬 가속도 능력치로 인식하기 때문에속행증강에도 영향을 준다.4.23.대마법사[편집]대마법사스킬을 사용하면 사용한 스킬 재사용 대기시간의 30%만큼 다른 무작위 스킬의 재사용 대기시간을 반환합니다.추가 시기2026년 6월 10일사용 챔피언삭제된 대마법사 시너지 효과를 가져온 증강. 처음에는 골드 등급이었으나 성능이 과도하다 판단했는지 프리즘으로 변경되었다. 시너지일 때와 성능은 동일하므로 여전히 질리언 무한 qwqw콤보가 가능하다.4.24.포로 쇄도[편집]포로 쇄도퀘스트: 포로 간식을 모아 포로 5마리에게 줘야 합니다. 25 ~ 15초마다 주변에 포로 간식이 나타납니다.보상: 적 팀에게 포로 무리를 날리는포로 돌격소환사 주문을 얻습니다. 퀘스트 레벨당 추가 무리를 얻습니다.포로 돌격: 포로 무리퀘스트 레벨개를 날려보내 (100 ~ 200+2000%)의 물리 피해를 입힙니다. 첫 번째 무리는 대상을 85% 둔화시킵니다.포로는 미니언에게 15%의 피해만 입힙니다.무리에 맞은 챔피언은 다음 무리로부터 50%의 피해만 입습니다.퀘스트 레벨12345678910포로 스택5122030446390129187275추가 시기2026년 6월 10일사용 챔피언증강을 얻으면 일정 시간마다 주위에 포로간식이 나오게 되고, 포로 간식을 주워 포로에게 5번 주면 '포로 돌격' 소환사 주문을 얻는다. 포로 돌격은 포로 5마리를 마오카이 궁극기처럼 앞으로 날려 보내는 소환사 주문. 포로는 챔피언에게 부딪히면 피해를 입히고 사라지지만 챔피언에게 부딪히지만 않으면 맵 끝까지 날아간다. 포로 간식을 계속 주면 퀘스트 레벨이 올라가 퀘스트 레벨만큼 포로 무리를 추가로 날린다.포로 무리의 데미지는 물리피해이며 오로지 포로에게 간식을 준 갯수에만 비례해서 상승한다. 피해량 계수는 포로 스택의 2000%이므로 간식을 1개 줄 때마다 피해량이 20 늘어난다. 주기적으로 포로 간식이 들어와서 무한정으로 성장이 가능하지만, 인벤토리에 소지할 수 있는 포로 간식은 최대 2개까지이며 그 후론 맵에 나타난 포로 간식을 주워도 더 소지할 수 없으므로 간식을 보유한 즉시 주변에 있는 포로한테 꾸준히 먹여주는 것이 좋다.간식이 먼저 날아가고 그다음에 포로 무리가 돌진해서 발동까지는 시간이 좀 걸리는 편이나, 그래도 범위는 넓어서 진영붕괴로서는 준수한 편이며 포로 간식을 잘 먹여서 성장한 포로 쇄도는 한타상황에 던져 풀히트시키면 은근히 데미지도 쏠쏠한 편이다. 다만 다른 계수가 없고 순수하게 증강을 먹은 이후 시간을 들여 포로 간식을 주워야 성장하기 때문에 첫 증강이 아니면 다른 프리즘 증강에게 힘이 굉장히 밀린다. 물론 첫 증강이어도 성장하는데 어느 정도 시간이 필요하다.4.25.초월 의식[편집]초월 의식적 챔피언에게 피해를 입힌 후 3초 안에 해당 챔피언 처치에 관여하면 8초 동안 정수를 남깁니다. 정수를 공격하면 소모됩니다.정수를 소모하면 해당 위치로 순간적으로 이동하며 대상 지정 불가 및 저지 불가 상태가 되고, 이동 속도가 100% 증가했다가 2초에 걸쳐 원래대로 돌아오며, 잃은 체력에 비례해 (75 ~ 300+추가 공격력의 50%+주문력의 25%)의 체력을 회복합니다. 또한 기본 스킬의 재사용 대기시간이 초기화됩니다.회복량은 잃은 체력에 비례해 100%까지 증가합니다.추가 시기2026년 6월 10일사용 챔피언비에고의 패시브와 삭제된 골드 증강 처형자를 합친 듯한 증강. 비에고와는 달리 적 챔피언이 되는 것이 아니라 본인의 기본 스킬 재사용 대기시간이 초기화된다. 동일하게 기본 스킬 초기화 매커니즘을 가지고 있었던 처형자와 비교하면, 체력 회복과 일시 무적으로 인한 핑퐁 등의 장점이 있지만 반응할 틈도 없이 스킬을 연속 사용하여 반복 처치하는 플레이는 힘들어졌다.4.26.영혼 폭탄[편집]영혼 폭탄아군 챔피언의 체력을 회복시키거나 보호막을 씌우면 영혼 폭탄이 중첩됩니다. 최대 중첩 시 체력이 가장 낮은 아군에게 폭탄을 던져, 해당 아군 및 주변 아군의 체력을 회복시키고 보호막을 2초간 부여합니다.체력 회복량: 대상 잃은 체력의 5% - 15%(+주문력 100당 3%)보호막 흡수량: 대상 현재 체력의 10% - 25%(+주문력 100당 2%)추가 시기2026년 6월 10일사용 챔피언아군을 회복시키거나 보호막을 씌우면 해당 챔피언 머리 위에 원기옥이 나타나며 최대치에 도달하면 체력이 가장 낮은 챔피언에게 날아가 회복과 보호막을 부여한다. 회복텀이 짧거나 보호막을 꾸준히 부여할 수 있는 서포터 전용 증강이다. 계수와 수치 모두 출중한데[120]체력 회복은 잃은 체력 비례에 보호막 흡수는 현재 체력 비례라 효과를 받는 상대의 체력 상황에 관계없이 효율이 보장되어 상대 챔피언에게 보호막을 반감시키는 독사의 송곳니나 치감을 강요할 정도로 효율이 뛰어난 증강이다.본인에게 보호막을 씌울 때도 적용되기 때문에 우물에서 케이닉 루컨을 구매 후 되돌리기를 반복하여 영혼 폭탄을 계속 날리는 버그성 플레이가 있었으나 패치 후 막혔다. 버그성 플레이가 아니어도 성능이 과도해서인지 보호막 유지시간도 4초에서 2초로 너프되었다.4.27.말랑 찰싹 손[편집]말랑 찰싹 손때때로 주변 모든 적 챔피언에게 말랑 찰싹 손을 내보내 4초 동안 연결합니다. 연결된 상태에서 다음 기본 공격 시 연결된 모든 적을끌어당기고(30 ~ 100+추가 체력의 10%)의마법 피해를 입히며0.25초 동안 기절시킵니다.끌어당긴적 1명 당 2.5초 동안 (35 ~ 150+ 추가 방어력의 50%+ 추가 마법 저항력의 50%)의 보호막을 얻습니다.35초의 재사용 대기시간이 적용됩니다.추가 시기2026년 6월 10일사용 챔피언자크 q와 비슷한 매커니즘. 자동적으로 주변 적 챔피언에게 손을 내보내 연결한 다음 평타를 때리면 연결된 모든 적을 끌어당긴다.다만 연결한 적 챔피언을 끌어당기지 못해도 1명이라도 범위 안에 들어가면 발동된 것으로 간주되어 쿨타임이 돌아가 버리는 데다 쿨타임이 35초로 너무 길고 영향력도 미미해서 프리즘에 못 미치는 잉여 증강취급받고 있다. 계수도 체력과 방마저라 탱커 외엔 몰이 효과 밖에 못누리며 탱커들조차 다른 우수한 프리즘 증강들을 냅두고 35초짜리 하자투성이 증강을 고를 이유가 없다.버프를 2차례에 걸쳐 받아서 보호막 흡수량이 증가하고 쿨타임이 감소했으나 근본적인 문제는 그대로라 선호도는 낮은 편이다.4.28.방출 역장[편집]방출 역장궁극기 사용 시, 주변에 영역을 생성합니다. 안에 있는 동안 스킬 가속이 50, 이동 속도가 40% 증가하고 적에게 입힌 피해량의 20%만큼마법 피해를 입히는 투사체를 발사합니다.영역을 처음 밖으로 나가면 따라오지만, 두 번째로 나가면 잠시 후 사라집니다.영역은 6초 동안 유지됩니다.추가 시기2026년 6월 10일사용 챔피언궁극기 사용 시 역장을 생성하고 그 안에서 스스로를 강화하는 증강이다. 메커니즘 자체는 그웬의 W스킬 신성한 안개와 유사하며 1회 한정해서 위치를 바꿀 수 있는 것도 동일하다. 위치만 벗어나지 않는다면 역장을 쭉 유지하는 것도 가능하다.4.29.거인의 결의[편집]거인의 결의피해를 받거나 입히면 중첩을 얻습니다. 10중첩마다 25 - 75의적응형 능력치,5 - 10의 방어력,5 - 10의 마법 저항력, 10%의 크기, 8%의 강인함을 얻습니다.중첩은 6초간 유지되며 피해를 받거나 입히지 않으면 빠르게 사라집니다.추가 시기2026년 6월 10일사용 챔피언26.15패치로 적응형 능력치와 방마저 증가량 버프를 받았다. 방마저보다 적응형 능력치 제공량이 꽤 되기 때문에 탱킹보다는 딜링에 생각보다 도움이 된다. 역으로 말하면 순수 탱킹 능력을 기대하고 고르면 생각보다 빠르게 녹는다.4.30.메아리 시전[편집]메아리 시전특정 스킬을 강화하여 해당 스킬을 사용하면 마우스 커서 위치로 분신을 보내고 스킬을 재사용합니다.추가 시기2026년 6월 10일사용 챔피언명시된 스킬을 분신이 해당 방향으로 나아가서 한번 더 시전하는 스킬. 분신은 체력이 존재하지 않고 지정불가라서 방해도 받지 않기 때문에 영향력이 큰 스킬이나 궁극기일수록 효율이 극대화된다.그러나 출시 당시에는 그브 빨리뽑기, 애니비아 벽, 루시안 돌진 같은 다시 써도 아무 쓸모없는 스킬도 이 증강에 배정되는 등 제대로 확인조차 안한 티가 나는 무성의한 패치로 악평을 받았다. 이후 온갖 비난을 받고 핫픽스 패치로 그러한 스킬에서는 등장하지 않도록 수정되었다. 수정 후에는 광역 스킬을 두 번 연속으로 사용하거나, 포킹기를 난사하여 탄막을 뿌리는 식으로 활용되고 있다.핫픽스 패치를 받아서 아예 의미없는 스킬은 등장하지 않지만 그럼에도 불구하고 챔피언에 따라 효율이 너무 극단적이라 꽤나 불만이 나오는 편인데 특히 몇몇 챔피언은 실버만도 못하다는 평가를 받고[121]몇몇은 프리즘 값을 한다고 평가받는 등 차이가 많이 심하다.4.31.다중 공격[편집]다중 공격퀘스트: 특정 스킬로 적 챔피언을 ?회 맞혀야 합니다.보상: 해당 스킬이 퀘스트 레벨당 추가 미사일을 발사합니다.최대 퀘스트 레벨: 6동일한 시전에서 발사된 투사체가 동일한 상대를 맞히면 30%의 피해를 입힙니다.퀘스트 레벨123456맞힌 적(누적)50/250/700/2000/4000/8000/= 스킬 기본 재사용 대기시간추가 시기2026년 6월 10일사용 챔피언투사체를 발사하는 스킬에 적용되는 스킬 증강. 해당 스킬로 적을 일정 횟수 맞히는 퀘스트를 받으며, 그 스킬은 퀘스트 레벨만큼 추가 투사체를 부채꼴 형태로 발사한다. 퀘스트 달성에 요구되는 타격 횟수는 해당 스킬 1레벨의 기본 재사용 대기시간(스킬 가속 등의 영향을 받기 전)에 따라 달라진다. 구체적으로는 (기본 재사용 대기시간 x 맞힌 적)이 특정 값을 달성해야 한다. 1레벨에 요구되는 값은 50이므로 만약 기본 재사용 대기시간이 10초라면 5회, 8초라면 7회 맞혀야 레벨이 오른다. 최대 레벨이 6이므로 최대 6개의 추가 투사체를 발사할 수 있다. 퀘스트 레벨이 올라갈수록 맞혀야 하는 횟수가 빠르게 증가하여 4~5레벨이 되면 다음 레벨로 올리기 위해 100회가 넘게 맞혀야 되기 때문에 만렙인 6을 찍기 쉽지 않다.벨코즈에게 해당 증강이 뜨면 가히 치트급 성능을 내기로 유명한데, 벨코즈의 Q는추가로 발사하는 투사체 마저도 갈라지기 때문에투사체 갯수가 늘수록 피할 수 없는 불합리한 탄막이 형성된다. 다만 메커니즘이 꼬이는 건지 벨코즈가 해당 증강을 잡고 투사체 갯수가 증가하면 스킬이 끝에 도달하거나 재사용했을 때 갈라지는 투사체가 간헐적으로 안 나오는 버그가 있는데, 그걸 감안해도 사기적인 궁합을 자랑한다.[122]4.32.과충전[편집]과충전특정 스킬을 강화하여 다른 스킬 사용 시 해당 스킬의 재사용 대기시간이 초기화됩니다.추가 시기2026년 6월 10일사용 챔피언특정 스킬에 적용되어 다른 아무 스킬이나 사용하면 해당 스킬의 재사용 대기시간이 초기화된다. 원래부터 재사용 대기시간을 초기화시키는 매커니즘이 있는 경우 무한 난사가 가능하다. 예를 들어 라이즈 e에 과충전이 적용되면 무한 qeqe가 가능하고, 키아나는 w에 과충전이 적용되면 무한 qwqw가 가능하다. 질리언도 무한 qwqw가 가능했으나 패치로 질리언한테는 나오지 않는 것으로 보인다.4.33.바늘꽂이[편집]바늘꽂이특정 스킬을 강화해 해당 스킬 지속시간 동안 기본 공격 시 표식을 남깁니다. 지속시간이 끝나면 표식이 폭발해 피해를 입히고 이동 속도가 증가합니다. 대상을 처치할 만큼 피해량이 축적되면 처형합니다.피해량: 대상에게 쌓인 표식 개수당 20 - 60의물리 피해이동 속도 증가량: 소모된 총 표식 개수당 10추가 시기2026년 6월 10일사용 챔피언지속 시간이 있는 자가 버프기 스킬에 적용되는 스킬 증강. 칼리스타의 뽑아찢기와 유사하게 평타로 스택을 쌓은 후 지속 시간이 끝나면 자동으로 스택을 소모하며 피해를 준다. 피해량에 어떤 계수도 없고 레벨 비례 피해만 있기 때문에 성장성이 매우 좋지 않다. 예를 들어 지속시간 동안 10대를 때렸다고 가정하면 만렙 기준 600의 피해를 준다. 그런데 양손잡이의 경우 총 공속이 10% 증가하므로 11대를 때릴 것이고 각 평타당 추가 피해량 40%를 입히므로 추가되는 총 피해량은 5.4 총 공격력이다. 공격력이 300이라고만 가정해도 추가 피해량이 1500이 넘어간다. 심지어 양손잡이는 상시 지속에 치명타, 적중시 피해량은 계산하지도 않은 것. 이동 속도 버프가 있다는 걸 감안해도 피해량이 너무 낮다.다만, 애쉬가 해당 증강을 들었을 때는 이야기가 다르다. 애쉬의 Q - 궁사의 집중은 평타가 약화된 5연발 공격으로 변환이 되나 적중 시 효과는 한 번만 적용되지만, 이 증강은 괴상한 판정으로 Q 투사체 하나하나에 전부 못이 꽂히기 때문에 다른 챔피언들은 기본 공격할 때마다 못이 하나씩밖에 안 박히는 반면 애쉬는 Q 버프가 켜진 상태에선 기본 공격 한 번에 못이5개씩꽂히기 때문에 계수 없이 기본 피해량만 있다는 걸 감안해도 효율이 엄청나게 좋다. 물론 애쉬에게도 고점은 양손잡이가 더 높다는 건 변함이 없지만 표식이 터졌을 때의 무지막지한 이속 펌핑으로 나름대로 차별화가 가능하다.4.34.주문 분산[편집]주문 분산특정 스킬을 강화하여 해당 스킬의 투사체가 적중하거나 최대 사거리에 도달하거나 재사용 시 두 개로 나뉩니다.추가 시기2026년 6월 10일사용 챔피언투사체 스킬을 벨코즈의 Q처럼 바꾸는 증강. 단, 원본과는 달리 본 투사체를 맞은 적이 갈라진 투사체를 같이 맞을 수 있다. 투사체가 날아가는 동안 해당 스킬 아이콘이 벨코즈처럼 잠시 바뀌는데, 재시전 시 투사체가 반으로 쪼개질 타이밍을 임의로 앞당길 수 있다.다만 두 개로 나뉘는 기준이 스킬이 적중하는 시점이라서 미니언 같은 적 유닛도 타격하는 스킬은 스치기만해도 그 지점에서 둘로 쪼개진다. 반대로 챔피언만 적중하는 스킬은 상술한 대로 임의로 쪼개거나 챔피언을 적중했을 때만 둘로 쪼개진다. 쪼개졌을 때도 사거리가 반토막이 나는 경우도 있어서 챔피언 별로 효율이 갈리는 증강이지만, 폭이 좁은 칼바람맵 특성상 동선을 방해하는 의의도 있다.이 증강은 특히블리츠크랭크가 집었을 때 악명이 매우 자자한데, 벨코즈 Q 특성을 그대로 가져왔다 보니 다중 그랩은 물론이고 고각도로 끌어오는 것도 가능해서 예상치 못한 타이밍에 상대 챔피언이 여럿 끌려오는 경우가 부지기수이다. 니달리도 맞히기 힘든 게 문제지 딜은 억소리나게 강한 창이 회피 난이도까지 까다로워져서 위력이 상당하다.4.35.3연발[편집]3연발특정 스킬을 강화하여 해당 스킬이 전방에 있는 적 2명을 추가로 대상 지정합니다.추가 시기2026년 6월 10일사용 챔피언단일 타게팅 투사체 발사 스킬에 적용되는 증강. 해당 증강으로 강화된 스킬은 전방 2명에게 추가로 투사체를 발사한다. 카시오페아나 라이즈같이 같은 투사체 스킬을 타게팅으로 여러번 난사 할 수 있는 챔피언들에게 특히 효과 좋은데, 극악무도와 조합되면 한번에 주문력을 3씩 쌓을 수 있다.브랜드의 궁극기의 경우 추가 발사된 투사체는 튕기지 않는다.[123]4.36.퀘스트: 궁극의 히드라[편집]퀘스트: 궁극의 히드라효과: 히드라 아이템을 완성하면 티아맷을 획득합니다.퀘스트: 굶주린 히드라, 불경한 히드라, 거대한 히드라를 획득해야 합니다.보상: 궁극의 히드라를 획득합니다.추가 시기2026년 8월 26일사용 챔피언궁극의 히드라폭발적인 피해6000고유 지속 효과: 쪼개기공격력200스킬 가속25물리 관통력25체력1000모든 피해 흡혈15%궁극의 쪼개기기본 공격 시 주변 적들에게(80%｜40%)+(2%｜1%)의 물리 피해를 입힙니다.궁극의 히드라(10초)활성화 시 다음 기본 공격이 강화되어 주변 적들에게160%의 물리 피해를 입힙니다. 또한 적중 시(6%｜3%)의 물리 피해를 입히고 대상 뒤의 적들에게(10%｜5%)의 물리 피해를 입힙니다.쪼개기에는 생명력 흡수 효과가 적용됩니다.구조물에는쪼개기가 발동되지 않습니다.""쓰윽삭!""다른 아이템 퀘스트 증강처럼 퀘스트 달성 시 각 전설 아이템의 효과가 합쳐진 강력한 아이템을 제공하는 증강. 단점도 마찬가지로 달성 전에는 거의 없는 증강이라는 것. 처음 증강을 골랐을 때는 아무 것도 제공하지 않지만 히드라를 완성할 때마다 1200골드의 가치가 있는 티아맷을 제공하기 때문에[124]완성하려면 굶주린 히드라 3300 + 거대한 히드라 3300 + 불경한 히드라 2850 - 티아맷 1200x2 = 7050골드가 필요하다(궁극의 히드라 완성 시에는 티아맷을 제공하지 않는다).전설급 아이템을 무려 3개나 요구하는만큼 성능 자체는 파격적이다. 공격력이 무려200에 달하고 체력도 거드라의 두 배인 1,000이나 제공하는데 생명력 흡수가 달린 굶드라와 달리 모든 피해 흡혈이 달려있고 스킬 가속도 적지 않게 제공하며, 쪼개기 피해도 공격력 계수와 체력 계수가 모두 달려있으며 사용 효과 또한 거드라의 거대한 초승달을 기반으로 하지만 굶드라의 굶주린 초승달이 같이 발동된다.다만 파격적인 단일 성능을 감안해도 터무니없이 비싼 가격이 발목을 잡는다. 비슷한 아이템인 퀘스트: 우글렛의 마녀 모자와 비교해도 라바돈의 죽음모자(3500) + 존야의 모래시계(3250) - 쓸데없이 큰 지팡이(1200) = 5550원으로 1500원이나 차이나며,[125]증강을 고르자마자 쓸데없이 큰 지팡이 하나를 기본적으로 제공해주어서 완성하기 전의 현타를 어느정도 극복할 여지를 주고 첫 증강이면 깡주문력빨로 강하게 압박할 수 있으나, 궁극의 히드라의 경우 히드라 계열 아이템을 완성할 때 티아맷을 제공해주기 때문에 고른 직후에는 증강이 없는것이나 마찬가지다. 또한 웬만한 AP들은 라바돈과 존야를 둘다 쏠쏠하게 써먹을 수 있어 모두 고르는 편이지만[126]히드라의 경우 AD 브루저 내에서도 어울리는 챔피언이 제한적이라 우글렛의 마녀 모자보다는 범용성이 떨어진다.그리고 존야와 라바돈은 AP들이 빠르게 올려도 상관없지만 히드라의 경우 윤 탈 야생화살이나 몰락한 왕의 검 같은 1코어로 효율적인 아이템을 거르고 먼저 올려야 하는지라 다른 아이템을 뽑는 시점이 굉장히 느려지며, 만약 다른 아이템을 먼저 올리면 그만큼 궁드라의 타이밍이 느려져서 프리즘 증강이 없이 게임하는 시간이 길어진다.원딜에게도 해당 증강이 뜨긴하는데 웬만해서는 안잡는게 좋다. 궁드라의 딜이 원거리 딜러에게는 정확하게 반토막이 될 뿐더러 정통 치명타 원딜이라면, 7050원, 즉 2코어 이상의 돈을 궁드라에 쏟아부어야하기에 치명타 확률을 얻는 시간이 굉장히 느려지며 다음 평타에 적용되는 거드라를 제외하면 엑티브 효과가 챔피언 중심에서 발동하기 때문에 궁드라를 완성하기 전까진 거드라밖에 못 쓴다. 게다가 이러한 조건을 무시할만큼 궁드라가 원딜에게 어울리지도 않아서 원딜에게는 함정이다. 물론 깡스펙이 좋긴해서 궁드라를 포함해 풀템을 띄우면 좋기야 하겠지만 문제는 궁드라가 나오게 되면 다른 챔피언은 2코어 반쯤이나 잘컸을 경우 3코어가 나오는데 궁드라의 가격이 2코어 반 정도니 딜링을 올리기위해 신발을 버리는 풀템을 뽑으려면무려 7코어 반 가격이 필요해서사실상 불가능하다.[127]그나마 이러한 악조건을 견디고 가장 잘 써먹는 챔피언은 바로카타리나로 궁 한틱당 전부 쪼개기가 터져서 가히 압도적인 광역 딜링이 가능하다.[128]여담으로 비슷한 고유 사용 효과 아이템을 중복으로 올릴 경우 하나를 사용하면 고유 사용 효과를 공유하는 아이템이 전부 다 쿨타임이 돌았으나[129]이 증강을 들고 궁드라를 완성하기 전의 히드라의 경우 전부 다 개별로 쿨타임이 돈다. 즉 굶드라를 쓰고 거드라를 이어서 쓰거나 불드라를 쓰고 굶드라를 이어서 쓰는게 가능하다.5.삭제/비활성화된 증강[편집]두 모드 전부에서 삭제/비활성화되어 등장하지 않는 증강. 잠수함 패치로 재활성화하는 경우도 있다.5.1.어깨 위의 악마[편집]어깨 위의 악마작은 악마와 직접 계약을 맺습니다. 지속적으로 생명력을 흡수당하지만, 대가로 챔피언 대상 추가 고정 피해를 부여하고 획득할 수 있는 체력 회복 파편을 남깁니다. 챔피언 처치 관여 시 작은 악마가 광분 상태가 되어 짧은 시간 동안 이 증강의 효과가 증폭됩니다.추가 시기2026년 2월 4일사용 챔피언챔피언 머리 위에 악마 티모가 달라붙으며 주변에 원형 범위가 표시된다. 어떤 유형이든 상대 챔피언에게 피해를 입히면 붉은 포션처럼 생긴 파편이 떨어지는데 이를 획득하면 체력이 대량으로 회복된다. 단, 머리 위의 티모가 체력을 계속 갉아먹는다. 소위 말하는폭탄 목걸이증강.대치가 길어지거나 사거리 차이로 얻어맞기만 한다면 최악의 증강, 반대로 난전 위주 혹은 포킹 후 파편을 줍고 다녀도 될 정도로 포지셔닝이 여유로운 조합이면 다른 의미의 페널티를 지닌 유리대포 증강으로 활용할 수 있다. 또한 골드 증강 인내심과 조합하면 체력 감소 페널티를 상쇄할 수 있다.아수라장 전용 증강이었으나 26.9 패치부터 아레나에도 등장한다.26.12패치로 아수라장에서 삭제되었다. 또한 아레나 모드에서 비활성화되었다.5.2.포로 왕의 바운스 (-)[편집]포로 왕의 바운스소환사 주문이 포로 왕의 바운스로 변경됩니다!포로 왕의 바운스: 포로 왕으로 변신하여 저지 불가 및 유체화 상태가 됩니다. 70%의 피해량 감소 효과와 40%의 이동 속도를 얻지만, 침묵 상태가 되고 기본 공격을 할 수 없습니다. 또한 주기적으로 튀어 오르며 주변 적에게 물리 피해를 입히고 뒤로 밀어냅니다.추가 시기2026년 2월 4일사용 챔피언사용하면 포로 왕으로 변신하여 저지불가 상태가 되고 접촉된 적은 1회 한정으로 에어본을 건다. 즉, 저지불가와 피해 감소가 추가된 자크의 궁극기다. 진영 붕괴에도 좋고, 피해량도 준수해서 물몸 딜러 정도는 빈사로 만들거나 죽일 대미지가 충분히 나온다. 높은 피해량 감소량이 있어 타워 안에서 정비하는 적들을 방해하거나 어그로를 끌어서 아군이 체력이 적어진 타워를 깨는 것을 보조하는 식으로 쓸 수도 있다.해당 증강의 장점은 저점이 높아 성능이 안정적이라는 점이다. 피해량 감소량은 전 구간 고정이고 접촉 시 피해량도 레벨 계수라서 아이템이 아무리 못 뜬 상태라도 적잖은 딜량이 보장된다. 적 팀이 물몸 딜러 1~2명만 잘 큰 상황이거나 앞라인이 없는 물몸 위주의 조합이라면 더욱 효율이 좋다. 특히 상대방의 주요 캐리 라인에게 끈덕지게 달라붙어 방해하며 1대1 교환을 노리는 스커지형 전략에 적합하다.챔피언의 몸에 판정이 있거나, 적에게 빠르게 접근할 수 있게 해 주는 다른 스킬들과 연계하기도 좋다. 가령 레넥톤은 궁극기를 켜 두면 변신해서 튀는 동안에도 강신의 도트 대미지가 그대로 들어가서 딜링에 소소한 도움이 되며, 가렌의 심판, 사미라의 지옥불 난사, 아이템 끝없는 절망도 마찬가지다. 우르곳의 심판의 원 또한 바운스 중에도 자동 사격 및 패시브가 발동되어서 역시나 궁합이 좋다. 혹은 광대 대학 증강을 함께 먹은 챔피언이나 샤코가 은신 판정을 이용해 기습적으로 사용하기도 좋고, 폭격기나 자폭 증강을 먹은 챔피언이 무지성 자폭 돌격을 강행하며 적진을 붕괴시킬 수도 있다. 또한 계수는 존재하지 않지만 물리 데미지라는 특성상 방어구 관통력을 적용받기 때문에 암살자 챔피언들이 쓰기에도 나쁘지 않다. 나피리 등의 적진 한복판으로 돌진하는 챔피언들이 스킬 한 사이클을 돌린 후 자신은 데미지 감소를 받고 광역 폭딜과 CC기를 넣으며 다음 스킬 쿨타임을 기다리는 것이다.종합하자면 기본적으로 높은 피해량 감소량과 계수가 존재하지 않는 괜찮은 깡딜 덕에, 근접전을 하는 챔피언이라면 언제 먹어도 좋은 성능을 내는 안정적인 증강이다. 물론 능력치 관련 계수가 없어 다른 증강 및 아이템과의 시너지를 통한 극한의 고점을 노리기에는 힘들고, 상대가 전반적으로 몸이 튼튼한 브루저 및 탱커 위주의 조합일 경우 힘이 다소 빠지는 편이지만, 상대가 딜러 위주의 조합이라면 후반에도 상당한 밸류를 자랑한다. 이러한 특징 덕에 1레벨에 등장했을 때 효율이 매우 높은 증강 중 하나인데, 성장 의존도가 낮다는 특징 덕에 다른 프리즘 증강들에 비해 1레벨에 강하고, 브루저, 탱커들의 탱킹/피흡이 완성되지 않은 극초반에는 포로 왕의 바운스가 적 모두에게 아프게 꽂히기 때문이다.초기에는 저지불가라고 적혀 있음에도 피해 감소가 적용되지 않고 상대 챔피언에게 침묵이나 이동 불가 CC기에 걸리면 그대로 바운스도 멈추고 횟수도 날려먹는 치명적인 버그가 있었으나 현재는 수정되었다.아수라장 전용 증강이었으나 26.9 패치부터 아레나에도 등장한다.26.12패치로 아수라장에서 삭제되었다. 또한 아레나 모드에서 비활성화되었다.5.3.??? (-)[편집]???신호 위치에 2초 후 미사일을 발사해 적에게는 100~400 (+잃은 체력의 10%) 의 마법 피해를, 아군에게는 50~200 (+잃은 체력의 10%) 의 체력을 회복시킵니다. (쿨타임 15초)추가 시기2026년 2월 4일사용 챔피언시너지-신호를 통해 맵 상의 유닛에게 직접 영향을 끼치는 최초의 효과.적이 사라짐신호(일명 미아핑)을 찍으면 해당 위치로 물음표 발사체가 날아가 일정 범위 내의 아군에게는 회복을, 적군에게는 마법 피해를 적용한다. 쿨타임은 15초라고 되어 있지만 실제로는 15초 동안 핑을 3번까지 찍을 수 있기 때문에 15초마다 3번씩 사용할 수 있다.발사체는 핑만 찍는다면 맵 상 어디든 날아가므로 사실상 무제한의 사거리를 가지고 있다. 하지만 탄속이 아주 느리기 때문에 거리가 멀어질수록 원하는 대상에게 맞히기가 매우 어려워진다. 견제기 내지는 글로벌 딜링기를 기대하고 선택한다면 효율은 완전히 꽝 수준. 반면 자신이나 주변 아군의 발밑에 시전해 힐을 하는 용도로 쓸 경우 꽤나 준수한 효율을 가진 광역 회복기가 되며, 특히 대치 구도가 길게 이어지는 양상의 게임이라면 확연히 체감할 만한 수준의 유지력을 제공해 준다. 무작위 총력전에선 아군을 회복시킬 때 회복량이 50%로 감소하지만 이 증강은 예외적으로 회복량 페널티가 없어 워모그 저리가라할 유지력을 자랑한다.단, 일반적인 스킬과 다른 시전 메커니즘으로 인해 15초마다 3회를 칼같이 사용하려면 손이 굉장히 바빠지게 된다. 전투에서 조작해야 할 키가 많은 딜러나 원딜, 브루저보다는 후방에서 비교적 여유롭게 아군을 지원할 수 있는 서포터 챔피언들에게 적합한 증강이라 할 수 있다. 허나 말이 그렇지 사실상 어느 챔피언이건 모두 동일한 효율을 보이기 때문에 언제 집어도 무난한 증강이다.사망한 상태에서도 핑을 찍어 물음표를 날릴 수 있다. 이때 물음표는 자신이 사망한 위치에서 날아가게 된다. CC기나 정신 집중으로 발이 묶인 상대를 견제하거나 체력이 낮은 아군에게 열심히 힐을 날려 보자. 여러모로 유틸성에 몰빵한 증강이다.사용팁이 있다면 핑을 지속적으로 찍어야 하기 때문에 기존의 드래그 방식보단 별도의 단축키를 미리 지정해두는 것이 더욱 편하다. 또한 아군 체력 회복이 목적이라면 움직이고 있는 아군한테 에임을 맞추기 보단 가까운 거리에서, 그리고 한 곳에 집중적으로 핑을 날리는 것이 적중률이 높다. 팀원의 체력이 거덜나 정비가 필요한 상태라면 임의의 위치에 핑을 찍어두고 사라짐 신호를 보내면 알아서 모일 것이다. 반대로 공격용으로 사용하고자 한다면 상대가 이동불가 CC기에 묶여있지 않는 이상 동선을 방해할 수 있도록 주변에 넓게 뿌려주는 것이 좋다.이렇게 높은 유지력과 드물지만 서브딜 능력도 있어 초반에 뜨면 이만한 사기급 증강이 없지만 후반으로 갈수록 늘어나는 다른 증강과 높아진 스펙으로 단번에 승부가 나는 경향이 짙어지기 때문에 게임이 길게 끌릴수록 효율이 점점 줄어든다.성능 외적 단점으로 지적받는 부분은 핑을 통해 발동하는 증강이라물음표 핑 멘트가 채팅창을 죄다 가린다는 점이다.증강 칼바람 자체가 채팅을 자주 칠 일이 없는 가벼운 분위기의 도파민 위주 모드이긴 하지만, 궁극기나 표식 시간 핑, 나서스나 스몰더가 스택을 배려해 달라고 요청하는 스택 핑, 그 외 간단한 전술 채팅 등 원활한 게임 플레이를 위해 필요한 핑까지 게임 내내 도배되는 ? 핑에 가려져 버린다. 물음표 핑 특유의 소리와 모양에서 오는 스트레스는 덤. 해당 증강을 먹고 찍는 물음표 핑은 신호 차단으로도 막을 수 없기 때문에[130]해당 불편함은 현재로서는 해결이 불가능하다. 추후 패치를 통해 신호 차단으로 채팅창에 올라오는 핑만이라도 막을 수 있도록 개선이 필요할 부분.아수라장 전용 증강이었으나 26.9 패치부터 아레나에도 등장한다.첫 공개 당시에는 핑을 이용한다는 굉장히 참신하고 시각적으로 웃겨보여서 평가가 좋았지만 본섭에 적용되고 나서 실제로 플레이해 보면 초반에 나왔을 경우에는 상대하는 쪽에서 그야말로 불합리함의 끝을 보여주는 경험을 하게 만드는지라 여론이 상당히 나쁜 증강으로 변했다. 특히 ???증강의 대처법은 회복을 하기 전에 극딜로 폭사시키거나 회복으로 소모전을 하지 못하게 대치 상황을 유지하는 게 아니라 한타를 개시해 한타 한번에 상대를 전부 죽이는 것으로 대처해야 하는데 증강이 쌓여 딜이 상향평준화되는 후반이면 몰라도 초반에 템도 모자라고 증강도 딱 하나 있는 상태라면 딜보다 ???증강의 힐이 더 높아서 결국 유지력에 아군만 죽는 그림이 상당히 많이 나온다. 이로 인해 ???증강이 채팅을 도배하는 문제보다도 그냥 불쾌하다는 평이 지배적이었고 삭제해달라는 여론도 상당히 많았는데 결국 26.12 패치에서 아수라장과 아레나 양쪽에서 모두 삭제되었다.5.4.공허 균열[편집]공허 균열적에게 스킬로 피해를 입히면 공허 상흔이 생성됩니다. 주변에 다른 공허 상흔이 있다면 두 상흔이 모두 사라지고 그 사이에 균열이 생성됩니다. 균열 내부에 있는 적은 마법 피해를 입고 둔화됩니다.추가 시기2026년 2월 4일사용 챔피언말자하의 Q스킬과 이렐리아의 E스킬 메커니즘을 적당히 합친 듯한 증강. 특이하게도 증강 피해량(100-450+6.0 물리 관통력+6.0 마법 관통력)은 AD, AP나 체력 계수는 일절 없이 관통력 계수만 갖고 있고 %관통이 아닌 일반 관통만 적용된다. 또한 물관 계수는 있지만 증강의 피해 유형은 마법 피해로 고정이다.상흔을 하나 생성한 것만으로는 효과가 없기 때문에 최소 2회 혹은 2명 이상 때려야 발동하며, 대상은 어느 적 챔피언이든 상관없으므로 스킬 사용 빈도가 잦거나 한번에 여러 명을 맞힐 수 있는 범위형 스킬을 가진 챔피언에게 선호된다.장판기 중엔 매 틱마다 이걸 발동시키는 경우도 있다. 또한 아이템의 사용 효과도 피해량을 가지고 있다면 상흔을 생성하며[131],아지르의 경우 모래 병사의 평타에도 매번 발동되므로 효율이 매우 좋다.26.12패치로 아수라장에서 삭제되었다.5.5.카피바라 폭격[편집]카피바라 폭격카피바라 폭격 소환사 주문을 얻습니다.잠시 후 카피바라를 소환해 최대 체력의 30%에 해당하는 고정 피해를 입힙니다.추가 시기2026년 2월 4일사용 챔피언26.03 패치 이후 아레나의 궤도형 레이저를 대체하는 증강. 잔열 데미지를 남기는 장판이 사라지고 폭격 최대 체력 비례 피해량이 소폭 감소한 대신 발동 속도가 2초로 줄어들었다. 출시 초기에는 재사용 대기시간이 75초였으나 추후 패치로 궤도형 레이저와 동일한 45초로 감소했다.이후 26.6 패치에서 범위가 증가하고 고정피해가 다시 30%로 증가하는 버프를 받았다.패치 노트의 삭제 목록에는 없지만 26.12패치로 아수라장에서 삭제된 것으로 보인다.5.6.컵케이크 조심해![편집]컵케이크 조심해!이따금 컵케이크가 다리 위로 날아갑니다. 컵케이크를 잡으면 골드를 획득하고 처음 컵케이크에 닿은 챔피언 및 주변 아군의 체력을 회복합니다. 체력 회복량에 따라 골드를 획득합니다.추가 시기2026년 2월 4일사용 챔피언해당 증강을 선택한 챔피언을 중심으로 넓은 반경에 발동하며 맵의 양옆에서 컵케이크가 계속 날아온다. 컵케이크와 접촉하면 약간의 둔화와 골드, 체력회복이 가능하다. 아군이 선택했을 경우 초록빛, 적이 선택했을 경우 붉은 빛이 맴돈다.적이 선택한 이 증강으로 인해 날아오는 컵케이크를 받아먹어도 체력 회복은 이루어지나 골드는증강을 선택한 챔피언에게 지급되므로 적의 컵케이크는 되도록이면 먹지 않는 게 좋다.프리즘 증강치고는 상당히 아쉬운 증강이다. 골드 수급은 쏠쏠하지만 상대도 먹어서 체력회복이 가능하고, 먹었을 경우 짧지만 둔화에 걸리며, 무작위로 나타나기 때문에 의식적으로 먹으러 이동해야 한다는 단점이 있어서 여러모로 애매한 증강이다. 골드는 비를 타고 시너지를 발동시키는 용도가 아니라면 선택 우선순위가 낮다. 이는 초기의 괴랄한 유지력과 골드 수급량이 수차례 너프되고 단순무식했던 골드 시너지의 리워크로 위력이 많이 줄어든 탓이다.26.12패치로 아수라장에서 삭제되었다.5.7.깊은 상처[편집]깊은 상처공격 속도가 50% 증가합니다. 방어력에 비례해 적중 시 ((20~40ㅣ10~20)(+25%ㅣ20%) 추가 방어력) 고정 피해를 입힙니다.추가 시기2025년 10월 22일사용 챔피언아레나의 프리즘 아이템흑강철 발톱을 증강으로 구현한 것으로 아이템 특성상 자체 성능이 상당히 구리다. 방어력과 공격 속도를 동시에 사용하는 챔피언도 거의 없을뿐더러 고정 피해 수치도 방어력이 높아진 후반까지 가지 않으면 체감이 잘 되지 않는다.최근 패치로 공격 속도 50%가 추가된 이후, 공속이 높은 브루저가 죽음의 무도나 탱템을 섞어서 활용하면 어느 정도 딜이 쏠쏠하게 들어간다. 대표적으로 평타를 굉장히 많이 치는 브루저인 신 짜오와 트런들이 효율이 좋은데 둘은 자체적으로 공속을 얻을 수 있는 스킬도 있어서 꽤나 좋다. 또는 방어력은 올리지 않아도 공격 속도 50%와 기본 고정 피해를 보고 마스터 이나 벨베스, 베인 등이 가기도 한다.상대 팀이 모두 AD라서 방어력에 올인할 수 있다면 탱커로도 생각보다 괜찮은 딜을 보여준다. 특히 대량의 방어력을 얻을 수 있는 말파, 람머스, 혹은 방어력이 높으면서 공속 버프도 있는 타릭 같은 챔피언에게 잘 어울리는 편.26.12패치로 아수라장에서 삭제되었다.5.8.미카엘의 축복 업그레이드[편집]미카엘의 축복 업그레이드미카엘의 축복 재사용 대기시간이 45초로 감소합니다. 미카엘의 축복을 획득합니다.아이템 사용 시 방해 및 이동 불가 효과를 정화하고 사거리 내 아군의 체력을 150~450(+50%)의 체력을 회복하며, 3초 동안 강인함을 65% 증가시킵니다.추가 시기2025년 10월 22일사용 챔피언미카엘의 축복 완제 아이템을 획득하고,[132]사용 효과가밀리오의 궁극기처럼 범위 내 모든 아군의 체력을 회복하고 CC기를 해제시켜 주는 범위 스킬로 바뀐다.버프 전에는 선택률이 바닥이었다가 버프를 받은 뒤에는 숨은 꿀증강으로 활약 중이다. 유틸형 서포터가 아니라 마법사, 탱커, 원딜러, 암살자 등 그 어떤 챔피언이라도 아이템창이 꽉 찰 때까지 갖고 있다가 팔아도[133]이득일 정도로 사용 효과가 강력하다. 무작위 총력전 특성상 아군에게 주는 힐량이 반토막 남에도 5인 광역 힐+CC 해제기에 효율이 좋다. AP 계수까지 붙어 있어 AP 챔피언이 들고 가면 소라카를 끼고 6:5를 하는 수준. 아이템 칸을 차지한다는 유일한 단점도 모루의 등장으로 해결되었다.광역 CC기 해제 효과는 더할 나위없이 강력하지만 힐량만 해도 매우 준수해 기존의 미카엘과는 다르게 상대 조합에 CC기가 많지 않다면 쿨타임이 돌 때마다 아끼지 않고 힐팩처럼 쓰는 것도 좋다.주의사항으로 미카엘 하위템을 아이템창에 보유 시 하위템이 사라지며 미카엘 아이템으로 변해버린다.26.12패치로 아수라장에서 삭제되었다.5.9.엄마 찾는 아기 고양이[편집]엄마 찾는 아기 고양이몇 초 후 가장 가까운 아군 챔피언과 결속하여 자신과 해당 챔피언 사이에 400 반경의 연결 고리를 형성합니다. 연결 고리가 지속되는 동안 이동 속도가 75% 증가 하고 회복 및 보호막 효과가 50% 증가합니다. 또한, 1500 유닛 이내에 있는 결속된 아군을 향할 때 이동 속도가 37.5% 증가 합니다.추가 시기2025년 10월 22일사용 챔피언시너지삐뽀삐뽀아군 챔피언이 엄마 고양이로 지정되면, 그 챔피언에게 다가가는 속도가 빨라지고 주는 버프 효과가 강화되는 증강. 소라카의 패시브와 유미의 패시브를 합쳐놓은 증강이라고 생각하면 편하다. 증강 이름은 유미한테서 따온거겠지만 사실 유미보다소나전용 증강이라 할 정도로 찰떡궁합이다.결속 범위가 400밖에 되지 않아서 대부분의 보조 스킬들이 사거리가 400이 초과한다는 걸 생각한다면 실제로 효과를 보기는 매우 어렵지만,소나는 모든 기본스킬 오오라의 반경이 400이다.챔피언에게 붙어 있는유미는 회복효과는 보기 좋지만 이속증가는 버리는 효과가 된다. 회복 및 보호막 효과 증가 50%는 엄마 고양이와 400범위 내에만 있으면 다른 아군에게도 적용되지만 난전이 벌어지는 와중에 엄마 고양이와 떨어져 있는 경우가 많아소나나유미가 아닌 이상 효율을 보기는 어렵다.사실 결속 범위보다도 더 큰 단점은엄마고양이를 임의로 지정할 수 없다는 것이다. 증강을 선택하는 순간 가장 가까운 아군 챔피언으로 강제 지정이 되며, 해당 챔피언이나 본인이 죽을 때까지 결속이 유지된다. 우물에서 부활할 때 다시 가장 가까운 챔피언과 결속되므로 아군 탱커챔피언이랑 같이 부활한다면 강제로 탱커 옆을 따라다니거나 증강효과를 아예 버리고 딜러챔피언 옆에 있는 수밖에 없다. 결속은 2초가량 걸리므로 그 사이에 거리조절을 해서 결속할 챔피언을 고를 수는 있으나, 교전 중에는 쉽지 않다.엄마 고양이를 지정하면 ""OOO(소환사 이름) 님이 엄마를 찾았습니다옹.=^w^="" 이라는 시스템 메시지가 출력된다.26.12패치로 아수라장에서 삭제되었다.5.10.체력 회복 광선[편집]체력 회복 광선2.5초 동안 체력 회복 광선을 발사해 아군에게는 100~380()(+70% 주문력)(+50% 추가 체력)체력을 회복시키고, 적에게는 50~300()(+50% 주문력) 마법 피해를 입히며 둔화시킵니다.추가 시기2025년 10월 22일사용 챔피언벨코즈의 궁극기와 비슷한 회복광선을 쏴서 주변 아군의 체력을 회복시키고 광선에 닿은 적에게 데미지를 준다. 딜량은 보잘것 없지만 회복량은 높아서 일반적인 챔피언은 한번에 50~60%의 체력을 회복한다. 시전자 본인도 회복하며 쿨타임은 표식과 동일하다. 단 아수라장에는 칼바람에서 넘어온 아군에게 받는 회복량 50% 감소 페널티가 있음을 감안해야 한다.서포터 챔피언 전용이라고 생각할 수도 있지만 AP 계수 및 추가 체력 계수[134]가 꽤나 높아서 메이지, 탱커 챔피언들도 나름 쓸 만하다. 시전 중 움직일 수 없는 점이 단점. 1티어급 증강이 없을 때 차선책으로 고려할 만하다.회복형 프리즘 증강 중에서는 미카엘 업그레이드와 비교되는데, 미카엘은 2400골드짜리 아이템을 공짜로 지급하는 데다 템칸을 차지한다는 단점 또한 추가 능력치 모루로 상쇄시킬 수 있고, 광역 정화와 힐을 한 틱만에 즉시 넣을 수 있다는 장점이 있다. 반면 체력 회복 광선은 소환사 주문 한 칸을 차지하는 것과 사용 시 2.5초 동안 위치가 고정된다는 단점이 있는 대신, 미카엘과는 달리 체력 계수가 있어 탱커 챔피언들도 활용이 가능한 동시에 체감 힐량이 매우 높으며 미미하지만 딜링 및 둔화 효과도 있어 난전에 보탬이 된다.2026년 5월 2일 증바람 기준 흡혈병을 든 아군도 아무 문제 없이 회복시키는 버그가 있다. 게임 종료 후 아군 회복량에 체력 회복 광선의 회복량이 포함되지 않는 것을 보아, 체력 회복의 매커니즘이 일반 회복과 다른 것에 기인한 버그인 것으로 추정된다.26.12패치로 아수라장에서 삭제되었다.[1]재밌게도 거석상의 용기라는 이름에도 불구하고, 말파이트와는 가장 안 맞는 탱커용 증강이면서 동시에 갈리오(탱)에게 매우 잘 맞는 증강이다. 성능까지 생각하면 갈리오까지 염두에 두어 이름을 바꿔서 지은 듯하다.[2]적을 이동 불가 상태로 만들면 체력을 회복한다.[3]리메이크 이전의 피오라 궁극기와, 이 증강의 영문명이 서로 동일하며, 스킬 사용 효과도 거의 똑같은 수준이다.[4]아레나[5]아수라장[6]챔피언 판정 자체가 근접 챔피언으로 바뀐다. 그래서 예를 들어 '전장의 교향곡' 증강을 택했다면, 평타 1대에 정복자 2스택이 쌓인다. 오만의 아이템 스택도 근거리 챔피언처럼 x2로 쌓이고, 조준경 증강도 근접 챔피언 기준으로 혜택을 누린다.[7]물론 조준경 계열 증강이 잘 떠준다면 판정이 근접으로 취급되기 때문에 사거리 증가 수치도 근접 판정으로 적용되어 더 많이 늘어나 검뽑의 혜택을 받은 채로 원딜처럼 운용할 수 있다. 다만 검뽑에 조준경 증강까지 잘 떠줄 확률은 순수 운에 기대야 한다.[8]일례로 애쉬는 그 흔한 이속 버프조차 없는 상뚜벅이에 DPS에 관여하는 자가 버프기인 궁사의 집중이 예열이 필요하기까지 해서 검뽑을 활용하기가 쉽지 않다.[9]또한 이즈리얼은 스킬 적중 시 공격 속도 증가, 코르키는 평타와 주문 검에 고정 피해가 추가로 붙는 패시브가 있어, 검뽑을 고르고 평타 활용을 도외시한다면 사실상 패시브를 버리고 하는 꼴이다.[10]그나마 스킬을 자주 쓰는 스킬 기반의 AD 브루저가 주문력은 버리더라도 써먹을 수 있기는 하다. 대표적으로헤카림.[11]공격 속도가 빠른 챔피언일 경우 라운드 시작 시 적어도 1000~6000 가량의 공짜 보호막을 들고 시작하게 된다. 이를 극한으로 활용하기 위해 로비에 입장 시 양쪽 플레이어 전부 최대한 빨리 아이템을 구매하고 허수아비만 치는 경우도 있다.[12]극딜 가렌은 속임수로 접근해 Q를 찍는 기초적인 활용부터, E-속임수 콤보로보이지 않는 믹서기까지 시전할 수 있다. 비슷하게 우디르 등 자신 주변에 장판을 만드는 챔피언들은 스킬 시전 후 속임수를 사용하면 보이지 않는 광역 스킬을 달고 다니게 되므로 상대 입장에서는 대처가 불가능하다. 피들스틱의 경우 한 술 더 떠서 속임수로 투명 상태가 되면 Q의 패시브가 켜지기 때문에 유유히 적진 한복판으로 걸어들어가 W를 누르면 광역 공포를 걸 수 있게 된다. 샤코의 속임수의 유틸리티가 얼마나 뛰어난지 알 수 있는 부분.[13]특히 트린다미어가 이 증강을 뽑으면 무려10초간 무적이다.[14]alt를 눌러 궁쿨을 확인하면 0초로 고정되어 있는 것을 확인할 수 있다.[15]이쪽은 일장일단이 있는데, 은신 챔들을 카운터 치는 목적으로 궁을 키기도 해서 무조건 기돌의 효율이 좋은 챔은 아니다. 그래도 아레나에선 자체적으로 시야를 밝힐 수 있는 수단이 있긴 해서 어느 정도는 감안하고 채용할 만하다.[16]이쪽은 다른 이동형 글로벌 궁극기 챔피언들보다 좀 더 상황을 볼 필요가 있는데, 소환사의 협곡에 비해 궁극기의 가치가 낮긴 하나 그래도 판테온이 자력으로 적 진형의 뒤를 잡거나 한가운데에 난입할 유용한 수단이기 때문이다. 아군 조합이 전투를 개시하는 능력이 빈약하다면 선택에 신중할 필요가 있다.[17]무적 지속시간은 2초로 케일 궁의 2.5 초 보다 짧다.[18]단, 궁을 사용했을 때 상대가 맞궁이나 스킬로 저격할 수단이 있다면(ex. 갱플랭크) 괜찮은 효율이 나온다. 상대 보고 고르자[19]특히 케일은 본인에게 궁을 사용할 시 0.5초간은 때리지 못하는 패널티가 걸려있어 타인에게 궁을 써도 본인에게 궁을 쓴거랑 똑같은 시간 동안 때리는 게 가능하다.[20]예컨대리 신이 적에게 음파를 맞추고 적에게 돌진할 경우, 마치 과거코르키의 이퀄라이저처럼 길게 장판이 깔린다. 추가로 겉으로는 돌진으로 보이지 않지만 실속은 돌진이 들어간 경우도 적용이 된다. 볼리베어의 q스킬에 적용이 되는 것이 그 예.[21]8번 타격하는 검무의 모든 타격에 대지의 각성이 터진다.[22]피해량 감소+도발의 매커니즘 자체가 동일하며 이펙트는 아예 그대로 가져왔다.[23]물론 게임의 심의상 진짜 욕이 나오지는 않고, 각종 특수문자가 잔뜩 튀어나와 욕설이 검열된 것 같은 효과를 준다.[24][25]시너지가 발군인데, 도주/억압 은 둘째 치고 국왕 시해자도 짧게 돌진하는 판정이라 딜탱 사일이면 마치 좀비와도 같은 유지력을 보여준다. 대신 어느 정도 마나템을 가는 게 권장되는데 전투지속력이 뛰어나지만 국왕 시해자나 도주/억압 을 난사할 수 있어 마나가 빠르게 갈린다.[26]달빛마법 검, 신기루 검, 나보리 신속검, 신비한 주먹 등[27]전략적 팀 전투의 보석 건틀릿은인피니티 건틀렛의 패러디고, 이 증강과 동일하게 스킬에 치명타가 적용되는 효과가 있다.[28]특히 치명타를 올리지 않는 평타 딜러는 적중 시 효과를 메인으로 하는 경우가 많은데, 이런 경우에는 골드 증강의 취약이 더 효과적인 경우가 많다.[29]다만 요네의 경우 보조 딜링기인 W와 E를 가지고 있으므로 영 갈 증강이 없다면 차선책으로 집어볼 만하다.[30]이쪽은 요네 야스오보다 더한 함정 증강으로, Q는 평타에 E는 자체 치명타 발동이 가능한 스킬이라 정말로 치명타 확률 25%만 먹고 끝나는 암울한 효율을 자랑한다. 그나마 궁극기의 고정 피해가 증폭되긴 하나, 어차피 잃은 체력 계수를 활용하는 킬 캐치용 스킬이라 피해 증폭이 큰 의미가 없다.[31]단, 피해량 표기 효과만 치명타이고 실제로는 치명타 판정이 아닌 경우는 가능하다. 대표적으로 빙결 상태의 대상에게 적중한 애니비아의 E, 검 끝으로 적중한 아트록스의 Q, 단일 대상에게 적중한 모데카이저와 카서스의 Q, 최대로 충전한 바루스의 Q, 체력이 낮은 적에게 들어가는 샤코의 E나 코그모의 R의 경우 피해 표기는 치명타로 출력되나, 실제로는 단순한 피해 증폭이므로 보석 건틀릿이 적용된다.[32]이를 구분하는 방법은 간단한데, 스킬 부가 설명에서'치명타가 적용된다'는 내용이 있다면 치명타가 발동되는 스킬이므로 보석 건틀릿을 고르면 안 된다. 반대로 후술할 챔피언들처럼 스킬 계수에 직접적으로 치명타 배율이 적용되어 있거나,'치명타 확률에 비례하여 피해가 증가한다'는 내용이 있다면 이 증강의 효과를 받을 수 있다. 대표적인 예시로 비에고의 몰락한 왕의 검(Q)이 있는데, 패시브인 체퍼댐과 적중 시 2연타/사용 시 찌르기에는 모두 치명타 계수가 붙어 있으나 패시브와 2연타는 치명타가 적용된다는 내용이 있어 보석 건틀릿 효과를 받을 수 없는 반면, 사용 시 효과인 찌르기는 치명타 확률에 비례한 피해량 증가 효과만 있어 보석 건틀릿 효과가 적용된다.[33]심지어 이 쪽은 지속 피해 스킬 판정이라 실버(무작위 총력전: 아수라장에선 골드) 증강인 취약(아이템 및지속 피해에 치명타 적용)도 같이 적용되어서 보건과 취약을 동시에 집고 무한의 대검까지 올린 루시안의 궁은 물몸 딜러는 두세발만 맞아도 중상이고, 풀히트하면 탱커고 뭐고 갈아버리는 미친 딜이 나와서 루시안 자체는 증바람 약체지만 증강 사기를 쳤을 때의 고점만큼은 무지막지하다. 아레나에선 이 둘이 같이 적용되지 않도록 패치되었고, 아수라장에서도 원래는 같이 적용되지 않았는데 어느 시점부터 다시 적용되기 시작했다.[34]공격력을 주문력으로 바꾸는 적응형 능력치 증강을 동시에 먹었다면 무한의 대검까지 가능하다.[35]파멸의식 고서의 경우 보석 건틀렛과 상당히 어울려 보이지만 옵션 자체가 치명타가 있어도 고유옵 자체가 상당히 구리고 보석 건틀렛의 옵션 중 AP비례로 치명타 확률을 올려주는 옵션이 있어 굳이 파멸의식 고서를 올릴 메리트 자체가 적다. 다만 라이즈, 카시오페아 같이 인파이트 스타일의 AP딜러의 경우 고려해 볼 만한 가치는 있다.[36]갱플랭크의 패시브 불칼/궁극기, 미포의 E스킬/궁극기[37]이 경우 공격력을 주문력으로 전환해 마법공학 총검이나 맬모셔스의 아귀 등의 아이템도 자유롭게 사용 가능하므로 체력이 30% 아래로 떨어지면 순간적으로 55%의 모든 피해 흡혈을 얻을 수 있다. 만약 사일러스나 그웬, 블라디미르가 이 효과를 받는다면...[38]게다가 원딜 챔피언들은 몰락한 왕의 검, 헤르메스 시미터, 피바라기 등의 피흡템을 챙길 수 있다.[39]신비한 화살은 적중 시모든스킬의 재사용 대기시간을 1.5초 감소시킨다.[40]26.06 패치 전에는 20%[41]애니비아는 궁 딸깍 한 번으로 광역으로 변이를 걸 수 있고, 카사딘은 짧은 쿨은 둘째 치고 본래 암살자 챔피언이라 암살자가 사냥감에게 하드 CC를 먹이고 암살한다는 극한의 불합리성을 보여준다.[42]트위치는 궁을 키면 무적이 되는 난공불락도 잘 받는데, 요정 마법도 결은 비슷하다. 두 증강 다 핵심은 트위치가 궁을 키고 때리기 시작하면 스펙이 상향평준화된 아수라장에서도 트위치의 피해를 억제하기가 너무 힘들어지는 것에 있기 때문이다. 하지만 요정마법이 더 능동적으로 압박을 가할 수 있다는 점이 트위치 특유의 선공권, 강력한 한타 파괴력과 더 잘 맞아서 보통은 요정마법을 난공불락보다 더 높게 친다. 난공불락은 cc는 막아주지 못한다는 점에서 더 그렇다. 템이 빠르게 갖춰진 트위치+요정마법은 상대하는 입장에서는 카사딘과 애니비아 이상으로 부조리하다고 느껴질 수 있는 조합이다.[43]카서스 자체는 궁쿨이 빠르게 돈다는 걸 제외하면 스킬 가속 효율이 아주 높다고 보기는 어렵지만, 그 궁극기 쿨타임이 빠르게 돈다는 점 하나만으로 이 증강을 고를 가치는 차고 넘친다.[44]물론 이는 내구력의 측면에서만 손해를 따진 것이고 실질적으로는 탱커 아이템들의 체력 비례 대미지, 균열 생성기의 체력 비례 주문력, 여러 증강들의 체력 비례 효과 등이 30% 감소하기 때문에 딜적으로도 막심한 손해를 본다.[45]물론 상대방의 방마저가 100을 상회하면 딜 증가량이 30%보다 더 높아질 수는 있다. 그러나 딜러는 방마저템을 거의 가지 않고 탱커조차도 강심을 주로 가는 아수라장 메타상 방마저가 100을 초과하는 경우는 후반부에 한정된다. 그리고 그 후반부조차도 본인이 방관/마관템을 갖추면 고정 피해의 효율은 더욱 낮아진다.[46]Lethal Tempo. 직역하면 치명적 템포. 적당히 의역해서 치명적 리듬 정도. 참고로 치명적 리듬 또한 치속과 유사한 효과로 골드 증강에 추가되었다.[47]검을 뽑아라, 기본으로 돌아가기, 천천히, 꾸준히, 유리 대포 등. 혹은 AD 챔피언에게 적응형 능력치가 뜨거나 AP 챔피언에게 마법사(물리)가 뜨거나 하는 참사가 발생할 수도 있다.[48]초기엔 이런 부활에 의한 체력 회복에도 적용되는 버그가 발생하여 체력이 높을 경우 주변의 적을 즉사시키는 수준의 딜이 들어갔다. 물론 이는 버그로 판명되어 일주일 뒤에 수정 조치가 가해졌다.[49]단, 프로틴 음료의 체력 회복 및 보호막 증가는 체력 재생에는 적용되지 않는다.[50]툴팁은 이렇지만, 스킬 사용 시가 아니라 스킬 피해를 입힐 때마다 적용된다.[51]아수라장은 3초[52]아수라장은 3초[53]즉 지옥의 전도체 외에도 고문자, 신성한 불꽃, 화염 낙인, 찜솥에 달린 화상 효과도 포함되며, 서로 다른 화상 피해를 입히는 증강이 있을 경우 쿨타임 감소는 각 화상 피해마다 별개로 적용된다. 또한 아레나에서는 아이템에 노란색 키워드로 '불태운다', '화상'이라는 단어가 강조되어 있으면 화상 피해로 인정된다. 아수라장에서는 별도 표기는 되어 있지 않으나 아레나와 대부분 비슷한 아이템이 적용된다. 해당 아이템은 어둠불꽃 횃불, 리안드리의 고통, 악의, 태양불꽃 방패, 공허한 광휘이고 아수라장 한정 구매 불가능한 아이템까지 합치면 퀘스트로 얻는 황금 뒤집개와 공허의 불길까지 포함된다. 아레나 한정으로는 지옥불 손도끼 추가.[54]단, 지속 피해의 판정이스킬 판정인 경우에만 해당되며, 디버프 판정(트위치의 맹독(P), 다리우스의 과다출혈(P) 등)일 경우 전도체가 적용되지 않는다. 이는 골드 증강의 타오르는 이자도 마찬가지로 해당된다.[55]이쪽은 자체 패시브로 불 붙히기도 쉬운 데다 스킬들이 다 광역기라딸깍충이 된다. 마법 미사일까지 먹었을 경우 화면이 미사일로 뒤덮히는 광경을 볼 수 있다. 브랜드는 패시브 시너지를 보고 어둠불꽃 횃불, 리안드리를 고정으로 구매하는데 이 아이템들도 화상 피해를 입히기 때문에 지옥불 전도체를 강화시킨다.[56]스킬가속을 조금만 올려도 무한 흡혈, 무한 웅덩이로 사실상 무적이다. 유레카/빵과 잼/되풀이 증강 중 하나만 뜨면 금상첨화. 심지어 노코스트 챔피언이라 브랜드나 다른 챔피언들과 달리 마나가 다 닳을일도 없다.[57]특히 무작위 총력전: 아수라장에서 자체적으로 사거리 스택이 있는 세나나 킨드레드가 획득하는 경우 경기 후반부에 사거리 1000을 넘어가는 괴랄한 모습을 볼 수 있다.[58]상급/최상급 조준경을 모두 달면 가장 짧은 125의 사정거리를 갖고 있는 근접 챔피언은 바루스, 유나라와 동일한 575의 사거리를 갖게 되고, 근거리 판정의 평타를 가진 챔피언 중 가장 사거리가 긴 릴리아는 포탑과 동일한775의 사거리를 갖게 되고릴리아로 조준경 증강을 집는 것부터가 말이 안 된다는 건 넘어가자, 원거리 역할군 챔피언 중 가장 사거리가 짧은 시비르는 로켓 런처를 든 징크스(725)보다도 긴 750의 사거리를 갖게 되며, 로켓 런처를 든 징크스는 아예 포탑의 사거리도 한참 넘어서는975의 사거리를 갖게 된다.[59]태양불꽃 방패와 공허한 광휘를 합친 것 대비 체력은 250, 방어력은 30, 마법 저항력은 40, 스킬 가속은 5, 체력 재생은 100% 더 높다.[60]태양불꽃 방패는 20 + 추가 체력의 1%, 공허한 광휘가 15 + 추가 체력의 1%로 기본 피해량은 둘을 합친 것보다 낮아지지만, 추가 체력 계수가 1.5% 증가하기 때문에 추가 체력이 1,000만 넘어도 실질적인 피해량은 더 높아진다. 무엇보다 태불방과 광휘는 같이 올릴 수가 없다.[61]물론 찜솥은 다른 화상 관련 증강과의 시너지를 노릴 수 있으며 전투가 길어지면 그만큼 화상이 더 쌓여서 피해량이 그만큼 높아지지만, 그 정도로 전투를 오래 끄는 경우는 많지 않으며 무엇보다 공허의 불길은 고정 피해이므로 대부분의 경우 찜솥보다 훨신 강하다. 유의미한 중첩을 쌓기 위해선 꽤 오래 비벼야 하는 찜솥과는 달리 붙기만 하면 늘 강력한 피해를 입힌다는 것도 차별점.[62]아레나 : 5초 / 아수라장 : 8초[63]평타 1회당 스택 1번을 쌓고, 탄환 세례로 5중첩이 추가로 적용되므로 평타 하나로 2회 터트릴 수 있다.[64]특히 나르의 경우 W에 1.0AP라는 높은 주문력 계수가 달려 있는데, 적에게 평타를 쳐서 탄환 세례를 발동시키면 총 80+2.0AP+최대 체력의 28%라는 정신 나간 피해를평타 한 대로 넣을 수 있기 때문에 탄환 세례가 나오면 극 AP 딜러 빌드를 타는 경우가 대다수다.[65]일례로 방마저를 모두 올려주는 해신 작쇼를 올린다면 고유 효과를 배제한 자체 스탯만으로 얻는 회복 및 보호막 증가가 31.5%로 어지간한 유틸 서포터 아이템 2~3개분에 달하며 골드 능력치 모루 선택지 중 방마저 30 증가는 프리즘 능력치 모루 선택지인 회복 및 보호막 증가 20%보다 높은 수치인 21%의 회복 및 보호막 증가를덤으로제공하는 고효율 선택지가 된다.[66]정령의 형상의 고유 효과는 '자신이 받는' 모든 체력 회복(+재생) 및 보호막이 증가하는 거라 '자신이 시전하는' 체력 및 보호막 증가 효과와는 메커니즘이 다르다.[67]단, 문도 박사의 패시브와 궁극기의 경우 회복이 아닌 재생 판정이기 때문에 적용되지 않는다. 소생 룬이 적용되지 않는 것과 똑같다고 보면 된다.[68]불멸(W)은 전용 자원을 소모해 보호막을 생성하고 재시전 시 남은 보호막량의 일정 수치만큼 체력을 회복하는 메커니즘을 갖고 있어 체력 회복 및 보호막 증가 효과를 이중으로 적용받는다. 때문에 이 증강을 집고 방마저를 어느 정도 올리면 WW 한 번에 순식간에 딸피에서 풀피가 된다. 아수라장 이전에 아레나에서도 회복 및 보호막 증가가 달린 아이템을 도배하는 전략이 유행하기도 했고, 특히 너프 전의 죽음의 순환 증강을 집으면 WW 한 방에 근처의 상대가 의문사하기도 했다. 다만 근본이 AP 브루저라 탱템만 너무 많이 두르면 그만큼 딜이 안 나와 불멸 충전량이 잘 차지 않게 되고, 치감+독사가 나오는 순간 급격하게 힘이 빠진다는 한계는 존재한다.비사지에 추가 방마저 합이 400쯤 되면 치감+독사를 쌍으로 끼얹어도 체력이 복사된다[69]W로 대량의 방어력을 얻을 수 있으며, 패시브 보호막도 이 증강의 영향을 받아 두꺼워지고 그만큼 패시브 보호막이 있을 때 W의 방어력 증가율이 3배 증가하는 효과도 조금 더 오래 누릴 수 있다.[70]자체적인 회복 및 보호막 스킬은 없지만 W로 대량의 방마저를 얻을 수 있다.[71]기본 방마저 합이 90으로 가장 높고 고유 효과로 5초 이상 전투 지속 시 추가 방마저가 30% 증가한다.[72]이쪽은 자체적으로 마법 보호막 효과도 보유하고 있다.[73]미스 포츈의 Q스킬 한 발에 두 놈은 영어로는 Double Up이라 해당 증강의 원문과 다르다.[74]파편 모루만 구매할 경우 나중에 ""파편 소유자의 귀중한 파편""이라는 모든 능력치 퍼센트(20%~80%) 증가 파편을 얻게 되는데 이를 통해 기존 아이템 구매보다 더 높은 고점을 뽑을 수 있다.[75]500유닛 이내[76]궁극기가 바뀌어도 중첩은 그대로 적용된다.[77]비단잉어 연못 맵의 경우 3개의 구역 중 리스폰 지역의 구석에 생성된다.[저주]적용 후 매초 최대 체력의 0.6%에 해당하는 마법 피해를 입힌다.[79]극딜 가렌은 속임수로 접근해 Q를 찍는 기초적인 활용부터, E-속임수 콤보로보이지 않는 믹서기까지 시전할 수 있다. 비슷하게 우디르 등 자신 주변에 장판을 만드는 챔피언들은 스킬 시전 후 속임수를 사용하면 보이지 않는 광역 스킬을 달고 다니게 되므로 상대 입장에서는 대처가 불가능하다. 피들스틱의 경우 한 술 더 떠서 속임수로 투명 상태가 되면 Q의 패시브가 켜지기 때문에 유유히 적진 한복판으로 걸어들어가 W를 누르면 광역 공포를 걸 수 있게 된다. 샤코의 속임수의 유틸리티가 얼마나 뛰어난지 알 수 있는 부분.[80]사망한 상태에서도 제멋대로 발동하여 쿨타임이 돌아버리는 버그도 종종 발생하여 부활후에도 곧바로 활용 못하는 골 때리는 상황도 일어난다.[81]시야에 보이지 않는 적 포함.[82]소환사의 룰렛은 상대방에게 점화, 탈진 중 랜덤이다.[83]태풍, 한 발에 두 놈, 양손잡이, 탄환 세례 등[84]루난의 허리케인[85]업그레이드 계열 증강 중 골드나 하위템 제공 없이 업그레이드 효과만 제공하는 건 이 증강을 제외하면 가시 갑옷 업그레이드뿐인데, 가시 갑옷 업그레이드는 하위템인 덤불 조끼에도 효과가 적용되므로 빠르게 효과를 볼 수 있으며, 무엇보다실버증강이다.[86]미카엘의 축복 업그레이드도 원래는 완제 아이템 대신 1,000골드를 제공했다가 너무나 저조한 선택률로 인해 아예 완제를 제공하도록 바뀌었다. 당연하지만 완제를 제공하는 기준으로도 대량의 광역힐+CC 해제가 있는 미카엘이 밸류가 더 높다.[87]다만 로밍형 궁극기에 비해 사이온은 중간에 챔피언에 가로막힐 수도 있다.[88]증강으로 업그레이드된 아이템의 경우, 업그레이드 효과가 사라지기까지 한다.[89]26.04 패치 이전에는 33%[90]이렇게 하지 않으면 저레벨에는 강화 미니언 웨이브가 챔피언보다 강해져 라인을 밀 수가 없는 사태가 발생하니 당연하다면 당연한 조치다.[91]유레카는 주문력 200이어야 스킬 가속 60을 얻을 수 있다.[92]특히 아수라장에선 탱커가 강철심장을 빌드하는 경우가 대부분이라 시작 아이템으로 체력 아이템만 사서 체력만 많은 물살이 되기 십상이다.[93]천상강림 충격파보다는 훨씬 작다. 대략 3000 내외. 물론 이 정도도 웬만한 한타 범위는 다 커버한다.[94]정령의 형상의 자신이 받는 체력 및 보호막 증가, 너만을 위해 증강의 아군이 받는 체력 및 보호막 증가 등은 포함되지 않는다.[95]기본 스킬 가속을 최대 30 제공한다.[96]난공불락도 비슷한 효과를 볼 수 있으나 난공불락은 궁극기의 피해량 때문에 타워 어그로를 끌 수도 있고 궁극기를 써야 발동되기 때문에 사용 가능한 빈도도 낮으며, 정신 집중형 궁극기처럼 궁극기 사용 중 평타가 막혀 버리는 경우도 있다. 그러나 신성한 눈덩이는 쿨타임 24초짜리 무적인 데다 눈덩이의 특성상 중거리에서 타워 아래 미니언에게 맞혀 타워에 접근한 뒤 공성하는 식으로 써먹을 수도 있다.[97]해당 아이템과 다르게 쿨타임은 따로 존재하지 않는다. 다만 아이템 툴팁을 그대로 옮겨 와 증강 툴팁에 쿨타임이 기재되어 있는 오류가 있다.[98]번갈아때려야 해서 평타를 무조건 섞어 줘야 하며 스킬의 경우도 여러 번 사용 가능한 스킬이라도 같은 스킬로 취급해서 다른 키의 스킬이나 평타를 섞어야 스타일이 쌓인다.[99]물론 글로벌 궁극기인 쉔 궁에 비해상대적으로 짧다는 것이지, 창공의 서약 사거리도 2000으로 웬만한 한타범위는 다 커버한다.[100]기존의 돌격! 넥서스 게임모드에서 적용되던 효과이며 아수라장의 툴팁에서도 스킬 재사용 대기시간이 감소한다고 나와 있으나  버그인지 의도인지 아수라장에서는 적용되지 않는다.[101]아이템에는 패널티가 적혀있지 않고 스킬 창 위에 버프형식으로 뜨는데 문제는 받는 피해가 증가한다고만 되어있고 수치는 안적혀있다.[102]물론 황금 뒤집개는 어지간한 코어 아이템 2개 이상의 밸류를 가지고 있기 때문에 큰 문제가 되진 않는다.[103]사실 범위가 매우 넓은데 빠르면 피할 수가 없으므로 이런 패널티를 가지는 것은 당연하다고 볼 수 있다. 만약 구체 속도가 빨라서 사용할 때마다 맞추게 된다면 상대를 계속 차원으로 보내버리고 타워링을 하는 날먹이 되기 때문.[104]적이 더 많다면 본인이 시체가 되어 나올 것이고, 반대로 아군이 많다면 적을 잡고도 남은 시간 동안 격리된다. 다만 적이 3명 이상일 경우 바깥에서 싸움을 이길 가능성이 있으니 경우에 따라선 괜찮은 선택지가 될 가능성도 있긴 하다.[105]재사용 대기시간 중 사망하거나, 최대 중첩을 쌓지 못한 상태에서 사망하였다가 우물에서 부활한 경우[106]특히나 말자하가 아군에 있다면 정말 최악인데 말자하의 공허충이 소환수 판정이니 공허충이 죽는 것도 확률에 따라 모루가 떨어진다. 말자하의 공허충은 최대 3마리까지 나오고 쿨타임도 짧은 편이라 모루가 미친듯이 잘나온다. 당연히 아군에 있으면 최악이고 상대팀에 있으면 좋은 챔피언이다. 때문에 말자하의 공허충이 모루를 생성하는걸 아는 유저들은 말자하를 안고르며 설령 골랐다고 하더라도 도박꾼이 있으면 공허충을 거의 누르지않는다.[107]도박꾼 증강뿐만 아니라, 상점에서 750골드를 주고 사는 경우에도 동일함.[근접]챔피언[원거리]챔피언[110]예를 들어 마스터 이, 트린다미어, 잭스 등[111]이런 챔피언들은 공격 관련 스탯뿐만 아니라 탱킹력도 챙겨야 하는 유형이고, 잭스나 이렐리아처럼 AP 계수도 준수하게 달려있는 경우도 있어 공격력+주문력 선택지도 유효옵으로 쓸 수 있다.[112]예를 들어 럭스, 제라스, 직스 등[113]이를 아는 유저들은 게임 내내 w를 누르지 않기 때문에 사실상 말자하의 w를 강제로 봉인시키는 것이나 다름없다.[114]이쪽은 식물을 소환하지 않으면 없는 챔프나 마찬가지[115](기존 X+증강 100)x1.5[116]1. 카서스의 궁극기는 자타공인 카서스의 상징이자 픽의 이유이며, 2. 쿨타임은 1레벨 200초/마스터시 160초로 롤에서 가장 길고, 3. Q는 쿨타임이 1초, W는 대미지 없는 둔화스킬이며 E는 토글형이라 기본 스킬 가속이 필요 없는 스킬이다.[117]특히 타릭은 기본 스킬 가속도 중요하지만 기본스킬 쿨타임을 줄여주는 패시브가 따로 있어 잘 어울린다.[118]별도의 스킬 가속이 없어도 기본적으로 일반 스킬의 쿨타임이 짧으면서 열기 메커니즘 때문에 스킬 가속을 제대로 소화할 수 없다.[119]마나만 있다면 버섯을 튕겨서 우리팀 우물에서 상대팀 우물까지 보낼수있다.[120]18레벨 + 주문력 500이면 회복량이 잃은 체력의 30%, 보호막량이 현재 체력의 35%고, 주문력이 1,000이라면 회복량이 잃은 체력의 45%, 보호막량이 현재 체력의 45%에 달한다. 체력 회복 및 보호막 능력치도 적용되는 건 덤이다.[121]특히 우르곳의 Q와 E에도 메아리 증강이 뜨는데 실버만도 못하다는 평을 받고 다리우스 Q에도 메아리 증강이 뜨는데 다리우스의 경우 원래도 Q에 지연시간이 있어서 이속이 빠르거나 증강으로인해 이동기를 많이 쓸 수 있는 환경이라 맞추기 힘든데 메아리 증강의 재사용 지연시간 까지 합쳐서 아예 근접이 아니면 못 맞춘다. 그리고 메아리로 사용되는 Q는 피흡적용이 되지 않아서 폐급이다.[122]이를 파훼하려면 암살자가 순식간에 접근해서 암살하거나, 자크나 노틸러스같이 강제 한타를 개시할 수 있는 챔피언을 활용해 포킹을 오래하지 못하게 하는 대처를 해야하는데 문제는 벨코즈의 포킹 사거리가 포킹 챔 중에서도 긴 편이라 거리를 유지하며 보호받으면 암살자의 암살 난이도가 굉장히 오르고 한타를 개시했다 하더라도 벨코즈의 화력도 높은 편이라 쉽게 파훼하기가 힘들다. 가장 좋은 파훼법은 강철심장을 올린 탱커가 한타를 열어 벨코즈의 딜을 받아주는 것인데 벨코즈는 고정뎀이 있지만 체력 퍼뎀이 없는 순수 딜러라서 증바람에서 체력이 높은 탱커를 잘 못잡는다.[123]이는 브랜드 궁극기 자체가 한 챔피언에게 3회 이상 튕기지 않게 설계되어 있어 생기는 문제점인데, 연습모드에서 브랜드의 궁극기를 쿨타임 초기화까지 해가며 난사하면 지정한 첫 타격만 들어가고 더 이상 튕기지 않는다. 3연발 또한 다른 대상을 통해 한번에 3개가 들어가는 기적적인 상황이 일어나지 않는 한 브랜드의 궁극기를 일정횟수 맞은 챔피언에게 더 이상 날아가지 않는다.[124]만약에 퀘스트를 고르기 전에 히드라 계열 아이템 중 하나가 완성되어있는 상태면 티아맷을 주지 않는다. 퀘스트 관련 증강은 첫번째와 두번째 증강에서만 뜨기 때문에 2번째 증강이 프리즘일 경우에는 주의해야한다.[125]우글렛의 마녀 모자도 아이템 퀘스트 증강 중에선 매우 비싼 증강이다.[126]모데카이저처럼 라바돈을 잘 안 쓰는 챔피언도 있지만, 이 경우에도 아이템 한 칸에 존야와 라바돈이 같이 들어간다면 마다할 이유가 없다.[127]원딜이 해당 증강을 사용하는게 아예 불가능하지는 않은데 바로검뽑이랑 시너지를 내는 것이다. 검뽑은 공격 사거리가 200으로 줄어드는 대신 스텟 버프와 줄어든 거리만큼 추가버프를 받고 챔피언을 근거리로 만드는데 이렇게 되면 궁드라의 원거리 판정 패널티가 사라지고 효율좋은 스펙으로 싸울 수 있게 된다. 문제는 퀘스트가 붙은 증강은 1,2단계 증강에서만 나오고 그마저도 프리즘 2개라 매우 어려운 방법이다.[128]주의할 점은 궁드라의 시전 판정이 거드라와 동일해서 판정이라 궁드라를 사용하면 궁이 끊힌다.[129]과거에는 중복으로 아이템을 구매할 수 있었으나 현재는 중복으로 올릴 수가 없으니 상관없다.[130]효과는 물론 핑을 찍었다는 알림과 소리도 막히지 않는다.[131]마법공학 벨트와 같이 광역 피해를 가지고 있다면 한 번에 균열까지 발동한다.[132]기존에는 미카엘의 축복 강화 효과에 1000골드만 얹어주는 증강이었다가 아예 완제 아이템을 제공하도록 버프를 먹었다.[133]1610골드를 받을 수 있다.[134]특히 추가 체력 계수가 무려 50%에 달하는데, 아수라장의 탱커는 증강 등이 잘 뜨면 추가 체력이 1만을 넘어가는 경우도 있어서 아군에게 힐량이 반토막 나는 걸 감안해도 실피에서 풀피를 만들고도 남을 정도로 힐량이 무지막지해진다. 체력을 1만 근처까지 쌓았다면 그냥 교전 중에 물린 딜러에게 쏴주면 적이 풀딜을 박아도 살아나는 경우가 있을 정도.이 문서의 내용 중 전체 또는 일부는리그 오브 레전드/증강문서의r307판,5번 문단에서 가져왔습니다.이전 역사 보러 가기"
46,조지 웨아,"1966년 출생1981년 데뷔2003년 은퇴2018년 은퇴라이베리아 대통령라이베리아의 남자 축구 선수공격수AS 모나코 FC/은퇴, 이적파리 생제르맹 FC/은퇴, 이적AC 밀란/은퇴, 이적첼시 FC/은퇴, 이적맨체스터 시티 FC/은퇴, 이적올랭피크 드 마르세유/은퇴, 이적알 자지라 클럽/은퇴, 이적라이베리아의 아프리카 네이션스컵 참가 선수1996 아프리카 네이션스컵 남아프리카공화국 참가 선수2002 아프리카 네이션스컵 말리 참가 선수발롱도르 수상자FIFA 올해의 선수 수상자옹즈도르 수상자운동선수 출신 정치인몬로비아 출신 인물복수국적자축구 국가대표팀 최다 득점자","라이베리아 공화국 대통령[ 펼치기 · 접기 ]초대제2대제3대제4대조셉 젠킨스 로버츠스티븐 앨런 벤슨대니얼 바시엘 워너제임스 스프릭스 페인제5대임시제6대제7대에드워드 제임스 로이최고임원위원회제임스 스키브링 스미스조셉 젠킨스 로버츠제8대제9대제10대제11대제임스 스프릭스 페인앤서니 W. 가디너앨프리드 프랜시스 러셀힐러리 R. W. 존슨제12대제13대제14대제15대조셉 제임스 치즈먼윌리엄 D. 콜먼개럿슨 W. 깁슨아서 바클레이제16대제17대제18대제19대대니얼 에드워드 히워드찰스 D. B. 킹에드윈 바클레이윌리엄 터브먼제20대제21대임시임시윌리엄 톨버트새뮤얼 케니언 도애이머스 소여데이비드 D. 크포르막포르임시임시제22대제23대윌턴 G. S. 산카울로루스 페리찰스 테일러모지스 블라임시제24대제25대제26대주드 브라이언트엘런 존슨 설리프조지 웨아조셉 보아카이라이베리아 부통령조지 웨아의 수상 이력[ 펼치기 · 접기 ]둘러보기 틀 모음개인 수상아프리카 올해의 축구 선수1989·1994·19951994-95 UCL 득점왕1995 발롱도르1995 FIFA 올해의 선수1995 옹즈도르베스트팀1995-96 ESM 올해의 팀1996 FIFA 올해의 선수수상호나우두2위조지 웨아3위앨런 시어러Player of the Year 1996수상호나우두2위앨런 시어러3위조지 웨아1996 Onze d'OrOnze d'OrOnze d'ArgentOnze de Bronze에릭 칸토나조지 웨아마티아스 자머조지 웨아의 기타 정보[ 펼치기 · 접기 ]AC MILANHALL OF FAME[ 펼치기 · 접기 ]CHAMPIONS8에바니5코스타쿠르타13네스타21피를로5안퀼레티11모라4안첼로티11갈리6말디니32아비아티10세도르프11마사로32베컴10사비체비치4알베르티니1쿠디치니5갈리9인자기6바레시8가투소1게치1갈리7로데티4트라파토니9알타피니4칼라제5슈넬링거10후이 코스타8드사이2카푸23암브로시니12지다3말디니5데 베키22카카7도나도니10굴리트10보반GOLEADOR11질라르디노9보피7파투7세브첸코9인자기10리베라11산타고스티노11그렌9노르달9파팽9조던9알타피니10스키아피노99호나우두23시모네9반 바스텐9헤이틀리9콤빈20비어호프11프라티11비르디스8윌킨스22카카18바조80호나우지뉴11이브라히모비치BALLON D'OR7세브첸코9웨아10리베라9파팽9반 바스텐22카카10굴리트CAPTAINS4비곤5벳9세베니니3말데라7스카리오니4보노미9소르마니5트레레4안노바치8로바티6말디니8사니8모란디3솔데라3자가티6바레시8레이카르트10리베라11모레티6안토니니9노르달9푸리첼리5킬핀1부폰9반 헤게11키아루지5페르베르시5로사토2살라23암브로시니2타소티10리드홀름8토뇬3말디니9부리니9안토넬리4베네티6부리아니9아르카리1로시27세르지뉴5바티스티니33실바11노벨리노IFFHS선정 남자축구 레전드[ 펼치기 · 접기 ]펠레디에고 마라도나로타어 마테우스페렌츠 푸스카스바이충 부티아알리 다에이디노 조프로베르토 바조나카타 히데토시차범근자셈 야쿱조지 웨아안토니오 카르바할라바 마제르우고 산체스요한 크루이프마르코 반 바스텐루드 굴리트윈턴 루퍼알프레도 디 스테파노호나우두라이언 긱스루카스 라데베랜던 도노반후안 알베르토 스키아피노스탠리 매튜스데이비드 베컴바비 찰튼올레흐 블로힌탄주 촐라크프란시스코 헨토마제드 압둘라레프 야신루이스 피구에우제비우호세 루이스 칠라베르트은완코 카누미셸 플라티니프란츠 베켄바워게르트 뮐러모하메드 아부트리카마흐무드 엘카팁지네딘 지단가린샤지쿠로저 밀러쑨지하이하오하이둥프랑코 바레시가브리엘 바티스투타데니스 베르캄프즈비그니에프 보니에크호베르투 카를루스페트르 체흐안드리 셰브첸코케니 달글리시에드가 다비즈알레산드로 델 피에로디디에 드록바사무엘 에투엔조 프란체스콜리게오르게 하지티에리 앙리올리버 칸카카케빈 키건마리오 켐페스미로슬라프 클로제로날드 쿠만필립 람미카엘 라우드루프유니스 마흐무드파올로 말디니라파엘 마르케스파벨 네드베드모하메드 누르제이제이 오코차아베디 펠레장마리 파프안드레아 피를로카를레스 푸욜라울 곤살레스프랑크 레이카르트히바우두호마리우호나우지뉴파올로 로시카를하인츠 루메니게페테르 슈마이켈흐리스토 스토이치코프다보르 슈케르프란체스코 토티카를로스 발데라마뤼트 판니스텔로이로빈 반 페르시사비 에르난데스라이베리아 공화국 제25대 대통령조지 웨아George Weah본명조지 타울론 마네 오퐁 오스만 웨아George Tawlon Manneh Oppong Ousman Weah출생1966년10월 1일(60세)라이베리아몬로비아국적라이베리아|프랑스[1]신체키185cm｜체중82kg[2]주발오른발직업축구 선수(스트라이커/은퇴)축구 감독은퇴정치인경력선수영 서바이버스 클래리턴 (1981~1984)봉레인지 컴퍼니 (1984~1985)마이티 바롤(1985~1986)인비서블 일레븐(1986~1987)아프리카 스포츠 내셔널 (1987)토네르 야운데 (1987~1988)AS 모나코 FC(1988~1992)파리 생제르맹 FC(1992~1995)AC 밀란(1995~2000)→첼시 FC(2000 /임대)맨체스터 시티 FC(2000)올랭피크 드 마르세유(2000~2001)알 자지라 클럽(2001~2003)감독라이베리아 대표팀(2001~2002 /선수 겸 감독)정치민주변화회의(2005~)라이베리아하원의원(몽세라도 주)제25대대통령2018년1월 22일~2024년1월 21일국가대표75경기[3]18골[4](라이베리아/ 1987~2018)링크|정보 더 보기[ 펼치기 · 접기 ]학력디브라이 대학교(경영학 / 석사[5])종교개신교(라이베리아 연합감리교회)[6]배우자클레어 웨아자녀조지 웨아 주니어,티모시 웨아등 슬하 4명[7]1. 개요2. 선수 경력2.1. 클럽 경력2.1.1.AS 모나코2.1.2.파리 생제르맹2.1.3.AC 밀란2.1.4.첼시 FC2.1.5.맨체스터 시티 FC2.1.6.올랭피크 드 마르세유2.1.7.알 자지라 클럽2.2. 국가대표2.3. 플레이 스타일3. 축구 선수로서의 평가4. 정치인 경력5. 기록5.1. 대회 기록5.2. 개인 수상6. 웨아에 대한 언사7. 여담1.개요[편집]라이베리아의축구 선수출신정치인.선수 시절에는AS 모나코,파리 생제르맹,AC 밀란등 유명 팀들을 두루 거치며아프리카인으로는 유일하게발롱도르와FIFA 올해의 선수를 수상한 인물이다.[8]2017년에 치러진 제 25대 라이베리아 대통령 선거에서대통령으로 당선되었으며, 2018년 1월 22일에 취임 했다. 2023년 재선에 도전 하였으나, 통일당 후보에게 밀려 낙선 했으며, 2024년 1월 21일 6년 임기를 마쳤다.2.선수 경력[편집]2.1.클럽 경력[편집]그의 부모님은 라이베리아의 소수 민족크루족으로 낙후 된 지역인 그랜드크루 주에서 수도 몬로비아로 이주해 빈민가인 클라라 타운에 정착하였다. 불우한 어린 시절을 보냈으며, 가족 관계에도 문제가 있어 웨아는 할머니 손에 자랐다.1981년 15세 때 3부 리그 소속 지역 축구 클럽인 영 서바이버스 클래리턴과 계약 하며골키퍼로 축구를 시작하였다. 하지만 골을 넣는 것에 대한 즐거움을 느끼게 되면서 공격수로 전향 했다.1984년 봉레인지 컴퍼니 유스팀으로 이적 하였다가, 1985년 마이티 배럴에서 프로 선수로 데뷔 하였다. 마이티 배럴에서 10경기에 출전해 7골을 기록 하며 활약 하였고, 1986년 라이베리아 최고의 팀이었던 인빈시블 일레븐으로 이 적하였다. 이 클럽에서주장을 맡고 23경기에 출전해 24골을 기록 하며리그 득점왕에 올랐다.이 활약으로 카메룬 스카우트의 눈에 띄어 1987년 코트디부아르 리그 소속의 아프리카 스포츠 내셔널로 이적 하였다가 카메룬 리그의 토네르 야운데로 이적 하였다. 토네르 야운데에서 18경기 15골을 기록 하며 활약을 이어갔다.2.1.1.AS 모나코[편집]아프리카에서는 이름을 알리기 시작 했지만,사실상 무명인 상태의 조지 웨아를 발탁 하여 국제 무대로 데려와서 성장시킨 인물은아르센 벵거였다. 벵거는 아프리카로 직접 가서 웨아의 모습을 수차례 지켜보았고, 1988년 벵거 감독이 이끄는AS 모나코 FC로 이적 했다.열악한 아프리카 리그에서 쥐꼬리만 한 연봉을 받으며 가족을 부양 했던 웨아는 당시 여러모로 열악한 상태였다. 사인을 하러 모나코에 왔을 때 당장 쓸 용돈이 한 푼도 없었기에, 벵거 감독이 용돈으로 500프랑을 줄 정도였다. 게다가 설상가상으로 팔이 골절 된 상태였다.구단에서도 의문을 표시 했으나,아르센 벵거는 웨아를 전적으로 신임 하며""열심히 하면 너는 최고의 선수가 될 수 있다""라고 격려 했다.그리고 진짜 그렇게 되었다.[9]웨아는 모나코에서 잠재력을 폭발시키며 1991년쿠프 드 프랑스에서 우승하였고, 이듬 해에는 팀을UEFA 컵위너스컵결승전으로 이끌었다. 모나코에서 4시즌 동안 102경기에 출장해 47골을 기록 했다.2.1.2.파리 생제르맹[편집]1992년파리 생제르맹으로 이적 했다. 이적한 뒤 첫 시즌인 92-93시즌에쿠프 드 프랑스에서 우승, 93-94시즌에는 리그 앙 우승을 거머쥐었다.94-95시즌은 조지 웨아의 선수 커리어 중 가장 영광스러운 시즌이었다.쿠프 드 프랑스와쿠프 드 라 리그에서 우승 하여도메스틱 컵 더블을 달성 했고, 7골을 넣으며UEFA 챔피언스 리그 득점왕을 달성 하면서바이에른과바르사를 꺾고 클럽 역사상 처음으로 챔피언스 리그 준결승 까지 진출 하는 데 기여 했다.웨아는 파리 생제르맹에서 3시즌 동안 96경기에 출장해 32골을 기록 했다.2.1.3.AC 밀란[편집]1995년 여름에AC 밀란으로 이적 했다. 지난 94-95시즌의 활약으로 발롱도르를 수상 받으며 첫 비 유럽인 발롱도르 수상자가 되었다.[10]또한 웨아는 밀란 시절  경이적인 신체 능력을 보여주며""블랙 다이아몬드""라고 불렀다.1996년 9월 8일 베로나 전에서 80m를 질주 하여 넣은 골은 그의 클래스를 보여준다. 이 골은현재 까지 영상 자료가 존재하는개인이 드리블로 돌파해 넣은 골 중 역대 최장거리 기록으로 알려져 있으며[11][12]지금 까지도치달의 상징이자축구 역사상 최고의 골 중 하나로 여겨진다.AC 밀란에서의 골AC 밀란에서 2회 리그 우승을 이끌며 5시즌 동안 114경기에 출장해 46골을 기록 했다.또한 1996년 5월대한민국 축구 국가대표팀과 친선 경기 목적으로AC 밀란소속으로 방한한 적이 있다. 결과는 2:3으로 한국의 역전승.#2.1.4.첼시 FC[편집]2000년첼시로 임대되어 11경기에 출장해 3골을 기록하며 팀의FA컵우승을 이끌었다.2.1.5.맨체스터 시티 FC[편집]이후 2000년 여름맨체스터 시티로 이적하여 7경기에 출장하였다.2.1.6.올랭피크 드 마르세유[편집]이후 ​​올랭피크 드 마르세유로 이적해 19경기 5골을 기록하였다.2.1.7.알 자지라 클럽[편집]2001년 아랍에미리트의알 자지라 클럽으로 이적해 8경기 13골을 기록하였고, 2003년 선수 생활을 마감하였다.2.2.국가대표[편집]알프레도 디 스테파노[13],조지 베스트,라이언 긱스등과 더불어 선수로서의 명성에 대비되는 저조한 국대 커리어를 가진 선수로 자주 거론되는 선수로 허약한 그의 조국 대표팀을 이끌고 고군분투했으나, 팀의 한계를 극복하지 못한 채 국가대표 무대에서는 두각을 드러낼 기회조차 없었던 선수로 요약될 수 있다.라이베리아 축구 국가대표팀은월드컵은 물론아프리카 네이션스컵조차 예선 탈락이 다반사로 아프리카 내에서도 약체로 분류되는 선수단이었다.[14]1987년 1월 30일 서아프리카 네이션스컵 나이지리아 전에서 데뷔하였고, 그 경기에서 데뷔골도 기록하였다. 라이베리아 축구 국가대표팀은 정치권의 부정부패 때문에 충분한 지원을 받지 못해 웨아는 국가대항전 본선이 있을 때마다 사비를 털어야 했다. 라이베리아 팀의 주장으로 월드컵 본선 진출을 위해 도전했으나 꿈을 이루진 못하였다. 심지어 2002 한일 월드컵 때에는 35세의 노장이었던 그는 선수 겸 감독을 맡았지만 같은 조의 나이지리아에 승점 단 1점 차로 밀려 아깝게 본선 진출에 실패했다. 대신 2002년 아프리카 네이션스컵에서 본선에 진출했고 말리와의 경기에서 골을 기록하였다.[15]2018년, 라이베리아 현지시각 9월 11일에현직 대통령 신분으로 주장 완장을 차고 나이지리아와의 A매치 친선전에 나서며 뒤늦은 국가대표 은퇴 경기를 소화했다. 현역 시절 자신의 등번호였던 14번을 달고 뛰었는데, 라이베리아 축구 국가대표팀의 14번을 영구결번하기 위해서 만들어진 경기라고 한다. 조지 웨아는 79분간 경기를 뛰고 교체되었고, 라이베리아는 나이지리아에 아쉽게 2대1로 패하였다.2.3.플레이 스타일[편집]만능 완성형 포워드.폭발적인 주력을 낼 수 있으면서도 강인한 힘으로 상대 수비를 이겨낼 수 있는탄력적이면서도 강인한 신체 조건를 가졌다. 이 신체적 능력을 십분 활용 하며 상대 수비를 박살내고 골을 집어넣던 선수였다.거기에 더해진 좋은퍼스트 터치와 준수한드리블, 패스, 크로스 능력이 합쳐지고, 그 위에 더해진오프 더 볼능력이 웨아를 당대발롱도르 수상자로 만들었다.3.축구 선수로서의 평가[편집]명실상부 아프리카 역대 최고의 선수 중 한 명으로 평가 받는다.로저 밀러,디디에 드록바,사디오 마네,야야 투레,피에르에메릭 오바메양등 걸출한 아프리카인 축구 선수들이 있지만, 그들을 넘어사무엘 에투,모하메드 살라와 함께아프리카 역대 최고의 축구 선수로 평가 된다.4.정치인 경력[편집]정치인으로 활동 중인 모습내전으로 상처받은 조국 라이베리아를 위해 조지 웨아 기금을 설립하는 등 라이베리아 유니세프 친선 대사로 활동하였다. 이후 정치인으로 변신해2005년 라이베리아 대통령 선거에 일종의 제3지대격 포퓰리즘 빅텐트 우익 정당인 민주적 변화를 위한 회의(CDC) 후보로 출마하였다. 1차 투표에서는 275,265표(28.27%)로 후보 중 1위를 기록했지만 결투표 결과 327,046표(40.6%)를 획득하며 478,526표(59.4%)를 획득한 유엔 개발 프로그램의 아프리카 담당 재정국장으로 ""철의 여인""이라고 불린 중도 자유주의 성향인 통일당(Unity Party) 소속의엘런 존슨 설리프(Ellen Johnson-Sirleaf)[16]에 151,480표 차이로 패하였다. 엘런 존슨-설리프(Ellen Johnson-Sirleaf) 는 2번 연임하며 12년 임기를 모두 채웠다.2017년 10월 10일 치러진 대선에 출마했는데, 1차 투표에서 39.0%를 받아 결선 투표에 진출했다. 결국 결선 투표에서 대통령으로 당선되었고,2018년1월 22일에 취임했다.#그런데 러닝메이트인 부통령 후보로 독재자찰스 테일러의 전 부인을 선택하고 옥중의 찰스 테일러와도 연락하여 논란이 되었으며, 심지어 선거에서도 찰스 테일러의 정당이었던 극우국가애국당과 연합을 해서 이겼다.#이게 보통 일이 아닌 것이 테일러는 그저 평범한 독재자가 아닌 아프리카 독재자들 중에서도 최악이라 평가받는 인물로, 라이베리아 내전의 주범이자 아프리카에서도 손꼽히는 대량학살자이며, 현재 재판에서 50년형을 선고받고 수감 중에 있다.[17]심지어 조지 웨아는 상기되어 있듯이 이 내전 당시평화운동가로 활동한 적이 있다.취임 후 1년이 넘은 2019년 5월 기준으로 달러 대비 라이베리아 달러 화폐 가치가 확 떨어지고 물가가 30% 가까이 상승[18]하여 경제적 불확실성에 시달리고 있다. 경제 성장률은 1.2%에서 0.4%로 추락하고, 먹고 살기 어려워진 시민 10,000여 명이인플레이션과 부패에 항의하여 거리시위를 하고 있다. 이에 조지 웨아 대통령은 현지시간 6월 6일에 연설에서 자신을 비난하는 시위자들에게 '국가를 위협한다'라며 용납하지 않겠다고 밝혔다.그 이후, 2023년 대선에서 결선 투표 끝에 낙선했다.#5.기록[편집]5.1.대회 기록[편집]마이티 배럴 (1985~1986)라이베리아 프리미어 리그: 1985-86라이베리아컵: 1985-86인비서블 일레븐 (1986~1987)라이베리아 프리미어 리그: 1986-87AS 모나코(1988~1992)쿠프 드 프랑스: 1991파리 생제르맹 FC(1992~1995)디비지옹 1: 1993-94쿠프 드 프랑스: 1992-93, 1994-95쿠프 드 라 리그: 1995AC 밀란(1995~2000)세리에 A: 1995-96, 1998-99첼시 FC(2000)FA컵: 1999-005.2.개인 수상[편집]발롱도르: 1995FIFA 올해의 선수: 1995아프리카 올해의 축구 선수: 1989, 1994, 1995디비지옹 1올해의 외국인 선수: 1990-91UEFA 챔피언스 리그득점왕: 1994-95BBC아프리카 올해의 축구 선수: 1995옹즈도르: 1995옹즈 드 옹즈: 1995, 1996ESM 올해의 팀: 1995-96FIFA XI: 1991, 1996 (리저브), 1997, 1998FIFA 페어플레이상: 1996엘 파이스 유럽 축구의 왕: 1995RSSSF 올해의 선수: 1995IFFHS세기의 아프리카 선수: 1996IFFHS 레전드: 2016IFFHS 올타임 아프리카 드림팀: 2016FIFA 100: 2004Arthur Ashe 용기상: 2004골든풋: 2005AC 밀란 명예의 전당: 2015발롱도르 드림팀후보: 2020 (CF 7위)6.웨아에 대한 언사[편집]조지 웨아는 놀라운 선수다. 나는 웨아 만큼 피치에서 폭발력을 지닌 선수를 본 적이 없다.-아르센 벵거조지 웨아는 내 선수 생활에 가장 큰 영향을 주었던 선수이자 나의 우상이다.-티에리 앙리[19]7.여담[편집]조지 웨아 본인과는 아무 상관이 없지만, 본인의 이름이 팔려 의문의 1패를 당한 황당한 과거가 있다.그레이엄 수네스문서 참조.집안의 거의 모든 구성원이 사실상 축구선수인데, 사촌인 크리스토퍼 웨아와 스티븐 웨아를 시작으로 장남인 조지 웨아 주니어[20], 미국 뉴욕에서 태어난 차남티모시 웨아[21], 친조카패트릭 웨아, 그리고 처조카카일 던컨이 축구선수이다.영어와프랑스어가 유창하다. 기본적으로 라이베리아 공용어가 영어고,리그 1에서 오래 뛰었기 때문이다.#조지 웨아 이전에도 축구선수 출신대통령이 있었다. 1954년부터 1955년까지 재임한카페 필류전브라질대통령이 최초의 축구선수 출신 대통령이고, 두 번째도 브라질 대통령을 지낸주앙 굴라르이며, 세 번째는튀르키예의에르도안이다. 조지 웨아 이후에는조지아에서미헤일 카벨라슈빌리가 내각제 개편 이후의 간선제이긴 하지만 대통령이 되었다.[22]물론 발롱도르까지 수상한 월드클래스 레벨의 프로 축구선수가 대통령까지 된 케이스는 아직까지 웨아가 유일하다.대통령 퇴임 후 2024년발롱도르시상식에 시상자로 등장해로드리에게 발롱도르를 수여했다.자신의 아들인 티모시 웨아와 함께 PSG와 마르세유에서 모두 선수로 뛴 기록을 가지고 있다.피파 시리즈와피파 온라인3에 World Legend 선수로 출시되어 큰 인기를 누렸다. 정계에 진출하면서[23]피파 18부터는 삭제되었다.[1]파리 생제르맹 FC에서 뛸 때 프랑스 시민권을 취득했다. 라이베리아 대선에 출마할 당시 이중국적 때문에 대선 출마가 좌절될 뻔했으나 라이베리아 법원에서 대선 출마에 문제가 없다고 판결을 내려 웨아는 라이베리아 대선에 출마·대통령에 취임할 수 있었다.[2]선수 시절[3]2018년에 51세의 나이로 자신의 마지막 A매치 경기를 치렀다.[4]라이베리아 축구 국가대표팀역대 최다 득점자[5]2013년 졸업[6]본래부터기독교가정에서 태어난 기독교인이었다가이슬람으로 개종한 후 다시 기독교로 개종했다.#UM News꽤나 논란이 있는나이지리아라고스의초교파은사주의대형 교회인Synagogue Church of All Nations(티비 조슈아설립)에서프린스 존슨과 함께 목격되기도 하였다.#[7]막내딸은 클레어 웨아에게서 태어나지 않은 이복자녀이며 2016년생이다[8]이후 아프리카 국적 선수의 포디움 수상은 조지 웨아 자신의 1996년 FIFA 올해의 선수 2위,사무엘 에투의 2005년 FIFA 올해의 선수 3위,모하메드 살라의 2018년과 2021년 FIFA 올해의 선수 3위,사디오 마네의 2022년 발롱도르 2위가 전부였다.디디에 드록바는 2007년 발롱도르 4위에 그쳤다.[9]웨아는 밀란에서발롱도르를 수상한 뒤 벵거에게 공을 돌렸다. 벵거는 자신이 발탁한 선수 중 가장 대단한 선수로 아직도 웨아를 꼽는다.[10]1994년까지 발롱도르는 유럽인으로 한정 해서 발롱도르를 뽑았으며, 이 때문에펠레나마라도나같은 축구의 신들 조차도 발롱도르를 수상 받지 못 했다.[11]기록으로만 남아 있는 역대 최장거리 골은펠레의 골이다. 무려자기 팀 골대 앞에서 부터 상대 팀 골대 바로 앞 까지 100m(!)를 혼자서 뚫어버리고 넣은 골로,이는 현재 라디오 중계 자료만 남아 있어 제대로 된 세계 기록으로는 인정 받지는 못 한다.[12]참고로 2번째로 긴 드리블 돌파 후 골의 주인공은 다름 아닌손흥민이다. 바로 그 유명한 2019-20 시즌 번리전의 75m 돌파 후 골.(웨아랑 고작 5m 차이만 난다) 이거 역시 영상이 남아 있다.[13]조지 웨아, 라이언 긱스 등과는 달리 국대를 하필 그 국대가 가장 약했던 시기만 골라 옮겨다녔기 때문이다. 스페인 축구팀과 아르헨티나 축구팀에서 뛴 바 있기 때문에 월드컵 커리어는 매우 부실하지만 소속 국가대표만은 매우 화려하다.[14]이는 셰브첸코나 긱스, 베일도 극복하지 못한 약체국의 필연이었다. 그나마 셰브첸코와 베일은 월드컵에 한번은 나갔다.[15]2무1패로 탈락하였다. 1경기 말리전, 2경기 알제리전 모두 1점차로 앞서다가 경기종료를 얼마 안 남겨두고 동점골을 내주었고, 나이지리아 전은 지면서 아쉽게 탈락하였다.[16]2011년노벨평화상수상.[17]이는 스포츠 선수가 정치에 얼마나 큰 영향을 끼칠 수 있는지 보여주는 사례이다. 독재자에 대한 반감마저 덮어버릴 정도로 영웅 취급을 받았다는 소리다. 물론 조지 웨아도 찰스 테일러 지지층이 아직 살아있으니 이걸 이용한 것이었다.[18]물가가 상승하기 직전에 1억 2,600 라이베리아 달러를 새로 찍어냈다고 한다.[19]조지 웨아의 AS 모나코 시절 부터 그의 팬이었다고 한다.[20]1987년생으로,AC 밀란유스 출신이며 2004년 미국 청소년 대표팀에 출장했으나 대성하지 못한 채 2018년 커리어를 마감했다.[21]성인 대표팀은 자신이 태어난 곳인미국을 선택했다.[22]카벨라슈빌리와 웨아는 둘 다 현역 시절맨체스터 시티 FC에서 뛰어봤다는 공통점이 있다. 다만 소속 시기가 달라 만난 적은 없다.[23]과거에도 World Legend에 합류한호마리우가 정계에 진출하면서 라이센스에서 삭제된 적이 있었다."
47,사용자:Wpdl,,
48,아스파르,고트족동음이의어동로마 제국의 군인동로마의 섭정400년 출생471년 사망고대 로마의 암살된 인물남유럽의 군벌북아프리카의 군벌서아시아의 군벌,"프린세스 메이커 5의 인물에 대한 내용은아스파르(프린세스 메이커 5)문서를 참고하십시오.1. 개요2. 생애3. 관련글1.개요[편집]Aspar(AD. 400~AD. 471)서기5세기동로마 제국초기의이민족출신권신.로마식 이름은플라비우스 아르다부르 아스파르(Flavius Ardabur Aspar)였으며, 동로마 제국의군사령관(magister militum)이자귀족이었다. 종족적으로는이란계유목민의 일파였던알란족과 동게르만계인고트족의혼혈이었다고 하며, '아스파르'라는 이름은 알란어로 '말의 주인', 또는 '기수'라는 의미를 지니고 있었다고 하니 저 중에서도 알란쪽의 정체성이 좀 더 강했던 것으로 볼 수 있다.[1]이 인물을 간단히 평가하자면,동로마의리키메르라고 할 수 있다. 상대적으로 덜 알려져 있지만 그가 휘두른 권력의 크기나 집권 기간은 어마어마했다.거의 50년 가까이그의 일족이 동로마 제국의 실권을 장악하고 있었으며, 자기 부하 두 명을(마르키아누스와레오 1세) 연이어황제로 옹립했고, 결국 실패했지만 막판에는 자기 아들을 황제로 옹립하려 했으니 실로 엄청난권신이었다.2.생애[편집]테오도시우스 왕조의 동로마 황제테오도시우스 2세를 섬기던 알란족 군사령관 아르다부르의 아들로, 서기424년에 부친과 함께서로마 제국의 어린황제발렌티니아누스 3세(테오도시우스 왕조)와 그 모후인갈라 플라키디아를 도와,서로마 제국의제위를 참칭한 대립황제요한네스를 공격하는 원정을 지휘했다.이때 서로마 제국을 도와준 것이 인연이 되었는지, 아스파르는 이후에도서로마 제국의 내정에 종종 간섭했는데, 특히반달족이북아프리카를 공격하여 차지한 뒤에는 반달 왕가이세리크와의 화평 교섭에 자신이 나서기도 했다. 군사와 외교 분야에서 실적을 착실히 쌓았던 듯, 434년 무렵에는 집정관을 지내기도 했고,테오도시우스 2세사후에는 황제 후보로 이름이 오르내리기도 했다. 참고로 아스파르의 아버지인 아르다부르, 아들인 아르다부르와파트리키우스까지 3대에 걸쳐 일가의 4명이 모두집정관을 지내는 진기록을 남겼다. 하지만 당시 로마 제국에서이단으로 치부되던아리우스파신도라는 이유로 제약이 걸려 본인이 황제가 되지는 못했고, 대신 자신과 함께 활동했던 유력한 장군인마르키아누스를 황제로 옹립했다. 마르키아누스 황제는 그때까지 유화책 일변도이던 대훈족정책을 바꿔서,아틸라를 서로마 제국 방면으로 밀어내는 등, 상당히 적극적인 정책을 썼던 군인 황제였는데, 아스파르가 이에 차지한 역할도 적지 않았다. 물론 451년카탈라우눔 전투로 훈족이 타격을 받은 이후라서이기도 하지만.457년에 마르키아누스가 붕어하자,원로원의원들 사이에서는 아스파르를 제위에 옹립하려는 움직임이 있었지만, 그는 거절했고 여기서 아들인 아르다부르를 세울 수도 있었다고 보이지만, 대신 그의 휘하 부대장들 중 한 명이었던레오를 옹립하는 것으로 제위 계승 분쟁을 마무리지었다.[2]원래 마르키아누스 황제의 사위였던안테미우스가 유력한 제위 계승자였지만, 안테미우스는 제위 계승에서 밀려 대신 서로마 제국의 황제가 되었다.그리고 천수를 누리지 못하고 죽는다이렇듯 아스파르는 황제들을 조종해가며 470년까지 권세를 누렸는데, 레오 1세는 자신의 권력을 되찾으려 했고, 470년 무렵에는 이사우리아부족장출신의 장군이자 레오 1세의 사위였던제노와의 권력 분쟁에 휘말렸다. 이 무렵 아스파르는 그저 실세로 있겠다는 기존의 노선이 위협당하자 한 발짝 더 나아가서 제위를 손에 넣으려 했는지 아니면 나이가 이제 70으로 만년이라서 초조해졌는지 모르겠지만, 그의 또 다른 아들인파트리키우스를 레오 1세의 작은 딸인 레온티아와 혼인토록 하고[3], 사위 자격으로부제(副帝 ;caesar)로 세우게끔 압력을 넣었다.[4]그런데 부제 자리를 따낸 것이 먼저고, 아직약혼상태일 뿐결혼은 이루어지지 않은 것으로 보인다.[5]특이한 점은 아들들의 이름 중 아르다부르는 로마 제국 바깥의 이민족 티가 나는 이름인 반면, 파트리키우스는 완연한 로마식 이름이라는 점이다. 이후 471년에 일어난 궁정 음모로 인해 아스파르와 아르다부르 부자는 궁중에서 살해당했다. 그러나 아들 중 파트리키우스는 마찬가지로 죽었다는 기록도 있는 반면 부상을 입었지만 회복해서 살아났다는 서로 상반된 기록이 있다.[6]여하튼 살았다고 해도 부제가 박탈되었고 기록에서 사라졌다고 하니 정계에서 실각된 것은 확실해 보인다.[7]결국 제노가 사위 자격으로 레오 1세의 사후 그 제위를 이어받았다. 아스파르 일가의 몰락 이후 황녀 레온티아는마르키아누스황제의 외손자이자 서로마 황제안테미우스의 아들이었던플라비우스 마르키아누스와 결혼했다.끝은 영 좋지 않았지만, 어쨌든 50년 가까이 동로마 제국의권신으로 군림했던 만큼 그 후에 남긴 영향도 적지 않다.동고트 왕국을 세우게 되는테오도리크 대왕이 그의 처조카에 해당되는 바, 동로마 궁정에서 성장했던 테오도리크는 아스파르의 제자나 다름없는 인물이었고, 이후 동로마 제국의 권신으로, 그리고이탈리아 반도에 자리잡게 된동고트 왕국의 독립 군주로 성장했다.아스파르의 죽음으로 로마 본국인이 아닌 이민족이로마군의군부를 좌지우지하는 행태는 일단 사라졌다.[8]제노 황제 때 황제의 출신 종족으로서 실권을 쥐었던 이사우리아인도 있지만, 그들은 산악민족이라 제국 중앙에 통합이 덜 되었다고 해도[9]어쨌든 로마라는 테두리 안에서 500년 이상[10]부대꼈었기 때문에 '외국인'은 아니었기 때문이다.3.관련글[편집]동로마 제국게르만족의 대이동알란족스틸리코아에티우스리키메르오도아케르아리우스파[1]영어 위키백과Aspar중 'Aspar was born the son of the magister Ardaburius, and was of Alanic-Gothic descent.;[2]영어 위키백과Byzantine Senate중 'In 457 they offered to enthrone the master of soldiers, the Alan Aspar, but the tribune and senator Leo I, who was Aspar's subordinate, became emperor instead.' 및 'Aspar, who in this occasion was probably offered the throne by the senate but refused, could have chosen his own son Ardabur, but instead selected an obscure tribune of one of his military units, Leo I.'[3]큰 딸은 이미 466년에 제노와 결혼한아일리아 아리아드네였다.[4]영어 위키백과Aspar중, 'In 470, in an episode of the struggle for power between Aspar and the Isaurian general Zeno, Aspar persuaded the emperor to appoint his second son, Patricius, as caesar and give him in marriage his daughter Leontia.'[5]영어 위키백과Leo I (emperor)중, 'Leontia was first betrothed to Patricius, a son of Aspar, but their engagement was probably annulled when Aspar and another of his sons, Ardabur, were assassinated in 471.'[6]영어 위키백과Aspar중, 'It is possible that Patricius died on this occasion, although some sources report that he recovered from his wounds.'[7]영어 위키백과Leontia Porphyrogenita중, 'In 471 Julius Patricius disappears from the chronicles'[8]영어 위키백과Aspar중, 'His death led to the ending of the Germanic domination of Eastern Roman policy.'[9]'Two Romes' 401p, 'After 400, there were hardly any enclaves of ethnic separatism in the lands that would become Byzantium, and even those (e.g.,the Isaurians) did not hold out for long. Certainly there were no ethnic “Greeks” left.' : '400년 이후 동로마 권역에서는 자기들끼리 특구를 이뤄서 살던소수민족이 거의 없었고, 그나마 있었던이사우리아인같은 종족들도 오래 유지되지 않았다. 종족적인 ""그리스인""들은 확실히 남아 있지 않았다.'[10]브라티니아 백과사전 '이사우리아'중 'Its inhabitants, a mountain people described by Greco-Roman authors as warlike and uncivilized, were conquered by the Roman general Publius Servilius Vatia “Isauricus” in a three-year campaign, 76–74 BC.'. 즉 기원전 70년대에 정복되었기 때문에 기원후 470년대 시점에서는 550년 정도 되었다."
49,2025년/사건,2025년/사건사고,"상위 문서:2025년연도별 사건 문서 바로가기2025년 사건←2024년 사건2026년 사건→1. 개요2. 실제2.1. 1월2.2. 2월2.3. 3월2.4. 4월2.5. 5월2.6. 6월2.7. 7월2.8. 8월2.9. 9월2.10. 10월2.11. 11월2.12. 12월3. 기념4. 가상1.개요[편집]2025년발생한 사건들을 시간순으로 정리한 문서.2.실제[편집]2.1.1월[편집]윤석열 대통령 체포 및 구속서울서부지방법원 점거 폭동남부 캘리포니아 대형 산불도널드 트럼프 2기 행정부 출범1월 1일최상목대통령 권한대행은 신년사에서 ""우리 경제의 탄탄한 기초체력을 바탕으로 국내외의 불확실성을 극복하고 민생 안정에 총력을 기울이겠다""라고 밝혔다.경기도화성시가특례시로 출범했다.[1]#카자흐스탄이 공용문자를라틴 문자로 바꿨다.9급 공개경쟁채용시험의 국어, 영어 과목의 출제 유형이 바뀌었고국회직 공무원 시험역시 국어, 영어, 한국사 과목이 각각PSAT, 공인영어시험,한국사능력검정시험으로 대체되었다.5급 공개경쟁채용시험과외교관후보자 선발시험에서 선택과목이 폐지되었다.대구광역시가 지방직 공무원 거주지 제한을 폐지하였다.#최저임금이 9,860원에서 10,030원으로 인상되었다.대한민국 국군병장월급이 205만 원으로 인상되었다.세종포천고속도로의남안성JC~남구리IC구간,고덕토평대교가 개통되었다.양구군,의성군,문경시,진천군[2],음성군의 시내버스 요금이 0원으로 조정되었다.동해선영덕역~삼척역구간이 새롭게 개통되고 2023년 운행이 중단된포항역~영덕역구간도 운행을 재개하게 돼부전역부터강릉역까지 이르는 '철도판 7번 국도'가 완성되었다.[3]러시아가우크라이나를 통과하는 가스관에 대한 천연가스 공급을 50년 만에 중단했다.미국 루이지애나 주 뉴올리언스 중심가에서 새해 행사 도중 ISIL 추종자에 의한 트럭 돌진 테러가 일어나며 15명이 사망하고 57명이 부상을 당한 사건이 벌어졌다.같은 날 미국 네바다 주 라스베이거스에서 현역 육군 장병이 테슬라 차량을 폭발시키고 본인은 자살한 사건이 벌어졌다.독일에서 새해 행사 도중불꽃놀이로 인해 5명이 사망한 사고가 벌어졌다.몬테네그로 체티네의 한 술집에서 총격이 발생해 최소 12명이 숨지고 4명이 부상을 당한 사건이 벌어졌다.대만에서 이례적인 한파로 인해 500여 명이 사망한 일이 벌어졌다.CJ대한통운이 주7일 배송을 시작했다.인스타그램이 18세 미만 청소년에게 비공개로 전환되었다.1월 2일테라 루나 사태의 주범권도형이몬테네그로에서미국FBI로 인도되었다.1월 3일윤석열체포영장이 집행되었다. 이후 체포영장을 집행하려는 공수처와 이를 막으려는 대통령경호처 간에 대치가 있었다. 결국 공수처가 체포영장 집행을 중지했다.#경상남도거창군남쪽 14km 지역에서 규모 2.9, 진도 Ⅴ의 지진이 발생하였다.성남시분당구야탑역인근 8층짜리 BYC 건물에서대형화재가 발생했다.바이든미국 대통령이일본의 대형 제철회사인일본제철의 미국 제철회사US스틸을 인수하는 안건에 대해 국가안보상 우려가 있다며 이를 저지하는 결정을 내렸다고 발표했는데 이에 대해 일본제철은 '법령 위반'이라며 미국 정부를 제소할 태세임을 밝히고 있었다.1월 4일자정에 희생자 179명이 발생한제주항공 2216편 활주로 이탈 사고로 인한국가애도기간이 종료되었다.전라남도신안군가거도 인근에서 선박 침몰 사고가 일어났다.1월 6일무기수 김신혜 사건을 일으킨 김신혜가 재심 끝에 결국 무죄를 선고받았다.제주 유나이티드가제주SK FC로 새 엠블럼과 구단명을 공개했다.인도네시아가BRICS의 정회원국으로 가입했다.무수히 많은 논란 끝에쥐스탱 트뤼도가캐나다 총리직에서 사퇴했다.1월 7일중국티베트 자치구지역에서 규모 6.8, 진도 Ⅷ의지진이 발생했다.제12보병사단 훈련병 사망 사건의 주범 강유진 대위에게 징역 5년, 부중대장에게 징역 3년이 선고되었다.NVIDIA가DLSS 4와GeForce 50를 공개했다.윤석열의 체포 영장이 재발부되어 기한이 연장되었다.미국로스앤젤레스를 비롯한캘리포니아남부에서산불이 일어났다.1월 8일최상목대통령 권한대행을 비롯한 대한민국 정부가 설날 연휴를 맞아 내수 진작을 위해1월 27일을임시공휴일로 지정하는 것을국민의힘과 협의하여 공식 발표했다.1월 9일2024년12월 29일에 사망한미국의 제39대 대통령지미 카터의 영결식이 이루어졌다.박정훈대령이해병대 일병 사망 사고외압 논란 관련하여 무죄를 선고받았다.국민의힘김민전의원이 윤석열 체포 방어에백골단을 투입하겠다고 발표해 논란이 되었다.1월 10일호세이대학 여학생 둔기 난동 사건이 일어났다.1월 11일교외선여객열차의 운행이 재개되었다.1월 13일대혜성C/2024 G3혜성이 -1등급 이상으로 육안 관측이 가능할 정도로 밝아졌다.일본미야자키현미야자키시남동쪽 22km 해역에서 규모 6.6, 진도 5-의지진이 발생하였다.1월 14일고양 자유로 44중 추돌사고와고양 서울문산고속도로 43중 추돌사고가 같은 날 동시에 일어났다.1월 15일12.3 비상계엄으로내란혐의를 받고 있는윤석열 대통령이 체포되었다.이는 헌정 사상 첫 현직대통령체포 사례다.1월 16일Nintendo Switch 2가 공개되었다.1월 17일공수처는윤석열대통령에 대한 구속영장을서울서부지방법원에 청구했다. 이는 헌정 사상 최초의 현직 대통령에 대한 구속영장 청구이다.1월 18일윤석열대통령의 구속심문이 종료되었고, 이에 따라 구치소 앞쪽에 윤석열 대통령 지지자들의 집회로 인해애오개역인근이 혼잡해졌다.[4]주쿠바 한국 대사관이 개관했다. 지난해 2월 14일대한민국-쿠바수교 이후 11개월 만이다.1월 19일이스라엘과팔레스타인간 휴전 협정이 발효되었다. 두 나라는 42일의 1단계 휴전 기간에 돌입하였다.윤석열 대통령이 구속되었다.이는 헌정 사상 최초의 현직 대통령에 대한 구속 사례이다.윤석열지지자들이 대통령의 구속 소식에 분노하여서울서부지방법원을 습격하는 폭동 사건이 일어났다.이 역시 헌정사상 최초이며 이로 인해서울서부지방법원내/외부가 피해를 입었고, 89명이 체포되었다.1월 20일정오에조 바이든의 미국 대통령 임기가 종료되었으며,2024년 미국 대통령 선거에서 당선된 대통령 당선인도널드 트럼프와 부통령 당선인JD 밴스의 임기가 시작되었다.이날에 취임한도널드 트럼프가세계보건기구(WHO)와파리기후변화협약을 탈퇴한다는 행정명령에 서명했으며쿠바를테러지원국으로 재지정했다.1월 21일대만자이현남남동쪽 30km 부근에서 규모 6.4, 최대진도 6-의지진이 발생했다.블랙요원의 명단을 유출한 혐의를 받는 군무원에게 징역 20년이 선고되었다.1월 22일삼성 갤럭시 언팩 2025행사가 개최되었으며갤럭시 S25시리즈가 공개되었다.튀르키예 스키리조트 화재로 79명 사망한 참사가 일어났다.부안군격포항 수산시장 화재로 점포 11곳이 소실되었다.1월 23일일본후쿠시마현아이즈 지방에서 규모 5.2, 최대진도 5약의 지진이 발생했다.일본의 아이돌 그룹SMAP출신 방송인나카이 마사히로가성폭행 사건에 연루되면서 연예계 은퇴를 선언했다.이진숙방송통신위원회 위원장의탄핵 심판이 기각되었다.1월 24일과학상자가 단종되었다.서울중앙지방법원에서윤석열대통령의 구속 기간 연장을 기각하였다.1월 25일죽전휴게소 인근경부고속도로에서 버스 4대가 연쇄추돌하며 1명이 중상을 입고 12명이 경상을 입는 사고가 일어났다.대만자이현남남동쪽 34km 부근에서 규모 5.1의 지진이 발생했다.1월 26일검찰이 내란 혐의를 받고 있는윤석열 대통령을 구속기소하였다.2025년 미국-콜롬비아 외교 분쟁이 발생하였다. 이후 콜롬비아가 미국의 조건을 수용하여 일단락되었다.1월 27일중국의AIDeepSeek가 앱스토어 1위를 차지하면서 돌풍을 일으켰다.대한민국에한파와 폭설이 내려지면서 아래와 같은 사고들이 발생했다.청주영덕고속도로화서나들목1.5km 인근에서 17대 연쇄추돌이 발생해 12명이 부상을 입었고, 인근 3.1km 지점에서도 연쇄추돌사고가 발생해 3명이 경상을 입었다.영동고속도로원주분기점0.9 km 부근에서 9대 연쇄추돌이 발생하여 9명이 부상을 입었다.경부고속도로천안나들목1.5km 부근서 버스 2대와 승용차 1대가 충돌하여 35명이 부상을 입었다.29번 국도환성리 인근서 버스 9대가 연쇄 추돌하여 48명이 부상을 입었다.1월 28일야시오시 교차로 도로 함몰 사고가 일어났다.에어부산 391편 화재 사고가 일어나 3명이 경상을 입었다.2024 SBS 연예대상에서유재석이 최초로 방송사 20번째 대상을 차지했다.1월 30일CGV 북수원이 폐점하였다.포토맥강 상공 공중 충돌 사고가 일어나 탑승객 67명이 전원 사망했다.대만자이시남동쪽 40.5km 부근에서 규모 5.6, 최대진도 5+의 지진이 발생했다.미국워싱턴 D.C.포토맥강 상공에서 비행기 공중 충돌 사고가 일어나 탑승객 67명이 전원 사망했다.1월 31일미국필라델피아에서소형 제트기가 추락해 탑승객 6명 전원과 지상 인원 1명이 사망했다.2.2.2월[편집]트럼프의 관세 전쟁 선포대전 초등학생 피살 사건배우 김새론 사망세종포천고속도로 공사 교량 붕괴 사고2월 1일국립한글박물관에 화재가 발생했다.삼광호-33만선호 좌초 사고가 발생했다.미국이 중국에 10% 추가 관세를 부과했다. 중국이 보복관세로 대응하면서무역전쟁이 발생했다.2월 2일롯데월드 어드벤처의번지드롭과회전그네,머킹의 회전목마등 3종류의 놀이기구가 운영을 종료하였다.CGV 성남모란이 폐점하였다.무주군덕유산설천봉 상제루 쉼터에서 화재가 발생했다.대만의 배우이자 가수 및 DJ구준엽의 배우자인서희원이 독감으로 인한 폐렴으로 사망했다.미국 조지 부시 인터컨티넨털 공항에서 유나이티드 항공 1382편(A319)이 이륙 직전, 우측 엔진(IAE V2500)이 폭발해 화재가 나 이륙을 중단한사고가 일어났다.2월 3일산토리니 섬으로부터 36km 부근에서 규모 5.1, 최대진도 VII의지진이 발생했다.2월 4일그리스Mesariá 동북동쪽 12km 해역 인근에서 규모 5.3, 최대진도 VII의지진이 발생했다.2월 5일도널드 트럼프미국 대통령이가자 지구를 점령해 소유할 계획이라고 밝혔다.도널드 트럼프 2기 행정부에 반발하는 시위인50501이 시작되었다.2월 6일스웨덴 교육시설에서 총기 난사 사건이 발생해 10명이 사망했다.8광구에서 유전을 개발하겠다는대왕고래 프로젝트가 사업성 미비를 이유로 백지화되었다.2월 7일2025 하얼빈 동계 아시안 게임이 개막했다.새벽 2시 35분 34초 경,대한민국충청북도충주시북서쪽 22km 부근서 규모 3.1, 최대진도 V의지진이 발생했다.걸그룹NewJeans가ADOR와의 계약 해지 건 소송 중에 새 그룹명NJZ를 발표했다.트로트 가수송대관이 심장마비로 사망했다.브라질상파울루에서 항공기 추락 사고가 발생했다.2월 8일제4회봉래제에서ZUN 노쇼 논란이 발생했다.영국케이멘 제도 조지타운 남서쪽 209km 해역 부근서 규모 7.6, 최대진도 V의 지진이 발생해멕시코이슬라 무헤레스 섬에서 4cm의 쓰나미가 관측되었다.2월 9일일본가고시마현에 위치한사쿠라지마화산이 여러 번 분화했다는 소식이 전해졌다.#2월 10일대전 초등학생 피살 사건이 발생했다.2월 12일2025 AFC U-20 아시안컵 중국이 개막했다.2월 13일2025 하얼빈 동계 아시안 게임에서차준환이 대한민국 사상 첫 남자 피겨 스케이팅 종목에서 금메달을 획득했다.타이중 신광산웨 백화점 폭발 사고가 발생했다.전북특별자치도부안군왕등도 인근 해상에서제2022신방주호에 화재가 발생했다.2월 14일부산 반얀트리 리조트 공사장 화재 사고가 발생했다.트레이더스 홀세일 클럽 마곡점이 개점했다.2월 15일서울무학여자고등학교에서화재 사고가 일어났다.2월 16일메가박스브로드웨이(신사)가 폐점하였다.아역 배우 출신 배우김새론이 서울 성동구 자택에서향년 25세의 나이에 숨진 채로 발견되었다.도시샤대학이 생전 해당 대학에 재학했던 시인이자 독립운동가윤동주에게 순국 80주기를 맞아명예박사학위를 수여했다.2월 17일엔데버 항공 4819편 착륙 사고가 발생했다.공덕역에서 기계 오류로 인한 정전이 일어났다.2월 18일프란치스코 교황이 양쪽 폐 모두에폐렴이 발병했으며 추가적인 약물치료가 필요한 상황이지만 양호한 상태라고 교황청 공보실이 밝혔다.2월 19일문재인 정부당시 벌어진 탈북 어민 강제북송 사건 1심에서정의용전국가안보실장과서훈전국가정보원장이 징역형의 선고를 유예받았다.#애플이iPhone 16e를 공개하였다.마라나 리저널 공항 상공 공중 충돌 사고가 발생했다.모바일 기반 블록체인 프로젝트파이코인이 메인넷 오픈 상장을 앞두고 있었다.2월 20일박정희전 대통령을 암살한김재규전 중앙정보부장의 재심이 결정되었다.2월 21일도널드 트럼프미국 대통령은 자동차 및 반도체 등 특정 품목에 대한 관세 부가 계획은 한 달 내로 발표하겠다는 입장을 밝혔다.2월 22일프란치스코 교황은 폐렴으로 입원 치료를 받던 도중 호흡곤란 증세를 겪었고, 낮은 적혈구 수치로 인해 수혈을 받는 등 예후를 장담할 수 없는 위중한 상태라고 교황청이 밝혔다.2월 23일제21대 독일 연방의회 선거에서독일 기독교민주연합과바이에른 기독교사회연합이 28.5% 득표율로 승리를 차지했다.2월 24일2025년 대구 시내버스 개편,2025년 경산 시내버스 개편이 시행되었다.프란치스코 교황에게 초기 신장 부진이 발생했다는 사실이 혈액 검사 결과로 알려졌다.2월 25일진에어 371편 회항 사고가 발생했다.세종포천고속도로인근 공사현장에서교각이 붕괴되어 최소 4명이 숨지는 사고가 발생했다.2025년 수단 공군 An-26 추락 사고가 발생했다.미드웨이 국제공항 니어미스 사고가 발생했다.윤석열대통령지지자 20만 명의 탄핵 반대 청원이헌법재판소로 제출되었다.한국은행금융통화위원회는 기준금리를 기준 3.0%에서 2.75%로 추가 인하했다.2월 26일제55대 대한축구협회장 선거가 치러졌고정몽규가 4선에서 당선되었다.인스타그램 릴스알고리즘 검열 논란이 발생했다.김태영전국방부장관이 항년 76세로 사망했다.도널드 트럼프미국 대통령이 EB-5 비자 대신 골드카드를 운용할 것이라는 계획을 밝혔다.도널드 트럼프 미국 대통령이 철강, 알루미늄, 구리원광, 구리 정광, 구리 합금 등에 대한 관세 부과를 예고했다.대명소노그룹이티웨이항공지분의 46.26%(2500억 원)를 인수했다.인도네시아modisi 동쪽 44km 해역서 규모 6.1, 최대진도 5의 지진이 발생했다.인천 서구 빌라 화재 사건이 일어났다.2월 27일유우키의 일본이야기채널의 운영자이자 유튜버인 유우키가 코스어밀키로부터성추행 무고 피해를 당한 사건이 일어났다.카트라이더: 드리프트가 전 세계 콘솔 및 모바일, 대한민국·대만을 제외한 지역의 PC 버전 한정으로 서비스가 종료되었다.김포국제공항 외곽 화재가 발생했다.2월 28일피너툰이 서비스 종료되었다.부천고등학교와분당중앙고등학교의 2027년 3월과학고등학교전환과 시흥과학고등학교, 이천과학고등학교의 2030년 개교가 확정되었다.미국-우크라이나 정상회담이 열렸으나, 격렬한 설전 끝에 협상이 결렬되었다.프란치스코 교황이 고립성 호흡 곤란을 겪으며 호흡 보조기를 사용하게 되었다.전북특별자치도가서울특별시를 꺾고 대한민국의2036 올림픽유치 후보 도시로 선정되었다.롯데시네마 광주터미널이 폐점하였다.2.3.3월[편집]윤석열 대통령 석방3월 전국 동시다발 산불2025년 국민연금법 개정창원NC파크 구조물 추락 사고인천광역시 강화군의 중증발달장애인 거주시설 색동원에서인천 색동원 성폭력 사건이 발생하였다.3월 1일국립안동대학교와경북도립대학교가 통합하여국립경국대학교가 출범하였다.3월 3일제97회 아카데미 시상식이 진행되었다.3월 4일2025학년도개학과 동시에2022 개정 교육과정이 초등학교 3~4학년과 중학교 1학년, 고등학교 1학년에 첫 적용되었다.홈플러스가 신용등급 하락으로 인한 잠재적 자금이슈에 선제적으로 대응하기 위해4일 오전 서울회생법원에서 기업회생절차 개시를 신청했다고 밝혀졌다.영국 등 유럽 지역 장기체류자에 대한 헌혈 제한이 완화되어 1980년~1996년까지 영국에 3개월 이상 체류한 경우, 1980년~2001년까지 프랑스, 아일랜드에 5년 이상 체류한 경우, 1980년 이후 영국, 프랑스, 아일랜드 지역에서 수혈을 받은 경우에만 헌혈을 금지하도록 기준이 변경되었다.3월 5일Radeon RX 9000 시리즈가 출시되었다.도널드 트럼프미국 대통령이의회합동연설을 했다. 연설 도중도널드 트럼프미국 대통령을 방해한 엘 그린 민주당 상원의원이 퇴장당했다.3월 6일울산광역시에서 약한 비로 젖은 커브길에서 사고가 발생해 4명이 사망하고 1명이 다치는 사고가 발생했다.경기도포천시에서KF-16전투기가Mk.82항공 폭탄 8발이 비정상 투하되어사격장 외부지역에 낙탄되는 사고가 일어났다.손연재리프스튜디오 대표가 대한체조협회 이사로 선임되었다.3월 7일ADOR가NewJeans를 상대로 제기한 기획사 지위 보전 및 광고 계약 체결 등 금지 가처분 심문이 열렸다.윤석열대통령변호인단이서울중앙지방법원에 제출한 윤석열 대통령 구속 취소 의견서가 인용되었다.인천발 푸꾸옥행 VJC975편이 기체결함으로 제주국제공항에 비상착륙했다.3월 8일윤석열 대통령이 석방되었다.#3월 9일국내 최후의그랜드백화점이었던 그랜드백화점 일산점이 폐점하면서 그랜드백화점이 없어지게 되었다.3월 10일가수휘성이 서울특별시 광진구 자택에서 향년 43세의 나이에 숨진 채로 발견되었다.배우 김수현과 김새론의 열애설과 미성년자 교제 의혹이 제기되었다.3월 11일신주쿠구 인터넷 방송인 살해 사건이 발생했다.일본의 가수이자 배우이시다 아유미가 향년 76세로 사망했다.필리핀의 제16대 대통령로드리고 두테르테가 귀국 후 마약과의 전쟁 과정에서 벌어진 대량학살 혐의로국제형사재판소(ICC)에 의해 체포되어네덜란드헤이그에 수감되었다.3월 12일대전 초등학생 피살 사건피의자명재완의 신상이 공개되었다.미국 항공 우주국과한국천문연구원이 공동 개발한 우주망원경 sphereX가 우주로 발사돼 교신에 성공했다.3월 13일대한항공이 신도장을 포함한 새로운 CI를 공개하였다.최재해감사원장과이창수서울중앙지검장,조상원검사,최재훈검사에 대한 탄핵심판이 기각되었다.3월 14일모바일 주민등록증발급 서비스가 전국에서 시행되었다.청도 산불을 시작으로전국에서 산불이 연달아 발생하기 시작했다.3월 15일이륜자동차검사 제도가 도입되었다.중국 남부 J-15 추락사고가 발생했다.3월 16일전북특별자치도군산시교회에 화재가 발생해 6명이 대피했다.북마케도니아나이트클럽에서화재가 발생하여 59명이 사망하는 일이 일어났다.3월 17일경상북도울진군시내버스 요금이 0원으로 조정되었다.경기도김포시풍무동의 한 식품 공장에서 화재가 발생했다.경기도양주시에서 한 무인기가 계류 중인 헬기와 충돌하는 사고가 발생했다.김용현이 내란죄 공판서 18분간비상계엄의 정당성에 대해 발언했다. 하지만 발언 도중, 검찰에서윤석열대통령을 ‘대통령 윤석열’이라고 부르자 김용현은 ‘윤석열 대통령’이라고 불러야 한다고 항의하였고, 이로 인해 고성이 오가다 결국 교도관에 의해 퇴장당하는 일이 발생했다.온두라스에서아에로리네아 란사 18편 추락 사고가 발생했다.3월 18일나무위키에서 오전 9시 10분 경부터 약 한 시간 동안 접속 장애가 발생했다. 접속 장애가 발생하며 나무위키 접속 시도시 '502 bad gateway' 또는 '504 gateway timeout'이라는 문구가 표시된 것으로 알려졌다.방송통신심의위원회는 ""이번 나무위키 접속 오류 사건은 방통위와 무관하다""라는 입장을 발표했다.최상목대통령 권한대행이 방통위법 개정안에 9번째 거부권을 행사하였다.이준석이 원내 정당으로는 처음으로 개혁신당제21대 대통령 선거 후보로 확정되었다.3월 20일국민연금개혁안이 여야 합의로 타결되었다. 보험료율은 현행 9%에서 13%로, 소득대체율은 현행 40%에서 43%로 인상하기로 했다.울산광역시의 한 수소 탱크가 폭발해 2명이 피해를 입었다.도널드 트럼프미국 대통령이 교육부 해체를 요구하는 행정명령에 서명했다.한미연합훈련자유의 방패 연습이 종료되었다.홍콩항공 115편 화재 사건이 발생했다.3월 21일최상목 기획재정부장관 탄핵소추가 발의되었다.미국 대통령이 차세대 전투기인F-47을 공개하였다.대구광역시중리동자동차부품 공장에서화재가 일어났다.3월 22일2025년 3월 전국 동시다발 산불이 전국 여러 곳으로 퍼져나가 정점에 도달했다.2025년 의성발 경북 산불2025년 울주-양산 산불2025년 김해 산불3월 23일CGV 송파와CGV 연수역이 동시에 폐점하였다.서울 지하철 2호선신도림역에서탈선 사고가 일어났다.옥천-영동 산불이 일어났다.3월 24일한덕수 국무총리 탄핵 심판이 기각되었다.NewJeans가 재판 결과에 따라 활동 중단을 선언했다.서울특별시강동구대명초교 입구 교차로에서싱크홀 사고가 발생해 오토바이 운전자 1명이 사망했다.3월 25일일본세계평화통일가정연합종교법인 해산 재판의 1심 선고가 내려졌다. 도쿄지방재판소는 종교법인 해산을 명령했으며 통일교 측은 즉각 항소할 방침이라고 밝혔다.의성발 경북 산불으로 인해 주민 대피령이 내려졌고고운사건물이 전소되었다.안성시,대전광역시,충청남도에서 강풍에 타워크레인이 떨어지고 지붕 패널이 떨어져 전선을 건들여 화재가 나는 등 강풍으로 인한 사건사고가 많았다.한종희(기업인)(삼성전자 대표이사 부회장 · DX부문장) 부회장이 별세하셨다.3월 26일이재명의 공직선거법 위반 혐의 형사 재판의 항소심에서 무죄를 선고받았다.한덕수대통령 권한대행은산불이 역대 최악이라고 밝혔다.산불을 진화하던 소방헬기가 추락해 조종사 1명이 사망한 것으로 알려졌다.ChatGPT중GPT-4o의 이미지 생성 기능을 활용하여 사용자가 업로드한 이미지 파일을스튜디오 지브리의 화풍으로 바꾸는유행이 일으켰다.3월 27일넥슨의마비노기 모바일이 출시되었다.3월 28일미얀마만달레이서북서쪽 17km 지역에서 규모 7.7, 최대진도 IX지진이일어나며 최소 5,350명 이상이 사망했다.의성발 경북 산불발화 149시간 만에 주불이 진화되었다.3월 29일진화된의성발 경북 산불이 재발화했다.도봉역에서벤츠 차량이 근처 도로에서 난동을 부리는 사건이 일어났다.창원NC파크 구조물 추락 사고가 일어나 20대 여성 관중 한 명이 사망한 일이 벌어졌다.3월 30일통가Pagai 남남동쪽 79km 해역서 규모 7.0, 최대진도 VI의 지진이 발생했다.3월 31일TGI Fridays가 한국에서 철수하였다.CGV 광주터미널과CGV 창원이 동시에 폐점하였다. CGV 광주터미널이 폐점한 이유는유스퀘어 문화관이광주신세계로 인수돼서 광주신세계 Art & Culture Park로 재건축하기 때문이다.LG U+의 스포츠 서비스인스포키의 서비스가 종료되었다.수도권 전철 경의·중앙선가좌역이 침수되어 열차 운행이 중단되었다.광주광역시의 한 어린이집에서 화재가 발생하여 5명이 연기를 흡입하여 병원으로 긴급 이송되었다.주요 의과대학에 의대생이 복귀하였다.김수현-김새론 교제 관련 논란이 있는김수현이 기자회견을 열였다.성폭행 혐의를 받고 있는장제원전 의원이자택에서 숨진 채 발견되었다.2.4.4월[편집]윤석열 대통령 파면프란치스코 교황 사망SK텔레콤 유심 정보 유출 사고2025 오사카·간사이 엑스포4월 1일애플의Apple Intelligence와나의 찾기서비스가 대한민국에 정식으로 도입되었다.대구광역시 시내버스전 노선에현금 없는 시내버스가 시행되었다.4월 2일2025년 재보궐선거가 치러졌다.강릉 옥계항 외국 선박 마약 의혹 사건이 발생하였다.Nintendo Switch 2의닌텐도 다이렉트가 공개되었다.4월 3일NewJeans의 전속 계약 유효 확인 소송 변론 기일이 열렸다.도널드 트럼프 행정부발 상호관세가 미국의 주요 교역상대국들에 부과되었다.미국 관세국경보호청(CBP)이주식회사 태평염전에 대해강제노동을 이유로천일염제품을 압류하고 수입을 원천 차단하는 인도보류명령(WRO)[5]을발령했다.수도권 전철 3호선안국역이 도시철도법 제36조에 의거 임시 휴업(전면 폐쇄)이 결정되었다.윤석열 대통령 탄핵 심판으로 발생할 수 있는 안전사고를 예방하기 위하여 을호비상을 발령했다.4월 4일곽종근전 사령관이 보석 석방되었다.헌법재판소가 재판관 8명만장일치로윤석열대통령을파면했다.[6]전국 경찰에 최고비상대기인 갑호비상이 발령되었고 헌법재판소 주변 150m 이내는 접근이 통제되었다. 지하철 안국역은 무정차 통과되었다. 인근 15개 학교들은 임시 휴교했다.KBS,MBC,SBS등 지상파 방송국들은 모든 정규 프로그램을 중단하고 종일 뉴스를 편성했다.폭동 발생 시 대응할 수 있도록 갑호비상이 발령되었다.카프리썬의 종이 빨대가 다시 플라스틱 빨대로 환원되었다.암사동 유적지와한강공원을 잇는 녹지길 '암사초록길'이 완공되었다.4월 5일파푸아뉴기니킴베 동남동쪽 194km해역서 규모 6.9, 최대진도 VI의 지진이 발생했다.중국이희토류수출을 통제하기 시작했다.미국이 기본관세 10%를 발효했다.남원호성사에 화재가 발생해 대웅전이 전소했다.경찰이 갑호 비상을 을호 비상으로 하향 조정하였다.4월 6일CGV 청주율량이 폐점하였다.서울경찰이 을호비상을 해제하였다.대구광역시북구에서산불을진화하던 헬기가 추락하는 사고가 일어났다.우원식국회의장이10차 개헌을 제안하였다.4월 7일여수시의 한 화력발전소에서 화재가 발생했다.대한민국 전국 동시다발 산불이 지속된 가운데하동에서 산불이 일어났다.4월 8일한덕수대통령 권한대행이마은혁헌법재판소 재판관 후보자를 헌법재판소 재판관으로 임명하였다.한덕수대통령 권한대행이 4월 18일 임기가 만료되는문형배,이미선헌법재판소 재판관의 후임으로이완규,함상훈을 지명하였다.원/달러 환율이 33.7원 급등하며 코로나-19 사태 이후 최대폭을 경신하였다.공정거래위원회가에이스침대에 대하여 ‘유해성 항균제 포장 거짓광고’로 시정 명령과 제재를 부과하였다.중앙선거관리위원회에서제21대 대통령 선거와 관련하여 긴급대책회의를 개최하였다.2024-25 V-리그 챔피언 결정전에서흥국생명 배구단이 우승을 차지하면서김연경이 은퇴하게 되었다.#도미니카 공화국에서제트세트 나이트클럽 붕괴 사고가 발생했다.4월 9일한덕수대통령 권한대행의 대통령 몫 헌법재판소 재판관 지명이 위헌으로 확인되었고 헌법소원이 접수되었다.김여정조선로동당 부부장이 ""한미일 외교장관이 발표한 '북한의 완전한 비핵화'는 실행 불가능한 망상에 불과""하다는 성명을 발표하였다.미국에서 공개한 상호관세 행정명령이 발효되었다. 중국에 대하여는 보복조치에 대한 재보복으로 앞선 4월 3일 발표보다 더 높은 상호관세율을 적용하여 104%의 추가관세를 발효한다고 밝혔다.4월 10일전주역구내에서한 화물열차가 탈선하는 사고가 발생했다.그 여파로 복구가 완료된 7시까지 전주-익산을 오가는 버스가 대체 운행되었다.서울 지하철 7호선숭실대입구역에서 화재 발생이 의심되는 연기가 발생하여 열차가 무정차 통과하였다.대한민국과 시리아가 외교 관계를 수립했다.이로써 대한민국은북한을 제외한 모든유엔정회원국과 수교를 하게 되었다.초대천주교 안동교구교구장이었던두봉 레나도주교가선종하였다.4월 11일광명 신안산선 공사현장에서 도로 붕괴 사고가 발생해 인근 주민에 대피령이 내려졌으며, 결국 1명이 사망하고 3명이 다쳤다.경의선월롱역~금촌역구간에서탈선사고가 발생했다.미국 뉴욕의 허드슨강에 헬기가 추락하며 6명이 사망했다.제주 4.3 사건기록물과산림녹화기록물이 세계기록유산에 등재되었다.고성비무장지대에 산불이 발생하여 북측에 안내방송 송출 후 소방헬기를 투입하여 산불을 진화했다.4월 12일전국에 90km/h 이상 강한 태풍급 강풍이 예상되며 전국에 강풍특보가 발효되었다.대한민국 전국 동시다발 산불이 끝나가는 가운데김천에서 산불이 일어났다.수도권 전철 4호선동대문역지하 상가에서 화재가 발생해 4호선 양방향 열차가 30분가량 무정차 통과했다.2025 오사카·간사이 엑스포개회식이 열렸다.4월 13일2025 오사카·간사이 엑스포가 이날부터 시작되어 같은 해 10월 13일까지 진행된다.부산광역시사상구학장동에서 가로 5m, 세로 3m, 깊이 3~4m로 추정되는 싱크홀이 발생했다. 그리고 같은 날서울특별시마포구애오개역앞 차로에서도 지름 40cm, 깊이 1.3m 정도의 싱크홀이 발생했다.타지키스탄Rahust 동쪽 25km 부근서 규모 5.9, 최대진도 VII의 지진이 발생했다.뉴욕타임즈는중국이 정제된 6종류의희토류와 희토류 자석의 수출을 중단하였다고 보도하였다.4월 14일윤석열 대통령 내란우두머리 혐의 재판의 1차 공판기일이 열렸다.4월 15일미국 에너지부가민감국가 및 기타국가명단에 대한민국을 포함하였다.용인 수지구 일가족 존속살인 사건이 발생하였다.4월 16일걸그룹NewJeans의 이의신청이 기각되어 독자활동 금지 결정이 유지되었다.한덕수가 지명한 헌법재판관 이완규, 함상훈에 대한 임명 절차가 중단되었다.부산경찰청 사격장 총기 오발 사고가 발생했다.4월 17일정부가내년 입학할 의대 정원을 증원 이전인 3058명으로 되돌리기로 했다.KBS수신료를전기요금에 통합하여 징수하는 법안이국회본회의를 통과했다.이케아 강동점이 개점했다.4월 18일문형배,이미선헌법재판관이 퇴임하였다.4월 19일한덕수대통령 권한대행이헌법재판소장임명이 없어 이날부터김형두헌법재판관이 헌법재판소장 권한대행을 맡게 되었다.4월 21일화순 풍력발전기 전도 사고가 발생했다.서울특별시관악구에서봉천동 아파트 방화 사건이 발생했다.윤석열전 대통령의 내란우두머리 혐의 재판 2차 공판이 진행되었고, 1차 공판과는 달리 법정 내부가 공개되었다.프란치스코교황이 사망하였다.칠레에서 건설 중인중국소유 수력발전소가 무장괴한의 공격을 받았다.전라남도영광군의 한돈시대 건물에서화재가 발생했다.4월 22일SK텔레콤 유심 정보 유출 사고가 일어났다.경기도남양주시화도읍의 어느 아파트에서 옹벽이 붕괴해, 차량 6대가 빠지는 사고가 발생했다.미국 올랜도 공항에서 이륙을 앞두고 있던델타 항공기에화재가 발생해 승객들이 긴급 대피하는 사건이 발생하였다.서울특별시강북구에서미아역 인근 마트 흉기난동 사건이 발생하였다.인도카슈미르지역에서대규모 총기 난사 테러 사건이 발생하여 26명이 사망하고 17명이 부상을 입는 사건이 일어났다.전라남도화학산부근에서 127m 풍력발전기가 휘어지는 사고가 발생했다.4월 23일체육시설 휴업·폐업 시 사전 통지가 의무화되었다.4월 24일검찰이문재인전 대통령을뇌물수수 혐의로 불구속 기소했다.4월 25일코엑스에서화재가 발생했다.충청남도천안시동남구풍세면의 한 화장품 원료 공장에서화재가 발생했다.4월 26일강원특별자치도인제군상남면하남리에 위치한 한 야산에서산불이 발생하였다.밴쿠버 차량 돌진 사건이 일어났다.이란내 최대 규모의 항구인 반다르아바스 항구에서큰 폭발이 발생했다.4월 27일제21대 대통령 선거더불어민주당경선에서이재명후보가 누적득표율 합산 89.77%을 기록하며 대선후보로 최종 선출되었다.4월 28일2025년 캐나다 연방 선거에서캐나다 자유당의마크 카니가 총리로 당선되었다.충청북도청주시흥덕구오송읍에서오송고등학교 흉기난동 사건이 발생했다.대구광역시함지산에서산불이 일어났다. 또한역대 최초로 대구광역시에산불 대응단계중 최고단계인 3단계가 발령되었다.대구광역시동구의 목재 가공창고에서도화재가 났다.스페인,포르투갈,프랑스일부 지역에서대규모 정전 사태가 일어났다.4월 29일국민의힘경선에서한동훈과김문수가 최종 후보로 선정되었다.홍준표는 정계 은퇴를 선언했다.경상북도고령군운수면봉평리의 한 야산에서산불이 일어났다.중국랴오닝성랴오양시에서대규모 식당 화재로 22명이 사망하고 3명이 부상당한 사고가 발생했다.4월 30일서울특별시강동구길동사거리에서 1.5M 깊이의 싱크홀이 발생했다.네이버 포스트가 서비스 종료되었다.다음 부동산이 서비스 종료되었다.2.5.5월[편집]이주호 권한대행 체제출범김문수 후보 교체 시도 사건2025년 인도-파키스탄 분쟁2025년 콘클라베5월 1일강북삼성병원이 '삼성강북병원'으로 병원명을 변경했다.경상남도산청군시내버스 요금이 0원으로 조정되었다.(삼사 소속 시내 면허노선 포함)2025년 영국 지방선거가 시작되었다.이재명의 공직선거법 위반 혐의 형사 재판의 상고심에서 파기환송이 선고되었다.16시,한덕수 대통령 권한대행이 사임을 발표하였다.[7]최상목 부총리가 새 권한대행으로 예상됐지만, 같은 날탄핵소추안이국회법사위를 통과되었고 본회의 투표 전 최상목이 밤 10시 28분 사의를 표명하여 수리되었다.이에 따라이주호 부총리 겸 교육부장관이 대통령 권한대행직을 맡아이주호 권한대행 체제가 출범하게 되었다. 대통령직 승계 서열 3위가 권한대행을 맡은 것은 1960년허정 내각이후 헌정사상 두 번째이다.5월 2일한덕수가제21대 대통령 선거출마를 선언했다.롯데월드인근롯데마트에서 화재가 발생했다.5월 3일김문수가국민의힘대선후보로 선출되었다.2025년 호주 연방 선거에서호주 노동당의앤서니 앨버니지총리가 승리하여 재선에 성공하였다.5월 4일워렌 버핏버크셔 해서웨이회장이 공식적으로 95세 나이로 은퇴를 발표했다.5월 5일Skype가 서비스 종료되었다.전라남도완도군의 한 리조트에서 일산화탄소 누출 사고가 일어났는데 이 사고로 어린이, 투숙객 등 14명이 병원으로 옮겨졌다.정의당이 당명을민주노동당으로 변경했다.백종원이 그동안의 논란에 대해 사과하고 현재 촬영 중인 것을 제외한 나머지 방송 활동을 중단하겠다고 발표했다.충청남도태안군북서쪽 52km 해역에서 규모 3.7, 최대진도 IV의 지진이 발생했다.5월 6일5월 2일부터부산에서 열린2025 세계라면축제가 부실한 운영으로 뒤늦게 논란이 되기 시작했다.##5월 7일2025년 인도-파키스탄 분쟁이 시작되었다.2025년 콘클라베가 진행되어레오 14세가 제267대 교황으로 선출되었다.이재명대통령 후보의 공판이 6월 18일로 연기되었다. 이에서울고법형사7부는 ""대통령 후보인 피고인에게 균등한 선거운동의 기회를 보장하고 재판의 공정성 논란을 없애기 위해 재판기일을 대통령 선거일 후로 변경했다""고 밝혔다.5월 8일메가박스중앙과롯데컬처웍스의합병 추진 논의가 시작되었다.5월 9일의대 증원 방침에 불복하여 수업에 참여하지 않은 의대생 8,305명은 유급, 46명은 제적이 확정되었다.5월 10일경기도연천군북북동쪽 5km 지역에서 규모 3.3, 최대진도 IV의 지진이 발생했다.김문수 후보 교체 시도 사건이 발생했다. 그러나후보 재선거의 당원 투표에서 다수의 반대표가 나와 부결되면서 후보 교체는 무위로 끝났다.5월 11일충청남도아산에서10대 청소년들이 렌터카를 무면허로 운행하다 추돌하는 사고가 발생했다.5월 12일제21대 대통령 선거의 공식 선거운동이 시작되면서 예비군 훈련과 민방위 교육이 중단되었다.영천 풍력발전기 화재 사고가 일어났다.5월 13일서해안고속도로불갑산IC서울 방향이 개통되었다.강릉 티볼리 에어 페달 오조작 사고1심에서 페달 오조작으로 판결되었다.주호민의 아들을 학대한 혐의를 받는 특수교사가 항소심에서 무죄를 선고받았다.이천의 한 물류창고에서 큰 화재가 발생했다.강남역인근 15층 빌딩 옥상에서 투신 소동이 발생했다.제887어진호 침몰 사고가 발생했다.최정이KBO 리그사상 최초로 통산 500홈런을 달성했다.5월 15일'세종대왕 나신 날'이 국가기념일로 지정되었다.2022년이준석 국민의힘 대표 징계 사건에서 국민의힘이 3년여 만에 징계를 취소했다.5월 16일대통령 선거를 앞두고 국가 사이버위기 경보가 '관심'에서 '주의'로 상향되었다.5월 17일광주 금호타이어 공장에서 대형 화재가 발생했다.윤석열 전 대통령이 국민의힘에서 탈당했다.미국국가신용등급이 ‘Aaa’→‘Aa1’ 하향 조정되었다.미국 루이지애나주 뉴올리언스의 한 교도소에서 수감자 10명이 변기 뒤 구멍을 통해 집단 탈옥했다. 3명은 체포됐으나 살인 혐의 수감자를 포함한 7명은 도주했다.5월 18일레오 14세교황이 즉위미사를 하며 교황으로서 공식적 직무를 시작했다.구주와자유통일당제21대 대통령 선거후보가 대통령 후보직을 사퇴했다.#경제분야 21대 대선 후보자 토론회가 진행되었다.멕시코해군훈련함이 뉴욕 다리와 충돌해서 2명이 사망했고 19여 명이 부상을 입었다.조 바이든전 미국 대통령이전립선암을 진단받았다.5월 19일경기도시흥에서흉기난동 사건이 발생했고,화성에서도동탄호수공원과병점동에서 흉기난동 사건이 벌어졌다.5월 20일일본오사카44층 아파트에서 앞에 사람이 추락했다는 신고를 받고 출동한 구급대원들은 현장에서 남성 2명이 쓰러져 있는 것을 발견해 병원으로 긴급 이송했으나 모두 숨지는 사고가 발생했다.SK텔레콤의 사건에 대해서울남대문경찰서에서 조사가 들어갔다.서울영등포경찰서는더불어민주당중앙당사 인근 노상에서 흉기를 소지한 남성을 체포했다.미국텍사스 주댈러스에서 큰 우박이 내려 피해를 입었다.조 바이든전 미국 대통령의 암 진단 2일 만에 암이 뼈로 전이되었으며, 암 4기 판정을 받았다.5월 21일손웅정이 아동학대혐의로 출전정지 징계를 받았다.주미 이스라엘 대사관 직원 피살 사건이 벌어졌다.5월 22일제주 중학교 교사 사망 사건이 일어났다.토트넘 홋스퍼 FC가유로파 리그에서 우승을 차지했으며, 주장손흥민은 프로 데뷔 15년 만에 드디어 무관에서 탈출했다.미국 샌디에이고의 해군 소유 주택 단지에경비행기가 추락하는 사고가 발생했다.5월 23일미국이주한미군4천 5백 명을 철수해괌과인도-태평양등으로 이전하는 방안을 비공식으로 검토 중이라고월스트리트저널에서 보도했다.사회분야 21대 대선 후보자 토론회가 진행되었다.5월 25일Thinking Space II와Amethyst가 1시간 간격으로 같은 날에 베리파이되었다. 또한 그날 당시Firework모바일도 클리어 되였다.5월 26일홍범도 흉상 이전 계획이 1년 9개월 만에 최종적으로 철회되었다.리버풀 FC 우승 퍼레이드 차량돌진 사고가 발생하여 27명의 부상자가 발생했다.북한 해커와 불법 접촉하여 불법 도박사이트를 만든 뒤 국내에 유통한 도박사이트 분양조직 총책이 구속 상태로 재판에 넘겨졌다.동남아시아국가연합(ASEAN)은 정상회의에서 동티모르의 가입 프로세스를 신속히 진행할 것을 확인했다.태국-캄보디아 국경 분쟁이 벌어졌다.5월 27일'우주항공의 날'이 국가기념일로 지정되었다.쥬니어네이버가 26년 만에 서비스를 종료하면서, 대한민국의 모든 어린이 포털 사이트가 역사 속으로 사라지게 되었다.정치분야 21대 대선 후보자 토론회가 진행되었다.한덕수전 국무총리,최상목전 부총리 겸 기획재정부장관과이상민전 행정안전부장관이 내란 가담 혐의로 인해 출국 금지되었다.5월 28일부산과창원의 시내버스총파업이 시작되었다.서울 을지로의 노후 상가와충남 서산의 한 모텔에서 화재가 발생했다.유시민 설난영 비하 발언 사건이 발생했다.제주항공 2217편 활주로 이탈 사고가 발생했다.5월 29일메이플스토리2가 한국 서비스 기준으로 서비스 종료되면서 한국을 비롯한 모든 지역 서비스가 종료되었다.서울시립사진미술관이 개관되었다.포항경주공항에 착륙하던 해군P-3 오라이언해상 초계기가추락하는 사고가 발생했다.첼시 FC가레알 베티스 발롬피에와의 경기에서 4:1로UEFA 컨퍼런스 리그우승했다.5월 30일개혁신당이준석대통령 후보의이준석 젓가락 발언 논란으로 인해이준석 의원직 징계안이 접수되었다.5월 29일 ~ 30일 진행된제21대 대통령 선거사전투표율은 지난 대선보다 2.19% 낮은 34.74%로 집계되었다.뉴스타파에서 극우 단체리박스쿨의 여론조작 의혹이 보도되었다.5월 31일메가박스 용인기흥이 폐점하였다.서울 지하철 5호선 방화 사건이 발생했다.2.6.6월[편집]제21대 대통령 선거이재명 정부 출범미국 불법체류자 단속 반대 시위12일 전쟁6월 1일2025 UEFA 챔피언스 리그 결승전에서파리 생제르맹 FC가FC 인테르나치오날레 밀라노를 5:0으로 대파하며 창단 첫 우승을 차지하였다.서울 노원구 수락산에서 화재가 발생했다.폴란드 대통령 선거에서카롤 나브로츠키가 당선되었다.한일 전용 입국심사대제도가 6월 30일까지 시범 시행되었다.황교안무소속제21대 대통령 선거후보가 대통령 후보직을 사퇴했다.#6월 3일제21대 대통령 선거가 치러졌다.네덜란드연립정부가 이민정책에 대한 이견에 출범한 지 11개월 만에 붕괴되었다.파키스탄카라치 지역의 한 교도소에서 한밤중 지진이 발생하자 수감자 216명이 탈옥한 사건이 일어났다. 탈출 과정에서 한 명의 죄수가 사망하고 두 명의 교도관이 부상자가 발생했는데 수색 작업이 진행 중이며 수감자 80명이 다시 체포되었다.인도네시아중앙파푸아주 한 교도소에서 무장 단체인 웨스트 파푸아 민족해방군 소속 11명을 포함한 19명의 수감자가 탈옥하는 사건이 발생했다. 그 과정에서 교도관 3명이 부상당했다.6월 4일이재명이 대한민국 제21대 대통령으로 취임하면서이재명 정부가 출범했다.마트산업노동조합 홈플러스지부가 4일 이재명 대통령에게 공개편지를 보내 정부가 기업회생절차를 밟고 있는홈플러스의 대규모 폐점을 막아 줄 것을 호소했다.6월 5일Nintendo Switch 2가 전 세계[8]에 발매되었다.델타룬챕터 3&4가 출시되었다.용인시 천공기 전도 사고가 일어났다.6월 6일대한민국 축구 국가대표팀이 11회 연속 월드컵 본선 진출에 성공했다.제70회현충일추념식이 진행되었다.미국로스앤젤레스에서불법체류자 단속 반대시위가 시작되었다.6월 7일충청권 및청주시에서 처음으로코믹월드행사가 개최되었다.북한에서 인터넷 대규모 접속장애 사태가 발생했다.신림선샛강역에서 전동 휠체어를 탄 60대 남성이 선로로 추락해 부상을 입었고 운행이 1시간가량 전면 중단되었다가 재개되었다.6월 8일콜롬비아비야비센시오인근에서 규모 6.3의 지진이 발생했다.6월 9일YES24 마비 사태가 일어났다.6월 10일박종철 열사 고문치사 사건이 있었던 (구)남영동대공분실에민주화운동기념관이 개관했다.조계사옆 한국불교역사문화기념관 건물 2층에서 화재가 발생했으나, 다행히 국보 9점 등 유물 33점은 피해를 보지 않았다.공정거래위원회가티빙과웨이브의 기업결합(합병)에 대해 조건부 승인 결정을 내렸다.6월 11일오전 9시경 2025년 1호 태풍우딥이 발생했다.오후 2시부로이재명대통령의 지시하에 우리 군이 전방 지역에서 진행하던 대북 확성기 방송을 중지했다.[9]오스트리아의 한 고등학교에서 총기난사 사고가 발생했다.6월 12일대한민국 합동참모본부는 “12일 북한의 대남 소음 방송이 청취된 지역은 없다”고 밝혔다.#에어 인디아 171편 추락 사고가 발생했다.제트블루 312편 활주로 이탈 사고가 발생했다.코스트코 평택점이 개점했다.6월 13일이스라엘군이 이란 내의 핵시설과 핵과학자, 수뇌부를 목표로 공습을 감행하였다.오광수민정수석이 임명 5일 만에 사의를 표했고 이 대통령이 이를 수용했다.대치 은마아파트의 배수로 공사 중 노동자 2명이 매몰되어 1명이 사망하고, 1명이 부상당하는 사건이 발생했다.더불어민주당의 새 원내대표로 3선의김병기의원이 당선됐다.#이재명대통령이내란 특검에조은석,김건희 특검으로민중기,채 상병 특검으로이명현을 지명함으로써 본격적으로 3대 특검이 출범했다.에어 인디아 379편 회항 사고가 발생했다.경기도광명시인근 군부대에서 탄약고 외곽 철조망이 끊긴 것을 발견되어 경찰이 수사에 들어갔다.6월 14일조은석내란 특검이 서울고검에 사무실을 요청했다.미국 미네소타 주의원 부부 총격 사망사건이 발생했다.6월 15일G7 카나나스키스 정상회의가캐나다에서 개최되었다.6월 16일이재명대통령이공군 1호기에 탑승하고G7 정상회의가 개최되는 캐나다로 출국했다.지귀연재판부는김용현의 보석신청을 허가했다.국민의힘의 새 원내대표로 3선의송언석의원이 선출되었다.서울특별시의 시내버스티머니태그리스 결제가 시범운영되었다.6월 17일북한이러시아에 공병 병력 6,000여 명을 파견하기로 결정했다.조은석내란특검이김용현을 공무집행방해과 증거인멸 혐의으로 추가 기소하였는데 또한 법원에 신속히 구속영장을 요청할 계획이라 밝혔다.6월 19일제1차 니케아 공의회1700주년을 기념하기 위해 니케아(現튀르키예이즈니크)의 동방 정교회와 가톨릭의 공의회가 열렸다.6월 20일부산콘서트홀이 개장되었다.대한민국의K-POP아이돌을 소재로 하는 최초의 해외 제작 애니메이션인케이팝 데몬 헌터스가 공개되었다.청주고속버스터미널이 복합시설로 재개점했다.6월 21일간호법이 시행되었다.방탄소년단이 전원 군복무를 마치게 됨으로써 2년 6개월 만에 완전체로 모였다.부산 고교생 3명 사망사건이 발생했다.6월 22일미군이 이란의 포르도 등 3곳의 핵시설을 직접타격하며12일 전쟁에 참전했다.시리아다마스쿠스의 마르 엘리아스 교회에서 이슬람 테러리스트가 총기를 난사하고 폭탄을 폭발한테러 사건이 발생해 25명 이상이 사망했다.6월 24일울산고속도로의범서IC가 개통되었다.숙명여자대학교가김건희의 석사 학위를 취소했다.부산진구 아파트 화재 사고가 발생했다.6월 25일서울중앙지법 오후 9시 10분쯤김용현전 장관의 위계 공무집행방해 및 증거인멸교사 혐의에 대해 구속영장을 발부했다.6월 26일modoo!가 서비스 종료를 하였다.롯데마트 구리점이 재개점하였다.고세구 팝업스토어 테러 예고 사건이 발생했다.6월 27일오징어 게임 시즌 3이 공개되었다.커넥트현대 청주가 개점하였다.이재명대통령이헌법재판소장으로 김상환 전 대법관, 신임헌법재판관으로 오영준 전 서울고법부장판사를 지명했다.국민주권정부최초의 부동산 정책인 6.27 대책이 전격적으로 시행됐다.#교대역에서 배관 파손으로 인한 가스 누출 사고가 발생했다.봉준호감독의 영화기생충이 뉴욕타임스 선정 21세기 최고의 영화 1위에 선정되었다.가나가와현 토막살인사건의 범인시라이시 타카히로의 사형이 집행되었다.6월 28일오전 9시 50분윤석열이 지하주차장이 아닌 서울고검 현관을 통해 처음으로내란특검대면조사에 출석했다.#인천 도시철도 1호선연장구간인계양역~검단호수공원역구간이 개통되었다.수도권 전철기본요금이 1400원에서 1550원으로 인상되었다.일본와카야마현어드벤처 월드의 판다 4마리가 계약 기간 만료로 중국에 반환되었다.경주월드에타임 라이더가 개장하였다.6월 29일이재명 정부가 2번째민정수석으로 봉욱 전 대검찰청 차장을 임명했다.6월 30일현대백화점 디큐브시티점이 이날 영업을 마지막으로 폐점하였다.성북동 별서에서 화재가 발생했다.#부산 러브버그 방생 사건이 발생했다.2.7.7월[편집]윤석열 전 대통령 재구속2025년 7월 한반도 폭우 사태[10]2025년 태국-캄보디아 국경 분쟁2025년 캄차카반도 해역 지진7월 1일인천국제공항고속도로한상IC가 개통되었다.스트레스DSR규제가 3단계로 시행되었다.문화비 소득공제 대상이 확대되었다.경상북도영양군농어촌버스에교통카드제도를 실시하였다. 이로써 대한민국에서 교통카드 음영 지역이 사라졌다.강원특별자치도정선군과충청북도보은군농어촌버스 요금이 0원으로 조정되었다.[11]심우정검찰총장이 사퇴했다.7월 2일강릉대관령휴게소 차량 돌진 사고가 발생했다.경기도구리시교문동의 한 교회에서 화재가 발생했다.#7월 3일김민석국무총리인준안이 국회 본회의에서 통과됐다.회사의 주주 충실 의무 내용을 담은상법개정안이 국회 본회의를 통과했다.계엄시 군과 경찰의 국회 출입을 금지하는 법안이 국회 본회의를 통과했다.포르투갈의 축구선수디오구 조타가 교통사고로 사망했다.서울 도봉구 택시 돌진 사고가 발생했다.인천광역시계양산에서 대량의 러브버그가 발생했는데 구청장이 참을 줄 알아야 한다는 망언을 해 논란이 일었다.7월 4일김민석국무총리가 취임하였다.서울 지하철 2호선서울대입구역에서 신호장애가 발생하였다.2025년 텍사스 폭우 사태가 발생해 최소 104명의 사망자가 발생했다.7월 5일윤석열이 금일 9시 1분 서울고검에 마련된내란특검2차 조사를 받았다.#이재명대통령이논란이 많았던이완규법제처장을 면직 처리시켰다.내가 본 미래에 나오는 예언에서일본 대지진설이 돌았다.7월 6일내란 특검이 윤석열을 특수공무집행방해, 허위공문서 작성 등 혐의로 구속영장을 청구했다고 밝혔다.일론 머스크가아메리카당을 창당을 발표했다.인천광역시병방동에서 맨홀 작업을 하던 노동자 2명이 사망했다.#7월 7일법원이윤석열의 구속영장 심사를 7월 9일에 하기로 했다.대만이란현 남쪽 21km 부근서 규모 5.0, 최대진도 3의 지진이 발생했다.인도네시아레워토비 화산이 분화했다.7월 8일TBN 충남교통방송이 개국되었다.7월 9일갤럭시 Z 폴드7,갤럭시 Z 플립7이 공개되었다.서울중앙지법은 오후 2시 15분윤석열전 대통령을 구속영장 심문을 한다. 결과는 이르면 밤늦게 나올 전망이며, 영장이 발부되는 즉시전직 대통령으로서 받던 경호는 일체 중단되며, 당장 목요일로 예정된 내란 혐의 재판에도 구속 상태로 출석하게 된다.채상병 사망사건 논란에서 항명 혐의를 받았던박정훈대령에 대해 특검이 항소 취하를 결정하면서 무죄가 확정되었다.7월 10일오전 2시 10분경 서울중앙지법이 윤석열 전 대통령에 대해 구속영장을 발부해 구속 취소 124일 만에서울구치소에 재수감되었다.#윤석열의 수인번호가 “3617”로 지정되었다.7월 11일2026년최저임금이 10,320원으로 결정되었다.7월 12일울주 대곡리 반구대 암각화가유네스코 세계유산에 등재되었다.7월 13일금강산이 유네스코 세계유산에 등재되었다.7월 14일조선대학교병원신관 7층 수술실에서 화재가 발생했다.강원대학교건물 44개동에서 대규모 정전이 발생했다.배우강서하가 위암 투병 끝에 사망하였다.KBO 리그키움 히어로즈홍원기감독과고형욱단장이성적 부진끝에 경질되었다.2025년 런던 사우스엔드공항 항공기 추락 사고가 일어났다.7월 16일스텔라이브가브레이브 그룹에 인수합병되었다.오산 가장교차로 옹벽 붕괴 사고가 일어났다.런던베이글뮤지엄 직원 과로사 사건이 일어났다.7월 17일이재용의 부당합병·회계부정 혐의에 대해 대법원에서 무죄가 확정되었다.이재명대통령이제헌절의 공휴일 재지정 검토를 지시했다.[12]#광명 아파트 주차장 화재 사고가 발생했다.7월 18일패러블엔터테인먼트에서 DMCA을 남발하는 사건이 발생했다.7월 19일경상남도산청군에서산사태가 발생했다.7월 20일제27회 일본 참의원 의원 통상선거가 치러졌다.부산신항 해상 다이버 사망 사고가 발생했다.경기도가평군서부 지역에서산사태가 발생했다.인천 송도의 한 아파트에서아버지가 아들을 총기로 살해한 사건이 발생했다.7월 21일민생회복 소비쿠폰지급이 시작되었다.7월 22일단통법이 폐지되었다.애플페이교통카드가 실행되었다.유튜버 '노라니'가케이팝 데몬 헌터스의 오리지널 송인Soda Pop을 기반으로성적인 내용이 다수 포함되어 있는 AI 합성 개사곡을 만들어 논란이 된 사건이 발생했다.7월 24일태국-캄보디아 국경에서 캄보디아군의 BM-21 로켓 수 발의 발포로 사망자 최소 2명, 부상자 최소 11명의 사망자가 발생하는 사건이 일어났다.안가라 항공 2311편 추락 사고가 일어나 49명이 사망했다.미국의 버튜버 기업인VShojo가 전 멤버의 폭로로 인해 폐업했다.대구소방교육훈련센터가 건립되었다.7월 25일길음역 바둑기원 칼부림 사건이 발생했다.7월 27일바덴뷔르템베르크 탈선 사고가 발생해 3명이 숨졌다.김민석국무총리가 UN참전의 날 기념행사에 참여했다.양평 고령 운전 어린이 치사 사건이 발생했다.7월 28일김건희 특검이 '명태균 공천개입 의혹' 사건과 관련해이준석개혁신당대표를 피의자로 입건하였는데 강제수사에 나섰다.내란 특검이이상민전행정안전부장관에 대해 구속영장을 청구했다.진천 단독주택 화재 사고가 발생했다.7월 29일대전 괴정동 흉기 살인 사건이 발생했다.7월 30일러시아캄차카반도에서규모 8.8의 지진이 발생했다.해당 지진으로 인해쓰나미가 발생했고, 태평양 연안 지역에 쓰나미가 도달했다.기관총실탄을 가지고서울중앙지검을 들어가려던 20대가 검거되는 사건이 발생했다.#7월 31일대한민국과미국간의 무역 협상이타결되었으며, 대한민국이 미국에 3500억 달러를 투자하는 등의 조건으로 상호 관세율이 기존 25%에서 15%로 인하되었다. 이로써 미국은한미 FTA체결 18년 만에 사실상 일방적으로 파기했다.김건희 특검의 출석 요구에 불응한윤석열전 대통령에 대해 법원이체포영장을 발부했다.향로봉함이 진해항에 입항하던 도중 보기실에서 화재가 발생했다.창원 상가 붕괴 사고가 발생했다.2.8.8월[편집]2025년 쓰촨성 시위2025년 8월 인도네시아 시위김건희 구속2025년 강릉 가뭄2025년 한미정상회담케이팝 데몬 헌터스넷플릭스 영화 역대 1위 등극8월 1일광주광역시 시내버스와부천시 시내버스에서 현금함이 전면 철거되어 모든 노선이 현금을 받지 않게 되었다.광주시 시내버스의 노선 개편이 시행되었다.홈플러스 부천상동점이 폐점되었다.윤석열전 대통령에 대한 체포영장 집행이 무산되었다.한양도성 스티커 부착 사건이 발생했다.8월 2일정청래가더불어민주당당대표로 선출되었다.8월 4일음주운전 혐의로 수사 중이었던 배우송영규가사망했다.중국쓰촨성지역에서 학교폭력 은폐 의혹으로 인한대규모 시위가 발생했다.이날 발생한신세계백화점 폭파 예고 사건을 시작으로대한민국 전역에서 다발적으로 폭탄 테러를 예고하는 사태가 발생했다.8월 5일:신세계백화점 폭파 예고 사건8월 8일:님블뉴런 본사 폭탄 테러 예고 사건8월 10일:KSPO DOME 폭탄 테러 예고 사건8월 11일:롯데백화점 폭탄 테러 예고 사건8월 12일:서울구치소 폭파 예고 사건8월 13일:에버랜드 폭탄 테러 예고 사건8월 15일:구 안동역 폭발물 테러 예고 사건,광복절 대중교통 폭탄 테러 예고 사건8월 17일:버거킹 수원영통점 폭탄 테러 예고 사건8월 5일가수이민이 자택에서 숨진 채 발견되었다. 퇴근 후 뒤늦게 돌아온 남편이 발견해 신고하였다.8월 6일이춘석 국회의원이 주식 차명 거래 논란으로 더불어민주당에서 제명되었다.김건희가 처음으로 특검에 출석했다.방송3법개정안이 국회 본회의를 통과했다.8월 7일윤석열 전 대통령에 대한 체포영장이 재시도되었으나 무산되었다.김건희에 대한 구속영장이 청구되었다.대한민국의 최대 커뮤니티 사이트디시인사이드가 창립 26년 만에 경영권 매각을 추진한다는 사실이 알려졌다.#손흥민이로스앤젤레스 FC로 이적했다.8월 8일ChatGPT의 새로운 버전인GPT-5가 공개되었다.8월 9일북한이 대남 확성기 일부를 철거했다.8월 11일YES24 서비스 마비 사태가 재발했다.이재명 정부 특별사면명단이 발표되었다.미국도널드 트럼프 행정부가워싱턴 D.C.에서 노숙인·범죄자 척결을 명목으로주방위군 투입방침을 발표했다.8월 12일서울중앙지방법원이 밤 23시 53분,김건희에 대한구속영장을 발부하였다.이로써 헌정사상 최초로 전직 대통령 배우자 구속, 전직 대통령 부부가 동시 구속되는 사례를 남겼다.삼일중학교 농구리그 폭행 사건이 발생했다.8월 13일홈플러스가 전사적인 긴급 생존경영 체제에 돌입했다고 공식발표를 했다.8월 14일홈플러스 내당점이폐점했다.8월 15일광복절80주년을 맞이하여 제21대 이재명 대통령국민임명식이광화문광장에서 거행되었다.8월 16일울산광역시에서 처음으로코믹월드행사가 개최되었다.8월 17일서울특별시마포구창전동의 한 아파트에서 화재가 발생해 2명이 사망하고, 13명이 부상을 입었다.#8월 18일일본오사카시상가건물에서화재가 일어나 2명이 숨지고 4명이 다쳤다.8월 19일무궁화호경부선청도역~남성현역구간에 있는 철로에서 무궁화호 열차에 선로 근로자 7명이 치이는사고가 발생했다.창원 중학생 교사 폭행사건이 발생했다.8월 20일메가박스 청주터미널이 개점했다.강원특별자치도강릉시에서 홍제정수장 급수권역(시내 대부분) 모든 세대의 계량기 50%를 잠그는제한급수체제에돌입했다.오후 2시부터 2시 20분까지민방위 훈련이 실시되었다.8월 22일국민의힘의제6차 전당대회가 열렸다.8월 23일강원도 최전방 부대 육군 하사 사망 사건이 일어났다.8월 24일Windows 95가 출시 30주년을 맞이했다.8월 25일2025년 8월 인도네시아 시위가 시작되었다.8월 26일장동혁이국민의힘당대표로 선출되었다.미국에서이재명대통령과도널드 트럼프미국 대통령과한미정상회담이 열렸다. 당시 트럼프가 이재명 대통령에게 “위대한 지도자…완전한 미국 지원 받을 것”이라고 칭송하여 세간에 화제가 되었다.인천광역시서구공장에서 화재가 발생했다.넷플릭스가케이팝 데몬 헌터스가 영화 부문 시청 역대 1위를 기록했다고 밝혔다.8월 27일내란 특검이 청구한한덕수전국무총리의 구속영장이 기각됐다.KT 고객 무단 소액결제 침해 사고가 일어났다.8월 28일SK텔레콤 유심 정보 유출 사고에서의 개인정보 관리 소홀로 인해 SK텔레콤에 역대 최대인 1348억 원의 과징금이 부과되었다.8월 29일카카오 김범수가SM엔터테인먼트시세조종혐의로 1심에서 징역 15년이 구형되었다.철원군에 태봉국 봉예사 역사공원이 준공되었다.8월 31일CGV 의정부태흥과CGV 하계가 동시에 폐점했다.강원특별자치도강릉시가가뭄으로 긴급 재난사태를 선포했다.2.9.9월[편집]2025년 개기월식2025년 미국 한국인 근로자 구금 사건2025년 네팔 혁명찰리 커크 피살 사건2025년 카카오톡 대개편국가정보자원관리원 화재 사고9월 1일서울 지하철 2·6호선합정역승강장에서 승객이 갖고 있던보조 배터리에서 연기가 발생해 열차가 한동안 무정차 통과하였다.경상북도경주시황오동과 중부동이 황오동으로 통합하였다.홈플러스 안산선부점이 폐점했다.인터넷 방송인신태일이미성년자 성 착취물 제작·유포로 체포되었다.[13]롯데카드의 해킹 사고가 발생해 롯데카드가 해당 사실을 금융감독 기관에 신고한 일이 벌어졌다.9월 2일수성못 육군 대위 사망 사건이 발생했다.9월 3일개그콘서트가 작년에 이어 2년 연속 일본에 진출했다.서울 관악구 신림동에서 칼부림 사건이 일어났다.제80주년 중국 전승절 기념행사가 개최됐다.포르투갈 리스본에서 전차가 탈선하는 사고가 발생했다.9월 4일미국조지아주내 한국 기업 건설 현장에서미국 이민세관단속국(ICE)을 비롯한 사법당국에 의해 한국인 300여 명이집단 감금된 사건이 벌어졌다.9월 5일트레이더스 홀세일 클럽 구월점이 개점했다.9월 6일대한민국의 1세대 방송인이자 유튜버인대도서관이 숨진 채 발견되었다. 사인은뇌출혈이라고 밝혀졌다.9월 8일제80차유엔총회가 미국뉴욕에서 개막되었다.대한민국에서 관측 가능한개기월식이 일어났다.[14]로제의 'APT.'가K-POP최초로MTVVMA'올해의 노래'로 선정되었다.헬븐넷이 서비스 종료되었다.네팔에서혁명이 일어났다.9월 9일이스라엘이카타르수도인도하를공격하기 시작하였다.9월 10일AirPods Pro 3과iPhone 17이 공개되었다.[15]찰리 커크 피살 사건이 발생했다.9월 11일충청북도의 첫 전시장인청주OSCO가 정식으로 개관되었다.프랑스에서대규모 시위가 일어났다.#이재석 경사 사망 사건이 발생했다.브라질연방 대법원이2022년브라질 쿠데타 음모에 연루된 협의로자이르 보우소나루전 대통령에게 징역 27년을 선고했다.9월 13일Animator vs. Animation 12화가 공개되었다.대청도 해병 사망 사건이 일어났다.9월 16일유엔 조사위원회가 이스라엘이 가자지구에서 팔레스타인인들을 상대로 집단 학살을 저질렀다고 발표했다.9월 17일제30회 부산국제영화제가 개최되었다.9월 18일임실 군부대 탈영 사망 사건이 일어났다.9월 21일남태평양과 남극 대륙에서 관측 가능한 부분일식이 일어났다.서소문고가도로가 철거되었다.영국,캐나다,호주가팔레스타인을 주권 국가로 공식 인정한다고 밝혔다.필리핀에서홍수 사업 비리 규탄 시위가 일어났다.9월 22일프랑스,벨기에,산마리노,몰타,모나코가팔레스타인을 주권 국가로 공식 인정하겠다고 밝혔다.[16]9월 23일로드리고 두테르테전 필리핀 대통령이 저지른 반인도적 범죄 혐의에 대한 혐의가 국제형사재판소에 의해 확정되었다.메가박스 문경이 폐점했다.카카오톡이대개편하며 매우 부정적인 평가로 반발하는 논란이 벌어졌다.9월 24일시흥의 한 세차장에서 종업원이 업주를 살해하는 사건이 발생하였다.9월 25일SNT모티브에서직원 사망 사건이 발생했다.보이즈 II 플래닛을 통해ALPHA DRIVE ONE이 결성되었다.대한민국의코미디의 거장인전유성이 폐기흉으로 세상을 떠났다.9월 26일국가정보자원관리원전산실에서화재가 발생해정부24, 인터넷우체국 등 주요 행정 시스템이 일시 중단되었다.대한민국 국회본회의에서 검찰청 폐지와 중대범죄수사청 설치 등의 내용을 담은 정부조직법이 표결 결과 재석 180명 중 찬성 174명, 반대 1명, 기권 5명으로 가결됐다.9월 27일국가정보자원관리원 화재가 재발화했다.인천문학경기장에서뮤즈가 내한 공연을 했다.목포보성선이 개통되었다.세이셸에서 대통령 선거가 이루어졌다.양주 찜질방 LPG 가스 폭발 사고가 일어났다.9월 28일2025년 몰도바 공화국 의회 총선거가 시작되었다.미시간주 몰몬교 교회 총기난사 사건이 일어났다.9월 30일필리핀중부세부주북부 해안에서 발생한 규모Mw6.9의지진이 발생했다.2.10.10월[편집]2025년 미국 셧다운대한민국 정부조직 개편일본 첫 여성 내각총리대신 다카이치 사나에 당선캄보디아 한국인 집단 납치 사태10월 1일대한민국 정부조직이 개편되었다.과학기술부총리가 신설되고사회부총리가 폐지되었으며,산업통상부,기후에너지환경부,성평등가족부가 출범하였다.방송통신위원회와방송통신심의위원회가 폐지되고,방송미디어통신위원회와방송미디어통신심의위원회가 출범하였다.통계청은국가데이터처로,특허청은지식재산처로 격상되었다.대중문화교류위원회가 출범하였다.제인 구달이 LA에서 사망했다.미국 상원에서 예산안이 부결되며셧다운이 시작되었다.프로야구에서는SSG 랜더스이율예가한화 이글스상대로 9회말 2아웃에 끝내기 홈런을 날리면서LG 트윈스의 2025년 페넌트레이스 우승이 확정되었다.10월 2일이진숙전방송통신위원회위원장이 자택에서 공직선거법 위반 등의 혐의로 체포되었다.10월 3일세라 멀랠리여사는 캔터베리 최초의 여성 대주교로 임명되었다.국가전산망 장애담당 공무원이정부세종청사에서투신자살하였다.10월 4일2025년 일본 자유민주당 총재 선거가 실시되어다카이치 사나에가 총재로 당선되어 최초의 여성 총재로 기록되었다.10월 7일삼성 라이온즈가 대구에서 치러진NC 다이노스와의와일드카드 결정전2차전 승리로준플레이오프에 진출했다.10월 8일충청북도옥천군동쪽에서 규모 3.1의 지진이 발생했다.10월 9일파키스탄의 아프가니스탄 공습이 일어났다.10월 10일대한민국 외교부는잇따른 한국인 납치 사건으로 인해캄보디아프놈펜에 특별여행주의보를 발령했다.페루 의회가페루 대통령인디나 볼루아르테의 탄핵을 만장일치로 의결하였다.공명당이자유민주당과의연정 탈퇴를 선언하였다.10월 11일미국테네시주에 위치한 군수품 공장에서대규모 폭발 사고가 일어났다.세이셸의패트릭 허미니가세이셸대통령이 되었다.10월 12일CGV 순천과메가박스 성수가 폐점했다.10월 13일2025 오사카·간사이 엑스포가 폐막했다.10월 14일Windows 10,Microsoft Office2016과 2019 제품군의 연장 지원이 종료되었다.[17]프로야구에서삼성 라이온즈가 대구에서 치러진SSG 랜더스와의 준플레이오프 4차전에서 승리하여 플레이오프에 진출하게 되었다.2025 말라가시 쿠데타:마다가스카르에서일련의 시위끝에안드리 라조엘리나대통령이 의회에서 탄핵안이 통과되어 탄핵되고 군 장교마이클 랜드리아니리나가 쿠데타를 일으켜 임시 대통령이 되었다.10월 15일캄보디아캄폿주 보코산 지역, 바벳시, 포이펫시 지역이 여행금지 구역에 포함되었다.W코리아 2025 유방암 자선행사 음주가무 논란이 벌어졌다.10월 16일카트라이더: 드리프트가 서비스 종료되었다.Pokémon LEGENDS Z-A가 발매되었다.전 세계적인 유튜브 서비스 장애가 발생하였다.10월 17일무라야마 담화를 발표한일본 총리였던무라야마 도미이치가 항년 101세로 세상을 떠났다.오후 6시 24시경 인터넷 방송인조용훈이유튜브 라이브를 켠 뒤 옥상에서 투신하여 사망했다.10월 18일인천 송도 전동킥보드 행인 충돌 사고가 발생했다.10월 19일프랑스루브르 박물관에서강도 사건이 발생했다.10월 20일중국공산당 제20기 중앙위원회 제4차 전체회의가 시작되었다.버지니아 AWS 서버에 장애가 발생했다.홍콩 국제공항에서에미레이트 스카이카고 9788편 활주로 이탈 사고가 발생했다.구리 영화감독 살인 사건이 일어났다.10월 21일일본에서내각총리대신 지명 선거가 실시되어다카이치 사나에가 제104대 내각총리대신에 당선되어 일본 최초의 여성 총리가 되었다.10월 23일경부고속도로의상서IC가 개통되었다.10월 24일2025 신한 SOL Bank KBO 플레이오프에서한화 이글스가삼성 라이온즈와의 대전에서 치러진 플레이오프 5차전에서 승리하여한국시리즈에 진출하게 되었다.10월 25일전주권이 신설되었다.코트디부아르에서 대통령 선거를 치렸다.강북구 모텔 연쇄살인 사건이 발생했다.10월 26일동티모르가ASEAN의 11번째 회원국이 되었다.MBC 대학가요제가 13년 만에 부활했다.유튜버 수탉 납치 사건이 발생했다.알 파시르 학살: 수단 알 파시르에서 약 2,500명 이상의 민간인이 신속 지원군에 의해 처형된 것으로 추정되는 대량 학살 사건이 보고되었다.10월 27일코스피가 사상 처음으로 4000선을 돌파했다.안양 범계역 온수배관 파열사고가 발생했다.10월 28일인테르소속 축구선수주젭 마르티네스가 개인 차량으로 81세 노인을 들이받아[18]숨지게 만든 사건이 발생했다.10월 29일CGV 명동역 씨네라이브러리가 폐점했다.네덜란드 하원 선거가 시작되었다.탄자니아에서 일어난 선거 시위의 여파로 탄자니아 내에서 700명 이상이 사망했다고 보고됐다.10월 30일도널드 트럼프미국 대통령이APEC참석을 계기로이재명 정부로부터무궁화대훈장을 수여받고신라 금관모조품을 선물 받았다.도널드 트럼프미국 대통령이대한민국의 원자력 잠수함 계획을 승인했다.NVIDIA창업자인젠슨 황이방한했다.NVIDIA의젠슨 황CEO,이재용삼성전자회장,정의선현대자동차그룹회장이 서울 강남구 삼성동의깐부치킨에 모여이른 바 '치맥 회동'을 가졌다.일본시리즈에서후쿠오카 소프트뱅크 호크스가한신 타이거스를 5차전으로 접전 끝에 3:2로 꺾고 시리즈 전적 4승 1패로, 2020년 이후 5년 만에 통산 12번째 우승을 달성하였다.10월 31일APEC 대한민국 경주 정상회의가 개최되었다.CGV 목포가 폐점하였다.한국시리즈에서LG 트윈스가한화 이글스를 5차전에서 접전 끝에 4:1로 꺾고 시리즈 전적 4승 1패로, 통산 4번째 우승을 달성하였다. 그리고한화 이글스는 아쉽게도 26년 만에 우승을 달성하는 것에는 실패하였지만 2006년 이후 19년 만에 준우승을 차지하게 되었다.1999년 일본나고야시니시구에서 발생한나고야 주부 살해사건의 용의자가 26년 만에 체포되었다.2.11.11월[편집]울산화력발전소 붕괴 사고UPS 항공 2976편 추락 사고배우 이순재 사망홍콩 아파트 화재 참사누리호 4차 발사 성공쿠팡 개인정보 유출 사고11월 1일서울특별시금천구에서 서울시립 서서울미술관이 개관하였다.이집트 대박물관이 공식 개장했다.2025년 월드 시리즈에서로스앤젤레스 다저스가토론토 블루제이스를 5:4로 꺾고 시리즈 전적 4승 3패로, 2024년 이후 2연패 및 9번째 우승을 달성하였다.11월 2일흥인지문앞에서 만취 음주운전 차량이 일본인 모녀 관광객을 들이받고 50대 어머니를 숨지게 한 사건이 발생했다.대한민국의 군용 정찰위성 5호기가 한국 시각으로 오후 2시에 미국 플로리다주 케이프커내버럴 우주군 기지에서 발사되었다.11월 4일미국 켄터키주에서UPS 2976편이 엔진이 떨어진 채로 기울어져 산업단지에 추락했다.보스니아 헤르체고비나투즐라에 있는 요양원에서화재가 발생했다.11월 6일울산화력발전소 구조물 붕괴 사고가 일어났다.경원선 용산역 화물열차 탈선사고가 발생했다.11월 8일동해고속도로의영일만IC~영덕JC구간이 개통되었다.과테말라치말테낭고에서 정치인인엘리아스 라미레스가피살됐다.11월 9일T1이리그 오브 레전드 2025 월드 챔피언십 결승에서KT를 3:2로 꺾고 6번째 우승을 기록했다.11월 10일COP 30 정상회의가 브라질 벨렘에서 진행되었다.인도뉴델리에서폭탄 테러가 발생해2025년 11월 인도-파키스탄 분쟁이 시작되었다.오픈마켓위메프가 파산하였다.11월 12일황교안전국무총리가 내란선동 혐의로체포되었다.미국 연방정부 셧다운이 이날부로 종료되었다.11월 13일2026학년도 대학수학능력시험이 실시되었다.부천제일시장 차량 돌진 사고가 발생했다.HUNTR/X의Golden이 발매된 지 145일 만에스포티파이재생 횟수 10억회를 달성했다.11월 14일블루 오리진이 발사한 화성 탐사선이 발사되었다. 자사 최초로 로켓 1단 재사용에 성공했다.11월 15일천안 이랜드패션 물류센터 화재 사고가 발생했다.11월 17일파주 부사관 아내 방치 사망 사건이 발생했다.사우디아라비아에서인도인 순례객을 태운 버스가 유조차와 충돌 뒤 화재가 발생했다. 이로 인해 45명이 사망하고, 1명 만이 중경상을 입고 생존했다.11월 18일Cloudflare의 글로벌 네트워크에 대규모 오류가 발생했다.쿠팡 개인신용정보 유출 사고가 발생했다.11월 19일퀸제누비아2호 좌초 사고가 발생했다.11월 20일인제군기린면의 한 야산에서산불이 발생했다.11월 22일새만금포항고속도로의새만금IC~동완주JC구간이 개통되었다.11월 25일현역 최고령 배우였던이순재가 향년 91세의 나이로 세상을 떠났다.11월 26일홍콩타이포 왕푹코트 아파트단지에서화재가 발생해 128명 이상이 숨지고 200여 명이 실종되었다.나이지리아 나이저주의 한 학교에서 315명이 납치를 당하고 297명이 실종되는 사태가 발생했다.개인정보보호위원회가나무위키를개인정보보호법위반 혐의로 수사기관에 고발했다.#2025년10월 14일충청북도청주시에서 실종되었던 여성이음성군의 한 폐기물 업체에서전 연인에 의해 살해된 채발견되었다.11월 27일누리호의 4차 발사가 성공적으로 이뤄졌다.더불어민주당소속 국회의원장경태가성추행 혐의로 피소되었다.11월 28일프랑스가 자발적 군 복무제 계획을 발표했다.HD현대일렉트릭 울산공장에 화재가 발생했다.11월 29일로또 6/45가 1200회를 맞이했다.이케아 롯데 광주점이 개점했다.쿠팡에서 3370만개의 개인정보가 유출된 사실이 보도되었다.2.12.12월[편집]워너 브라더스 디스커버리 인수전태국-캄보디아 전쟁시드니 본다이 비치 총기 난사 사건이란 반정부 시위12월 1일콩고민주공화국정부에서에볼라의 추가 확진자가 42일간 발생하지 않은 것을 계기로 2025년 에볼라 바이러스 유행을 공식적으로 종료했다고 밝혔다.러시아의 이스칸데르 미사일이드니프로를 공격해 최소 4명이 사망하고 40명이 부상당했다.12월 2일갤럭시 Z 트라이폴드가 공개되었다.문진석 김남국 인사청탁 논란이 발생했다.더불어민주당민형배,조국혁신당김준형,진보당윤종오등 31인의 범여권 국회의원들이국가보안법폐지법률안을 공동발의하였다.한반도에서한파 및 폭설 사태가 벌어졌다.12월 3일12.3 비상계엄1주년, 이재명 대통령의 특별담화가 발표되어 '국민주권의 날' 지정 추진이 시작되었다.[19]한양대학교가유동성위기로,재단을 3000억 매물로 내놓았다는 최초 보도가 나왔다.독일에서 군용 탄약수송 트럭에서 대규모 탄약 도난 사고가 발생했다.스페인,네덜란드,아일랜드,슬로베니아가이스라엘이유로비전 송 콘테스트 2026참가를 확정지은 이후 참가를 거부했다.12월 4일스타링크가 한국에서 출시했다.인사청탁 논란의 여파로김남국디지털소통비서관이 사임했다.콩고민주공화국과르완다가 평화 협정을 맺었다.12월 5일Cloudflare의 글로벌 네트워크에 대규모 오류가 또 발생했다.워너 브라더스 디스커버리 인수전이 본격적으로 진행되었다.독일이 20대 남성을 대상으로징병제를 다시 시행할 수도 있다고 밝혔다.배우조진웅의중범죄 이력 폭로 사건이 보도되면서 연예계가 발칵 뒤집어졌다.12월 6일위 사건의 여파로 배우조진웅이 연예계 은퇴를 선언하였다.12월 7일7월부터 이어지던태국-캄보디아 국경에서의 분쟁이캄보디아군의 공격으로 인해전면전으로 확산되었다.콩고남부 키부주의 사거리에서 폭탄 테러가 일어나 30명의 주민들이 사망하는 사건이 발생했다.배우김지미가 향년 85세로 사망했다.12월 8일일본아오모리현동부 해역에서규모 7.5 지진이 발생하여 쓰나미 경보가 내려졌다.박나래가다수의 논란들로 인하여 활동 중단을 선언했다.12월 10일국민의힘인요한이 국회의원직을 사퇴했다.쥬니버스쿨이 서비스가 종료되었다.12월 11일전재수가 통일교 금품 수수 의혹으로 인해해양수산부장관직을 사퇴했다.광주대표도서관 공사 현장 붕괴 사고가 일어났다.용인 기흥구 일가족 살인사건이 일어났다.12월 12일이재명대통령이박지향동북아역사재단이사장에게 위서인환단고기와 환빠와 관련해 어떻게 대응하고 있냐고 질문한 것으로 인한 논란이 벌어졌다.12월 14일시드니 본다이 비치 총기 난사 사건이 일어났다.영화배우롭 라이너와 그의 아내가 자택에서 흉기에 찔려 죽은 채로 발견되었다.칠레의호세 안토니오 카스트국회의원이칠레 대통령에 당선되었다.12월 15일제2차콩고 전쟁의 전범으로 지목된 로저 룸발라에게 프랑스 법원이 30년형을 선고했다.통가에서 파카테히 파카파누아 국회의원이 이번 대선에서 총리에 당선되었다.베트남탄손낫→롱탄 국제공항 구간에서 보잉 787 시범 비행이 성공했다.서울중앙지방법원이노상원전 정보사사령관의 개인정보보호법 위반등에 대한 혐의 재판에서 징역 2년과 추징금 2,490만 원을 선고했다.12월 17일가수머라이어 캐리의 노래All I Want for Christmas Is You가 역사상 처음으로 빌보드 1위를 20회 달성했다.SHINee의 멤버키가 불법 의료와 관련된 '주사이모' 시술 논란으로 인해서 활동 중단을 선언했다.도널드 트럼프미국 대통령이 대국민 연설을 통해대만에 대한 무기 판매 계획 확대를 밝혔다.12월 18일조지호 경찰청장의 탄핵심판이 인용되어조지호경찰청장이 파면되었다.여의도 신안산선 공사현장 붕괴 사고가 일어났다.2025년 노스캐롤라이나 세스나 사이테이션 II 추락 사고가 일어났다.12월 19일희귀한 성간 혜성인3I/ATLAS가 지구에 가장 근접했다.연극배우윤석화가 세상을 떠났다.12월 23일세종포천고속도로의 나들목인남용인IC가 개통되었다.대한민국환율이 1달러 기준으로 1485원을 돌파했다.김제 돌제교차로 충돌 사고가 일어나 초등학생을 포함해 12명이 다쳤다.12월 26일특검이윤석열전 대통령에게 징역 10년을 구형했다. 이는 현재 진행 중인 윤석열과 관련된재판에 대한 검찰의 첫 구형이다.칸에츠자동차도 67중 연쇄추돌 사고가 일어났다.버츄얼 유튜버아래아요가신상 위조와학력 위조를 했다는 논란이 본격적으로 퍼지기 시작했다.12월 27일평창 대관령 풍력발전기 화재 사고가 일어났다.12월 28일대만 동부 해역에서규모 7.0의 지진이 발생했다.오후 5시 59분 방송 도중경보해체 시험 발령이 오발송되었다.이란에서 반정부 시위가 시작되었다.12월 29일이날 0시를 기해 용산대통령실의봉황기가 하기되고청와대에 봉황기가 게양되면서 대통령 집무실이 대통령실에서 청와대로 완전히 이전되었다.쿠팡이 개인정보 유출 사태와 관련해 회원들에게 1인당 최대 5만 원의 쿠폰 보상안을 발표했다.NewJeans의 소속사ADOR는 멤버다니엘 마쉬에게 전속계약 해지를 통보했다고 밝혔다.12월 30일배우안성기가 음식을 먹다가 목에 걸린 채로 쓰러져 심정지 상태로 응급실에 이송되었다. 다음 해 1월 5일 사망.12월 31일오디오클립서비스가 종료되었다.톰과 제리의 해설 목소리로 유명한 성우송도순이 사망했다.3.기념[편집]투탕카멘의 가면발굴 100주년.1월 1일한국철도공사출범 20주년.가수서지원사망 29주기.1월 5일:플랜더스의 개애니메이션 방영 50주년.1월 6일: 가수김광석사망 29주기.1월 8일:마루코는 아홉살방영 30주년.1월 9일모래시계방영 30주년.前 배구선수최홍석사망 1주기.1월 13일:아무노래발매 5주년.1월 14일신부이태석사망 15주기.CNBLUE데뷔 15주년.1월 16일무한의 계단출시 10주년.여자친구데뷔 10주년.1월 18일:마이멜로디데뷔 50주년.1월 20일수도권 전철 1호선경부선병점~천안구간 개통 20주년.코로나19최초 국내 감염자 발생 5주년.1월 25일2K 게임즈설립 20주년.제주항공설립 20주년.1월 31일:sake L노동요영상 업로드 10주년.2월 1일김건모의 메가 히트곡잘못된 만남발매 30주년.방송인허참사망 3주기.2월 3일:터닝메카드10주년.[A]2월 4일: 가수장덕사망 35주기.2월 9일:기생충아카데미 상수상 5주년.2월 10일:톰과 제리방영 85주년.2월 11일:EBS 2TV개국 10주년.2월 14일SM엔터테인먼트설립 30주년.유튜브설립 20주년.2월 16일: 시인윤동주사망 80주기.[21]2월 17일:카게로우 프로젝트시작 14주년2월 18일:대구 지하철 참사22주년.2월 19일:AC/DC의 보컬본 스콧사망 45주기.2월 22일배우이은주사망 20주기.파묘개봉 1주년.아나운서박태남사망 8주기.2월 24일:우크라이나 침공3주년.2월 27일:한국의 트위치철수1주년.2월 28일:BanG Dream!개시 10주년.3월 1일대한민국의케이블TV개국 30주년.엠넷개국 30주년.드래곤볼작가토리야마 아키라사망 1주기.3월 2일:스페셜솔져출시 10주년.3월 5일:TV쇼 진품명품방영 30주년.3월 7일:손명순사망 1주기.3월 10일:DJMAX 시리즈20주년.3월 11일검정 고무신작가이우영사망 2주기.코로나19팬데믹선언 5주년.한화 이글스법인 설립 40주년.예리데뷔 10주년.3월 14일CJ ENM성우이우리사망 1주기.R.ef데뷔 30주년.3월 15일:LG 트윈스창단 35주년.3월 16일:아반떼출시 30주년.3월 19일:캐치! 티니핑방영 5주년.3월 24일:롯데월드 어드벤처매직아일랜드 개장 35주년.3월 26일안중근의사 사망 115주기.천안함 피격 사건15주년.3월 28일룰라날개 잃은 천사발매 30주년.서울 지하철 9호선신논현~종합운동장구간 개통 10주년.3월 29일: 가수최진영사망 15주기.3월 30일:수도권 광역급행철도 A선개통 1주년.4월 2일:호남고속철도개통 10주년.4월 5일사랑의 천사 웨딩피치 애니메이션 30주년.[22]슈퍼전대 시리즈50주년.4월 7일:발로란트출시 5주년.4월 10일:연세대학교개교 140주년.4월 11일: 가수박보람사망 1주기.4월 13일:대한민국-이집트 수교30주년.4월 16일:세월호 참사11주년.4월 17일:나무위키설립 10주년.4월 19일4.19 혁명65주년.ASTRO의 멤버문빈사망 2주기.4월 20일경주월드개장 40주년.보노보노방영 30주년.서울 지하철 4호선상계~삼선교(현한성대입구역) 구간 개통 40주년.4월 21일OH MY GIRL(오마이걸)데뷔 10주년.MBC인기가요 베스트 50방영 30주년.4월 22일:테마게임방영 30주년.4월 23일유튜브 최초의 영상업로드 20주년.무한도전방영 20주년.제5공화국방영 20주년.대구 도시철도 3호선개통 10주년.4월 25일생활의 달인방영 20주년.[23]JR 후쿠치야마선 탈선사고20주년.4월 28일대구 지하철 공사장 가스 폭발 사고희생자 30주기.충무공이순신탄생 480주년.4월 30일:베트남 전쟁종식 50주년.5월 1일:인간극장방영 25주년.5월 5일:고려대학교개교 120주년.5월 6일젊은이의 양지방영 30주년.누가 누가 잘하나방영 20주년.5월 9일:승리의 날80주년.5월 10일:창공방영 30주년.5월 11일: 아프리카 TV(現SOOP) 서비스 개시 20주년.5월 12일:카트라이더 러쉬플러스출시 5주년.[24]5월 14일KNN,TBC,KBC,TJB등SBS계열 지역민방 1차 방송국 개국 30주년.몬스타엑스데뷔 10주년.5월 15일:맥도날드창립 85주년.5월 18일5.18 민주화운동45주년.세인트 헬렌스 화산 폭발45주년.5월 19일:스타워즈: 시스의 복수개봉 20주년.5월 20일메르스 유행10주년.N.Flying(엔플라잉)데뷔 10주년.5월 22일: KBS 성우오세홍사망 10주기.5월 23일:노무현前 대통령 사망 16주기.5월 26일:세븐틴데뷔 10주년.5월 29일: 미국 배우데니스 호퍼사망 15주기.5월 30일:Windows NT 3.51출시 30주년.6월 1일:내 이름은 김삼순방영 20주년.6월 3일:씨스타데뷔 15주년.6월 7일: 영국 배우크리스토퍼 리사망 10주기.6월 8일:SS501데뷔 20주년.6월 9일:인피니트데뷔 15주년.6월 14일:미국 육군창설 250주년.6월 15일6.15 남북 공동 선언25주년.가수김환성사망 25주기.스튜디오 지브리설립 40주년.샌드박스 네트워크창립 10주년.6월 22일스포츠서울40주년.한일기본조약체결 60주년.6월 25일:6.25 전쟁발발 75주년.6월 27일가수김창남사망 20주기.전국동시지방선거시행 30주년.6월 29일:삼풍백화점 붕괴 사고희생자 30주기.6월 30일: 가수, 배우박용하사망 15주기.7월 1일:터보데뷔 30주년.[25]7월 7일메이플스토리2출시 10주년.[26]경부고속도로준공 55주년.7월 9일:가짜사나이방영 5주년.7월 10일틴탑데뷔 15주년.ZEROBASEONE데뷔 2주년7월 11일런닝맨방영 15주년.을축년 대홍수100주년.7월 12일:서울 지하철 3호선구파발~독립문구간 개통 40주년.7월 13일:라이브 에이드공연 40주년.7월 15일:베이블레이드 버스트10주년7월 17일: 前F1 드라이버쥘 비앙키사망 10주기.7월 18일:윤보선前 대통령 사망 35주기.7월 19일이승만前 대통령 사망 60주기.부산 도시철도 1호선개통 40주년.7월 21일: 가수김민기사망 1주기.7월 22일:암살개봉 10주년.7월 26일:THE iDOLM@STER개시 20주년.7월 29일:Windows 10출시 10주년.7월 31일:에버랜드의썬더폴스개장 10주년.8월 1일:테일즈런너출시 20주년.8월 2일:노라조데뷔 20주년.8월 3일:극장판 요술공주 밍키: 꿈속의 윤무개봉 40주년.[27]8월 4일Fall Guys출시 5주년.유튜버 뒷광고 사건5주년.미국 해안경비대창설 235주년.8월 5일:베테랑개봉 10주년.8월 6일:히로시마 원자폭탄 투하80주년.8월 8일:한국-싱가포르 수교50주년.8월 9일싱가포르독립 60주년.나가사키 원자폭탄 투하80주년.8월 10일:던전앤파이터출시 20주년.8월 12일일본항공 123편 추락 사고40주년.톈진 항구 폭발 사고10주년.8월 15일광복절80주년.대한민국 정부 수립77주년.8월 16일: 가수장현사망 35주기.8월 18일프랑스배우알랭 들롱사망 1주기.김대중前 대통령 사망 16주기.8월 22일:수도권 전철 1호선경원선성북(현광운대)~창동구간 개통 40주년.8월 23일:서든어택출시 20주년.8월 24일:YB데뷔 30주년.8월 25일:보아데뷔 25주년.8월 31일:부산항국제여객터미널개장 10주년.9월 1일미라큘러스: 레이디버그와 블랙캣방영 10주년.샤프트설립 50주년.9월 2일제2차 세계 대전종전 80주년.국민의힘창당 5주년.9월 7일:DAY6데뷔 10주년.9월 9일:남북 분단77주년.9월 13일슈퍼 마리오브라더스발매,슈퍼 마리오 시리즈40주년.개구리 중사 케로로투니버스 첫 방영 20주년.9월 15일언더테일출시 10주년.iKON데뷔 10주년.기상캐스터오요안나사망 1주기.인천 상륙 작전75주년9월 16일:부산김해경전철개통 14주년.9월 18일미국의 기타리스트지미 헨드릭스사망 55주기.가을동화방영 25주년.9월 22일:중앙일보창간 60주년.9월 23일:너는 내 운명개봉 20주년.9월 25일:레드 제플린의 드러머존 본햄사망 45주기.9월 27일:영국 철도개통 200주년.9월 28일:원신출시 5주년.9월 30일:프로젝트 세카이 컬러풀 스테이지! feat.하츠네 미쿠출시 5주년.10월 1일청계천복원20주년.패닉데뷔 30주년.10월 2일: 배우최진실사망 17주기10월 3일주술회전애니메이션 방영 5주년.폭렬헌터 애니메이션 30주년.[28][29]10월 4일카드왕 믹스마스터애니메이션 20주년.[A]신세기 에반게리온애니메이션 방영 30주년.10월 5일:오소마츠 상,원펀맨애니메이션 방영 10주년.10월 6일신비의 세계 엘하자드애니메이션 30주년.[31]인스타그램출시 15주년.10월 13일:미국 해군창설 250주년.10월 14일:사직 야구장개장 40주년.10월 16일:원디렉션의 멤버리암 페인사망 1주기.10월 18일서울 지하철 3·4호선전구간 개통 40주년.대구 도시철도 2호선개통 20주년.10월 20일:TWICE데뷔 10주년.10월 22일:PlayStation Vita의 게임 소프트웨어SUPERBEAT : XONiC출시 10주년.[32]10월 24일:유엔창설 80주년.10월 25일삼성전 회장이건희사망 5주기.배우김수미사망 1주기.10월 26일: SBS 드라마펜트하우스 시리즈방영 5주년 기념.10월 27일일본 성우마츠키 미유사망 10주기.가수신해철사망 11주기.[33]10월 28일:리그 오브 레전드: 와일드 리프트출시 5주년.10월 29일쇼! 음악중심방영 20주년.이태원 압사 사고3주년.10월 31일:쿠로미데뷔 20주년.11월 1일EZ2DJ 2nd TRAX ~It rules once again~출시 25주년.가수김현식사망 35주기.가수신승훈데뷔 35주년.가수유재하사망 38주기.11월 2일: 개그우먼박지선사망 5주기.11월 3일: 미국의 작곡가퀸시 존스사망 1주기.11월 4일제네시스출범 10주년.현대 쏘나타출시 40주년.고척 스카이돔개장 10주년.11월 6일슈퍼주니어데뷔 20주년.응답하라 1988방영 10주년.11월 10일G-STAR설립 20주년.미국 해병대창설 250주년.11월 11일:대한민국 해군창설 80주년.11월 12일배우송재림사망 1주기.블랙서바이벌[34]출시 10주년.11월 13일:전태일열사 사망 55주기.11월 14일:SBS설립 35주년.11월 15일서울 지하철 5호선왕십리~상일동구간 개통 30주년.자유민주당창당 70주년.11월 17일을사조약120주년.[35]aespa데뷔 5주년.11월 18일:목욕탕집 남자들방영 30주년.11월 20일가수김성재사망 30주기.Microsoft Windows출시 40주년.11월 22일:김영삼前 대통령 사망 10주기.11월 23일:연평도 포격 사건15주년.11월 27일:전뇌전기 버추얼 온출시 30주년.11월 28일:부산 도시철도 3호선개통 20주년.11월 29일육영수탄생 100주년.배우박민재사망 1주기.12월 1일:대한민국의 어린이 만화 채널투니버스개국 30주년.12월 3일:12.3 비상계엄1주년.12월 4일:유나이티드헬스케어 CEO 총격 피살 사건1주년.12월 6일: 일본 가수나카야마 미호사망 1주기.12월 8일BEXCO설립 30주년.비틀즈의 멤버존 레논사망 45주기.바트주의 시리아멸망 1주년.12월 14일:윤석열 대통령 탄핵소추1주년.12월 15일수원 삼성 블루윙즈창단 30주년.대한민국 육군창설 77주년.12월 16일파라오의 분노개장 20주년.수도권 전철 경의·중앙선청량리~덕소구간 개통 20주년.12월 18일한일수교60주년.SHINee의 멤버종현사망 8주기.12월 27일한덕수 국무총리 탄핵소추1주년.영국 배우올리비아 핫세사망 1주기.배우이선균사망 2주기.12월 28일:더불어민주당창당 10주년.12월 29일제주항공 2216편 활주로 이탈 사고희생자 1주기.미국의 제39대 대통령지미 카터사망 1주기.왕의 남자개봉 20주년.4.가상[편집]13기병방위권에 등장한 주요 시대 배경 연도 중 하나.2025 지구전쟁: 얼리전스 오브 파워의 배경 연도.Fate/Requiem의 배경 연도.LA 머신건의 배경 연도.그녀(영화)의 배경 연도.마블 시네마틱 유니버스문나이트의 배경 연도.변호사 쉬헐크의 배경 연도.블랙 팬서: 와칸다 포에버의 배경 연도.멸망한 세계의 4급 인간의 배경 연도.버블의 배경 연도. 만화책에 나오며, 애니에선 구체적인 연도가 안 나온다.신칸센 대폭파의 배경 연도. 2025년5월 23일로 등장한다.악마판사의 배경 연도.예수천국 불신지옥의 시작 시점 배경 연도.전익의 시그드리파의 배경 연도.콜 오브 듀티: 블랙 옵스 2의 주요 사건의 배경 연도.4월 4일: 피로스의 승리 캠페인4월 20일: 셀레륨 캠페인6월 12일: 카르마 캠페인6월 19일: 아킬레우스의 장막 캠페인~심판의 날 캠페인파워레인저 SPD의 배경 연도.퍼시픽 림의 배경 연도.관동 대지진이 일어나 도쿄가 괴멸 직전 상태가 되고, 일본 정부는 도쿄 재생 계획에 착수한다. -버블검 크라이시스북한이 모든 무기를 셧다운[36]하면서미군의 모든 군사력이 무력화당하고, 결국미국이 북한에게 침공당한다.[37]-홈프론트: 더 레볼루션'응답해라 2006' 에피소드 후반에서 주인공 일행들이 32살을 넘은 시점이다. -복학왕스티븐 킹의 장편소설인러닝 맨의 배경 연도.모범택시 3의 배경 연도. 최종화 기준으로는 2025년11월 29일이라는 게 밝혀진다.오카베 린타로가 2010년의 과거의 자신에게 영상 편지를 만들어 보내고, 시공에 격류된시이나 마유리와하시다 스즈하를 구출하기 위해 오카베 린타로가 타임머신에 올라탄다. -Steins;Gate 0[1]화성시는 전국에서는 5번째,경기도에 소속된지방자치단체들 중에서는수원시,고양시,용인시의 뒤를 이은 4번째 특례시가 되었다.[2]711번버스 제외[3]부산 ~ 울산 구간 및 부조 ~ 포항 구간 제외. 해당 구간은 각각14번 국도및28번 국도가 가장 비슷하게 간다.[4]5호선이 애오개역을 무정차 통과하였다.[5]인도보류명령(WRO)은 미국 관세국경보호청이 수입하는 제품 가운데 제품의 생산을 위해 강제노동이 실시되었다는 합리적 의심이 있을 때 외국 업체에 부과하는 제재이다.[6]대선은 늦어도 60일 이후인 6월 3일에 치러지게 되는데 6월에대한민국 대통령 선거가 치러지는 것은 헌정 사상 최초다.[7]다만 즉시 사임하지는 않았으며, 5월 2일 0시까지 직무를 수행하였다.[8]북미, 남미, 유럽, 일본, 대한민국, 홍콩, 호주, 뉴질랜드를 포함한 1차 출시국.[9]북한은 11일 밤까지 대남 방송을 송출했다.[10]해당 사진은 호우가 집중된충청남도의예산군삽교읍의 침수된 모습이다.[11]정선군의 경우 교통카드 필수, 60번대로 태백시 이동 시 2000원, 21번으로 진부 이동 시 1000원 징수이다.[12]제헌절은 2007년 이전에는 공휴일이었지만 2005년 주 5일제가 본격화되면서 2008년부터 휴일에서 제외됐었다.[13]사건 자체는 약 두 달 전인7월 12일에 발생했다. 언론 보도는 이보다 사흘 늦은9월 4일.[14]식분은 1.376이었으며, 대한민국에서 식 전체 관측 가능했다. 월식은 5시간 26분 43초 동안 지속되었다.[15]Apple, iPhone 17 공개[16]이 5개국 중벨기에제외 주권 국가로 공식 인정하겠다고 밝힌 상황이었고, 벨기에 또한 조건 하에 인정하겠다고 알린 상황이었다.[17]단, Windows 10 Enterprise LTSB/LTSC의 경우 2015 LTSB을 제외한 2016 LTSB와 2019/2021 LTSC의 경우 2025년 이후에도 연장 지원을 더 지원해 최대 2032년까지 지원한다. Windows 10은 지원 종료 3년 후인 2028년까지 유료 연장 지원을 한다. 자세한 건Windows 10/제품군참고. 원래 Windows 10은2016년까진 에디션에 상관없이 Windows 7, 8/8.1 등의 이전 운영 체제과 같이 5년의 일반 지원과 5년의 추가 연장 지원해 총 10년의 기간을 지원했으나,2016년12월부터 홈 에디션과 프로 에디션은 빌드 버전별 1년 6개월, 엔터프라이즈 에디션과 에듀케이션 에디션은 2년으로 지원 기간이 크게 단축됐다. 다만, 과거의 Windows 버전에서 서비스 팩 업데이트를 하지 않은 RTM 빌드 버전도 지원 기간이 짧았기에 그런 관점에서 보면 오히려 종래에 따라 맞춘 지원 정책이라 볼 수 있다.[18]고의가 아니었다고 밝혔으며, 실제로 그 자리에서 응급처치를 한 것으로 밝혀졌다.[19]다만 입법 절차를 거쳐야 법정 공휴일이나 기념일로 지정될 수 있다.[A]20.120.2KBS 2TV 방영 기준으로 되어 있다.[21]도시샤대학에서 열린 추도식에서 명예문화박사학위 수여식이 거행되어 명예 박사학위를 받게 되었다.[22]일본 기준[23]같은 해 9월에 1000회 방영도 이뤄진다.[24]한국 서비스를 비롯한 글로벌 서비스 출시 기준.[25]그와 동시 김종국의 명곡사랑스러워발매 20주년.[26]그러나 5월 29일부로 서비스 종료되었다.[27]일본 기준[28]일본 기준[29]대한민국에서는 MBC판에는 마법사 헌터, 투니버스에서는 마법전사 캐롯으로 명칭이 되어 있다.[31]일본 기준[32]대한민국 기준[33]기념으로 신해철의 자녀들이 폭풍성장해 대학가요제에 나와서그대에게를 불렀다.[34]이터널 리턴의 전속 게임.[35]같은을사년이다.[36]게임 내에 북한이 모든 무기에백도어를 심어뒀다는 말이 나온다.[37]초반엔 구호 활동을 했지만 이내 진압하는 장면으로 바뀐다.이 문서의 내용 중 전체 또는 일부는2025년문서의r7251판,11번 문단에서 가져왔습니다.이전 역사 보러 가기"
